url,type
https://aviastal.ru/chernyi-prokat,категория
https://aviastal.ru/chernyi-prokat/listovoi-prokat,категория
https://aviastal.ru/chernyi-prokat/listovoi-prokat/bimetallicheskii-list,категория
https://aviastal.ru/chernyi-prokat/listovoi-prokat/list-asbestotcementnyi,категория
https://aviastal.ru/chernyi-prokat/listovoi-prokat/list-holodnokatanyi,категория
https://aviastal.ru/chernyi-prokat/listovoi-prokat/list-goryachekatanyi,категория
https://aviastal.ru/chernyi-prokat/listovoi-prokat/list-kovanyi-pokovka,категория
https://aviastal.ru/chernyi-prokat/listovoi-prokat/list-otcinkovanyi,категория
https://aviastal.ru/chernyi-prokat/listovoi-prokat/list-perforirovannyi,категория
https://aviastal.ru/chernyi-prokat/listovoi-prokat/list-polietilenovyi,категория
https://aviastal.ru/chernyi-prokat/listovoi-prokat/list-prosechno-vytyazhnoi-pvl,категория
https://aviastal.ru/chernyi-prokat/listovoi-prokat/list-riflenyi,категория
https://aviastal.ru/chernyi-prokat/listovoi-prokat/list-s-polimernym-pokrytiem,категория
https://aviastal.ru/chernyi-prokat/listovoi-prokat/sendvich-paneli,категория
https://aviastal.ru/chernyi-prokat/relsy-i-krepezh/kolesnye-pary,категория
https://aviastal.ru/chernyi-prokat/relsy-i-krepezh,категория
https://aviastal.ru/chernyi-prokat/listovoi-prokat/zhest-listovaya,категория
"https://aviastal.ru/chernyi-prokat/relsy-i-krepezh/nakladki,-podkladki",категория
https://aviastal.ru/chernyi-prokat/relsy-i-krepezh/relsy-kranovye,категория
https://aviastal.ru/chernyi-prokat/relsy-i-krepezh/relsy-tramvainye,категория
https://aviastal.ru/chernyi-prokat/relsy-i-krepezh/shpaly,категория
https://aviastal.ru/chernyi-prokat/relsy-i-krepezh/strelochnye-perevody,категория
https://aviastal.ru/chernyi-prokat/relsy-i-krepezh/relsy-zheleznodorozhnye,категория
https://aviastal.ru/chernyi-prokat/relsy-i-krepezh/zheleznodorozhnyi-krepezh,категория
https://aviastal.ru/chernyi-prokat/sortovoi-prokat,категория
https://aviastal.ru/chernyi-prokat/sortovoi-prokat/armatura,категория
https://aviastal.ru/chernyi-prokat/sortovoi-prokat/armatura-bu,категория
https://aviastal.ru/chernyi-prokat/sortovoi-prokat/armatura-stekloplastikovaya,категория
https://aviastal.ru/chernyi-prokat/sortovoi-prokat/balka-bu,категория
https://aviastal.ru/chernyi-prokat/sortovoi-prokat/balka-dvutavrovaya,категория
https://aviastal.ru/chernyi-prokat/sortovoi-prokat/fibra,категория
https://aviastal.ru/chernyi-prokat/sortovoi-prokat/fiksator-armatury,категория
https://aviastal.ru/chernyi-prokat/sortovoi-prokat/gnutyi-profil,категория
https://aviastal.ru/chernyi-prokat/sortovoi-prokat/katanka,категория
https://aviastal.ru/chernyi-prokat/sortovoi-prokat/krug-bu,категория
https://aviastal.ru/chernyi-prokat/sortovoi-prokat/kvadrat-bu,категория
https://aviastal.ru/chernyi-prokat/sortovoi-prokat/kvadrat,категория
https://aviastal.ru/chernyi-prokat/sortovoi-prokat/kvadrat-stalnoy,категория
https://aviastal.ru/chernyi-prokat/sortovoi-prokat/list-bu,категория
https://aviastal.ru/chernyi-prokat/sortovoi-prokat/lenta-stalnaya,категория
https://aviastal.ru/chernyi-prokat/sortovoi-prokat/luk,категория
https://aviastal.ru/services/antikorroziinaya-izolyatciya,категория
https://aviastal.ru/chernyi-prokat/sortovoi-prokat/krug-stalnoi,категория
https://aviastal.ru/services/antikorroziinaya-izolyatciya/alumokeramicheskoe-pokrytie,категория
"https://aviastal.ru/services/antikorroziinaya-izolyatciya/bitum,-mastika",категория
https://aviastal.ru/chernyi-prokat/sortovoi-prokat/ostalnoi-metalloprokat-bu,категория
https://aviastal.ru/chernyi-prokat/sortovoi-prokat/polosa-bimetallicheskaya,категория
https://aviastal.ru/chernyi-prokat/sortovoi-prokat/pokovka-kvadratnaya,категория
https://aviastal.ru/chernyi-prokat/sortovoi-prokat/polosa-perforirovannaya,категория
https://aviastal.ru/chernyi-prokat/sortovoi-prokat/pokovka-kruglaya,категория
https://aviastal.ru/chernyi-prokat/sortovoi-prokat/shary-pomolnye-melushie,категория
https://aviastal.ru/chernyi-prokat/sortovoi-prokat/shestigrannik,категория
https://aviastal.ru/chernyi-prokat/sortovoi-prokat/polosa-stalnaya,категория
https://aviastal.ru/chernyi-prokat/sortovoi-prokat/shestigrannik-bu,категория
https://aviastal.ru/chernyi-prokat/sortovoi-prokat/shpunt-larsena,категория
https://aviastal.ru/chernyi-prokat/sortovoi-prokat/shveller-bu,категория
https://aviastal.ru/chernyi-prokat/sortovoi-prokat/shveller-gnutyi-holodnokatannyi,категория
https://aviastal.ru/chernyi-prokat/sortovoi-prokat/tavr-teplichnyi,категория
https://aviastal.ru/chernyi-prokat/sortovoi-prokat/shveller-goryachekatannyi,категория
https://aviastal.ru/chernyi-prokat/sortovoi-prokat/ugolok,категория
"https://aviastal.ru/services/antikorroziinaya-izolyatciya/gummirovanie,-obrezinivanie",категория
"https://aviastal.ru/services/antikorroziinaya-izolyatciya/lenta-i-plenka-polimernaya,-mastichnaya",категория
https://aviastal.ru/services/antikorroziinaya-izolyatciya/nakleika-plenki,категория
https://aviastal.ru/chernyi-prokat/sortovoi-prokat/ugolok-bu,категория
https://aviastal.ru/chernyi-prokat/svarochnye-materialy,категория
https://aviastal.ru/chernyi-prokat/svarochnye-materialy/elektrody-stalnye,категория
https://aviastal.ru/chernyi-prokat/trubnyi-prokat/burilnaya-truba,категория
https://aviastal.ru/chernyi-prokat/trubnyi-prokat,категория
https://aviastal.ru/chernyi-prokat/trubnyi-prokat/elektrosvarnaya-truba,категория
https://aviastal.ru/chernyi-prokat/trubnyi-prokat/kovanaya-truba,категория
https://aviastal.ru/chernyi-prokat/trubnyi-prokat/mufty-dlya-obsadnyh-trub,категория
https://aviastal.ru/chernyi-prokat/trubnyi-prokat/mufty-zamki-perehodniki-k-nkt,категория
https://aviastal.ru/chernyi-prokat/trubnyi-prokat/obsadnaya-truba,категория
https://aviastal.ru/chernyi-prokat/trubnyi-prokat/opory-truboprovodov,категория
https://aviastal.ru/chernyi-prokat/trubnyi-prokat/truba-bimetallicheskaya,категория
https://aviastal.ru/chernyi-prokat/trubnyi-prokat/truba-chugunnaya-s-tcpp-bez-tcpp,категория
https://aviastal.ru/chernyi-prokat/trubnyi-prokat/truba-drenazhnaya,категория
https://aviastal.ru/chernyi-prokat/trubnyi-prokat/truba-gofrirovannaya-spiralnovitaya,категория
https://aviastal.ru/chernyi-prokat/trubnyi-prokat/truba-hrizotiltcementnaya-asbestotcementnaya,категория
https://aviastal.ru/chernyi-prokat/trubnyi-prokat/truba-goryachedeformirovannaya,категория
https://aviastal.ru/chernyi-prokat/trubnyi-prokat/truba-kapillyarnaya,категория
https://aviastal.ru/chernyi-prokat/trubnyi-prokat/truba-holodnodeformirovannaya,категория
https://aviastal.ru/chernyi-prokat/trubnyi-prokat/truba-kotelnaya-plavnikovaya-kvd,категория
https://aviastal.ru/chernyi-prokat/trubnyi-prokat/truba-kotelnaya,категория
https://aviastal.ru/chernyi-prokat/trubnyi-prokat/truba-krekingovaya,категория
https://aviastal.ru/chernyi-prokat/trubnyi-prokat/truba-magistralnaya,категория
https://aviastal.ru/chernyi-prokat/trubnyi-prokat/truba-metalloplastikovaya,категория
https://aviastal.ru/chernyi-prokat/trubnyi-prokat/truba-nkt-nasosnokompressornaya,категория
https://aviastal.ru/chernyi-prokat/trubnyi-prokat/truba-otcinkovannaya,категория
https://aviastal.ru/chernyi-prokat/trubnyi-prokat/truba-ploskoovalnaya,категория
https://aviastal.ru/chernyi-prokat/trubnyi-prokat/truba-polietilenovaya-pe-pnd,категория
https://aviastal.ru/chernyi-prokat/trubnyi-prokat/truba-polipropilenovaya,категория
https://aviastal.ru/chernyi-prokat/trubnyi-prokat/truba-predizolirovannaya,категория
https://aviastal.ru/chernyi-prokat/trubnyi-prokat/truba-profilnaya,категория
https://aviastal.ru/chernyi-prokat/trubnyi-prokat/truba-pvh-polivinilhlorid,категория
https://aviastal.ru/chernyi-prokat/trubnyi-prokat/truba-profilnaya-stekloplastikovaya,категория
https://aviastal.ru/chernyi-prokat/trubnyi-prokat/truba-stekloplastikovaya,категория
https://aviastal.ru/chernyi-prokat/trubnyi-prokat/truba-treugolnaya,категория
https://aviastal.ru/chernyi-prokat/trubnyi-prokat/truba-zhelezobetonnaya,категория
https://aviastal.ru/chernyi-prokat/trubnyi-prokat/truby-profilnye-bu,категория
https://aviastal.ru/chernyi-prokat/trubnyi-prokat/truby-kruglye-bu,категория
https://aviastal.ru/chernyi-prokat/trubnyi-prokat/vodogazoprovodnaya-truba-vgp,категория
https://aviastal.ru/chugun/kover-gazovyi-chugunnyi,категория
https://aviastal.ru/chugun/chushka-chugunnaya,категория
https://aviastal.ru/chugun,категория
https://aviastal.ru/chugun/list-plita-chugunnaya,категория
https://aviastal.ru/chugun/kvadrat-chugunnyi,категория
https://aviastal.ru/chugun/krug-chugunnyi,категория
https://aviastal.ru/chugun/otstup-chugunnyi,категория
https://aviastal.ru/chugun/otlivka-chugunnaya,категория
https://aviastal.ru/chugun/vtulka-chugunnaya,категория
https://aviastal.ru/chugun/polosa-chugunnaya,категория
https://aviastal.ru/dragotcennye-metally,категория
https://aviastal.ru/dragotcennye-metally/serebro,категория
https://aviastal.ru/grupodemnoe-oborudovanie/gruzopodemnoe-oborudovanie,категория
https://aviastal.ru/grupodemnoe-oborudovanie,категория
https://aviastal.ru/dragotcennye-metally/zoloto,категория
https://aviastal.ru/grupodemnoe-oborudovanie/remni-styazhnye,категория
https://aviastal.ru/krovlya-i-fasad,категория
https://aviastal.ru/grupodemnoe-oborudovanie/talrep,категория
https://aviastal.ru/grupodemnoe-oborudovanie/stropy-tcepnye,категория
https://aviastal.ru/krovlya-i-fasad/krovelnye-materialy/konek-krovelnyi,категория
https://aviastal.ru/grupodemnoe-oborudovanie/stropy-chalki,категория
https://aviastal.ru/krovlya-i-fasad/krovelnye-materialy,категория
https://aviastal.ru/grupodemnoe-oborudovanie/stropy-tekstilnye,категория
https://aviastal.ru/krovlya-i-fasad/krovelnye-materialy/metallocherepitca,категория
https://aviastal.ru/krovlya-i-fasad/krovelnye-materialy/metalloshifer,категория
https://aviastal.ru/krovlya-i-fasad/krovelnye-materialy/profnastil-nerzhaveushii,категория
https://aviastal.ru/krovlya-i-fasad/krovelnye-materialy/profnastil-otcinkovannyi,категория
https://aviastal.ru/krovlya-i-fasad/krovelnye-materialy/profnastil-s-polimernym-pokrytiem,категория
https://aviastal.ru/krovlya-i-fasad/krovelnye-materialy/shifer,категория
https://aviastal.ru/krovlya-i-fasad/snegozaderzhateli,категория
https://aviastal.ru/krovlya-i-fasad/vodostoki,категория
https://aviastal.ru/krovlya-i-fasad/vodostoki/derzhateli-zheloba-kronshteiny-kruki,категория
https://aviastal.ru/krovlya-i-fasad/vodostoki/otlivy-vodostochnye,категория
https://aviastal.ru/krovlya-i-fasad/vodostoki/otvody-vodostochnye,категория
https://aviastal.ru/krovlya-i-fasad/vodostoki/soediniteli-zhelobov,категория
https://aviastal.ru/krovlya-i-fasad/vodostoki/troiniki-vodostochnye,категория
https://aviastal.ru/krovlya-i-fasad/vodostoki/truby-soedinitelnye,категория
https://aviastal.ru/krovlya-i-fasad/vodostoki/truby-vodostochnye,категория
https://aviastal.ru/krovlya-i-fasad/vodostoki/ugly-dlya-zheloba,категория
https://aviastal.ru/krovlya-i-fasad/vodostoki/vodostochnye-koleni,категория
https://aviastal.ru/krovlya-i-fasad/vodostoki/voronki,категория
https://aviastal.ru/krovlya-i-fasad/vodostoki/zaglushki-dlya-zhelobov,категория
https://aviastal.ru/krovlya-i-fasad/vodostoki/zheloba,категория
https://aviastal.ru/metallurgicheskoe-syre/drob,категория
https://aviastal.ru/metallurgicheskoe-syre/evropii,категория
https://aviastal.ru/metallurgicheskoe-syre,категория
https://aviastal.ru/metallurgicheskoe-syre/germanii,категория
https://aviastal.ru/metallurgicheskoe-syre/gafnii,категория
https://aviastal.ru/metallurgicheskoe-syre/hrom,категория
https://aviastal.ru/metallurgicheskoe-syre/indii,категория
https://aviastal.ru/metallurgicheskoe-syre/inkonel,категория
https://aviastal.ru/metallurgicheskoe-syre/itrii,категория
https://aviastal.ru/metallurgicheskoe-syre/kadmii,категория
https://aviastal.ru/metallurgicheskoe-syre/kobalt,категория
https://aviastal.ru/metallurgicheskoe-syre/kremnii,категория
https://aviastal.ru/metallurgicheskoe-syre/magnii,категория
https://aviastal.ru/metallurgicheskoe-syre/marganetc-metallicheskii,категория
https://aviastal.ru/metallurgicheskoe-syre/molibden1,категория
https://aviastal.ru/metallurgicheskoe-syre/rafinirovannyi-svinetc,категория
https://aviastal.ru/metallurgicheskoe-syre/surma,категория
https://aviastal.ru/metallurgicheskoe-syre/niobii,категория
https://aviastal.ru/metallurgicheskoe-syre/nikel,категория
https://aviastal.ru/metallurgicheskoe-syre/tcirkonii,категория
https://aviastal.ru/metallurgicheskoe-syre/tantal,категория
https://aviastal.ru/metallurgicheskoe-syre/titan-gubchatyi,категория
https://aviastal.ru/metallurgicheskoe-syre/vanadii,категория
https://aviastal.ru/metallurgicheskoe-syre/vismut,категория
https://aviastal.ru/metizy,категория
https://aviastal.ru/metizy/bolt,категория
https://aviastal.ru/metizy/domkrat-ustanovochnyi,категория
https://aviastal.ru/metizy/dubel,категория
https://aviastal.ru/metizy/gaika,категория
https://aviastal.ru/metizy/gvozdi,категория
https://aviastal.ru/metizy/homut,категория
https://aviastal.ru/metizy/kanat,категория
https://aviastal.ru/services/antikorroziinaya-izolyatciya/nanesenie-antikorroziinogo-zashitnogo-pokrytiya,категория
https://aviastal.ru/metizy/kanat/kanat-sizalevyi,категория
https://aviastal.ru/metizy/kanat/penkovyi-kanat,категория
https://aviastal.ru/metizy/kanat/dzhutovyi-kanat,категория
https://aviastal.ru/metizy/kanat/poliamidnyi-kanat,категория
https://aviastal.ru/metizy/kanat/polipropilenovyi-kanat,категория
https://aviastal.ru/metizy/kanat/tros-nerzhaveushii,категория
https://aviastal.ru/metizy/kontrgaika,категория
https://aviastal.ru/metizy/kanat/stalnoi-kanat,категория
https://aviastal.ru/metizy/krepezhnye-skoby-s-gvozdem,категория
https://aviastal.ru/metizy/krepleniya-dlya-metallicheskogo-profilya,категория
https://aviastal.ru/metizy/krepleniya-dlya-podvesnyh-konstruktcii,категория
https://aviastal.ru/metizy/krepleniya-dlya-otdelochnyh-panelei-klyaimery,категория
https://aviastal.ru/metizy/krepleniya-dlya-ventilyatcii,категория
https://aviastal.ru/metizy/kronshtein,категория
https://aviastal.ru/metizy/nakonechniki-i-opory-balok,категория
https://aviastal.ru/metizy/nakonechniki-kabelnye,категория
https://aviastal.ru/metizy/perforirovannye-plastiny,категория
https://aviastal.ru/metizy/samorez,категория
https://aviastal.ru/metizy/shaiba,категория
https://aviastal.ru/metizy/shpilka-rezbovaya-shtanga,категория
https://aviastal.ru/metizy/shplint,категория
https://aviastal.ru/metizy/shtift,категория
https://aviastal.ru/metizy/skoby-stroitelnye,категория
https://aviastal.ru/metizy/tcanga,категория
https://aviastal.ru/metizy/tcepi,категория
https://aviastal.ru/metizy/shurup,категория
https://aviastal.ru/metizy/vint,категория
https://aviastal.ru/metizy/zaklepki,категория
https://aviastal.ru/nerzhaveushii-prokat/chushka-nerzhaveushaya,категория
https://aviastal.ru/nerzhaveushii-prokat/dvutavr-nerzhaveushii,категория
https://aviastal.ru/nerzhaveushii-prokat/folga-nerzhaveushaya,категория
https://aviastal.ru/nerzhaveushii-prokat/lenta-nerzhaveushaya,категория
https://aviastal.ru/nerzhaveushii-prokat/kvadrat-nerzhaveushii,категория
https://aviastal.ru/nerzhaveushii-prokat,категория
https://aviastal.ru/nerzhaveushii-prokat/krug-nerzhaveushii,категория
https://aviastal.ru/nerzhaveushii-prokat/list-nerzhaveushii,категория
https://aviastal.ru/nerzhaveushii-prokat/luk-nerzhaveushii,категория
https://aviastal.ru/nerzhaveushii-prokat/poroshok-nerzhaveushii,категория
https://aviastal.ru/nerzhaveushii-prokat/polosa-nerzhaveushaya,категория
https://aviastal.ru/nerzhaveushii-prokat/shveller-nerzhaveushii,категория
https://aviastal.ru/nerzhaveushii-prokat/shestigrannik-nerzhaveushii,категория
https://aviastal.ru/nerzhaveushii-prokat/truba-nerzhaveushaya,категория
https://aviastal.ru/nerzhaveushii-prokat/truba-nerzhaveushaya-gofrirovannaya,категория
https://aviastal.ru/nerzhaveushii-prokat/truba-profilnaya-nerzhaveushaya,категория
https://aviastal.ru/nerzhaveushii-prokat/ugolok-nerzhaveushii,категория
https://aviastal.ru/nerzhaveushii-prokat/vtulka-nerzhaveushaya,категория
https://aviastal.ru/provoloka/kachestvennaya-provoloka-ks-ko,категория
https://aviastal.ru/provoloka/kanatnaya-provoloka,категория
https://aviastal.ru/provoloka/provoloka-aluminievaya,категория
https://aviastal.ru/provoloka/koluchaya-spiralevidnaya-provoloka-oks,категория
https://aviastal.ru/provoloka,категория
https://aviastal.ru/provoloka/koluchaya-odnoryadnaya-provoloka,категория
https://aviastal.ru/provoloka/provoloka-bimetallicheskaya,категория
https://aviastal.ru/provoloka/provoloka-bronzovaya,категория
https://aviastal.ru/provoloka/provoloka-dlya-holodnoi-vysadki,категория
https://aviastal.ru/provoloka/provoloka-dlya-pnevmoskob,категория
https://aviastal.ru/provoloka/provoloka-iz-pretcizionnyh-splavov,категория
https://aviastal.ru/provoloka/provoloka-latunnaya,категория
https://aviastal.ru/provoloka/provoloka-dlya-pruzhinnyh-shaib,категория
"https://aviastal.ru/provoloka/provoloka-luzhenaya-bandazhnaya,-gost-9124-85",категория
https://aviastal.ru/provoloka/provoloka-mednaya,категория
https://aviastal.ru/provoloka/provoloka-naplavochnaya,категория
https://aviastal.ru/provoloka/provoloka-nerzhaveushaya,категория
https://aviastal.ru/provoloka/provoloka-nihromovaya,категория
https://aviastal.ru/provoloka/provoloka-nikelevaya,категория
https://aviastal.ru/provoloka/provoloka-obshego-naznacheniya-torgovaya-gvozdilnaya,категория
https://aviastal.ru/provoloka/provoloka-olovyannaya,категория
https://aviastal.ru/provoloka/provoloka-otcinkovannaya,категория
https://aviastal.ru/provoloka/provoloka-panch-11,категория
https://aviastal.ru/provoloka/provoloka-poligraficheskaya,категория
https://aviastal.ru/provoloka/provoloka-pruzhinnaya,категория
https://aviastal.ru/provoloka/provoloka-s-polimernym-pokrytiem,категория
https://aviastal.ru/provoloka/provoloka-svarochnaya,категория
https://aviastal.ru/provoloka/provoloka-tcinkovaya,категория
https://aviastal.ru/provoloka/provoloka-svintcovaya,категория
https://aviastal.ru/provoloka/provoloka-uglerodistaya,категория
https://aviastal.ru/provoloka/provoloka-titanovaya,категория
https://aviastal.ru/provoloka/provoloka-vr-1,категория
https://aviastal.ru/provoloka/provoloka-vyazalnaya,категория
https://aviastal.ru/provoloka/volframovaya-provoloka,категория
https://aviastal.ru/rezinotehnicheskie-izdeliya-rti/asbestotehnicheskie-izdeliya,категория
https://aviastal.ru/rezinotehnicheskie-izdeliya-rti/asbestotehnicheskie-izdeliya/asbestovaya-doska,категория
https://aviastal.ru/rezinotehnicheskie-izdeliya-rti/asbestotehnicheskie-izdeliya/asbestovaya-lenta,категория
https://aviastal.ru/rezinotehnicheskie-izdeliya-rti,категория
https://aviastal.ru/rezinotehnicheskie-izdeliya-rti/asbestotehnicheskie-izdeliya/asbestovaya-tkan,категория
https://aviastal.ru/rezinotehnicheskie-izdeliya-rti/asbestotehnicheskie-izdeliya/asbestovyi-shnur,категория
https://aviastal.ru/rezinotehnicheskie-izdeliya-rti/asbestotehnicheskie-izdeliya/asbokroshka-asbest-hrizotilovyi,категория
https://aviastal.ru/rezinotehnicheskie-izdeliya-rti/asbestotehnicheskie-izdeliya/asbostalnoe-polotno-krengelit,категория
https://aviastal.ru/rezinotehnicheskie-izdeliya-rti/asbestotehnicheskie-izdeliya/drugie-asbestotehnicheskie-izdeliya,категория
https://aviastal.ru/rezinotehnicheskie-izdeliya-rti/asbestotehnicheskie-izdeliya/bumaga-asbestovaya,категория
https://aviastal.ru/rezinotehnicheskie-izdeliya-rti/asbestotehnicheskie-izdeliya/karton-asbestovyi,категория
https://aviastal.ru/rezinotehnicheskie-izdeliya-rti/ebonitovye-sterzhni,категория
https://aviastal.ru/rezinotehnicheskie-izdeliya-rti/formovye-izdeliya-rti,категория
https://aviastal.ru/rezinotehnicheskie-izdeliya-rti/ftoroplastovaya-plita,категория
https://aviastal.ru/rezinotehnicheskie-izdeliya-rti/ftoroplastovye-sterzhni,категория
https://aviastal.ru/rezinotehnicheskie-izdeliya-rti/asbestotehnicheskie-izdeliya/nabivka-asbestovaya,категория
https://aviastal.ru/rezinotehnicheskie-izdeliya-rti/getinaks-list,категория
https://aviastal.ru/rezinotehnicheskie-izdeliya-rti/gryazesemniki,категория
https://aviastal.ru/rezinotehnicheskie-izdeliya-rti/koltca-muvp-mufta-vtulochno-paltcevaya,категория
https://aviastal.ru/rezinotehnicheskie-izdeliya-rti/koltca-rti,категория
https://aviastal.ru/rezinotehnicheskie-izdeliya-rti/konveernye-lenty-rti,категория
https://aviastal.ru/rezinotehnicheskie-izdeliya-rti/manzhety-rti,категория
https://aviastal.ru/rezinotehnicheskie-izdeliya-rti/nabivka-salnikovaya,категория
https://aviastal.ru/rezinotehnicheskie-izdeliya-rti/list-iz-orgstekla,категория
https://aviastal.ru/rezinotehnicheskie-izdeliya-rti/paronit,категория
https://aviastal.ru/rezinotehnicheskie-izdeliya-rti/plastiny-rti,категория
https://aviastal.ru/rezinotehnicheskie-izdeliya-rti/plita-kaprolonovaya,категория
https://aviastal.ru/rezinotehnicheskie-izdeliya-rti/pokrytiya-rezinovye,категория
https://aviastal.ru/rezinotehnicheskie-izdeliya-rti/poliatcetal-list,категория
https://aviastal.ru/rezinotehnicheskie-izdeliya-rti/poliatcetal-sterzhni,категория
https://aviastal.ru/rezinotehnicheskie-izdeliya-rti/polikarbonatnye-sterzhni,категория
https://aviastal.ru/rezinotehnicheskie-izdeliya-rti/polosa-poliuretanovaya,категория
https://aviastal.ru/rezinotehnicheskie-izdeliya-rti/pressformy-s-dostavkoi,категория
https://aviastal.ru/rezinotehnicheskie-izdeliya-rti/produktciya-rti-po-obraztcam-ili-chertezham,категория
https://aviastal.ru/rezinotehnicheskie-izdeliya-rti/poliuretanovye-sterzhni-i-plastiny,категория
https://aviastal.ru/rezinotehnicheskie-izdeliya-rti/pvh-sterzhni,категория
https://aviastal.ru/rezinotehnicheskie-izdeliya-rti/rezinovaya-kroshka,категория
https://aviastal.ru/rezinotehnicheskie-izdeliya-rti/remni-privodnye-rti,категория
https://aviastal.ru/rezinotehnicheskie-izdeliya-rti/rezinovye-smesi,категория
https://aviastal.ru/rezinotehnicheskie-izdeliya-rti/shlangi,категория
https://aviastal.ru/rezinotehnicheskie-izdeliya-rti/rukav-rti,категория
https://aviastal.ru/rezinotehnicheskie-izdeliya-rti/soedineniya-konveiernyh-lent,категория
https://aviastal.ru/rezinotehnicheskie-izdeliya-rti/steklotekstolit-sterzhni,категория
https://aviastal.ru/rezinotehnicheskie-izdeliya-rti/sterzhni-kaprolonovye,категория
https://aviastal.ru/rezinotehnicheskie-izdeliya-rti/steklotekstolit-list-plita,категория
https://aviastal.ru/rezinotehnicheskie-izdeliya-rti/tekstolit-list-plita,категория
https://aviastal.ru/rezinotehnicheskie-izdeliya-rti/tekstolitovye-sterzhni,категория
https://aviastal.ru/rezinotehnicheskie-izdeliya-rti/tkan-prorezinennaya,категория
https://aviastal.ru/rezinotehnicheskie-izdeliya-rti/truba-iz-orgstekla,категория
https://aviastal.ru/rezinotehnicheskie-izdeliya-rti/truba-polikarbonatnaya,категория
https://aviastal.ru/rezinotehnicheskie-izdeliya-rti/truba-steklotekstolitovaya,категория
https://aviastal.ru/rezinotehnicheskie-izdeliya-rti/uplotnitel-rti,категория
https://aviastal.ru/setka/ploskoe-koluchee-lentochnoe-zagrazhdenie,категория
https://aviastal.ru/setka/aluminievaya-setka,категория
https://aviastal.ru/rezinotehnicheskie-izdeliya-rti/vtulki-rti,категория
https://aviastal.ru/rezinotehnicheskie-izdeliya-rti/trubki-rti,категория
https://aviastal.ru/rezinotehnicheskie-izdeliya-rti/viniplast-list,категория
https://aviastal.ru/setka/setka-kruchenaya-mane,категория
https://aviastal.ru/setka/setka-bronzovaya,категория
https://aviastal.ru/setka/reshetchatyi-nastil,категория
https://aviastal.ru/setka,категория
https://aviastal.ru/setka/setka-latunnaya,категория
https://aviastal.ru/setka/setka-mednaya,категория
https://aviastal.ru/setka/setka-nihromovaya,категория
https://aviastal.ru/setka/setka-rabitca,категория
https://aviastal.ru/setka/setka-riflenaya,категория
https://aviastal.ru/setka/setka-rukavnaya-rukav-setchatyi,категория
https://aviastal.ru/setka/setka-shtukaturnaya,категория
https://aviastal.ru/setka/setka-tcpvs,категория
https://aviastal.ru/setka/stekloplastikovaya-kompozitnaya-bazaltoplastikova,категория
https://aviastal.ru/setka/sharnirnaya-setka,категория
https://aviastal.ru/setka/setka-tkanaya,категория
https://aviastal.ru/spetcstal,категория
https://aviastal.ru/spetcstal/sudostroitelnaya-stal,категория
https://aviastal.ru/spetcstal/sudostroitelnaya-stal/polosobulb,категория
https://aviastal.ru/setka/svarnaya-stalnaya-setka,категория
https://aviastal.ru/tcvetnoi-metalloprokat,категория
https://aviastal.ru/tcvetnoi-metalloprokat/aluminii/chushka-aluminievaya,категория
https://aviastal.ru/tcvetnoi-metalloprokat/aluminii/folga-aluminievaya,категория
https://aviastal.ru/tcvetnoi-metalloprokat/aluminii,категория
https://aviastal.ru/tcvetnoi-metalloprokat/aluminii/katanka-aluminievaya,категория
https://aviastal.ru/tcvetnoi-metalloprokat/aluminii/kvadrat-aluminievyi,категория
https://aviastal.ru/tcvetnoi-metalloprokat/aluminii/krug-prutok-aluminievyi,категория
https://aviastal.ru/tcvetnoi-metalloprokat/aluminii/lenta-aluminievaya,категория
https://aviastal.ru/tcvetnoi-metalloprokat/aluminii/list-aluminievyi,категория
https://aviastal.ru/tcvetnoi-metalloprokat/aluminii/polosa-shina-aluminievaya,категория
https://aviastal.ru/tcvetnoi-metalloprokat/aluminii/otlivka-aluminievaya,категория
https://aviastal.ru/tcvetnoi-metalloprokat/aluminii/profil-aluminievyi,категория
https://aviastal.ru/tcvetnoi-metalloprokat/aluminii/profnastil-aluminievyi,категория
https://aviastal.ru/tcvetnoi-metalloprokat/aluminii/pudra-aluminievaya,категория
https://aviastal.ru/tcvetnoi-metalloprokat/aluminii/shestigrannik-aluminievyi,категория
https://aviastal.ru/tcvetnoi-metalloprokat/aluminii/shveller-aluminievyi,категория
https://aviastal.ru/tcvetnoi-metalloprokat/aluminii/truba-aluminievaya,категория
https://aviastal.ru/tcvetnoi-metalloprokat/aluminii/truba-aluminievaya-profilnaya,категория
https://aviastal.ru/tcvetnoi-metalloprokat/berillii,категория
https://aviastal.ru/tcvetnoi-metalloprokat/aluminii/ugolok-aluminievyi,категория
https://aviastal.ru/tcvetnoi-metalloprokat/bronza/chushka-bronzovaya,категория
https://aviastal.ru/tcvetnoi-metalloprokat/bronza/folga-bronzovaya,категория
https://aviastal.ru/tcvetnoi-metalloprokat/bronza,категория
https://aviastal.ru/tcvetnoi-metalloprokat/bronza/kvadrat-bronzovyi,категория
https://aviastal.ru/tcvetnoi-metalloprokat/bronza/list-bronzovyi,категория
https://aviastal.ru/tcvetnoi-metalloprokat/bronza/lenta-bronzovaya,категория
https://aviastal.ru/tcvetnoi-metalloprokat/bronza/krug-prutok-bronzovyi,категория
https://aviastal.ru/tcvetnoi-metalloprokat/bronza/otlivka-bronzovaya,категория
https://aviastal.ru/tcvetnoi-metalloprokat/bronza/pudra-bronzovaya,категория
https://aviastal.ru/tcvetnoi-metalloprokat/bronza/polosa-shina-bronzovaya,категория
https://aviastal.ru/tcvetnoi-metalloprokat/bronza/shestigrannik-bronzovyi,категория
https://aviastal.ru/tcvetnoi-metalloprokat/bronza/truba-bronzovaya,категория
https://aviastal.ru/tcvetnoi-metalloprokat/bronza/truba-bronzovaya-profilnaya,категория
https://aviastal.ru/tcvetnoi-metalloprokat/bronza/venetc-bronzovyi,категория
https://aviastal.ru/tcvetnoi-metalloprokat/chushka-vismut,категория
https://aviastal.ru/tcvetnoi-metalloprokat/bronza/vtulka-bronzovaya,категория
https://aviastal.ru/tcvetnoi-metalloprokat/flus,категория
https://aviastal.ru/tcvetnoi-metalloprokat/folga-monelevaya,категория
https://aviastal.ru/tcvetnoi-metalloprokat/lantan,категория
https://aviastal.ru/tcvetnoi-metalloprokat/latun,категория
https://aviastal.ru/tcvetnoi-metalloprokat/latun/folga-latunnaya,категория
https://aviastal.ru/tcvetnoi-metalloprokat/latun/chushka-latunnaya,категория
https://aviastal.ru/tcvetnoi-metalloprokat/latun/kvadrat-latunnyi,категория
https://aviastal.ru/tcvetnoi-metalloprokat/latun/krug-prutok-latunnyi,категория
https://aviastal.ru/tcvetnoi-metalloprokat/latun/lenta-latunnaya,категория
https://aviastal.ru/tcvetnoi-metalloprokat/latun/list-latunnyi,категория
https://aviastal.ru/tcvetnoi-metalloprokat/latun/otlivka-latunnaya,категория
https://aviastal.ru/tcvetnoi-metalloprokat/latun/polosa-shina-latunnaya,категория
https://aviastal.ru/tcvetnoi-metalloprokat/latun/profil-latunnyi,категория
https://aviastal.ru/tcvetnoi-metalloprokat/latun/shestigrannik-latunnyi,категория
https://aviastal.ru/tcvetnoi-metalloprokat/latun/truba-latunnaya,категория
https://aviastal.ru/tcvetnoi-metalloprokat/latun/venetc-latunnyi,категория
https://aviastal.ru/tcvetnoi-metalloprokat/latun/truba-latunnaya-profilnaya,категория
https://aviastal.ru/tcvetnoi-metalloprokat/latun/ugolok-latunnyi,категория
https://aviastal.ru/tcvetnoi-metalloprokat/latun/vtulka-latunnaya,категория
https://aviastal.ru/tcvetnoi-metalloprokat/med,категория
https://aviastal.ru/tcvetnoi-metalloprokat/med/anody-mednye,категория
https://aviastal.ru/tcvetnoi-metalloprokat/med/chushka-mednaya,категория
https://aviastal.ru/tcvetnoi-metalloprokat/med/folga-mednaya,категория
https://aviastal.ru/tcvetnoi-metalloprokat/med/katody-mednye,категория
https://aviastal.ru/tcvetnoi-metalloprokat/med/katanka-mednaya,категория
https://aviastal.ru/tcvetnoi-metalloprokat/med/krug-prutok-mednyi,категория
https://aviastal.ru/tcvetnoi-metalloprokat/med/kvadrat-mednyi,категория
https://aviastal.ru/tcvetnoi-metalloprokat/med/lenta-mednaya,категория
https://aviastal.ru/tcvetnoi-metalloprokat/med/otlivka-mednaya,категория
https://aviastal.ru/tcvetnoi-metalloprokat/med/list-mednyi,категория
https://aviastal.ru/tcvetnoi-metalloprokat/med/polosa-shina-mednaya,категория
https://aviastal.ru/tcvetnoi-metalloprokat/med/profil-mednyi,категория
https://aviastal.ru/tcvetnoi-metalloprokat/med/provod-mednyi,категория
https://aviastal.ru/tcvetnoi-metalloprokat/med/pudra-mednaya,категория
https://aviastal.ru/tcvetnoi-metalloprokat/med/shestigrannik-mednyi,категория
https://aviastal.ru/tcvetnoi-metalloprokat/med/truba-mednaya,категория
https://aviastal.ru/tcvetnoi-metalloprokat/med/vtulka-mednaya,категория
https://aviastal.ru/tcvetnoi-metalloprokat/med/truba-mednaya-profilnaya,категория
https://aviastal.ru/tcvetnoi-metalloprokat/molibden/folga-molibdenovaya,категория
https://aviastal.ru/tcvetnoi-metalloprokat/molibden,категория
https://aviastal.ru/tcvetnoi-metalloprokat/nihromovyi-prokat/folga-nihromovaya,категория
https://aviastal.ru/tcvetnoi-metalloprokat/nihromovyi-prokat/kvadrat-nihromovyi,категория
https://aviastal.ru/tcvetnoi-metalloprokat/nihromovyi-prokat/list-nihromovyi,категория
https://aviastal.ru/tcvetnoi-metalloprokat/nihromovyi-prokat,категория
https://aviastal.ru/tcvetnoi-metalloprokat/nihromovyi-prokat/krug-prutok-nihromovyi,категория
https://aviastal.ru/tcvetnoi-metalloprokat/nihromovyi-prokat/lenta-nihromovaya,категория
https://aviastal.ru/tcvetnoi-metalloprokat/nihromovyi-prokat/polosa-shina-nihromovaya,категория
https://aviastal.ru/tcvetnoi-metalloprokat/nikel,категория
https://aviastal.ru/tcvetnoi-metalloprokat/nihromovyi-prokat/nihromovaya-nit,категория
https://aviastal.ru/tcvetnoi-metalloprokat/nikel/anody-nikelevye,категория
https://aviastal.ru/tcvetnoi-metalloprokat/niobii/folga-niobievaya,категория
https://aviastal.ru/tcvetnoi-metalloprokat/niobii,категория
https://aviastal.ru/tcvetnoi-metalloprokat/nikel/folga-nikelevaya,категория
https://aviastal.ru/tcvetnoi-metalloprokat/olovo,категория
https://aviastal.ru/tcvetnoi-metalloprokat/olovo/anody-olovyannye,категория
https://aviastal.ru/tcvetnoi-metalloprokat/olovo/chushka-olovyannaya,категория
https://aviastal.ru/tcvetnoi-metalloprokat/olovo/krug-prutok-olovyanyi,категория
https://aviastal.ru/tcvetnoi-metalloprokat/olovo/list-olovyannyi,категория
https://aviastal.ru/tcvetnoi-metalloprokat/poroshki/abrazivnyi-poroshok,категория
https://aviastal.ru/tcvetnoi-metalloprokat/poroshki/babbitovyi-poroshok,категория
https://aviastal.ru/tcvetnoi-metalloprokat/poroshki/bronzovyi-poroshok,категория
https://aviastal.ru/tcvetnoi-metalloprokat/poroshki/aluminievyi-poroshok,категория
https://aviastal.ru/tcvetnoi-metalloprokat/poroshki/hromovyi-poroshok,категория
https://aviastal.ru/tcvetnoi-metalloprokat/poroshki/kolbaltovyi-poroshok,категория
https://aviastal.ru/tcvetnoi-metalloprokat/poroshki,категория
https://aviastal.ru/tcvetnoi-metalloprokat/poroshki/lantanovyi-poroshok,категория
https://aviastal.ru/tcvetnoi-metalloprokat/poroshki/latunnyi-poroshok,категория
https://aviastal.ru/tcvetnoi-metalloprokat/poroshki/mednyi-poroshok,категория
https://aviastal.ru/tcvetnoi-metalloprokat/poroshki/molibdenovyi-poroshok,категория
https://aviastal.ru/tcvetnoi-metalloprokat/poroshki/nihromovyi-poroshok,категория
https://aviastal.ru/tcvetnoi-metalloprokat/poroshki/niobievyi-poroshok,категория
https://aviastal.ru/tcvetnoi-metalloprokat/poroshki/tantalovyi-poroshok,категория
https://aviastal.ru/tcvetnoi-metalloprokat/poroshki/nikelevyi-poroshok,категория
https://aviastal.ru/tcvetnoi-metalloprokat/poroshki/olovyannyi-poroshok,категория
https://aviastal.ru/tcvetnoi-metalloprokat/poroshki/svintcovyi-poroshok,категория
https://aviastal.ru/tcvetnoi-metalloprokat/poroshki/tcinkovyi-poroshok,категория
https://aviastal.ru/tcvetnoi-metalloprokat/poroshki/vanadievyi-poroshok,категория
https://aviastal.ru/tcvetnoi-metalloprokat/poroshki/tcirkonievyi-poroshok,категория
https://aviastal.ru/tcvetnoi-metalloprokat/poroshki/titanovyi-poroshok,категория
https://aviastal.ru/tcvetnoi-metalloprokat/poroshki/volframovyi-poroshok,категория
https://aviastal.ru/tcvetnoi-metalloprokat/poroshok-zheleznyi,категория
https://aviastal.ru/tcvetnoi-metalloprokat/renii,категория
https://aviastal.ru/tcvetnoi-metalloprokat/selen,категория
https://aviastal.ru/tcvetnoi-metalloprokat/splavy-tcvetnyh-metallov,категория
https://aviastal.ru/tcvetnoi-metalloprokat/splavy-tcvetnyh-metallov/ferrosplavy,категория
https://aviastal.ru/tcvetnoi-metalloprokat/splavy-tcvetnyh-metallov/ligatura,категория
https://aviastal.ru/tcvetnoi-metalloprokat/splavy-tcvetnyh-metallov/medno-nikelevye-splavy,категория
https://aviastal.ru/services/antikorroziinaya-izolyatciya/napylenie-gazodinamicheskoe,категория
https://aviastal.ru/services/antikorroziinaya-izolyatciya/passivirovanie,категория
https://aviastal.ru/services/antikorroziinaya-izolyatciya/pokraska-metalla,категория
"https://aviastal.ru/services/antikorroziinaya-izolyatciya/poroshkovaya,-poroshkovo-polimernaya",категория
https://aviastal.ru/services/antikorroziinaya-izolyatciya/silikatno-emalevoe-pokrytie,категория
https://aviastal.ru/services/antikorroziinaya-izolyatciya/stekloemalevoe-pokrytie,категория
https://aviastal.ru/tcvetnoi-metalloprokat/splavy-tcvetnyh-metallov/pretcizionnye-splavy,категория
https://aviastal.ru/services/antikorroziinaya-izolyatciya/tcementno-peschanoe-pokrytie-tcpp,категория
https://aviastal.ru/services/antikorroziinaya-izolyatciya/vus,категория
"https://aviastal.ru/services/gibka-lista,-prokata,-trub",категория
https://aviastal.ru/tcvetnoi-metalloprokat/splavy-tcvetnyh-metallov/pripoi,категория
https://aviastal.ru/services/himicheskii-analiz,категория
https://aviastal.ru/services/ispytaniya,категория
https://aviastal.ru/tcvetnoi-metalloprokat/splavy-tcvetnyh-metallov/splav-tcam,категория
https://aviastal.ru/tcvetnoi-metalloprokat/splavy-tcvetnyh-metallov/splav-s-reniem,категория
https://aviastal.ru/services/metalizatciya-i-himiko-termicheskaya-obrabotka,категория
https://aviastal.ru/services/metalizatciya-i-himiko-termicheskaya-obrabotka/anodirovanie,категория
https://aviastal.ru/services/metalizatciya-i-himiko-termicheskaya-obrabotka/anodno-okisnoe-pokrytie,категория
https://aviastal.ru/services/metalizatciya-i-himiko-termicheskaya-obrabotka/azotirovanie,категория
https://aviastal.ru/services/metalizatciya-i-himiko-termicheskaya-obrabotka/fosfatirovanie,категория
https://aviastal.ru/services/metalizatciya-i-himiko-termicheskaya-obrabotka/fosfatno-okisnoe-pokrytie,категория
https://aviastal.ru/tcvetnoi-metalloprokat/splavy-tcvetnyh-metallov/tverdye-splavy,категория
https://aviastal.ru/tcvetnoi-metalloprokat/surma,категория
https://aviastal.ru/tcvetnoi-metalloprokat/splavy-tcvetnyh-metallov/volframovo-molibdenovyi-splav,категория
https://aviastal.ru/tcvetnoi-metalloprokat/surma/chushka-surma,категория
https://aviastal.ru/tcvetnoi-metalloprokat/svinetc,категория
https://aviastal.ru/tcvetnoi-metalloprokat/svinetc/anody-svintcovye,категория
https://aviastal.ru/tcvetnoi-metalloprokat/svinetc/folga-svintcovaya,категория
https://aviastal.ru/tcvetnoi-metalloprokat/svinetc/chushka-svintcovaya,категория
https://aviastal.ru/tcvetnoi-metalloprokat/svinetc/krug-prutok-svintcovyi,категория
https://aviastal.ru/tcvetnoi-metalloprokat/svinetc/list-svintcovyi,категория
https://aviastal.ru/tcvetnoi-metalloprokat/tantal,категория
https://aviastal.ru/tcvetnoi-metalloprokat/svinetc/plomba-svintcovaya,категория
https://aviastal.ru/tcvetnoi-metalloprokat/svinetc/truba-svintcovaya,категория
https://aviastal.ru/tcvetnoi-metalloprokat/tcink,категория
https://aviastal.ru/tcvetnoi-metalloprokat/tantal/folga-tantalovaya,категория
https://aviastal.ru/tcvetnoi-metalloprokat/tcink/anody-tcinkovye,категория
https://aviastal.ru/tcvetnoi-metalloprokat/tcink/tcink-metallicheskii,категория
https://aviastal.ru/tcvetnoi-metalloprokat/tcink/krug-prutok-tcinkovyi,категория
https://aviastal.ru/tcvetnoi-metalloprokat/tcink/chushka-tcinkovaya,категория
https://aviastal.ru/tcvetnoi-metalloprokat/tcirkonii,категория
https://aviastal.ru/tcvetnoi-metalloprokat/tcirkonii/folga-tcirkonievaya,категория
https://aviastal.ru/tcvetnoi-metalloprokat/titan,категория
https://aviastal.ru/tcvetnoi-metalloprokat/titan/chushka-titanovaya,категория
https://aviastal.ru/tcvetnoi-metalloprokat/titan/folga-titanovaya,категория
https://aviastal.ru/tcvetnoi-metalloprokat/titan/kvadrat-titanovyi,категория
https://aviastal.ru/tcvetnoi-metalloprokat/titan/lenta-titanovaya,категория
https://aviastal.ru/tcvetnoi-metalloprokat/titan/polosa-shina-titanovaya,категория
https://aviastal.ru/tcvetnoi-metalloprokat/titan/shestigrannik-titanovyi,категория
https://aviastal.ru/tcvetnoi-metalloprokat/titan/krug-prutok-titanovyi,категория
https://aviastal.ru/tcvetnoi-metalloprokat/titan/list-titanovyi,категория
https://aviastal.ru/tcvetnoi-metalloprokat/titan/pokovka-titanovaya,категория
https://aviastal.ru/tcvetnoi-metalloprokat/vanadii,категория
https://aviastal.ru/tcvetnoi-metalloprokat/titan/ugolok-titanovyi,категория
https://aviastal.ru/tcvetnoi-metalloprokat/titan/truba-titanovaya,категория
https://aviastal.ru/tcvetnoi-metalloprokat/titan/vtulka-titanovaya,категория
https://aviastal.ru/tcvetnoi-metalloprokat/vanadii/folga-vanadievaya,категория
https://aviastal.ru/tcvetnoi-metalloprokat/volfram,категория
https://aviastal.ru/tcvetnoi-metalloprokat/volfram/folga-volframovaya,категория
https://aviastal.ru/tcvetnoi-metalloprokat/volfram/krug-prutok-volframovyi,категория
https://aviastal.ru/tcvetnoi-metalloprokat/volfram/lenta-volframovaya,категория
https://aviastal.ru/tcvetnoi-metalloprokat/volfram/list-volframovyi,категория
https://aviastal.ru/tcvetnoi-metalloprokat/volfram/polosa-shina-volframovaya,категория
https://aviastal.ru/vozduhovody-dymohody,категория
https://aviastal.ru/tcvetnoi-metalloprokat/volfram/truba-volframovaya,категория
https://aviastal.ru/vozduhovody-dymohody/dymohody/adaptery-kotlov,категория
https://aviastal.ru/vozduhovody-dymohody/dymohody,категория
https://aviastal.ru/vozduhovody-dymohody/dymohody/deflektory,категория
https://aviastal.ru/vozduhovody-dymohody/dymohody/krepleniya-dymohodov,категория
https://aviastal.ru/vozduhovody-dymohody/dymohody/reviziya-90,категория
https://aviastal.ru/vozduhovody-dymohody/dymohody/perehody-dymohodov,категория
https://aviastal.ru/vozduhovody-dymohody/dymohody/otvody-dymohodov,категория
https://aviastal.ru/vozduhovody-dymohody/dymohody/troiniki-dymohodov,категория
https://aviastal.ru/vozduhovody-dymohody/dymohody/truby-dymohodov,категория
https://aviastal.ru/vozduhovody-dymohody/dymohody/zaglushki-dymohodov,категория
https://aviastal.ru/vozduhovody-dymohody/dymohody/zonty-dymohodov,категория
https://aviastal.ru/vozduhovody-dymohody/vozduhovody/deflektory,категория
https://aviastal.ru/vozduhovody-dymohody/vozduhovody,категория
https://aviastal.ru/vozduhovody-dymohody/vozduhovody/klapany-i-drosseli,категория
https://aviastal.ru/vozduhovody-dymohody/vozduhovody/krestoviny,категория
https://aviastal.ru/vozduhovody-dymohody/vozduhovody/nippeli-i-mufty,категория
https://aviastal.ru/vozduhovody-dymohody/vozduhovody/opory-polipropilenovye-polietilenovye-metallopla,категория
https://aviastal.ru/vozduhovody-dymohody/vozduhovody/otvody-kruglye,категория
https://aviastal.ru/vozduhovody-dymohody/vozduhovody/otvody-pryamougolnye,категория
https://aviastal.ru/vozduhovody-dymohody/vozduhovody/perehody-vozduhovoda,категория
https://aviastal.ru/vozduhovody-dymohody/vozduhovody/shibery,категория
https://aviastal.ru/vozduhovody-dymohody/vozduhovody/shumoglushiteli-pryamougolnye,категория
https://aviastal.ru/vozduhovody-dymohody/vozduhovody/troiniki-dlya-vozduhovodov,категория
https://aviastal.ru/vozduhovody-dymohody/vozduhovody/shumoglushiteli-kruglye,категория
https://aviastal.ru/vozduhovody-dymohody/vozduhovody/vozduhovody-kruglye,категория
https://aviastal.ru/vozduhovody-dymohody/vozduhovody/vozduhovody-pryamougolnye,категория
https://aviastal.ru/vozduhovody-dymohody/vozduhovody/vrezki-kruglye,категория
https://aviastal.ru/vozduhovody-dymohody/vozduhovody/vstavki-myagkie-gibkie-kruglye,категория
https://aviastal.ru/vozduhovody-dymohody/vozduhovody/vstavki-myagkie-gibkie-pryamougolnye,категория
https://aviastal.ru/vozduhovody-dymohody/vozduhovody/zaglushki,категория
https://aviastal.ru/vozduhovody-dymohody/vozduhovody/zonty-kruglye,категория
https://aviastal.ru/vozduhovody-dymohody/vozduhovody/zonty-pryamougolnye,категория
https://aviastal.ru/zapornaya-armatura/bobyshki,категория
https://aviastal.ru/zapornaya-armatura,категория
https://aviastal.ru/zapornaya-armatura/bochata,категория
https://aviastal.ru/zapornaya-armatura/dnishe,категория
https://aviastal.ru/zapornaya-armatura/dvoinoi-rastrub,категория
https://aviastal.ru/zapornaya-armatura/elektroprivod,категория
https://aviastal.ru/zapornaya-armatura/elevator-vodostruinyi,категория
https://aviastal.ru/zapornaya-armatura/filtr-flantcevyi,категория
https://aviastal.ru/zapornaya-armatura/flantcy,категория
https://aviastal.ru/zapornaya-armatura/flantcy/flanetc-bronzovyi,категория
https://aviastal.ru/zapornaya-armatura/flantcy/flanetc-aluminievyi,категория
https://aviastal.ru/zapornaya-armatura/flantcy/flanetc-chugunnyi,категория
https://aviastal.ru/zapornaya-armatura/flantcy/flanetc-latunnyi,категория
https://aviastal.ru/zapornaya-armatura/flantcy/flanetc-nerzhaveushii,категория
https://aviastal.ru/zapornaya-armatura/flantcy/flanetc-plastikovyi,категория
https://aviastal.ru/zapornaya-armatura/flantcy/flanetc-stalnoi,категория
https://aviastal.ru/zapornaya-armatura/flantcy/flanetc-titanovyi,категория
https://aviastal.ru/zapornaya-armatura/flantcy/prokladki-dlya-flantcev,категория
https://aviastal.ru/zapornaya-armatura/gidrant-pozharnyi,категория
https://aviastal.ru/zapornaya-armatura/futorki,категория
https://aviastal.ru/zapornaya-armatura/golovka-soedinitelnaya-pozharnaya,категория
https://aviastal.ru/zapornaya-armatura/gryazevik,категория
https://aviastal.ru/zapornaya-armatura/klapany,категория
https://aviastal.ru/zapornaya-armatura/izoliruushee-flantcevoe-soedinenie,категория
https://aviastal.ru/zapornaya-armatura/klapany/klapan-bronzovyi,категория
https://aviastal.ru/zapornaya-armatura/klapany/klapan-chugunnyi,категория
https://aviastal.ru/zapornaya-armatura/klapany/klapan-latunnyi,категория
https://aviastal.ru/zapornaya-armatura/klapany/klapan-nerzhaveushii,категория
https://aviastal.ru/zapornaya-armatura/klapany/klapan-polipropilen-polietilen-metalloplastik,категория
https://aviastal.ru/zapornaya-armatura/klapany/klapan-stalnoi,категория
https://aviastal.ru/zapornaya-armatura/koleno,категория
https://aviastal.ru/zapornaya-armatura/koleno/koleno-polipropilen-polietilen-metalloplastik,категория
https://aviastal.ru/zapornaya-armatura/koleno/koleno-chugunnoe,категория
https://aviastal.ru/zapornaya-armatura/koleno/koltco-polipropilen-polietilen-metalloplastik,категория
https://aviastal.ru/zapornaya-armatura/koltca-k-flantcam,категория
https://aviastal.ru/zapornaya-armatura/kompensatory,категория
https://aviastal.ru/zapornaya-armatura/kondensatootvodchiki,категория
https://aviastal.ru/zapornaya-armatura/krany,категория
https://aviastal.ru/zapornaya-armatura/krany/kran-polipropilen-polietilen-metalloplastik,категория
https://aviastal.ru/zapornaya-armatura/krest/krest-chugunnyi,категория
https://aviastal.ru/zapornaya-armatura/krany/metallicheskii-kran,категория
https://aviastal.ru/zapornaya-armatura/krest,категория
https://aviastal.ru/zapornaya-armatura/krest/krest-latunnyi,категория
https://aviastal.ru/zapornaya-armatura/krest/krest-mednyi,категория
https://aviastal.ru/zapornaya-armatura/krest/krest-nerzhaveushii,категория
"https://aviastal.ru/zapornaya-armatura/krest/krestovina-polipropilen,-polietilen,-metalloplasti",категория
https://aviastal.ru/zapornaya-armatura/krest/krest-stalnoi,категория
https://aviastal.ru/zapornaya-armatura/metallorukava,категория
https://aviastal.ru/zapornaya-armatura/mufty,категория
https://aviastal.ru/zapornaya-armatura/mezhtrubnoe-soedinenie,категория
https://aviastal.ru/zapornaya-armatura/mufty/amerikanka,категория
https://aviastal.ru/zapornaya-armatura/mufty/mufta-stalnaya,категория
https://aviastal.ru/zapornaya-armatura/nippel,категория
https://aviastal.ru/zapornaya-armatura/otvody,категория
https://aviastal.ru/zapornaya-armatura/otvody/otvod-bronzovyi,категория
https://aviastal.ru/zapornaya-armatura/otvody/lotvod-atunnyi,категория
https://aviastal.ru/zapornaya-armatura/otvody/otvod-bu,категория
https://aviastal.ru/zapornaya-armatura/otvody/otvod-chugunnyi,категория
https://aviastal.ru/zapornaya-armatura/otvody/otvod-mednyi,категория
https://aviastal.ru/zapornaya-armatura/otvody/otvod-nerzhaveushii,категория
https://aviastal.ru/zapornaya-armatura/otvody/otvod-otcinkovannyi,категория
https://aviastal.ru/zapornaya-armatura/otvody/otvod-polipropilen-polietilen-metalloplastik,категория
https://aviastal.ru/zapornaya-armatura/otvody/otvod-stalnoi,категория
https://aviastal.ru/zapornaya-armatura/otvody/otvod-titanovyi,категория
https://aviastal.ru/zapornaya-armatura/patrubok,категория
https://aviastal.ru/zapornaya-armatura/perehody,категория
https://aviastal.ru/zapornaya-armatura/perehody/perehod-chugunnyi,категория
https://aviastal.ru/zapornaya-armatura/perehody/perehod-latunnyi,категория
https://aviastal.ru/zapornaya-armatura/perehody/perehod-mednyi,категория
https://aviastal.ru/zapornaya-armatura/perehody/perehod-nerzhaveushii,категория
https://aviastal.ru/zapornaya-armatura/perehody/perehod-polipropilen-polietilen-metalloplastik,категория
https://aviastal.ru/zapornaya-armatura/perehody/perehod-titanovyi,категория
https://aviastal.ru/zapornaya-armatura/pozharnaya-podstavka,категория
https://aviastal.ru/zapornaya-armatura/radiatory-otopleniya,категория
https://aviastal.ru/zapornaya-armatura/perehody/perehod-stalnoi,категория
https://aviastal.ru/zapornaya-armatura/radiatory-otopleniya/probki-dlya-radiatorov,категория
https://aviastal.ru/zapornaya-armatura/radiatory-otopleniya/radiatory-aluminievye-i-bimetallicheskie,категория
https://aviastal.ru/zapornaya-armatura/radiatory-otopleniya/radiatory-chugunnye,категория
https://aviastal.ru/zapornaya-armatura/reviziya,категория
https://aviastal.ru/zapornaya-armatura/rezby,категория
https://aviastal.ru/zapornaya-armatura/sedelki,категория
https://aviastal.ru/zapornaya-armatura/radiatory-otopleniya/radiatory-stalnye,категория
https://aviastal.ru/zapornaya-armatura/sgony,категория
https://aviastal.ru/zapornaya-armatura/shtutcer,категория
https://aviastal.ru/zapornaya-armatura/trapy,категория
https://aviastal.ru/zapornaya-armatura/trapy/nerzhaveushii-trap,категория
https://aviastal.ru/zapornaya-armatura/trapy/trap-chugunnyi,категория
https://aviastal.ru/zapornaya-armatura/trapy/trap-plastikovyi,категория
https://aviastal.ru/zapornaya-armatura/troiniki,категория
https://aviastal.ru/zapornaya-armatura/troiniki/troinik-bronzovyi,категория
https://aviastal.ru/zapornaya-armatura/troiniki/troinik-chugunnyi,категория
https://aviastal.ru/zapornaya-armatura/troiniki/troinik-latunnyi,категория
https://aviastal.ru/zapornaya-armatura/troiniki/troinik-mednyi,категория
https://aviastal.ru/zapornaya-armatura/troiniki/troinik-nerzhaveushii,категория
https://aviastal.ru/zapornaya-armatura/troiniki/troinik-polipropilen-polietilen-metalloplastik,категория
https://aviastal.ru/zapornaya-armatura/troiniki/troinik-stalnoi,категория
https://aviastal.ru/zapornaya-armatura/troiniki/troinik-titanovyi,категория
https://aviastal.ru/zapornaya-armatura/ventili,категория
https://aviastal.ru/zapornaya-armatura/ventili/ventil-bronzovyi,категория
https://aviastal.ru/zapornaya-armatura/ventili/drugie-ventili,категория
https://aviastal.ru/zapornaya-armatura/ventili/ventil-chugunnyi,категория
https://aviastal.ru/zapornaya-armatura/ventili/ventil-latunnyi,категория
https://aviastal.ru/zapornaya-armatura/ventili/ventil-nerzhaveushii,категория
https://aviastal.ru/zapornaya-armatura/ventili/ventil-polietilenovyi,категория
https://aviastal.ru/zapornaya-armatura/ventili/ventil-polipropilenovyi,категория
https://aviastal.ru/zapornaya-armatura/vtulki,категория
https://aviastal.ru/zapornaya-armatura/ventili/ventil-stalnoi,категория
https://aviastal.ru/zapornaya-armatura/vtulki/vtulka-polipropilen-polietilen-metalloplastik,категория
https://aviastal.ru/zapornaya-armatura/zadvizhki,категория
https://aviastal.ru/zapornaya-armatura/vtulki/vtulka-stalnaya,категория
https://aviastal.ru/zapornaya-armatura/zadvizhki/zadvizhka-chugunnaya,категория
https://aviastal.ru/zapornaya-armatura/zadvizhki/zadvizhka-latunnaya,категория
https://aviastal.ru/zapornaya-armatura/zadvizhki/zadvizhka-nerzhaveushaya,категория
https://aviastal.ru/zapornaya-armatura/zadvizhki/zadvizhka-stalnaya,категория
https://aviastal.ru/zapornaya-armatura/zaglushki/zaglushka-bronzovaya,категория
https://aviastal.ru/zapornaya-armatura/zaglushki,категория
https://aviastal.ru/zapornaya-armatura/zaglushki/zaglushka-chugunnaya,категория
https://aviastal.ru/zapornaya-armatura/zaglushki/zaglushka-dekorativnaya-plastikovaya-dlya-trub,категория
https://aviastal.ru/zapornaya-armatura/zaglushki/zaglushka-latunnaya,категория
https://aviastal.ru/zapornaya-armatura/zaglushki/zaglushka-mednaya,категория
https://aviastal.ru/zapornaya-armatura/zaglushki/zaglushka-nerzhaveushaya,категория
https://aviastal.ru/zapornaya-armatura/zaglushki/zaglushka-polipropilen-polietilen-metalloplastik,категория
https://aviastal.ru/zapornaya-armatura/zaglushki/zaglushka-stalnaya,категория
https://aviastal.ru/zapornaya-armatura/zaglushki/zaglushka-titanovaya,категория
https://aviastal.ru/zapornaya-armatura/zatvory,категория
https://aviastal.ru/stroimaterialy,категория
https://aviastal.ru/stroimaterialy/osp-osb,категория
https://aviastal.ru/stroimaterialy/tcement,категория
https://aviastal.ru/services,категория
"https://aviastal.ru/services/metalizatciya-i-himiko-termicheskaya-obrabotka/galvanicheskie-raboty,-galvanopokrytie",категория
https://aviastal.ru/services/metalizatciya-i-himiko-termicheskaya-obrabotka/hromirovanie,категория
https://aviastal.ru/services/metalizatciya-i-himiko-termicheskaya-obrabotka/kadmirovanie,категория
https://aviastal.ru/services/teploizolyatciya/teploizolyatciya-predizolirovannaya,категория
https://aviastal.ru/services/metalizatciya-i-himiko-termicheskaya-obrabotka/karbonitrirovanie,категория
https://aviastal.ru/services/metalizatciya-i-himiko-termicheskaya-obrabotka/mednenie,категория
https://aviastal.ru/services/metalizatciya-i-himiko-termicheskaya-obrabotka/napylenie-nitrid-titana,категория
https://aviastal.ru/services/metalizatciya-i-himiko-termicheskaya-obrabotka/nikelirovanie,категория
https://aviastal.ru/services/metalizatciya-i-himiko-termicheskaya-obrabotka/oksidirovanie,категория
https://aviastal.ru/services/metalizatciya-i-himiko-termicheskaya-obrabotka/olovyanirovanie-luzhenie,категория
https://aviastal.ru/services/metalizatciya-i-himiko-termicheskaya-obrabotka/serebrenie,категория
https://aviastal.ru/services/metalizatciya-i-himiko-termicheskaya-obrabotka/tcementatciya,категория
https://aviastal.ru/services/metalizatciya-i-himiko-termicheskaya-obrabotka/travlenie,категория
https://aviastal.ru/services/metalizatciya-i-himiko-termicheskaya-obrabotka/zolochenie,категория
https://aviastal.ru/services/metalloobrabotka,категория
https://aviastal.ru/services/metalloobrabotka/almaznoe-burenie,категория
https://aviastal.ru/services/metalloobrabotka/dolbezhnye-raboty,категория
https://aviastal.ru/services/metalloobrabotka/elektroerozionnaya-obrabotka,категория
https://aviastal.ru/services/metalloobrabotka/frezernye-raboty,категория
https://aviastal.ru/services/metalloobrabotka/frezerovka-rels,категория
https://aviastal.ru/services/metalloobrabotka/gravirovka,категория
https://aviastal.ru/services/metalloobrabotka/kalibrovanie-metalloprokata,категория
https://aviastal.ru/services/antikorroziinaya-izolyatciya/ofakturovka,категория
https://aviastal.ru/services/antikorroziinaya-izolyatciya/futerovka,категория
https://aviastal.ru/services/antikorroziinaya-izolyatciya/napylenie-elastomerami,категория
https://aviastal.ru/services/antikorroziinaya-izolyatciya/pvh,категория
https://aviastal.ru/services/metalloobrabotka/kriogennyi-blasting,категория
https://aviastal.ru/services/metalloobrabotka/kuznechnye-raboty,категория
https://aviastal.ru/services/metalloobrabotka/markirovka,категория
https://aviastal.ru/services/metalloobrabotka/naplavka,категория
https://aviastal.ru/services/metalloobrabotka/narezka-rezby,категория
https://aviastal.ru/services/metalloobrabotka/obezzhirivanie,категория
https://aviastal.ru/services/metalloobrabotka/peremot-provoloki,категория
https://aviastal.ru/services/metalloobrabotka/perforatciya,категория
"https://aviastal.ru/services/metalloobrabotka/polirovalnye-raboty,-polirovka",категория
https://aviastal.ru/services/metalloobrabotka/profilirovanie-metalloprokata,категория
"https://aviastal.ru/services/metalloobrabotka/prokatka,-peredel-metalloprokata",категория
"https://aviastal.ru/services/metalloobrabotka/razmot,-vypryamlenie-armatury,-provoloki",категория
https://aviastal.ru/services/metalloobrabotka/shlifovalnye-raboty,категория
https://aviastal.ru/services/metalloobrabotka/shtampovka,категория
https://aviastal.ru/services/metalloobrabotka/strogalnye-raboty,категория
https://aviastal.ru/services/metalloobrabotka/sverlenie,категория
https://aviastal.ru/services/metalloobrabotka/sverlenie-rels,категория
https://aviastal.ru/services/metalloobrabotka/termoobrabotka,категория
https://aviastal.ru/services/metalloobrabotka/tokarnye-raboty,категория
https://aviastal.ru/services/metalloobrabotka/tortcevanie,категория
https://aviastal.ru/services/metalloobrabotka/valtcovka,категория
https://aviastal.ru/services/metalloobrabotka/volochenie,категория
https://aviastal.ru/services/nerazrushaushii-kontrol,категория
https://aviastal.ru/services/otcinkovanie,категория
https://aviastal.ru/services/rubka-gilotinoi,категория
https://aviastal.ru/services/svarochnye-raboty,категория
https://aviastal.ru/services/teploizolyatciya,категория
https://aviastal.ru/services/teploizolyatciya/teploizolyatciya-gibkaya,категория
https://aviastal.ru/services/teploizolyatciya/teploizolyatciya-skorlupa,категория
https://aviastal.ru/services/teploizolyatciya/teploizolyatciya-v-plitah,категория
https://aviastal.ru/services/teploizolyatciya/teploizolyatciya-v-zhidkom-vide,категория
"https://aviastal.ru/services/vosstanovlenie,-restavratciya,-remont",категория
"https://aviastal.ru/services/vosstanovlenie,-restavratciya,-remont/drobemetnaya-obrabotka",категория
"https://aviastal.ru/services/vosstanovlenie,-restavratciya,-remont/ochistka,-zachistka",категория
"https://aviastal.ru/services/vosstanovlenie,-restavratciya,-remont/peskostruinaya-obrabotka",категория
"https://aviastal.ru/services/vosstanovlenie,-restavratciya,-remont/remont-nkt-i-burilnyh-trub",категория
"https://aviastal.ru/services/vosstanovlenie,-restavratciya,-remont/snyatie-faski",категория
"https://aviastal.ru/services/vosstanovlenie,-restavratciya,-remont/udalenie-izolyatcii",категория
"https://aviastal.ru/services/vosstanovlenie,-restavratciya,-remont/vosstanovlenie,-restavratciya",категория
https://aviastal.ru/services/zubonareznye-raboty,категория
https://aviastal.ru/chernyi-prokat/listovoi-prokat/list-asbestotcementnyi/ploskiy,категория
https://aviastal.ru/chernyi-prokat/listovoi-prokat/list-asbestotcementnyi/pressovannyy,категория
https://aviastal.ru/chernyi-prokat/listovoi-prokat/list-perforirovannyi/nerzhaveyushchiy,категория
https://aviastal.ru/chernyi-prokat/listovoi-prokat/list-perforirovannyi/otsinkovannyy,категория
https://aviastal.ru/chernyi-prokat/listovoi-prokat/sendvich-paneli/bazal'tovye,категория
https://aviastal.ru/chernyi-prokat/listovoi-prokat/sendvich-paneli/krovel'nye,категория
https://aviastal.ru/chernyi-prokat/listovoi-prokat/sendvich-paneli/penopolistirol,категория
https://aviastal.ru/chernyi-prokat/listovoi-prokat/sendvich-paneli/penopoliuretan,категория
https://aviastal.ru/chernyi-prokat/listovoi-prokat/sendvich-paneli/stenovye,категория
https://aviastal.ru/chernyi-prokat/listovoi-prokat/sendvich-paneli/uglovye,категория
https://aviastal.ru/chernyi-prokat/sortovoi-prokat/lenta-stalnaya/otsinkovannaya,категория
https://aviastal.ru/chernyi-prokat/sortovoi-prokat/luk/dozhdepriemnik,категория
https://aviastal.ru/chernyi-prokat/sortovoi-prokat/luk/luk-chugunnyi,категория
https://aviastal.ru/chernyi-prokat/sortovoi-prokat/luk/luk-polimernyi,категория
https://aviastal.ru/chernyi-prokat/listovoi-prokat/list-asbestotcementnyi/volnovoy,категория
https://aviastal.ru/chernyi-prokat/listovoi-prokat/list-holodnokatanyi/-tal'noy,категория
https://aviastal.ru/chernyi-prokat/listovoi-prokat/list-holodnokatanyi/nerzhaveyushchiy,категория
https://aviastal.ru/chernyi-prokat/listovoi-prokat/list-holodnokatanyi/otsinkovannyy,категория
https://aviastal.ru/chernyi-prokat/listovoi-prokat/list-holodnokatanyi/metallicheskiy,категория
https://aviastal.ru/chernyi-prokat/listovoi-prokat/list-polietilenovyi/natural'nyy,категория
https://aviastal.ru/chernyi-prokat/listovoi-prokat/list-perforirovannyi/dlya-zabora,категория
https://aviastal.ru/chernyi-prokat/listovoi-prokat/list-perforirovannyi/metallicheskiy,категория
https://aviastal.ru/chernyi-prokat/listovoi-prokat/list-perforirovannyi/stal'noy,категория
https://aviastal.ru/chernyi-prokat/listovoi-prokat/list-perforirovannyi/alyuminievyy,категория
https://aviastal.ru/chernyi-prokat/sortovoi-prokat/ugolok/ugolok-goryachekatannyi,категория
https://aviastal.ru/chernyi-prokat/listovoi-prokat/list-perforirovannyi/perforatsiya-pryamougol'naya,категория
https://aviastal.ru/chernyi-prokat/listovoi-prokat/list-perforirovannyi/perforatsiya-kruglaya,категория
https://aviastal.ru/chernyi-prokat/listovoi-prokat/list-perforirovannyi/perforatsiya-kvadratnaya,категория
https://aviastal.ru/chernyi-prokat/listovoi-prokat/list-otcinkovanyi/zheleznyy,категория
https://aviastal.ru/chernyi-prokat/listovoi-prokat/list-otcinkovanyi/profilirovannyy,категория
https://aviastal.ru/chernyi-prokat/listovoi-prokat/list-otcinkovanyi/gladkiy,категория
https://aviastal.ru/chernyi-prokat/listovoi-prokat/list-otcinkovanyi/dlya-kryshi,категория
https://aviastal.ru/chernyi-prokat/listovoi-prokat/list-otcinkovanyi/metallicheskiy,категория
https://aviastal.ru/chernyi-prokat/listovoi-prokat/list-otcinkovanyi/stal'noy,категория
https://aviastal.ru/chernyi-prokat/sortovoi-prokat/ugolok/ugolok-holodnokatannyi,категория
https://aviastal.ru/chernyi-prokat/listovoi-prokat/sendvich-paneli/mineralovatnaya,категория
https://aviastal.ru/chernyi-prokat/listovoi-prokat/sendvich-paneli/uteplennye,категория
https://aviastal.ru/chernyi-prokat/listovoi-prokat/sendvich-paneli/otsinkovannye,категория
https://aviastal.ru/chernyi-prokat/listovoi-prokat/sendvich-paneli/akusticheskaya,категория
https://aviastal.ru/chernyi-prokat/sortovoi-prokat/ugolok/ugolok-stekloplastikovyi,категория
https://aviastal.ru/chernyi-prokat/listovoi-prokat/sendvich-paneli/polimernye,категория
https://aviastal.ru/chernyi-prokat/svarochnye-materialy/elektrody-stalnye/diametr_3__marka-elektroda_esab-ok-46,тег
https://aviastal.ru/chernyi-prokat/listovoi-prokat/sendvich-paneli/penopoliizotsianurat,категория
https://aviastal.ru/chernyi-prokat/listovoi-prokat/sendvich-paneli/zvukoizolyatsionnye,категория
https://aviastal.ru/chernyi-prokat/listovoi-prokat/list-riflenyi/-tal'noy,категория
https://aviastal.ru/chernyi-prokat/listovoi-prokat/list-riflenyi/chechevichnyy,категория
https://aviastal.ru/chernyi-prokat/listovoi-prokat/list-riflenyi/rombicheskiy,категория
https://aviastal.ru/chernyi-prokat/listovoi-prokat/list-prosechno-vytyazhnoi-pvl/stal'noy,категория
https://aviastal.ru/chernyi-prokat/listovoi-prokat/list-prosechno-vytyazhnoi-pvl/setka,категория
https://aviastal.ru/chernyi-prokat/listovoi-prokat/list-prosechno-vytyazhnoi-pvl/list-setchatyy-metallicheskiy,категория
https://aviastal.ru/chernyi-prokat/listovoi-prokat/list-prosechno-vytyazhnoi-pvl/pprosechka-metallicheskaya-dlya-lestnits,категория
https://aviastal.ru/chernyi-prokat/listovoi-prokat/list-prosechno-vytyazhnoi-pvl/alyuminievyy,категория
https://aviastal.ru/chernyi-prokat/listovoi-prokat/list-prosechno-vytyazhnoi-pvl/nerzhaveyushchiy,категория
https://aviastal.ru/chernyi-prokat/listovoi-prokat/list-prosechno-vytyazhnoi-pvl/setka-prosechno-vytyazhnaya-alyuminievaya,категория
https://aviastal.ru/chernyi-prokat/relsy-i-krepezh/kolesnye-pary/zhd,категория
https://aviastal.ru/chernyi-prokat/listovoi-prokat/list-s-polimernym-pokrytiem/-tsinkovannyy,категория
https://aviastal.ru/chernyi-prokat/listovoi-prokat/list-s-polimernym-pokrytiem/glyantsevyy,категория
https://aviastal.ru/chernyi-prokat/listovoi-prokat/list-s-polimernym-pokrytiem/metallicheskiy,категория
https://aviastal.ru/chernyi-prokat/listovoi-prokat/list-s-polimernym-pokrytiem/ploskiy,категория
https://aviastal.ru/chernyi-prokat/listovoi-prokat/list-s-polimernym-pokrytiem/rulon-polimernyy,категория
"https://aviastal.ru/chernyi-prokat/relsy-i-krepezh/nakladki,-podkladki/perekhodnaya",категория
"https://aviastal.ru/chernyi-prokat/relsy-i-krepezh/nakladki,-podkladki/stykovaya",категория
"https://aviastal.ru/chernyi-prokat/relsy-i-krepezh/nakladki,-podkladki/rel'sovaya",категория
"https://aviastal.ru/chernyi-prokat/relsy-i-krepezh/nakladki,-podkladki/dlya-zheleznoy-dorogi",категория
"https://aviastal.ru/chernyi-prokat/relsy-i-krepezh/nakladki,-podkladki/tramvaynaya",категория
"https://aviastal.ru/chernyi-prokat/relsy-i-krepezh/nakladki,-podkladki/kostyl'nogo-skrepleniya",категория
"https://aviastal.ru/chernyi-prokat/relsy-i-krepezh/nakladki,-podkladki/na-derevyannuyu-shpalu",категория
"https://aviastal.ru/chernyi-prokat/relsy-i-krepezh/nakladki,-podkladki/razdel'nogo-skrepleniya",категория
"https://aviastal.ru/chernyi-prokat/relsy-i-krepezh/nakladki,-podkladki/nashpal'naya",категория
"https://aviastal.ru/chernyi-prokat/relsy-i-krepezh/nakladki,-podkladki/zhbr",категория
"https://aviastal.ru/chernyi-prokat/relsy-i-krepezh/nakladki,-podkladki/podkladka-rel'sovaya",категория
https://aviastal.ru/chernyi-prokat/relsy-i-krepezh/strelochnye-perevody/pravostoronniy,категория
https://aviastal.ru/chernyi-prokat/relsy-i-krepezh/strelochnye-perevody/levostoronniy,категория
https://aviastal.ru/chernyi-prokat/relsy-i-krepezh/shpaly/kreozotnaya,категория
https://aviastal.ru/chernyi-prokat/relsy-i-krepezh/shpaly/derevyannye,категория
https://aviastal.ru/chernyi-prokat/relsy-i-krepezh/shpaly/sosnovye,категория
https://aviastal.ru/chernyi-prokat/relsy-i-krepezh/zheleznodorozhnyi-krepezh/vtulka,категория
https://aviastal.ru/chernyi-prokat/relsy-i-krepezh/zheleznodorozhnyi-krepezh/kostyl',категория
https://aviastal.ru/chernyi-prokat/relsy-i-krepezh/zheleznodorozhnyi-krepezh/shayba,категория
https://aviastal.ru/chernyi-prokat/relsy-i-krepezh/zheleznodorozhnyi-krepezh/gayka,категория
https://aviastal.ru/chernyi-prokat/relsy-i-krepezh/zheleznodorozhnyi-krepezh/skoba,категория
https://aviastal.ru/chernyi-prokat/relsy-i-krepezh/zheleznodorozhnyi-krepezh/planka,категория
https://aviastal.ru/chernyi-prokat/relsy-i-krepezh/zheleznodorozhnyi-krepezh/bolt,категория
https://aviastal.ru/chernyi-prokat/relsy-i-krepezh/zheleznodorozhnyi-krepezh/klemma,категория
https://aviastal.ru/chernyi-prokat/relsy-i-krepezh/zheleznodorozhnyi-krepezh/shurup,категория
https://aviastal.ru/chernyi-prokat/sortovoi-prokat/armatura/gorizontal'naya,категория
https://aviastal.ru/chernyi-prokat/sortovoi-prokat/armatura/polimernaya,категория
https://aviastal.ru/chernyi-prokat/sortovoi-prokat/armatura/kvadratnaya,категория
https://aviastal.ru/chernyi-prokat/sortovoi-prokat/armatura/kruglaya,категория
https://aviastal.ru/chernyi-prokat/sortovoi-prokat/armatura/szhataya,категория
https://aviastal.ru/chernyi-prokat/sortovoi-prokat/armatura/goryachekatanaya,категория
https://aviastal.ru/chernyi-prokat/sortovoi-prokat/armatura/nenapryagaemaya,категория
https://aviastal.ru/chernyi-prokat/sortovoi-prokat/armatura/nesushchaya,категория
https://aviastal.ru/chernyi-prokat/sortovoi-prokat/armatura/ugleplastikovaya,категория
https://aviastal.ru/chernyi-prokat/sortovoi-prokat/armatura/usilennaya,категория
https://aviastal.ru/chernyi-prokat/sortovoi-prokat/armatura/steklovolokonnaya,категория
https://aviastal.ru/chernyi-prokat/sortovoi-prokat/armatura/provolochnaya,категория
https://aviastal.ru/chernyi-prokat/sortovoi-prokat/armatura/zalivnaya,категория
https://aviastal.ru/chernyi-prokat/sortovoi-prokat/armatura/steklokompozitnaya,категория
https://aviastal.ru/chernyi-prokat/sortovoi-prokat/armatura/kholodnodeformirovannaya,категория
https://aviastal.ru/chernyi-prokat/sortovoi-prokat/armatura/lentochnaya,категория
https://aviastal.ru/chernyi-prokat/sortovoi-prokat/armatura/lineynaya,категория
https://aviastal.ru/chernyi-prokat/sortovoi-prokat/armatura/stekloplastikovaya,категория
https://aviastal.ru/chernyi-prokat/sortovoi-prokat/armatura/kompozitnaya,категория
https://aviastal.ru/chernyi-prokat/sortovoi-prokat/armatura/nizhnyaya,категория
https://aviastal.ru/chernyi-prokat/sortovoi-prokat/armatura/plastikovaya,категория
https://aviastal.ru/chernyi-prokat/sortovoi-prokat/armatura/zhelezobetonnaya,категория
https://aviastal.ru/chernyi-prokat/sortovoi-prokat/armatura/riflenaya,категория
https://aviastal.ru/chernyi-prokat/sortovoi-prokat/armatura/gibkaya,категория
https://aviastal.ru/chernyi-prokat/sortovoi-prokat/armatura/metallicheskaya,категория
https://aviastal.ru/chernyi-prokat/sortovoi-prokat/armatura/fundamentnaya,категория
https://aviastal.ru/chernyi-prokat/sortovoi-prokat/armatura/stal'naya,категория
https://aviastal.ru/chernyi-prokat/sortovoi-prokat/armatura/svarnaya,категория
https://aviastal.ru/chernyi-prokat/sortovoi-prokat/armatura/stroitel'naya,категория
https://aviastal.ru/chernyi-prokat/sortovoi-prokat/armatura/gladkaya,категория
https://aviastal.ru/chernyi-prokat/sortovoi-prokat/armatura/nenapryazhennaya,категория
https://aviastal.ru/chernyi-prokat/sortovoi-prokat/balka-bu/metallicheskaya,категория
https://aviastal.ru/chernyi-prokat/sortovoi-prokat/fibra/polipropilenovaya,категория
https://aviastal.ru/chernyi-prokat/sortovoi-prokat/fibra/stal'naya,категория
https://aviastal.ru/chernyi-prokat/sortovoi-prokat/fibra/bazal'tovaya,категория
https://aviastal.ru/chernyi-prokat/sortovoi-prokat/fibra/polimernaya,категория
https://aviastal.ru/chernyi-prokat/sortovoi-prokat/fibra/listovaya,категория
https://aviastal.ru/chernyi-prokat/sortovoi-prokat/fibra/stroitel'naya,категория
https://aviastal.ru/chernyi-prokat/sortovoi-prokat/fibra/kompozitnaya,категория
https://aviastal.ru/chernyi-prokat/sortovoi-prokat/fibra/steklotkanevaya,категория
https://aviastal.ru/chernyi-prokat/sortovoi-prokat/fibra/steklovolokonnaya,категория
https://aviastal.ru/chernyi-prokat/sortovoi-prokat/fibra/ankernaya,категория
https://aviastal.ru/chernyi-prokat/sortovoi-prokat/fibra/dlya-betona,категория
https://aviastal.ru/chernyi-prokat/sortovoi-prokat/fibra/plastikovaya,категория
https://aviastal.ru/chernyi-prokat/sortovoi-prokat/fibra/pod-styazhku,категория
https://aviastal.ru/chernyi-prokat/sortovoi-prokat/fibra/dlya-shtukaturki,категория
https://aviastal.ru/chernyi-prokat/sortovoi-prokat/fibra/dlya-rastvora,категория
https://aviastal.ru/chernyi-prokat/sortovoi-prokat/fibra/provolochnaya,категория
https://aviastal.ru/chernyi-prokat/sortovoi-prokat/fiksator-armatury/gorizontal'nyy,категория
https://aviastal.ru/chernyi-prokat/sortovoi-prokat/fiksator-armatury/vertikal'nyy,категория
https://aviastal.ru/chernyi-prokat/sortovoi-prokat/fiksator-armatury/zashchitnyy,категория
https://aviastal.ru/chernyi-prokat/sortovoi-prokat/fiksator-armatury/kruglyy,категория
https://aviastal.ru/chernyi-prokat/sortovoi-prokat/fiksator-armatury/stul'chik,категория
https://aviastal.ru/chernyi-prokat/sortovoi-prokat/fiksator-armatury/kubik,категория
https://aviastal.ru/chernyi-prokat/sortovoi-prokat/fiksator-armatury/zvezdochka,категория
https://aviastal.ru/chernyi-prokat/sortovoi-prokat/fiksator-armatury/zmeyka,категория
https://aviastal.ru/chernyi-prokat/sortovoi-prokat/katanka/kruglaya,категория
https://aviastal.ru/chernyi-prokat/sortovoi-prokat/katanka/mednaya,категория
https://aviastal.ru/chernyi-prokat/sortovoi-prokat/katanka/beskislorodnaya,категория
https://aviastal.ru/chernyi-prokat/sortovoi-prokat/katanka/stal'naya,категория
https://aviastal.ru/chernyi-prokat/sortovoi-prokat/katanka/alyuminievaya,категория
https://aviastal.ru/chernyi-prokat/sortovoi-prokat/katanka/prutok,категория
https://aviastal.ru/chernyi-prokat/sortovoi-prokat/katanka/provoloka,категория
https://aviastal.ru/chernyi-prokat/sortovoi-prokat/gnutyi-profil/metallicheskiy,категория
https://aviastal.ru/chernyi-prokat/sortovoi-prokat/gnutyi-profil/otkrytyy,категория
https://aviastal.ru/chernyi-prokat/sortovoi-prokat/gnutyi-profil/stroitel'nyy,категория
https://aviastal.ru/chernyi-prokat/sortovoi-prokat/armatura-stekloplastikovaya/kompozitnaya,категория
https://aviastal.ru/chernyi-prokat/sortovoi-prokat/armatura-stekloplastikovaya/bazal'tovaya,категория
https://aviastal.ru/chernyi-prokat/sortovoi-prokat/armatura-stekloplastikovaya/stroitel'naya,категория
https://aviastal.ru/chernyi-prokat/sortovoi-prokat/armatura-stekloplastikovaya/dlya-elektropastukha,категория
https://aviastal.ru/chernyi-prokat/sortovoi-prokat/balka-dvutavrovaya/shirokopolochnaya,категория
https://aviastal.ru/chernyi-prokat/sortovoi-prokat/balka-dvutavrovaya/normal'naya,категория
https://aviastal.ru/chernyi-prokat/sortovoi-prokat/balka-dvutavrovaya/svarnaya,категория
https://aviastal.ru/chernyi-prokat/sortovoi-prokat/balka-dvutavrovaya/stal'naya,категория
https://aviastal.ru/chernyi-prokat/sortovoi-prokat/balka-dvutavrovaya/goryachekatanaya,категория
https://aviastal.ru/chernyi-prokat/sortovoi-prokat/list-bu/stal'noy,категория
https://aviastal.ru/chernyi-prokat/sortovoi-prokat/list-bu/metallicheskiy,категория
https://aviastal.ru/chernyi-prokat/sortovoi-prokat/ostalnoi-metalloprokat-bu/profnastil-bu,категория
https://aviastal.ru/chernyi-prokat/sortovoi-prokat/ostalnoi-metalloprokat-bu/rel'sy-bu,категория
https://aviastal.ru/chernyi-prokat/sortovoi-prokat/ostalnoi-metalloprokat-bu/provoloka-bu,категория
https://aviastal.ru/chernyi-prokat/sortovoi-prokat/luk/luk-polimernyi/dozhdepriemnyy,категория
https://aviastal.ru/chernyi-prokat/sortovoi-prokat/luk/luk-polimernyi/kanalizatsionnyy,категория
https://aviastal.ru/chernyi-prokat/sortovoi-prokat/luk/luk-polimernyi/peschanyy,категория
https://aviastal.ru/chernyi-prokat/sortovoi-prokat/luk/luk-polimernyi/sadovyy,категория
https://aviastal.ru/chernyi-prokat/sortovoi-prokat/luk/luk-polimernyi/chugunnyy,категория
https://aviastal.ru/chernyi-prokat/sortovoi-prokat/luk/luk-polimernyi/chernyy,категория
https://aviastal.ru/chernyi-prokat/sortovoi-prokat/luk/luk-polimernyi/kolodeznyy,категория
https://aviastal.ru/chernyi-prokat/sortovoi-prokat/luk/luk-polimernyi/smotrovoy,категория
https://aviastal.ru/chernyi-prokat/sortovoi-prokat/luk/luk-polimernyi/seryy,категория
https://aviastal.ru/chernyi-prokat/sortovoi-prokat/luk/luk-polimernyi/korichnevyy,категория
https://aviastal.ru/chernyi-prokat/sortovoi-prokat/luk/luk-polimernyi/zelenyy,категория
https://aviastal.ru/chernyi-prokat/sortovoi-prokat/kvadrat-stalnoy/kalibrovannyy,категория
https://aviastal.ru/chernyi-prokat/sortovoi-prokat/kvadrat-stalnoy/goryachekatanyy,категория
https://aviastal.ru/chernyi-prokat/trubnyi-prokat/truba-polipropilenovaya/davlenie_ru20,тег
https://aviastal.ru/chernyi-prokat/sortovoi-prokat/luk/luk-chugunnyi/dozhdepriemnyy,категория
https://aviastal.ru/chernyi-prokat/sortovoi-prokat/luk/luk-chugunnyi/kanalizatsionnyy,категория
https://aviastal.ru/chernyi-prokat/sortovoi-prokat/luk/luk-chugunnyi/kvadratnyy,категория
https://aviastal.ru/chernyi-prokat/sortovoi-prokat/luk/luk-chugunnyi/smotrovoy,категория
https://aviastal.ru/chernyi-prokat/sortovoi-prokat/luk/luk-chugunnyi/kruglyy,категория
https://aviastal.ru/chernyi-prokat/sortovoi-prokat/luk/luk-chugunnyi/livnevyy,категория
https://aviastal.ru/chernyi-prokat/sortovoi-prokat/luk/luk-chugunnyi/drenazhnyy,категория
https://aviastal.ru/chernyi-prokat/sortovoi-prokat/luk/luk-chugunnyi/vodoprovodnyy,категория
https://aviastal.ru/chernyi-prokat/sortovoi-prokat/luk/luk-chugunnyi/polimernyy,категория
https://aviastal.ru/chernyi-prokat/sortovoi-prokat/luk/luk-chugunnyi/pryamougol'nyy,категория
https://aviastal.ru/chernyi-prokat/sortovoi-prokat/luk/luk-chugunnyi/s-obechaykoy,категория
https://aviastal.ru/chernyi-prokat/sortovoi-prokat/luk/luk-chugunnyi/dorozhnyy,категория
https://aviastal.ru/chernyi-prokat/sortovoi-prokat/luk/luk-chugunnyi/plavayushchiy,категория
https://aviastal.ru/chernyi-prokat/sortovoi-prokat/luk/luk-chugunnyi/usilennyy,категория
https://aviastal.ru/chernyi-prokat/sortovoi-prokat/luk/luk-chugunnyi/dozhdevoy,категория
https://aviastal.ru/chernyi-prokat/sortovoi-prokat/luk/dozhdepriemnik/plastikovyy,категория
https://aviastal.ru/chernyi-prokat/sortovoi-prokat/luk/dozhdepriemnik/chugunnyy,категория
https://aviastal.ru/chernyi-prokat/sortovoi-prokat/luk/dozhdepriemnik/kruglyy,категория
https://aviastal.ru/chernyi-prokat/sortovoi-prokat/luk/dozhdepriemnik/polimernyy,категория
https://aviastal.ru/chernyi-prokat/sortovoi-prokat/luk/dozhdepriemnik/tochechnyy,категория
https://aviastal.ru/chernyi-prokat/sortovoi-prokat/luk/dozhdepriemnik/malyy,категория
https://aviastal.ru/chernyi-prokat/sortovoi-prokat/luk/dozhdepriemnik/gorizontal'nyy,категория
https://aviastal.ru/chernyi-prokat/sortovoi-prokat/luk/dozhdepriemnik/ulichnyy,категория
https://aviastal.ru/chernyi-prokat/sortovoi-prokat/luk/dozhdepriemnik/pryamougol'nyy,категория
https://aviastal.ru/chernyi-prokat/sortovoi-prokat/luk/dozhdepriemnik/polimerpeschanyy,категория
https://aviastal.ru/chernyi-prokat/trubnyi-prokat/truba-polipropilenovaya/davlenie_ru20__marka-materiala_ppr,тег
https://aviastal.ru/chernyi-prokat/sortovoi-prokat/lenta-stalnaya/mernaya,категория
https://aviastal.ru/chernyi-prokat/sortovoi-prokat/lenta-stalnaya/rulonnaya,категория
https://aviastal.ru/chernyi-prokat/sortovoi-prokat/lenta-stalnaya/s-polimernym-pokrytiem,категория
https://aviastal.ru/chernyi-prokat/sortovoi-prokat/polosa-perforirovannaya/metallicheskaya,категория
https://aviastal.ru/chernyi-prokat/sortovoi-prokat/shary-pomolnye-melushie/stal'nye,категория
https://aviastal.ru/chernyi-prokat/sortovoi-prokat/shpunt-larsena/stal'noy,категория
https://aviastal.ru/chernyi-prokat/sortovoi-prokat/shpunt-larsena/metallicheskiy,категория
https://aviastal.ru/chernyi-prokat/sortovoi-prokat/shestigrannik/stal'noy,категория
https://aviastal.ru/chernyi-prokat/sortovoi-prokat/shestigrannik/kalibrovannyy,категория
https://aviastal.ru/chernyi-prokat/sortovoi-prokat/shestigrannik/metallicheskiy,категория
https://aviastal.ru/chernyi-prokat/sortovoi-prokat/shestigrannik/goryachekatanyy,категория
https://aviastal.ru/chernyi-prokat/sortovoi-prokat/shestigrannik/konstruktsionnyy,категория
https://aviastal.ru/chernyi-prokat/sortovoi-prokat/krug-stalnoi/nerzhaveyushchiy,категория
https://aviastal.ru/chernyi-prokat/sortovoi-prokat/krug-stalnoi/goryachekatanyy,категория
https://aviastal.ru/chernyi-prokat/sortovoi-prokat/krug-stalnoi/kalibrovannyy,категория
https://aviastal.ru/chernyi-prokat/sortovoi-prokat/polosa-stalnaya/nerzhaveyushchaya,категория
https://aviastal.ru/chernyi-prokat/sortovoi-prokat/polosa-stalnaya/pruzhinnaya,категория
https://aviastal.ru/chernyi-prokat/sortovoi-prokat/polosa-stalnaya/profil'naya,категория
https://aviastal.ru/chernyi-prokat/sortovoi-prokat/polosa-stalnaya/dekorativnaya,категория
https://aviastal.ru/chernyi-prokat/sortovoi-prokat/polosa-stalnaya/goryacheotsinkovannaya,категория
https://aviastal.ru/chernyi-prokat/sortovoi-prokat/polosa-stalnaya/dlya-zazemleniya,категория
https://aviastal.ru/chernyi-prokat/sortovoi-prokat/shveller-gnutyi-holodnokatannyi/stal'noy,категория
https://aviastal.ru/chernyi-prokat/sortovoi-prokat/shveller-gnutyi-holodnokatannyi/ravnopolochnyy,категория
https://aviastal.ru/chernyi-prokat/sortovoi-prokat/shveller-gnutyi-holodnokatannyi/metallicheskiy,категория
https://aviastal.ru/chernyi-prokat/sortovoi-prokat/shveller-gnutyi-holodnokatannyi/alyuminievyy,категория
https://aviastal.ru/chernyi-prokat/sortovoi-prokat/shveller-gnutyi-holodnokatannyi/tonkostennnyy,категория
https://aviastal.ru/chernyi-prokat/sortovoi-prokat/shveller-gnutyi-holodnokatannyi/neravnopolochnyy,категория
https://aviastal.ru/chernyi-prokat/sortovoi-prokat/shveller-gnutyi-holodnokatannyi/gnutyy,категория
https://aviastal.ru/chernyi-prokat/sortovoi-prokat/tavr-teplichnyi/nerzhaveyushchiy,категория
https://aviastal.ru/chernyi-prokat/sortovoi-prokat/shveller-goryachekatannyi/stal'noy,категория
https://aviastal.ru/chernyi-prokat/sortovoi-prokat/ugolok/ugolok-goryachekatannyi/stal'noy,категория
https://aviastal.ru/chernyi-prokat/sortovoi-prokat/ugolok/ugolok-goryachekatannyi/ravnopolochnyy,категория
https://aviastal.ru/chernyi-prokat/sortovoi-prokat/ugolok/ugolok-goryachekatannyi/neravnopolochnyy,категория
https://aviastal.ru/chernyi-prokat/sortovoi-prokat/ugolok/ugolok-goryachekatannyi/metallicheskiy,категория
https://aviastal.ru/chernyi-prokat/sortovoi-prokat/ugolok-bu/stal'noy,категория
https://aviastal.ru/chernyi-prokat/sortovoi-prokat/ugolok-bu/dlya-zabora,категория
https://aviastal.ru/chernyi-prokat/sortovoi-prokat/ugolok-bu/metallicheskiy,категория
https://aviastal.ru/chernyi-prokat/trubnyi-prokat/truba-pvh-polivinilhlorid/korichnevaya,категория
https://aviastal.ru/chernyi-prokat/sortovoi-prokat/ugolok/ugolok-stekloplastikovyi/kompozitnyy,категория
https://aviastal.ru/chernyi-prokat/svarochnye-materialy/elektrody-stalnye/vol'framovye,категория
https://aviastal.ru/chernyi-prokat/svarochnye-materialy/elektrody-stalnye/rutilovye,категория
https://aviastal.ru/chernyi-prokat/svarochnye-materialy/elektrody-stalnye/metallicheskie,категория
https://aviastal.ru/chernyi-prokat/svarochnye-materialy/elektrody-stalnye/nerzhaveyushchiy,категория
https://aviastal.ru/chernyi-prokat/svarochnye-materialy/elektrody-stalnye/stal'nye,категория
https://aviastal.ru/chernyi-prokat/svarochnye-materialy/elektrody-stalnye/titanovye,категория
https://aviastal.ru/chernyi-prokat/svarochnye-materialy/elektrody-stalnye/uglerodistye,категория
https://aviastal.ru/chernyi-prokat/svarochnye-materialy/elektrody-stalnye/omednennyy,категория
https://aviastal.ru/chernyi-prokat/svarochnye-materialy/elektrody-stalnye/chugunnye,категория
https://aviastal.ru/chernyi-prokat/svarochnye-materialy/elektrody-stalnye/alyuminievye,категория
https://aviastal.ru/chernyi-prokat/svarochnye-materialy/elektrody-stalnye/dlya-nizkolegirovannoy-stali,категория
https://aviastal.ru/chernyi-prokat/svarochnye-materialy/elektrody-stalnye/dlya-podvodnoy-svarki,категория
https://aviastal.ru/chernyi-prokat/svarochnye-materialy/elektrody-stalnye/mednyy,категория
https://aviastal.ru/chernyi-prokat/svarochnye-materialy/elektrody-stalnye/stalinitovye,категория
https://aviastal.ru/chernyi-prokat/svarochnye-materialy/elektrody-stalnye/naplavochnye,категория
https://aviastal.ru/chernyi-prokat/svarochnye-materialy/elektrody-stalnye/dlya-rezki-,категория
https://aviastal.ru/chernyi-prokat/trubnyi-prokat/burilnaya-truba/obsadnaya,категория
https://aviastal.ru/chernyi-prokat/trubnyi-prokat/burilnaya-truba/burovaya,категория
https://aviastal.ru/chernyi-prokat/trubnyi-prokat/burilnaya-truba/napravlyayushchaya,категория
https://aviastal.ru/chernyi-prokat/trubnyi-prokat/opory-truboprovodov/nepodvizhnaya,категория
https://aviastal.ru/chernyi-prokat/trubnyi-prokat/opory-truboprovodov/skol'zyashchaya,категория
https://aviastal.ru/chernyi-prokat/trubnyi-prokat/opory-truboprovodov/podvizhnaya,категория
https://aviastal.ru/chernyi-prokat/trubnyi-prokat/opory-truboprovodov/plavayushchaya,категория
https://aviastal.ru/chernyi-prokat/trubnyi-prokat/obsadnaya-truba/pit'evaya,категория
https://aviastal.ru/chernyi-prokat/trubnyi-prokat/obsadnaya-truba/tekhnicheskaya,категория
https://aviastal.ru/chernyi-prokat/trubnyi-prokat/obsadnaya-truba/plastikovaya,категория
https://aviastal.ru/chernyi-prokat/trubnyi-prokat/obsadnaya-truba/-tal'naya,категория
https://aviastal.ru/chernyi-prokat/trubnyi-prokat/obsadnaya-truba/besshovnaya,категория
https://aviastal.ru/chernyi-prokat/trubnyi-prokat/obsadnaya-truba/rez'bovaya,категория
https://aviastal.ru/chernyi-prokat/trubnyi-prokat/obsadnaya-truba/skvazhinnaya,категория
https://aviastal.ru/chernyi-prokat/trubnyi-prokat/obsadnaya-truba/bezmuftovaya,категория
https://aviastal.ru/chernyi-prokat/trubnyi-prokat/obsadnaya-truba/elektrosvarnaya,категория
https://aviastal.ru/chernyi-prokat/trubnyi-prokat/obsadnaya-truba/polietilenovaya,категория
https://aviastal.ru/chernyi-prokat/trubnyi-prokat/obsadnaya-truba/neftyanaya,категория
https://aviastal.ru/chernyi-prokat/trubnyi-prokat/obsadnaya-truba/npvkh,категория
https://aviastal.ru/chernyi-prokat/trubnyi-prokat/obsadnaya-truba/pvkh,категория
https://aviastal.ru/chernyi-prokat/trubnyi-prokat/obsadnaya-truba/muftovaya,категория
https://aviastal.ru/chernyi-prokat/trubnyi-prokat/obsadnaya-truba/s-treugol'noy-rez'boy,категория
https://aviastal.ru/chernyi-prokat/trubnyi-prokat/obsadnaya-truba/dlya-buronabivnykh-svay,категория
https://aviastal.ru/chernyi-prokat/trubnyi-prokat/obsadnaya-truba/zheleznaya,категория
https://aviastal.ru/chernyi-prokat/trubnyi-prokat/obsadnaya-truba/buril'naya,категория
https://aviastal.ru/chernyi-prokat/trubnyi-prokat/obsadnaya-truba/kanalizatsionnaya,категория
https://aviastal.ru/chernyi-prokat/trubnyi-prokat/truba-bimetallicheskaya/dlya-otopleniya,категория
https://aviastal.ru/chernyi-prokat/trubnyi-prokat/elektrosvarnaya-truba/otsinkovannaya,категория
https://aviastal.ru/chernyi-prokat/trubnyi-prokat/elektrosvarnaya-truba/vodogazoprovodnaya,категория
https://aviastal.ru/chernyi-prokat/trubnyi-prokat/elektrosvarnaya-truba/polietilenovaya,категория
https://aviastal.ru/chernyi-prokat/trubnyi-prokat/elektrosvarnaya-truba/kholodnodeformirovannaya,категория
https://aviastal.ru/chernyi-prokat/trubnyi-prokat/elektrosvarnaya-truba/polipropilenovaya,категория
https://aviastal.ru/chernyi-prokat/trubnyi-prokat/elektrosvarnaya-truba/metallicheskaya,категория
https://aviastal.ru/chernyi-prokat/trubnyi-prokat/elektrosvarnaya-truba/kruglaya,категория
https://aviastal.ru/chernyi-prokat/trubnyi-prokat/elektrosvarnaya-truba/dlya-teplovykh-setey,категория
https://aviastal.ru/chernyi-prokat/trubnyi-prokat/elektrosvarnaya-truba/magistral'naya,категория
https://aviastal.ru/chernyi-prokat/trubnyi-prokat/elektrosvarnaya-truba/termoobrabotannaya,категория
https://aviastal.ru/chernyi-prokat/trubnyi-prokat/elektrosvarnaya-truba/iz-korrozionnostoykoy-stali,категория
https://aviastal.ru/chernyi-prokat/trubnyi-prokat/elektrosvarnaya-truba/obshchego-naznacheniya,категория
https://aviastal.ru/chernyi-prokat/trubnyi-prokat/elektrosvarnaya-truba/-tal'naya,категория
https://aviastal.ru/chernyi-prokat/trubnyi-prokat/truba-chugunnaya-s-tcpp-bez-tcpp/otsinkovannaya,категория
https://aviastal.ru/chernyi-prokat/trubnyi-prokat/truba-chugunnaya-s-tcpp-bez-tcpp/vysokoprochnaya,категория
https://aviastal.ru/chernyi-prokat/trubnyi-prokat/truba-chugunnaya-s-tcpp-bez-tcpp/bol'shogo-diametra,категория
https://aviastal.ru/chernyi-prokat/trubnyi-prokat/truba-chugunnaya-s-tcpp-bez-tcpp/dymokhoda,категория
https://aviastal.ru/chernyi-prokat/trubnyi-prokat/truba-chugunnaya-s-tcpp-bez-tcpp/dlya-kamina,категория
https://aviastal.ru/chernyi-prokat/trubnyi-prokat/truba-chugunnaya-s-tcpp-bez-tcpp/pechnaya,категория
https://aviastal.ru/chernyi-prokat/trubnyi-prokat/truba-chugunnaya-s-tcpp-bez-tcpp/s-sharovidnym-grafitom,категория
https://aviastal.ru/chernyi-prokat/trubnyi-prokat/truba-chugunnaya-s-tcpp-bez-tcpp/dlya-burzhuyki,категория
https://aviastal.ru/chernyi-prokat/trubnyi-prokat/truba-chugunnaya-s-tcpp-bez-tcpp/dlya-bani,категория
https://aviastal.ru/chernyi-prokat/trubnyi-prokat/truba-chugunnaya-s-tcpp-bez-tcpp/v-izolyatsii,категория
https://aviastal.ru/chernyi-prokat/trubnyi-prokat/truba-hrizotiltcementnaya-asbestotcementnaya/drenazhnaya,категория
https://aviastal.ru/chernyi-prokat/trubnyi-prokat/truba-drenazhnaya/polietilenovaya,категория
https://aviastal.ru/chernyi-prokat/trubnyi-prokat/truba-drenazhnaya/betonnaya,категория
https://aviastal.ru/chernyi-prokat/trubnyi-prokat/truba-drenazhnaya/perforirovannaya,категория
https://aviastal.ru/chernyi-prokat/trubnyi-prokat/truba-drenazhnaya/plastikovaya,категория
https://aviastal.ru/chernyi-prokat/trubnyi-prokat/truba-drenazhnaya/livnevaya,категория
https://aviastal.ru/chernyi-prokat/trubnyi-prokat/truba-drenazhnaya/geotekstil'naya,категория
https://aviastal.ru/chernyi-prokat/trubnyi-prokat/truba-drenazhnaya/asbestovaya,категория
https://aviastal.ru/chernyi-prokat/trubnyi-prokat/truba-drenazhnaya/oranzhevaya,категория
https://aviastal.ru/chernyi-prokat/trubnyi-prokat/truba-drenazhnaya/polimernaya,категория
https://aviastal.ru/chernyi-prokat/trubnyi-prokat/truba-drenazhnaya/odnosloynaya,категория
https://aviastal.ru/chernyi-prokat/trubnyi-prokat/truba-drenazhnaya/zhelezobetonnaya,категория
https://aviastal.ru/chernyi-prokat/trubnyi-prokat/truba-drenazhnaya/asbestotsementnaya,категория
https://aviastal.ru/chernyi-prokat/trubnyi-prokat/truba-drenazhnaya/khrizotiltsementanaya,категория
https://aviastal.ru/chernyi-prokat/trubnyi-prokat/truba-drenazhnaya/meliorativnaya,категория
https://aviastal.ru/chernyi-prokat/trubnyi-prokat/truba-drenazhnaya/dlya-otvoda-vody,категория
https://aviastal.ru/chernyi-prokat/trubnyi-prokat/truba-drenazhnaya/dlya-otvoda-gruntovykh-vod,категория
https://aviastal.ru/chernyi-prokat/trubnyi-prokat/truba-drenazhnaya/dlya-otvoda-dozhdevoy-vody,категория
https://aviastal.ru/chernyi-prokat/trubnyi-prokat/truba-drenazhnaya/metalloplastikovaya,категория
https://aviastal.ru/chernyi-prokat/trubnyi-prokat/truba-drenazhnaya/na-v'ezd-uchastka,категория
https://aviastal.ru/chernyi-prokat/trubnyi-prokat/truba-drenazhnaya/bez-perforatsii,категория
https://aviastal.ru/chernyi-prokat/trubnyi-prokat/truba-drenazhnaya/polipropilenovaya,категория
https://aviastal.ru/chernyi-prokat/trubnyi-prokat/truba-drenazhnaya/gotovaya,категория
https://aviastal.ru/chernyi-prokat/trubnyi-prokat/truba-drenazhnaya/pvkh,категория
https://aviastal.ru/chernyi-prokat/trubnyi-prokat/truba-drenazhnaya/pnd,категория
https://aviastal.ru/chernyi-prokat/trubnyi-prokat/truba-drenazhnaya/odnostennaya,категория
https://aviastal.ru/chernyi-prokat/trubnyi-prokat/truba-drenazhnaya/s-fil'trom-iz-geotekstilya,категория
https://aviastal.ru/chernyi-prokat/trubnyi-prokat/truba-drenazhnaya/bez-geotekstilya,категория
https://aviastal.ru/chernyi-prokat/trubnyi-prokat/truba-drenazhnaya/bez-fil'tra,категория
https://aviastal.ru/chernyi-prokat/trubnyi-prokat/truba-drenazhnaya/v-obmotke,категория
https://aviastal.ru/chernyi-prokat/trubnyi-prokat/truba-drenazhnaya/kanalizatsionnaya,категория
https://aviastal.ru/chernyi-prokat/trubnyi-prokat/truba-drenazhnaya/uteplennaya,категория
https://aviastal.ru/chernyi-prokat/trubnyi-prokat/truba-gofrirovannaya-spiralnovitaya/vodopropusknaya,категория
https://aviastal.ru/chernyi-prokat/trubnyi-prokat/truba-gofrirovannaya-spiralnovitaya/metallicheskaya,категория
https://aviastal.ru/chernyi-prokat/trubnyi-prokat/truba-kapillyarnaya/nerzhaveyushchaya,категория
https://aviastal.ru/chernyi-prokat/trubnyi-prokat/truba-kapillyarnaya/mednaya,категория
https://aviastal.ru/chernyi-prokat/trubnyi-prokat/truba-kotelnaya/stal'naya,категория
https://aviastal.ru/chernyi-prokat/trubnyi-prokat/truba-kotelnaya/besshovnaya,категория
https://aviastal.ru/chernyi-prokat/trubnyi-prokat/truba-kotelnaya/nerzhaveyushchaya,категория
https://aviastal.ru/chernyi-prokat/trubnyi-prokat/truba-metalloplastikovaya/gibkaya,категория
https://aviastal.ru/chernyi-prokat/trubnyi-prokat/truba-metalloplastikovaya/vodoprovodnaya,категория
https://aviastal.ru/chernyi-prokat/trubnyi-prokat/truba-metalloplastikovaya/khvs,категория
https://aviastal.ru/chernyi-prokat/trubnyi-prokat/truba-metalloplastikovaya/dlya-tsvetov,категория
https://aviastal.ru/chernyi-prokat/trubnyi-prokat/truba-metalloplastikovaya/pryamaya,категория
https://aviastal.ru/chernyi-prokat/trubnyi-prokat/truba-holodnodeformirovannaya/stal'naya,категория
https://aviastal.ru/chernyi-prokat/trubnyi-prokat/truba-holodnodeformirovannaya/svarnaya,категория
https://aviastal.ru/chernyi-prokat/trubnyi-prokat/truba-holodnodeformirovannaya/nerzhaveyushchaya,категория
https://aviastal.ru/chernyi-prokat/trubnyi-prokat/truba-holodnodeformirovannaya/elektrosvarnaya,категория
https://aviastal.ru/chernyi-prokat/trubnyi-prokat/truba-goryachedeformirovannaya/elektrosvarnaya,категория
https://aviastal.ru/chernyi-prokat/trubnyi-prokat/truba-goryachedeformirovannaya/stal'naya,категория
https://aviastal.ru/chernyi-prokat/trubnyi-prokat/truba-magistralnaya/kanalizatsionnaya,категория
https://aviastal.ru/chernyi-prokat/trubnyi-prokat/truba-magistralnaya/besshovnaya,категория
https://aviastal.ru/chernyi-prokat/trubnyi-prokat/truba-magistralnaya/vysokogo-davleniya,категория
https://aviastal.ru/chernyi-prokat/trubnyi-prokat/truba-magistralnaya/vodoprovodnaya,категория
https://aviastal.ru/chernyi-prokat/trubnyi-prokat/truba-magistralnaya/otopleniya,категория
https://aviastal.ru/chernyi-prokat/trubnyi-prokat/truba-nkt-nasosnokompressornaya/stal'naya,категория
https://aviastal.ru/chernyi-prokat/trubnyi-prokat/truba-nkt-nasosnokompressornaya/gladkaya,категория
https://aviastal.ru/chernyi-prokat/trubnyi-prokat/truba-nkt-nasosnokompressornaya/gibkaya,категория
https://aviastal.ru/chernyi-prokat/trubnyi-prokat/truba-nkt-nasosnokompressornaya/s-muftoy,категория
https://aviastal.ru/chernyi-prokat/trubnyi-prokat/truba-nkt-nasosnokompressornaya/s-konicheskoy-rez'boy,категория
https://aviastal.ru/chernyi-prokat/trubnyi-prokat/truba-ploskoovalnaya/stal'naya,категория
https://aviastal.ru/chernyi-prokat/trubnyi-prokat/truba-ploskoovalnaya/-metallicheskaya,категория
https://aviastal.ru/chernyi-prokat/trubnyi-prokat/truba-ploskoovalnaya/nerzhaveyushchaya,категория
https://aviastal.ru/chernyi-prokat/trubnyi-prokat/truba-otcinkovannaya/otopleniya,категория
https://aviastal.ru/chernyi-prokat/trubnyi-prokat/truba-otcinkovannaya/stal'naya,категория
https://aviastal.ru/chernyi-prokat/trubnyi-prokat/truba-otcinkovannaya/vodogazoprovodnaya,категория
https://aviastal.ru/chernyi-prokat/trubnyi-prokat/truba-otcinkovannaya/profil'naya,категория
https://aviastal.ru/chernyi-prokat/trubnyi-prokat/truba-otcinkovannaya/elektrosvarnaya,категория
https://aviastal.ru/chernyi-prokat/trubnyi-prokat/truba-otcinkovannaya/zhestkaya,категория
https://aviastal.ru/chernyi-prokat/trubnyi-prokat/truba-otcinkovannaya/besshovnaya,категория
https://aviastal.ru/chernyi-prokat/trubnyi-prokat/truba-otcinkovannaya/metallicheskaya,категория
https://aviastal.ru/chernyi-prokat/trubnyi-prokat/truba-otcinkovannaya/kruglaya,категория
https://aviastal.ru/chernyi-prokat/trubnyi-prokat/truba-otcinkovannaya/pryamoshovnaya,категория
https://aviastal.ru/chernyi-prokat/trubnyi-prokat/truba-otcinkovannaya/goryachedeformirovannaya,категория
https://aviastal.ru/chernyi-prokat/trubnyi-prokat/truba-otcinkovannaya/elektrotekhnicheskaya,категория
https://aviastal.ru/chernyi-prokat/trubnyi-prokat/truba-otcinkovannaya/vodostochnaya,категория
https://aviastal.ru/chernyi-prokat/trubnyi-prokat/truba-otcinkovannaya/vodoprovodnaya,категория
https://aviastal.ru/chernyi-prokat/trubnyi-prokat/truba-otcinkovannaya/zheleznaya,категория
https://aviastal.ru/chernyi-prokat/trubnyi-prokat/truba-otcinkovannaya/profilirovannaya,категория
https://aviastal.ru/chernyi-prokat/trubnyi-prokat/truba-otcinkovannaya/gvs,категория
https://aviastal.ru/chernyi-prokat/trubnyi-prokat/truba-otcinkovannaya/bol'shogo-diametra,категория
https://aviastal.ru/chernyi-prokat/trubnyi-prokat/truba-otcinkovannaya/santekhnicheskaya,категория
https://aviastal.ru/chernyi-prokat/trubnyi-prokat/truba-otcinkovannaya/gazovaya,категория
https://aviastal.ru/chernyi-prokat/trubnyi-prokat/truba-otcinkovannaya/dlya-gazovoy-kolonki,категория
https://aviastal.ru/chernyi-prokat/trubnyi-prokat/truba-otcinkovannaya/dlya-gazovogo-kotla,категория
https://aviastal.ru/chernyi-prokat/trubnyi-prokat/truba-otcinkovannaya/pechnaya,категория
https://aviastal.ru/chernyi-prokat/trubnyi-prokat/truba-otcinkovannaya/dlya-burzhuyki,категория
https://aviastal.ru/chernyi-prokat/trubnyi-prokat/truba-otcinkovannaya/-piral'no-navivnaya,категория
https://aviastal.ru/chernyi-prokat/trubnyi-prokat/truba-otcinkovannaya/dlya-teplitsy,категория
https://aviastal.ru/chernyi-prokat/trubnyi-prokat/truba-otcinkovannaya/dlya-zabora,категория
https://aviastal.ru/chernyi-prokat/trubnyi-prokat/truba-otcinkovannaya/dlya-dorozhnykh-znakov,категория
https://aviastal.ru/chernyi-prokat/trubnyi-prokat/truba-otcinkovannaya/pod-press,категория
https://aviastal.ru/chernyi-prokat/trubnyi-prokat/truba-otcinkovannaya/pod-gruvlok,категория
https://aviastal.ru/chernyi-prokat/trubnyi-prokat/truba-otcinkovannaya/dlya-kanalizatsii,категория
https://aviastal.ru/chernyi-prokat/trubnyi-prokat/truba-otcinkovannaya/nerzhaveyushchaya,категория
https://aviastal.ru/chernyi-prokat/trubnyi-prokat/truba-otcinkovannaya/chugunnaya,категория
https://aviastal.ru/chernyi-prokat/trubnyi-prokat/truba-otcinkovannaya/pit'evaya,категория
https://aviastal.ru/chernyi-prokat/trubnyi-prokat/truba-otcinkovannaya/dymokhodnaya,категория
https://aviastal.ru/chernyi-prokat/trubnyi-prokat/truba-polietilenovaya-pe-pnd/mnogosloynaya,категория
https://aviastal.ru/chernyi-prokat/trubnyi-prokat/truba-polietilenovaya-pe-pnd/pit'evaya,категория
https://aviastal.ru/chernyi-prokat/trubnyi-prokat/truba-polietilenovaya-pe-pnd/napornaya,категория
https://aviastal.ru/chernyi-prokat/trubnyi-prokat/truba-polietilenovaya-pe-pnd/dlya-vodoprovoda,категория
https://aviastal.ru/chernyi-prokat/trubnyi-prokat/truba-polietilenovaya-pe-pnd/tekhnicheskaya,категория
https://aviastal.ru/chernyi-prokat/trubnyi-prokat/truba-polietilenovaya-pe-pnd/naruzhnaya-kanalizatsiya,категория
https://aviastal.ru/chernyi-prokat/trubnyi-prokat/truba-polietilenovaya-pe-pnd/dlya-gaza,категория
https://aviastal.ru/chernyi-prokat/trubnyi-prokat/truba-polietilenovaya-pe-pnd/dlya-khvs,категория
https://aviastal.ru/chernyi-prokat/trubnyi-prokat/truba-polietilenovaya-pe-pnd/sshitaya,категория
https://aviastal.ru/chernyi-prokat/trubnyi-prokat/truba-polietilenovaya-pe-pnd/dlya-goryachey-vody,категория
https://aviastal.ru/chernyi-prokat/trubnyi-prokat/truba-polietilenovaya-pe-pnd/dlya-prokladki-kabelya-,категория
https://aviastal.ru/chernyi-prokat/trubnyi-prokat/truba-polietilenovaya-pe-pnd/dlya-kanalizatsii,категория
https://aviastal.ru/chernyi-prokat/trubnyi-prokat/truba-polietilenovaya-pe-pnd/gofrirovannaya,категория
https://aviastal.ru/chernyi-prokat/trubnyi-prokat/truba-polietilenovaya-pe-pnd/dlya-otopleniya,категория
https://aviastal.ru/chernyi-prokat/trubnyi-prokat/truba-polietilenovaya-pe-pnd/belaya,категория
https://aviastal.ru/chernyi-prokat/trubnyi-prokat/truba-polietilenovaya-pe-pnd/dlya-teplogo-pola,категория
https://aviastal.ru/chernyi-prokat/trubnyi-prokat/truba-polietilenovaya-pe-pnd/dlya-teplovykh-setey,категория
https://aviastal.ru/chernyi-prokat/trubnyi-prokat/truba-polietilenovaya-pe-pnd/rez'bovaya,категория
https://aviastal.ru/chernyi-prokat/trubnyi-prokat/truba-polietilenovaya-pe-pnd/termostoykaya,категория
https://aviastal.ru/chernyi-prokat/trubnyi-prokat/truba-polietilenovaya-pe-pnd/perforirovannaya,категория
https://aviastal.ru/chernyi-prokat/trubnyi-prokat/truba-polietilenovaya-pe-pnd/gladkaya,категория
https://aviastal.ru/chernyi-prokat/trubnyi-prokat/truba-polietilenovaya-pe-pnd/zashchitnaya,категория
https://aviastal.ru/chernyi-prokat/trubnyi-prokat/truba-polietilenovaya-pe-pnd/dlya-vodootvedeniya,категория
https://aviastal.ru/chernyi-prokat/trubnyi-prokat/truba-polietilenovaya-pe-pnd/magistral'naya,категория
https://aviastal.ru/chernyi-prokat/trubnyi-prokat/truba-polietilenovaya-pe-pnd/kompressionnaya,категория
https://aviastal.ru/chernyi-prokat/trubnyi-prokat/truba-polietilenovaya-pe-pnd/pe,категория
https://aviastal.ru/chernyi-prokat/trubnyi-prokat/truba-polietilenovaya-pe-pnd/beznapornaya,категория
https://aviastal.ru/chernyi-prokat/trubnyi-prokat/truba-polietilenovaya-pe-pnd/pnd,категория
https://aviastal.ru/chernyi-prokat/trubnyi-prokat/truba-polietilenovaya-pe-pnd/obsadnaya,категория
https://aviastal.ru/chernyi-prokat/trubnyi-prokat/truba-polietilenovaya-pe-pnd/livnevaya,категория
https://aviastal.ru/chernyi-prokat/trubnyi-prokat/truba-polietilenovaya-pe-pnd/rastrubnaya,категория
https://aviastal.ru/chernyi-prokat/trubnyi-prokat/truba-polietilenovaya-pe-pnd/spiral'novitaya,категория
https://aviastal.ru/chernyi-prokat/trubnyi-prokat/truba-polietilenovaya-pe-pnd/v-izolyacii,категория
https://aviastal.ru/chernyi-prokat/trubnyi-prokat/truba-polietilenovaya-pe-pnd/drenazhnaya,категория
https://aviastal.ru/chernyi-prokat/trubnyi-prokat/truba-polipropilenovaya/s-vnutrennim-armirovaniem,категория
https://aviastal.ru/chernyi-prokat/trubnyi-prokat/truba-polipropilenovaya/dlya-vozdukha,категория
https://aviastal.ru/chernyi-prokat/trubnyi-prokat/truba-polipropilenovaya/plastikovaya,категория
https://aviastal.ru/chernyi-prokat/trubnyi-prokat/truba-polipropilenovaya/armirovannaya,категория
https://aviastal.ru/chernyi-prokat/trubnyi-prokat/truba-polipropilenovaya/armirovannaya-steklovoloknom,категория
https://aviastal.ru/chernyi-prokat/trubnyi-prokat/truba-polipropilenovaya/armirovannaya-alyuminiem,категория
https://aviastal.ru/chernyi-prokat/trubnyi-prokat/truba-polipropilenovaya/bazal'tovaya,категория
https://aviastal.ru/chernyi-prokat/trubnyi-prokat/truba-polipropilenovaya/nearmirovannaya,категория
https://aviastal.ru/chernyi-prokat/trubnyi-prokat/truba-polipropilenovaya/napornaya,категория
https://aviastal.ru/chernyi-prokat/trubnyi-prokat/truba-polipropilenovaya/besshumnaya,категория
https://aviastal.ru/chernyi-prokat/trubnyi-prokat/truba-polipropilenovaya/gibkaya,категория
https://aviastal.ru/chernyi-prokat/trubnyi-prokat/truba-polipropilenovaya/dlya-gaza,категория
https://aviastal.ru/chernyi-prokat/trubnyi-prokat/truba-polipropilenovaya/sshitye,категория
https://aviastal.ru/chernyi-prokat/trubnyi-prokat/truba-polipropilenovaya/metallicheskie,категория
https://aviastal.ru/chernyi-prokat/trubnyi-prokat/truba-stekloplastikovaya/kompozitnaya,категория
https://aviastal.ru/chernyi-prokat/trubnyi-prokat/truba-stekloplastikovaya/dymovaya,категория
https://aviastal.ru/chernyi-prokat/trubnyi-prokat/truba-stekloplastikovaya/kvadratnaya,категория
https://aviastal.ru/chernyi-prokat/trubnyi-prokat/truba-stekloplastikovaya/pryamougol'naya,категория
https://aviastal.ru/chernyi-prokat/trubnyi-prokat/truba-pvh-polivinilhlorid/-troitel'naya,категория
https://aviastal.ru/chernyi-prokat/trubnyi-prokat/truba-pvh-polivinilhlorid/santekhnicheskaya,категория
https://aviastal.ru/chernyi-prokat/trubnyi-prokat/truba-pvh-polivinilhlorid/elektrotekhnicheskaya,категория
https://aviastal.ru/chernyi-prokat/trubnyi-prokat/truba-pvh-polivinilhlorid/-tal'naya,категория
https://aviastal.ru/chernyi-prokat/trubnyi-prokat/truba-pvh-polivinilhlorid/naruzhnaya,категория
https://aviastal.ru/chernyi-prokat/trubnyi-prokat/truba-pvh-polivinilhlorid/gladkaya,категория
https://aviastal.ru/chernyi-prokat/trubnyi-prokat/truba-pvh-polivinilhlorid/vodoprovodnaya,категория
https://aviastal.ru/chernyi-prokat/trubnyi-prokat/truba-pvh-polivinilhlorid/vnutrennyaya,категория
https://aviastal.ru/chernyi-prokat/trubnyi-prokat/truba-pvh-polivinilhlorid/drenazhnaya,категория
https://aviastal.ru/chernyi-prokat/trubnyi-prokat/truba-pvh-polivinilhlorid/plastikovaya,категория
https://aviastal.ru/chernyi-prokat/trubnyi-prokat/truba-pvh-polivinilhlorid/seraya,категория
https://aviastal.ru/chernyi-prokat/trubnyi-prokat/truba-pvh-polivinilhlorid/oranzhevaya,категория
https://aviastal.ru/chernyi-prokat/trubnyi-prokat/truba-pvh-polivinilhlorid/kabel'naya,категория
https://aviastal.ru/chernyi-prokat/trubnyi-prokat/truba-pvh-polivinilhlorid/dlya-skvazhin,категория
https://aviastal.ru/chernyi-prokat/trubnyi-prokat/truba-pvh-polivinilhlorid/montazhnaya,категория
https://aviastal.ru/chernyi-prokat/trubnyi-prokat/truba-pvh-polivinilhlorid/gladkostennaya,категория
https://aviastal.ru/chernyi-prokat/trubnyi-prokat/truba-pvh-polivinilhlorid/dlya-pit'evoy-vody,категория
https://aviastal.ru/chernyi-prokat/trubnyi-prokat/truba-pvh-polivinilhlorid/tekhnicheskaya,категория
https://aviastal.ru/chernyi-prokat/trubnyi-prokat/truba-pvh-polivinilhlorid/livnevaya,категория
https://aviastal.ru/chernyi-prokat/trubnyi-prokat/truba-pvh-polivinilhlorid/ryzhaya,категория
https://aviastal.ru/chernyi-prokat/trubnyi-prokat/truba-pvh-polivinilhlorid/vodostochnaya,категория
https://aviastal.ru/chernyi-prokat/trubnyi-prokat/truba-pvh-polivinilhlorid/dlya-opalubki,категория
https://aviastal.ru/chernyi-prokat/trubnyi-prokat/truba-pvh-polivinilhlorid/otopleniya,категория
https://aviastal.ru/chernyi-prokat/trubnyi-prokat/truba-pvh-polivinilhlorid/gazovaya,категория
https://aviastal.ru/chernyi-prokat/trubnyi-prokat/truba-pvh-polivinilhlorid/dlya-kholodnoy-vody,категория
https://aviastal.ru/chernyi-prokat/trubnyi-prokat/truba-pvh-polivinilhlorid/dlya-goryachey-vody,категория
https://aviastal.ru/chernyi-prokat/trubnyi-prokat/truba-pvh-polivinilhlorid/ventilyatsionnaya,категория
https://aviastal.ru/chernyi-prokat/trubnyi-prokat/truba-pvh-polivinilhlorid/s-uf-zashchitoy,категория
https://aviastal.ru/chernyi-prokat/trubnyi-prokat/truba-pvh-polivinilhlorid/dlya-basseyna,категория
https://aviastal.ru/chernyi-prokat/trubnyi-prokat/truba-pvh-polivinilhlorid/krasnaya,категория
https://aviastal.ru/chernyi-prokat/trubnyi-prokat/truba-pvh-polivinilhlorid/ploskaya,категория
https://aviastal.ru/chernyi-prokat/trubnyi-prokat/truba-pvh-polivinilhlorid/pryamaya,категория
https://aviastal.ru/chernyi-prokat/trubnyi-prokat/truba-treugolnaya/stal'naya,категория
https://aviastal.ru/chernyi-prokat/trubnyi-prokat/truba-zhelezobetonnaya/beznapornaya,категория
https://aviastal.ru/chernyi-prokat/trubnyi-prokat/truba-zhelezobetonnaya/fal'tsevaya,категория
https://aviastal.ru/chernyi-prokat/trubnyi-prokat/truba-zhelezobetonnaya/dorozhnaya,категория
https://aviastal.ru/chernyi-prokat/trubnyi-prokat/truba-zhelezobetonnaya/sbornaya,категория
https://aviastal.ru/chernyi-prokat/trubnyi-prokat/truba-profilnaya/gnutaya,категория
https://aviastal.ru/chernyi-prokat/trubnyi-prokat/truba-profilnaya/stal'naya,категория
https://aviastal.ru/chernyi-prokat/trubnyi-prokat/truba-profilnaya/stroitel'naya,категория
https://aviastal.ru/chernyi-prokat/trubnyi-prokat/truba-profilnaya/stekloplastikovaya,категория
https://aviastal.ru/chernyi-prokat/trubnyi-prokat/truba-profilnaya/plastikovaya,категория
https://aviastal.ru/chernyi-prokat/trubnyi-prokat/truba-profilnaya/metallicheskaya,категория
https://aviastal.ru/chernyi-prokat/trubnyi-prokat/truba-profilnaya/kruglaya,категория
https://aviastal.ru/chernyi-prokat/trubnyi-prokat/truba-profilnaya/napravlyayushchaya,категория
https://aviastal.ru/chernyi-prokat/trubnyi-prokat/truba-profilnaya/kholodnokatanaya,категория
https://aviastal.ru/chernyi-prokat/trubnyi-prokat/truba-profilnaya/dlya-navesa,категория
https://aviastal.ru/chernyi-prokat/trubnyi-prokat/truba-profilnaya/pryamaya,категория
https://aviastal.ru/chernyi-prokat/trubnyi-prokat/truba-profilnaya/zabornaya,категория
https://aviastal.ru/chernyi-prokat/trubnyi-prokat/truby-kruglye-bu/metallicheskaya,категория
https://aviastal.ru/chugun/chushka-chugunnaya/dlya-bani,категория
https://aviastal.ru/chugun/list-plita-chugunnaya/dlya-pechi,категория
https://aviastal.ru/chernyi-prokat/trubnyi-prokat/vodogazoprovodnaya-truba-vgp/stal'naya,категория
https://aviastal.ru/chernyi-prokat/trubnyi-prokat/vodogazoprovodnaya-truba-vgp/otsinkovannaya,категория
https://aviastal.ru/chernyi-prokat/trubnyi-prokat/vodogazoprovodnaya-truba-vgp/neotsinkovannaya,категория
https://aviastal.ru/chernyi-prokat/trubnyi-prokat/vodogazoprovodnaya-truba-vgp/svarnaya,категория
https://aviastal.ru/chernyi-prokat/trubnyi-prokat/vodogazoprovodnaya-truba-vgp/pryamoshovnaya,категория
https://aviastal.ru/chernyi-prokat/trubnyi-prokat/vodogazoprovodnaya-truba-vgp/elektrosvarnaya,категория
https://aviastal.ru/chernyi-prokat/trubnyi-prokat/vodogazoprovodnaya-truba-vgp/metallicheskaya,категория
https://aviastal.ru/chernyi-prokat/trubnyi-prokat/vodogazoprovodnaya-truba-vgp/otopleniya,категория
https://aviastal.ru/chugun/krug-chugunnyi/dlya-pechi,категория
https://aviastal.ru/grupodemnoe-oborudovanie/remni-styazhnye/dlya-krepleniya-gruza,категория
https://aviastal.ru/grupodemnoe-oborudovanie/talrep/rez'bovoy,категория
https://aviastal.ru/grupodemnoe-oborudovanie/talrep/nerzhaveyushchiy,категория
https://aviastal.ru/grupodemnoe-oborudovanie/talrep/kryuk-kryuk,категория
https://aviastal.ru/grupodemnoe-oborudovanie/talrep/kol'tso-kol'tso,категория
https://aviastal.ru/grupodemnoe-oborudovanie/talrep/kryuk-kol'tso,категория
https://aviastal.ru/grupodemnoe-oborudovanie/talrep/vilka-vilka,категория
https://aviastal.ru/grupodemnoe-oborudovanie/talrep/otsinkovannyy,категория
https://aviastal.ru/grupodemnoe-oborudovanie/talrep/shpil'ka-shpil'ka,категория
https://aviastal.ru/grupodemnoe-oborudovanie/talrep/vintovoy,категория
https://aviastal.ru/grupodemnoe-oborudovanie/talrep/vilochnyy,категория
https://aviastal.ru/grupodemnoe-oborudovanie/talrep/dlya-natyazhki-trosa,категория
https://aviastal.ru/grupodemnoe-oborudovanie/talrep/stal'noy,категория
https://aviastal.ru/chernyi-prokat/trubnyi-prokat/truba-pvh-polivinilhlorid/sinyaya,категория
https://aviastal.ru/krovlya-i-fasad/krovelnye-materialy/konek-krovelnyi/dlya-metallocherepitsy,категория
https://aviastal.ru/krovlya-i-fasad/krovelnye-materialy/konek-krovelnyi/figurnyy,категория
https://aviastal.ru/krovlya-i-fasad/krovelnye-materialy/konek-krovelnyi/metallicheskiy,категория
https://aviastal.ru/krovlya-i-fasad/krovelnye-materialy/konek-krovelnyi/polukruglyy,категория
https://aviastal.ru/krovlya-i-fasad/krovelnye-materialy/konek-krovelnyi/pryamoy,категория
https://aviastal.ru/krovlya-i-fasad/krovelnye-materialy/konek-krovelnyi/odnoskatnyy,категория
https://aviastal.ru/krovlya-i-fasad/krovelnye-materialy/konek-krovelnyi/malyy,категория
https://aviastal.ru/krovlya-i-fasad/krovelnye-materialy/konek-krovelnyi/cherepichnyy,категория
https://aviastal.ru/krovlya-i-fasad/krovelnye-materialy/konek-krovelnyi/finskiy,категория
https://aviastal.ru/krovlya-i-fasad/krovelnye-materialy/konek-krovelnyi/s-polimernym-pokrytiem,категория
https://aviastal.ru/grupodemnoe-oborudovanie/stropy-tekstilnye/serye,категория
https://aviastal.ru/grupodemnoe-oborudovanie/stropy-tekstilnye/sinie,категория
https://aviastal.ru/grupodemnoe-oborudovanie/stropy-tekstilnye/lentochnye,категория
https://aviastal.ru/grupodemnoe-oborudovanie/stropy-tekstilnye/stp,категория
https://aviastal.ru/grupodemnoe-oborudovanie/stropy-tekstilnye/petlevye,категория
https://aviastal.ru/grupodemnoe-oborudovanie/stropy-tekstilnye/chalki,категория
https://aviastal.ru/grupodemnoe-oborudovanie/stropy-tekstilnye/kol'tsevye,категория
https://aviastal.ru/grupodemnoe-oborudovanie/stropy-tekstilnye/kruglopryadnye,категория
https://aviastal.ru/grupodemnoe-oborudovanie/stropy-tekstilnye/odnovetvevye,категория
https://aviastal.ru/grupodemnoe-oborudovanie/stropy-tekstilnye/dvukhvetvevye,категория
https://aviastal.ru/grupodemnoe-oborudovanie/stropy-tekstilnye/chetyrekhvetvevye,категория
https://aviastal.ru/grupodemnoe-oborudovanie/stropy-tekstilnye/zelenye,категория
https://aviastal.ru/grupodemnoe-oborudovanie/stropy-tekstilnye/zheltye,категория
https://aviastal.ru/grupodemnoe-oborudovanie/stropy-tekstilnye/krasnye,категория
https://aviastal.ru/grupodemnoe-oborudovanie/stropy-tekstilnye/fioletovye,категория
https://aviastal.ru/grupodemnoe-oborudovanie/stropy-tekstilnye/korichnevye,категория
https://aviastal.ru/krovlya-i-fasad/krovelnye-materialy/metallocherepitca/dlya-kryshi,категория
https://aviastal.ru/krovlya-i-fasad/krovelnye-materialy/metallocherepitca/supermonterrey,категория
https://aviastal.ru/krovlya-i-fasad/krovelnye-materialy/konek-krovelnyi/otsinkovannyy,категория
https://aviastal.ru/krovlya-i-fasad/krovelnye-materialy/metallocherepitca/myagkaya,категория
https://aviastal.ru/krovlya-i-fasad/krovelnye-materialy/metallocherepitca/otsinkovannaya,категория
https://aviastal.ru/krovlya-i-fasad/krovelnye-materialy/konek-krovelnyi/ploskiy,категория
https://aviastal.ru/krovlya-i-fasad/krovelnye-materialy/metallocherepitca/stal'noy-barkhat,категория
https://aviastal.ru/krovlya-i-fasad/krovelnye-materialy/metallocherepitca/pural,категория
https://aviastal.ru/krovlya-i-fasad/krovelnye-materialy/metallocherepitca/poliuretan,категория
https://aviastal.ru/krovlya-i-fasad/krovelnye-materialy/metallocherepitca/poliester,категория
https://aviastal.ru/krovlya-i-fasad/krovelnye-materialy/metallocherepitca/polimer,категория
https://aviastal.ru/krovlya-i-fasad/krovelnye-materialy/metallocherepitca/tramontana,категория
https://aviastal.ru/krovlya-i-fasad/krovelnye-materialy/metallocherepitca/lamonterra,категория
https://aviastal.ru/krovlya-i-fasad/krovelnye-materialy/metallocherepitca/venetsiya,категория
https://aviastal.ru/krovlya-i-fasad/krovelnye-materialy/metallocherepitca/atlas,категория
https://aviastal.ru/krovlya-i-fasad/krovelnye-materialy/metallocherepitca/kredo,категория
https://aviastal.ru/krovlya-i-fasad/krovelnye-materialy/profnastil-s-polimernym-pokrytiem/dlya-zabora,категория
https://aviastal.ru/krovlya-i-fasad/krovelnye-materialy/profnastil-s-polimernym-pokrytiem/dlya-kryshi,категория
https://aviastal.ru/krovlya-i-fasad/krovelnye-materialy/profnastil-s-polimernym-pokrytiem/matovyy,категория
https://aviastal.ru/krovlya-i-fasad/krovelnye-materialy/profnastil-s-polimernym-pokrytiem/okrashenyy,категория
https://aviastal.ru/krovlya-i-fasad/krovelnye-materialy/profnastil-otcinkovannyi/stal'noy,категория
https://aviastal.ru/krovlya-i-fasad/krovelnye-materialy/profnastil-otcinkovannyi/metallicheskiy,категория
https://aviastal.ru/krovlya-i-fasad/krovelnye-materialy/profnastil-otcinkovannyi/dlya-kryshi,категория
https://aviastal.ru/krovlya-i-fasad/krovelnye-materialy/profnastil-otcinkovannyi/nesushchiy,категория
https://aviastal.ru/krovlya-i-fasad/snegozaderzhateli/trubchatye,категория
https://aviastal.ru/krovlya-i-fasad/krovelnye-materialy/shifer/listovoy,категория
https://aviastal.ru/krovlya-i-fasad/krovelnye-materialy/shifer/andulinovyy,категория
https://aviastal.ru/krovlya-i-fasad/krovelnye-materialy/shifer/rezinovyy,категория
https://aviastal.ru/krovlya-i-fasad/krovelnye-materialy/shifer/metallicheskiy,категория
https://aviastal.ru/krovlya-i-fasad/krovelnye-materialy/shifer/krovel'nyy,категория
https://aviastal.ru/krovlya-i-fasad/krovelnye-materialy/shifer/shestivolnovoy,категория
https://aviastal.ru/krovlya-i-fasad/krovelnye-materialy/shifer/usilennyy,категория
https://aviastal.ru/krovlya-i-fasad/krovelnye-materialy/shifer/vos'mivolnovoy,категория
https://aviastal.ru/krovlya-i-fasad/krovelnye-materialy/shifer/otsinkovannyy,категория
https://aviastal.ru/krovlya-i-fasad/vodostoki/troiniki-vodostochnye/metallicheskiy,категория
https://aviastal.ru/krovlya-i-fasad/vodostoki/otlivy-vodostochnye/dlya-kryshi,категория
https://aviastal.ru/krovlya-i-fasad/vodostoki/otlivy-vodostochnye/vodostochnoy-sistemy,категория
https://aviastal.ru/krovlya-i-fasad/vodostoki/truby-soedinitelnye/kruglaya,категория
https://aviastal.ru/krovlya-i-fasad/vodostoki/truby-soedinitelnye/kanalizatsionnaya,категория
https://aviastal.ru/krovlya-i-fasad/vodostoki/truby-soedinitelnye/gazovaya,категория
https://aviastal.ru/krovlya-i-fasad/vodostoki/truby-soedinitelnye/dlya-vody,категория
https://aviastal.ru/krovlya-i-fasad/vodostoki/truby-soedinitelnye/dlya-vytyazhki,категория
https://aviastal.ru/krovlya-i-fasad/vodostoki/truby-soedinitelnye/dlya-otopleniya,категория
https://aviastal.ru/krovlya-i-fasad/vodostoki/truby-soedinitelnye/gofrirovannaya,категория
https://aviastal.ru/krovlya-i-fasad/vodostoki/soediniteli-zhelobov/vodostochnyy,категория
https://aviastal.ru/krovlya-i-fasad/vodostoki/soediniteli-zhelobov/metallicheskiy,категория
https://aviastal.ru/krovlya-i-fasad/vodostoki/soediniteli-zhelobov/korichnevyy,категория
https://aviastal.ru/krovlya-i-fasad/vodostoki/soediniteli-zhelobov/pvkh,категория
https://aviastal.ru/krovlya-i-fasad/vodostoki/vodostochnye-koleni/vodostochnoy-sistemy,категория
https://aviastal.ru/krovlya-i-fasad/vodostoki/vodostochnye-koleni/slivnoe,категория
https://aviastal.ru/krovlya-i-fasad/vodostoki/vodostochnye-koleni/vodostochnoy-truby,категория
https://aviastal.ru/krovlya-i-fasad/vodostoki/vodostochnye-koleni/stoka,категория
https://aviastal.ru/krovlya-i-fasad/krovelnye-materialy/metallocherepitca/matovaya,категория
https://aviastal.ru/krovlya-i-fasad/vodostoki/truby-vodostochnye/seraya,категория
https://aviastal.ru/krovlya-i-fasad/vodostoki/truby-vodostochnye/belaya,категория
https://aviastal.ru/krovlya-i-fasad/vodostoki/truby-vodostochnye/kanalizatsionnaya,категория
https://aviastal.ru/krovlya-i-fasad/vodostoki/voronki/dlya-vodostoka,категория
https://aviastal.ru/krovlya-i-fasad/vodostoki/ugly-dlya-zheloba/vodostochnyy,категория
https://aviastal.ru/krovlya-i-fasad/vodostoki/ugly-dlya-zheloba/vneshniy,категория
https://aviastal.ru/krovlya-i-fasad/vodostoki/zaglushki-dlya-zhelobov/vodostochnaya,категория
https://aviastal.ru/krovlya-i-fasad/vodostoki/zaglushki-dlya-zhelobov/korichnevaya,категория
https://aviastal.ru/krovlya-i-fasad/vodostoki/zheloba/vodostochnyy,категория
https://aviastal.ru/krovlya-i-fasad/vodostoki/zheloba/plastikovyy,категория
https://aviastal.ru/krovlya-i-fasad/vodostoki/zheloba/metallicheskiy,категория
https://aviastal.ru/krovlya-i-fasad/vodostoki/zheloba/dlya-otvoda-vody,категория
https://aviastal.ru/krovlya-i-fasad/vodostoki/zheloba/na-kryshu,категория
https://aviastal.ru/krovlya-i-fasad/vodostoki/zheloba/vodootvodyashchiy,категория
https://aviastal.ru/metallurgicheskoe-syre/germanii/metall,категория
https://aviastal.ru/metallurgicheskoe-syre/indii/metallicheskiy,категория
https://aviastal.ru/metallurgicheskoe-syre/kadmii/metallicheskiy,категория
https://aviastal.ru/metallurgicheskoe-syre/rafinirovannyi-svinetc/myagkiy,категория
https://aviastal.ru/metallurgicheskoe-syre/magnii/metall,категория
https://aviastal.ru/metallurgicheskoe-syre/magnii/chistyy,категория
https://aviastal.ru/metallurgicheskoe-syre/magnii/promyshlennyy,категория
https://aviastal.ru/metallurgicheskoe-syre/magnii/plastina,категория
https://aviastal.ru/metallurgicheskoe-syre/magnii/pervichnyy,категория
https://aviastal.ru/metallurgicheskoe-syre/magnii/zagotovki,категория
https://aviastal.ru/metallurgicheskoe-syre/vanadii/stal',категория
https://aviastal.ru/metallurgicheskoe-syre/vanadii/polosa,категория
https://aviastal.ru/metallurgicheskoe-syre/vanadii/provoloka,категория
https://aviastal.ru/metallurgicheskoe-syre/vanadii/slitok,категория
https://aviastal.ru/metallurgicheskoe-syre/vismut/granulirovannyy,категория
https://aviastal.ru/metallurgicheskoe-syre/vismut/prutok,категория
https://aviastal.ru/metizy/bolt/zadniy,категория
https://aviastal.ru/metizy/bolt/sharovoy,категория
https://aviastal.ru/metizy/bolt/regulirovochnyy,категория
https://aviastal.ru/metizy/bolt/vnutrenniy,категория
https://aviastal.ru/metizy/bolt/slivnoy,категория
https://aviastal.ru/metizy/bolt/ankernyy,категория
https://aviastal.ru/metizy/bolt/rym,категория
https://aviastal.ru/metizy/bolt/shestigrannyy,категория
https://aviastal.ru/metizy/bolt/s-rez'boy,категория
https://aviastal.ru/metizy/bolt/razval'nyy,категория
https://aviastal.ru/metizy/bolt/vysokoprochnye,категория
https://aviastal.ru/metizy/bolt/mebel'nyy,категория
https://aviastal.ru/metizy/bolt/krepezh,категория
https://aviastal.ru/metizy/bolt/metallicheskie,категория
https://aviastal.ru/metizy/bolt/polnorez'bovoy,категория
https://aviastal.ru/metizy/bolt/samoankeruyushchiysya,категория
https://aviastal.ru/metizy/bolt/noriynyy,категория
https://aviastal.ru/metizy/bolt/bez-golovki,категория
https://aviastal.ru/metizy/bolt/so-styazhkoy,категория
https://aviastal.ru/metizy/bolt/s-gaykoy,категория
https://aviastal.ru/metizy/bolt/krepleniya,категория
https://aviastal.ru/metizy/bolt/s-kryukom-,категория
https://aviastal.ru/metizy/bolt/lemeshnyy,категория
https://aviastal.ru/metizy/bolt/mashinostroitel'nyy,категория
https://aviastal.ru/metizy/bolt/povorotnyy,категория
https://aviastal.ru/metizy/bolt/raspornyy,категория
https://aviastal.ru/metizy/bolt/s-vnutrenney-rez'boy,категория
https://aviastal.ru/metizy/bolt/s-vnutrennim-shestigrannikom,категория
https://aviastal.ru/metizy/bolt/s-kvadratnoy-gaykoy,категория
https://aviastal.ru/metizy/bolt/s-kvadratnym-podgolovnikom,категория
https://aviastal.ru/metizy/bolt/s-kol'tsom,категория
https://aviastal.ru/metizy/bolt/s-nepolnoy-rez'boy,категория
https://aviastal.ru/metizy/bolt/s-polnoy-rez'boy,категория
https://aviastal.ru/metizy/bolt/s-polukrugloy-golovkoy,категория
https://aviastal.ru/metizy/bolt/transporternyy,категория
https://aviastal.ru/metizy/bolt/udlinennyy,категория
https://aviastal.ru/metizy/bolt/shestigrannik,категория
https://aviastal.ru/metizy/bolt/dorozhnyy,категория
https://aviastal.ru/metizy/dubel/fasadnyy,категория
https://aviastal.ru/metizy/dubel/ramnyy,категория
https://aviastal.ru/metizy/dubel/universal'nyy,категория
https://aviastal.ru/metizy/dubel/potaynoy,категория
https://aviastal.ru/metizy/dubel/zashchelka,категория
https://aviastal.ru/metizy/gaika/vnutrennyaya,категория
https://aviastal.ru/metizy/gaika/nerzhaveyushchaya,категория
https://aviastal.ru/metizy/gaika/latunnaya,категория
https://aviastal.ru/metizy/gaika/nakidnaya,категория
https://aviastal.ru/metizy/gaika/samokontryashchayasya,категория
https://aviastal.ru/metizy/gaika/zakladnaya,категория
https://aviastal.ru/metizy/gaika/zapressovochnaya,категория
https://aviastal.ru/metizy/gaika/s-flantsem,категория
https://aviastal.ru/metizy/gaika/shestigrannaya,категория
https://aviastal.ru/metizy/gaika/shtutser,категория
https://aviastal.ru/metizy/gaika/krepleniya,категория
https://aviastal.ru/metizy/gaika/barashkovaya,категория
https://aviastal.ru/metizy/gaika/rym,категория
https://aviastal.ru/metizy/gaika/koronchataya,категория
https://aviastal.ru/metizy/gaika/kolpachkovaya,категория
https://aviastal.ru/krovlya-i-fasad/krovelnye-materialy/metallocherepitca/monterrey,категория
https://aviastal.ru/metizy/gaika/stal'naya,категория
https://aviastal.ru/metizy/gaika/shlitsevaya,категория
https://aviastal.ru/metizy/gaika/prizhimnaya,категория
https://aviastal.ru/metizy/gaika/uglovaya,категория
https://aviastal.ru/metizy/gaika/kol'tso,категория
https://aviastal.ru/metizy/gaika/udlinennaya,категория
https://aviastal.ru/metizy/gaika/otsinkovannaya,категория
https://aviastal.ru/metizy/gaika/vysokaya,категория
https://aviastal.ru/metizy/gaika/tsilindricheskaya,категория
https://aviastal.ru/metizy/gaika/privarnaya,категория
https://aviastal.ru/metizy/gaika/barashek,категория
https://aviastal.ru/metizy/gvozdi/nerzhaveyushchiy,категория
https://aviastal.ru/metizy/gvozdi/gibkiy,категория
https://aviastal.ru/metizy/gvozdi/dlya-pola,категория
https://aviastal.ru/metizy/gvozdi/dlya-profilya,категория
https://aviastal.ru/metizy/gvozdi/dlya-potolka,категория
https://aviastal.ru/krovlya-i-fasad/krovelnye-materialy/metallocherepitca/monterrosa,категория
https://aviastal.ru/metizy/gvozdi/dlya-ruberoida,категория
https://aviastal.ru/metizy/gvozdi/fasadnyy,категория
https://aviastal.ru/metizy/gvozdi/provolochnyy,категория
https://aviastal.ru/metizy/gvozdi/stroitel'nye,категория
https://aviastal.ru/metizy/gvozdi/shifernyy,категория
https://aviastal.ru/metizy/gvozdi/dlya-kabelya,категория
https://aviastal.ru/metizy/gvozdi/mednyy,категория
https://aviastal.ru/metizy/gvozdi/zheleznyy,категория
https://aviastal.ru/metizy/gvozdi/metallicheskiy,категория
https://aviastal.ru/metizy/gvozdi/montazhnyy,категория
https://aviastal.ru/metizy/gvozdi/po-betonu,категория
https://aviastal.ru/metizy/gvozdi/dlya-vagonki,категория
https://aviastal.ru/metizy/gvozdi/alyuminievyy,категория
https://aviastal.ru/metizy/gvozdi/dlinnyy,категория
https://aviastal.ru/metizy/gvozdi/ploskiy,категория
https://aviastal.ru/metizy/gvozdi/kol'tsevoy,категория
https://aviastal.ru/metizy/gvozdi/kruglyy,категория
https://aviastal.ru/metizy/gvozdi/dlya-kirpicha,категория
https://aviastal.ru/metizy/gvozdi/kvadratnyy,категория
https://aviastal.ru/metizy/gvozdi/dlya-gazobetona,категория
https://aviastal.ru/metizy/gvozdi/s-shlyapkoy,категория
https://aviastal.ru/metizy/gvozdi/usilennyy,категория
https://aviastal.ru/metizy/gvozdi/stal'noy,категория
https://aviastal.ru/metizy/gvozdi/dlya-pribivaniya,категория
https://aviastal.ru/metizy/gvozdi/mezhkomnatnyy,категория
https://aviastal.ru/metizy/gvozdi/dlya-nalichnikov,категория
https://aviastal.ru/metizy/gvozdi/dlya-cherepitsy,категория
https://aviastal.ru/metizy/gvozdi/myagkiy,категория
https://aviastal.ru/metizy/kanat/kanat-sizalevyi/dzhutovyy,категория
https://aviastal.ru/krovlya-i-fasad/krovelnye-materialy/metallocherepitca/satin,категория
https://aviastal.ru/metizy/homut/raz'emnyy,категория
https://aviastal.ru/metizy/homut/pryamougol'nyy,категория
https://aviastal.ru/metizy/homut/chernyy,категория
https://aviastal.ru/metizy/homut/ploskiy,категория
https://aviastal.ru/metizy/homut/shpil'ka,категория
https://aviastal.ru/metizy/homut/zatyazhnoy,категория
https://aviastal.ru/metizy/homut/dlya-okhlazhdeniya,категория
https://aviastal.ru/metizy/homut/poliamidnyy,категория
https://aviastal.ru/metizy/homut/s-vibrogasitelem,категория
https://aviastal.ru/metizy/homut/vysokogo-davleniya,категория
https://aviastal.ru/metizy/homut/dlya-ploskogo-kabelya,категория
https://aviastal.ru/metizy/homut/dlya-profilya,категория
https://aviastal.ru/metizy/homut/p-obraznyy,категория
https://aviastal.ru/metizy/homut/izolirovannyy,категория
https://aviastal.ru/metizy/homut/kruglyy,категория
https://aviastal.ru/metizy/homut/mnogorazovyy,категория
https://aviastal.ru/metizy/homut/atmosfernyy,категория
https://aviastal.ru/metizy/homut/ulichnyy,категория
https://aviastal.ru/metizy/homut/standartnoy-nagruzki,категория
https://aviastal.ru/metizy/homut/zazhimnoy,категория
https://aviastal.ru/metizy/homut/s-rezinovym-profilem,категория
https://aviastal.ru/metizy/homut/dyubel'-khomut,категория
https://aviastal.ru/metizy/homut/fiksiruyushchiy,категория
https://aviastal.ru/metizy/homut/stroitel'nyy,категория
https://aviastal.ru/metizy/homut/dlya-vodosnabzheniya,категория
https://aviastal.ru/metizy/homut/vodoprovodnyy,категория
https://aviastal.ru/metizy/homut/dlya-otopleniya,категория
https://aviastal.ru/metizy/homut/pvkh,категория
https://aviastal.ru/metizy/homut/dlya-smesitelya,категория
https://aviastal.ru/metizy/homut/polimernyy,категория
https://aviastal.ru/metizy/homut/dlya-provodov,категория
https://aviastal.ru/metizy/homut/styazhka,категория
https://aviastal.ru/metizy/homut/s-rezinovym-uplotnitelem,категория
https://aviastal.ru/metizy/homut/vodostochnyy,категория
https://aviastal.ru/metizy/homut/rubber,категория
https://aviastal.ru/metizy/homut/belyy,категория
https://aviastal.ru/metizy/homut/s-prokladkoy,категория
https://aviastal.ru/metizy/homut/pnd,категория
https://aviastal.ru/metizy/homut/pod-shlang,категория
https://aviastal.ru/metizy/homut/s-samorezom,категория
https://aviastal.ru/metizy/homut/dlya-zabora,категория
https://aviastal.ru/metizy/homut/bystroraz'emnyy,категория
https://aviastal.ru/metizy/kanat/polipropilenovyi-kanat/pryadnyy,категория
https://aviastal.ru/metizy/kanat/polipropilenovyi-kanat/kruchenyy,категория
https://aviastal.ru/metizy/kanat/dzhutovyi-kanat/dlya-sruba,категория
https://aviastal.ru/metizy/kanat/poliamidnyi-kanat/kapronovyy,категория
https://aviastal.ru/metizy/kanat/tros-nerzhaveushii/dlya-skvazhiny,категория
https://aviastal.ru/metizy/kontrgaika/santekhnicheskaya,категория
https://aviastal.ru/metizy/kontrgaika/stal'naya,категория
https://aviastal.ru/metizy/kontrgaika/dlya-trub,категория
https://aviastal.ru/metizy/krepleniya-dlya-metallicheskogo-profilya/k-stene,категория
https://aviastal.ru/metizy/kronshtein/metallicheskiy,категория
https://aviastal.ru/metizy/kronshtein/nerzhaveyushchiy,категория
https://aviastal.ru/metizy/krepleniya-dlya-ventilyatcii/k-stene,категория
https://aviastal.ru/metizy/krepleniya-dlya-ventilyatcii/k-potolku,категория
https://aviastal.ru/metizy/nakonechniki-i-opory-balok/opora-brusa,категория
https://aviastal.ru/metizy/nakonechniki-i-opory-balok/nakonechnik-balki,категория
https://aviastal.ru/metizy/nakonechniki-i-opory-balok/metallicheskie,категория
https://aviastal.ru/metizy/nakonechniki-kabelnye/elektricheskiy,категория
https://aviastal.ru/metizy/nakonechniki-kabelnye/trubchatyy,категория
https://aviastal.ru/metizy/nakonechniki-kabelnye/mednyy,категория
https://aviastal.ru/metizy/nakonechniki-kabelnye/tml,категория
https://aviastal.ru/metizy/nakonechniki-kabelnye/luzhenyy,категория
https://aviastal.ru/metizy/nakonechniki-kabelnye/pod-opressovku,категория
https://aviastal.ru/metizy/nakonechniki-kabelnye/izolirovannyy,категория
https://aviastal.ru/metizy/nakonechniki-kabelnye/obzhimnoy,категория
https://aviastal.ru/metizy/nakonechniki-kabelnye/dlya-mednykh-zhil,категория
https://aviastal.ru/metizy/nakonechniki-kabelnye/pod-payku,категория
https://aviastal.ru/metizy/nakonechniki-kabelnye/sryvnoy,категория
https://aviastal.ru/metizy/nakonechniki-kabelnye/gidravlicheskiy,категория
https://aviastal.ru/metizy/nakonechniki-kabelnye/alyuminievyy,категория
https://aviastal.ru/metizy/perforirovannye-plastiny/montazhnaya,категория
https://aviastal.ru/metizy/perforirovannye-plastiny/metallicheskaya,категория
https://aviastal.ru/metizy/perforirovannye-plastiny/stal'nye,категория
https://aviastal.ru/metizy/shaiba/zubchataya,категория
https://aviastal.ru/metizy/shaiba/mednaya,категория
https://aviastal.ru/metizy/shaiba/otsinkovannaya,категория
https://aviastal.ru/metizy/shaiba/ploskaya,категория
https://aviastal.ru/metizy/shaiba/grovernaya,категория
https://aviastal.ru/metizy/shaiba/alyuminievaya,категория
https://aviastal.ru/metizy/shaiba/nerzhaveyushchaya,категория
https://aviastal.ru/metizy/shaiba/rezinovaya,категория
https://aviastal.ru/metizy/shaiba/bronzovaya,категория
https://aviastal.ru/metizy/shaiba/latunnaya,категория
https://aviastal.ru/metizy/shaiba/tsinkovaya,категория
https://aviastal.ru/metizy/shaiba/kol'tsevaya,категория
https://aviastal.ru/metizy/shaiba/polipropilenovaya,категория
https://aviastal.ru/metizy/shaiba/stal'naya,категория
https://aviastal.ru/metizy/shaiba/plastikovaya,категория
https://aviastal.ru/metizy/shaiba/chernaya,категория
https://aviastal.ru/metizy/shaiba/antivibratsionnaya,категория
https://aviastal.ru/metizy/shaiba/izognutaya,категория
https://aviastal.ru/metizy/shaiba/s-nasechkami,категория
https://aviastal.ru/metizy/shaiba/s-faskoy,категория
https://aviastal.ru/metizy/shaiba/utolshchennaya,категория
https://aviastal.ru/metizy/shaiba/shirokaya,категория
https://aviastal.ru/metizy/shaiba/polimernaya,категория
https://aviastal.ru/metizy/shaiba/iz-poliamida,категория
https://aviastal.ru/metizy/shaiba/s-prokladkoy,категория
https://aviastal.ru/metizy/shaiba/s-vystupom,категория
https://aviastal.ru/metizy/shaiba/s-lapkoy,категория
https://aviastal.ru/metizy/shaiba/dlya-profilya,категория
https://aviastal.ru/metizy/shaiba/dlya-vintov,категория
https://aviastal.ru/metizy/shaiba/fosfatirovannaya,категория
https://aviastal.ru/metizy/shaiba/polnotelaya,категория
https://aviastal.ru/metizy/shaiba/yantar',категория
https://aviastal.ru/metizy/shaiba/rozetka,категория
https://aviastal.ru/metizy/shaiba/vysokoprochnaya,категория
https://aviastal.ru/metizy/shaiba/noriynaya,категория
https://aviastal.ru/metizy/shaiba/uvelichennaya,категория
https://aviastal.ru/metizy/shaiba/umen'shennaya,категория
https://aviastal.ru/metizy/shaiba/opornaya,категория
https://aviastal.ru/metizy/shaiba/kosaya,категория
https://aviastal.ru/metizy/shaiba/sfericheskaya,категория
https://aviastal.ru/metizy/shaiba/bez-pokrytiya,категория
https://aviastal.ru/metizy/skoby-stroitelnye/stal'nye,категория
https://aviastal.ru/metizy/skoby-stroitelnye/otsinkovannye,категория
https://aviastal.ru/metizy/skoby-stroitelnye/dlya-brusa,категория
https://aviastal.ru/metizy/skoby-stroitelnye/dlya-breven,категория
https://aviastal.ru/metizy/skoby-stroitelnye/dlya-krepleniya,категория
https://aviastal.ru/metizy/skoby-stroitelnye/kovannye,категория
https://aviastal.ru/metizy/skoby-stroitelnye/nerzhaveyushchie,категория
https://aviastal.ru/metizy/skoby-stroitelnye/--obraznaya,категория
https://aviastal.ru/metizy/tcanga/latunnaya,категория
https://aviastal.ru/metizy/shpilka-rezbovaya-shtanga/shtanga-rez'bovaya,категория
https://aviastal.ru/metizy/shpilka-rezbovaya-shtanga/shtanga-stal'naya,категория
https://aviastal.ru/metizy/shpilka-rezbovaya-shtanga/shpil'ka,категория
https://aviastal.ru/metizy/shpilka-rezbovaya-shtanga/shpil'ka-usilennaya,категория
https://aviastal.ru/metizy/shpilka-rezbovaya-shtanga/metallicheskaya-rez'bovaya-shpil'ka,категория
https://aviastal.ru/metizy/shplint/dlya-motobloka,категория
https://aviastal.ru/metizy/shplint/stopornyy,категория
https://aviastal.ru/metizy/shplint/bystros'emnyy,категория
https://aviastal.ru/metizy/shplint/nerzhaveyushchiy,категория
https://aviastal.ru/metizy/shplint/shayba,категория
https://aviastal.ru/metizy/shplint/otkidnoy,категория
https://aviastal.ru/metizy/shplint/bulavochnyy,категория
https://aviastal.ru/metizy/shplint/stal'noy,категория
https://aviastal.ru/metizy/shplint/krepezhnyy,категория
https://aviastal.ru/metizy/shplint/metallicheskiy,категория
https://aviastal.ru/metizy/shtift/ustanovochnyy,категория
https://aviastal.ru/metizy/shtift/metallicheskiy,категория
https://aviastal.ru/metizy/shtift/razreznoy,категория
https://aviastal.ru/metizy/shtift/polukruglyy,категория
https://aviastal.ru/metizy/shtift/spiral'nyy,категория
https://aviastal.ru/metizy/shtift/izmeritel'nyy,категория
https://aviastal.ru/metizy/tcepi/velosipednaya,категория
https://aviastal.ru/metizy/tcepi/metallicheskaya,категория
https://aviastal.ru/metizy/tcepi/dlya-stanka,категория
https://aviastal.ru/metizy/tcepi/korotkaya,категория
https://aviastal.ru/metizy/tcepi/tolstaya,категория
https://aviastal.ru/metizy/tcepi/iz-provoloki,категория
https://aviastal.ru/metizy/tcepi/dlya-avtomobilya,категория
https://aviastal.ru/metizy/tcepi/dlya-elektropily,категория
https://aviastal.ru/metizy/tcepi/privodnaya,категория
https://aviastal.ru/metizy/samorez/glukhar',категория
https://aviastal.ru/metizy/samorez/chernyy,категория
https://aviastal.ru/metizy/samorez/s-polukrugloy-golovkoy,категория
https://aviastal.ru/metizy/samorez/usilennyy,категория
https://aviastal.ru/metizy/samorez/shestigrannyy,категория
https://aviastal.ru/metizy/samorez/dlya-sendvich-paneley-,категория
https://aviastal.ru/metizy/samorez/dlya-profilya,категория
https://aviastal.ru/metizy/samorez/s-burom,категория
https://aviastal.ru/metizy/samorez/konstruktsionnyy,категория
https://aviastal.ru/metizy/samorez/tsink,категория
https://aviastal.ru/metizy/samorez/pressshayba,категория
https://aviastal.ru/metizy/samorez/s-potaynoy-golovkoy,категория
https://aviastal.ru/metizy/samorez/universal'nyy,категория
https://aviastal.ru/metizy/samorez/ostryy,категория
https://aviastal.ru/metizy/samorez/dlya-gipsokartona,категория
https://aviastal.ru/metizy/samorez/otsinkovannyy,категория
https://aviastal.ru/metizy/samorez/nerzhaveyushchiy,категория
https://aviastal.ru/metizy/samorez/korichnevyy,категория
https://aviastal.ru/metizy/samorez/klop,категория
https://aviastal.ru/metizy/samorez/so-sverlom,категория
https://aviastal.ru/metizy/samorez/malen'kiy,категория
https://aviastal.ru/metizy/samorez/dlya-proflista,категория
https://aviastal.ru/metizy/samorez/dlya-polikarbonata,категория
https://aviastal.ru/metizy/samorez/s-kol'tsom,категория
https://aviastal.ru/metizy/samorez/siniy,категория
https://aviastal.ru/metizy/samorez/tarel'chatyy,категория
https://aviastal.ru/metizy/samorez/semechki,категория
https://aviastal.ru/metizy/samorez/grafit,категория
https://aviastal.ru/metizy/samorez/s-rezinovoy-prokladkoy,категория
https://aviastal.ru/metizy/samorez/seryy,категория
https://aviastal.ru/metizy/samorez/belyy,категория
https://aviastal.ru/metizy/samorez/kryuchok,категория
https://aviastal.ru/metizy/samorez/stal'noy,категория
https://aviastal.ru/metizy/samorez/zheltyy,категория
https://aviastal.ru/metizy/samorez/bez-bura,категория
https://aviastal.ru/metizy/vint/s-pressshayboy,категория
https://aviastal.ru/metizy/vint/polusfera,категория
https://aviastal.ru/metizy/vint/ustanovochnyy,категория
https://aviastal.ru/metizy/vint/potaynoy,категория
https://aviastal.ru/metizy/vint/pod-shestigrannik,категория
https://aviastal.ru/metizy/vint/samonarezayushchiysya,категория
https://aviastal.ru/metizy/vint/polukruglyy,категория
https://aviastal.ru/metizy/vint/mebel'nyy,категория
https://aviastal.ru/metizy/vint/regulirovochnyy,категория
https://aviastal.ru/metizy/vint/vnutrenniy,категория
https://aviastal.ru/metizy/vint/s-ploskim-kontsom,категория
https://aviastal.ru/metizy/vint/tsilindricheskiy,категория
https://aviastal.ru/metizy/vint/polupotaynoy,категория
https://aviastal.ru/metizy/vint/krestoobraznyy,категория
https://aviastal.ru/metizy/vint/pod-golovku,категория
https://aviastal.ru/metizy/vint/polutsilindricheskiy,категория
https://aviastal.ru/metizy/vint/s-ploskoy-golovkoy,категория
https://aviastal.ru/metizy/vint/konfirmat,категория
https://aviastal.ru/metizy/vint/otsinkovannyy,категория
https://aviastal.ru/metizy/shurup/s-petley,категория
https://aviastal.ru/metizy/shurup/dlya-krepleniya,категория
https://aviastal.ru/metizy/shurup/s-polukol'tsom,категория
https://aviastal.ru/metizy/shurup/polukruglyy,категория
https://aviastal.ru/metizy/shurup/nerzhaveyushchiy,категория
https://aviastal.ru/metizy/shurup/s-kol'tsom,категория
https://aviastal.ru/metizy/shurup/po-betonu,категория
https://aviastal.ru/metizy/shurup/ankernyy,категория
https://aviastal.ru/metizy/shurup/glukhar',категория
https://aviastal.ru/metizy/shurup/mebel'nyy,категория
https://aviastal.ru/metizy/shurup/po-metallu,категория
https://aviastal.ru/metizy/shurup/otsinkovannyy,категория
https://aviastal.ru/metizy/shurup/s-shestigrannoy-golovkoy,категория
https://aviastal.ru/metizy/shurup/shpil'ka,категория
https://aviastal.ru/metizy/shurup/samonarezayushchiy,категория
https://aviastal.ru/metizy/shurup/fasadnyy,категория
https://aviastal.ru/metizy/shurup/santekhnicheskiy,категория
https://aviastal.ru/metizy/shurup/s-pressshayboy,категория
https://aviastal.ru/metizy/shurup/potaynoy,категория
https://aviastal.ru/metizy/shurup/s-krupnoy-rez'boy,категория
https://aviastal.ru/metizy/shurup/po-derevu,категория
https://aviastal.ru/metizy/shurup/klyuchevoy,категория
https://aviastal.ru/metizy/shurup/s-polupotaynoy-golovkoy,категория
https://aviastal.ru/metizy/shurup/ploskiy,категория
https://aviastal.ru/metizy/shurup/bur,категория
https://aviastal.ru/metizy/shurup/kostyl',категория
https://aviastal.ru/metizy/shurup/klop,категория
https://aviastal.ru/metizy/shurup/g-obraznyy,категория
https://aviastal.ru/metizy/shurup/ostryy,категория
https://aviastal.ru/metizy/shurup/s-krestoobraznoy-golovkoy,категория
https://aviastal.ru/metizy/shurup/sverlokonechnyy,категория
https://aviastal.ru/metizy/shurup/s-polusfericheskoy-golovkoy,категория
https://aviastal.ru/metizy/shurup/s-nasechkoy,категория
https://aviastal.ru/metizy/zaklepki/stal'naya,категория
https://aviastal.ru/metizy/zaklepki/alyuminievaya,категория
https://aviastal.ru/metizy/zaklepki/potaynaya,категория
https://aviastal.ru/metizy/zaklepki/nerzhaveyka,категория
https://aviastal.ru/metizy/zaklepki/pod-molotok,категория
https://aviastal.ru/metizy/zaklepki/metallicheskaya,категория
https://aviastal.ru/metizy/zaklepki/s-nasechkoy,категория
https://aviastal.ru/metizy/zaklepki/shestigrannaya,категория
https://aviastal.ru/metizy/zaklepki/otsinkovannaya,категория
https://aviastal.ru/metizy/zaklepki/mednaya,категория
https://aviastal.ru/metizy/zaklepki/tsilindricheskaya,категория
https://aviastal.ru/metizy/zaklepki/s-bortikom,категория
https://aviastal.ru/metizy/zaklepki/s-golovkoy,категория
https://aviastal.ru/metizy/zaklepki/s-polimernym-pokrytiem,категория
https://aviastal.ru/nerzhaveushii-prokat/folga-nerzhaveushaya/stal'naya,категория
https://aviastal.ru/nerzhaveushii-prokat/folga-nerzhaveushaya/listovaya,категория
https://aviastal.ru/nerzhaveushii-prokat/lenta-nerzhaveushaya/perforirovannaya,категория
https://aviastal.ru/nerzhaveushii-prokat/lenta-nerzhaveushaya/zerkal'naya,категория
https://aviastal.ru/nerzhaveushii-prokat/lenta-nerzhaveushaya/pruzhinnaya,категория
https://aviastal.ru/nerzhaveushii-prokat/lenta-nerzhaveushaya/dekorativnaya,категория
https://aviastal.ru/nerzhaveushii-prokat/lenta-nerzhaveushaya/krepezhnaya,категория
https://aviastal.ru/nerzhaveushii-prokat/lenta-nerzhaveushaya/nagartovannaya,категория
https://aviastal.ru/nerzhaveushii-prokat/lenta-nerzhaveushaya/shtrips,категория
https://aviastal.ru/nerzhaveushii-prokat/lenta-nerzhaveushaya/khomutnaya,категория
https://aviastal.ru/nerzhaveushii-prokat/luk-nerzhaveushii/krugl,категория
https://aviastal.ru/nerzhaveushii-prokat/luk-nerzhaveushii/oval'nyy,категория
https://aviastal.ru/nerzhaveushii-prokat/luk-nerzhaveushii/santekhnicheskiy,категория
https://aviastal.ru/nerzhaveushii-prokat/luk-nerzhaveushii/revizionnyy,категория
https://aviastal.ru/nerzhaveushii-prokat/luk-nerzhaveushii/napol'nyy,категория
https://aviastal.ru/nerzhaveushii-prokat/luk-nerzhaveushii/dlya-emkostey,категория
https://aviastal.ru/nerzhaveushii-prokat/krug-nerzhaveushii/kalibrovannyy,категория
https://aviastal.ru/nerzhaveushii-prokat/krug-nerzhaveushii/zachistnoy,категория
https://aviastal.ru/nerzhaveushii-prokat/polosa-nerzhaveushaya/nitrid-titana,категория
https://aviastal.ru/nerzhaveushii-prokat/polosa-nerzhaveushaya/zerkal'naya,категория
https://aviastal.ru/nerzhaveushii-prokat/polosa-nerzhaveushaya/shlifovannaya,категория
https://aviastal.ru/nerzhaveushii-prokat/shveller-nerzhaveushii/gnutyy,категория
https://aviastal.ru/nerzhaveushii-prokat/shestigrannik-nerzhaveushii/kalibrovannyy,категория
https://aviastal.ru/nerzhaveushii-prokat/truba-nerzhaveushaya-gofrirovannaya/otozhzhennaya,категория
https://aviastal.ru/nerzhaveushii-prokat/truba-nerzhaveushaya-gofrirovannaya/dlya-otopleniya,категория
https://aviastal.ru/nerzhaveushii-prokat/truba-nerzhaveushaya-gofrirovannaya/neotozhzhennaya,категория
https://aviastal.ru/nerzhaveushii-prokat/truba-nerzhaveushaya-gofrirovannaya/dlya-vodoprovoda,категория
https://aviastal.ru/nerzhaveushii-prokat/truba-nerzhaveushaya-gofrirovannaya/dlya-gaza,категория
https://aviastal.ru/nerzhaveushii-prokat/truba-nerzhaveushaya-gofrirovannaya/teploobmennik,категория
https://aviastal.ru/nerzhaveushii-prokat/truba-nerzhaveushaya-gofrirovannaya/v-obolochke,категория
https://aviastal.ru/nerzhaveushii-prokat/truba-nerzhaveushaya-gofrirovannaya/dlya-dymokhoda,категория
https://aviastal.ru/nerzhaveushii-prokat/truba-nerzhaveushaya-gofrirovannaya/dlya-vodosnabzheniya,категория
https://aviastal.ru/nerzhaveushii-prokat/truba-nerzhaveushaya-gofrirovannaya/dlya-podvodok-vody,категория
https://aviastal.ru/nerzhaveushii-prokat/truba-nerzhaveushaya-gofrirovannaya/dlya-teplykh-polov,категория
https://aviastal.ru/nerzhaveushii-prokat/truba-nerzhaveushaya-gofrirovannaya/kruglyy,категория
https://aviastal.ru/nerzhaveushii-prokat/truba-profilnaya-nerzhaveushaya/kvadratnaya,категория
https://aviastal.ru/nerzhaveushii-prokat/truba-profilnaya-nerzhaveushaya/pryamougol'naya,категория
https://aviastal.ru/nerzhaveushii-prokat/truba-profilnaya-nerzhaveushaya/zerkal'naya,категория
https://aviastal.ru/nerzhaveushii-prokat/truba-profilnaya-nerzhaveushaya/shlifovannaya,категория
https://aviastal.ru/nerzhaveushii-prokat/vtulka-nerzhaveushaya/rez'bovaya,категория
https://aviastal.ru/provoloka/kachestvennaya-provoloka-ks-ko/pruzhinnaya,категория
https://aviastal.ru/provoloka/kachestvennaya-provoloka-ks-ko/dlya-poluavtomata,категория
https://aviastal.ru/nerzhaveushii-prokat/ugolok-nerzhaveushii/dekorativnyy,категория
https://aviastal.ru/nerzhaveushii-prokat/ugolok-nerzhaveushii/polirovannyy,категория
https://aviastal.ru/nerzhaveushii-prokat/ugolok-nerzhaveushii/zerkal'nyy,категория
https://aviastal.ru/nerzhaveushii-prokat/ugolok-nerzhaveushii/gnutyy,категория
https://aviastal.ru/nerzhaveushii-prokat/ugolok-nerzhaveushii/ravnopolochnyy,категория
https://aviastal.ru/nerzhaveushii-prokat/ugolok-nerzhaveushii/neravnopolochnyy,категория
https://aviastal.ru/nerzhaveushii-prokat/ugolok-nerzhaveushii/shlifovannyy,категория
https://aviastal.ru/nerzhaveushii-prokat/ugolok-nerzhaveushii/metallicheskiy,категория
https://aviastal.ru/nerzhaveushii-prokat/ugolok-nerzhaveushii/dlya-plitki,категория
https://aviastal.ru/nerzhaveushii-prokat/ugolok-nerzhaveushii/okantovochnyy,категория
https://aviastal.ru/nerzhaveushii-prokat/ugolok-nerzhaveushii/otsinkovannyy,категория
https://aviastal.ru/nerzhaveushii-prokat/ugolok-nerzhaveushii/goryachekatanyy,категория
https://aviastal.ru/nerzhaveushii-prokat/ugolok-nerzhaveushii/nikel'soderzhashchiy,категория
https://aviastal.ru/nerzhaveushii-prokat/ugolok-nerzhaveushii/vneshniy,категория
https://aviastal.ru/nerzhaveushii-prokat/ugolok-nerzhaveushii/vnutrenniy,категория
https://aviastal.ru/provoloka/kanatnaya-provoloka/otsinkovannaya,категория
https://aviastal.ru/provoloka/kanatnaya-provoloka/stal'naya,категория
https://aviastal.ru/nerzhaveushii-prokat/list-nerzhaveushii/riflenyy,категория
https://aviastal.ru/nerzhaveushii-prokat/list-nerzhaveushii/perforirovannyy,категория
https://aviastal.ru/nerzhaveushii-prokat/list-nerzhaveushii/zerkal'nyy,категория
https://aviastal.ru/nerzhaveushii-prokat/list-nerzhaveushii/dekorativnyy,категория
https://aviastal.ru/nerzhaveushii-prokat/list-nerzhaveushii/shlifovannyy,категория
https://aviastal.ru/nerzhaveushii-prokat/list-nerzhaveushii/matovyy,категория
https://aviastal.ru/nerzhaveushii-prokat/list-nerzhaveushii/chechevitsa,категория
https://aviastal.ru/nerzhaveushii-prokat/list-nerzhaveushii/prosechno-vytyazhnoy,категория
https://aviastal.ru/nerzhaveushii-prokat/list-nerzhaveushii/gladkiy,категория
https://aviastal.ru/nerzhaveushii-prokat/list-nerzhaveushii/nitrid-titana,категория
https://aviastal.ru/nerzhaveushii-prokat/list-nerzhaveushii/polirovannyy,категория
https://aviastal.ru/nerzhaveushii-prokat/list-nerzhaveushii/bez-nikelya,категория
https://aviastal.ru/nerzhaveushii-prokat/list-nerzhaveushii/metallicheskiy,категория
https://aviastal.ru/nerzhaveushii-prokat/list-nerzhaveushii/satinirovannyy,категория
https://aviastal.ru/nerzhaveushii-prokat/list-nerzhaveushii/stal'noy,категория
https://aviastal.ru/nerzhaveushii-prokat/list-nerzhaveushii/nikel'soderzhashchiy,категория
https://aviastal.ru/nerzhaveushii-prokat/list-nerzhaveushii/alyuminievyy,категория
https://aviastal.ru/nerzhaveushii-prokat/list-nerzhaveushii/zharoprochnyy,категория
https://aviastal.ru/nerzhaveushii-prokat/list-nerzhaveushii/gofrirovannyy,категория
https://aviastal.ru/nerzhaveushii-prokat/truba-nerzhaveushaya/tekhnicheskaya,категория
https://aviastal.ru/nerzhaveushii-prokat/truba-nerzhaveushaya/obzhimnaya,категория
https://aviastal.ru/nerzhaveushii-prokat/truba-nerzhaveushaya/kholodnokatannaya,категория
https://aviastal.ru/nerzhaveushii-prokat/truba-nerzhaveushaya/kholodnodeformirovannaya,категория
https://aviastal.ru/nerzhaveushii-prokat/truba-nerzhaveushaya/mebel'naya,категория
https://aviastal.ru/nerzhaveushii-prokat/truba-nerzhaveushaya/dlya-elektroprovodki,категория
https://aviastal.ru/nerzhaveushii-prokat/truba-nerzhaveushaya/otsinkovannaya,категория
https://aviastal.ru/nerzhaveushii-prokat/truba-nerzhaveushaya/goryachekatanaya,категория
https://aviastal.ru/nerzhaveushii-prokat/truba-nerzhaveushaya/pod-svarku,категория
https://aviastal.ru/nerzhaveushii-prokat/truba-nerzhaveushaya/sendvich,категория
https://aviastal.ru/nerzhaveushii-prokat/truba-nerzhaveushaya/v-obolochke,категория
https://aviastal.ru/nerzhaveushii-prokat/truba-nerzhaveushaya/dlya-kabelya,категория
https://aviastal.ru/nerzhaveushii-prokat/truba-nerzhaveushaya/dlya-vytyazhki,категория
https://aviastal.ru/nerzhaveushii-prokat/truba-nerzhaveushaya/ventilyatsionnaya,категория
https://aviastal.ru/nerzhaveushii-prokat/truba-nerzhaveushaya/gazovaya,категория
https://aviastal.ru/nerzhaveushii-prokat/truba-nerzhaveushaya/dlya-peril,категория
https://aviastal.ru/nerzhaveushii-prokat/truba-nerzhaveushaya/kruglaya,категория
https://aviastal.ru/nerzhaveushii-prokat/truba-nerzhaveushaya/svarnaya,категория
https://aviastal.ru/nerzhaveushii-prokat/truba-nerzhaveushaya/elektrosvarnaya,категория
https://aviastal.ru/nerzhaveushii-prokat/truba-nerzhaveushaya/zharostoykaya,категория
https://aviastal.ru/nerzhaveushii-prokat/truba-nerzhaveushaya/ploskooval'naya,категория
https://aviastal.ru/nerzhaveushii-prokat/truba-nerzhaveushaya/vodostochnaya,категория
https://aviastal.ru/nerzhaveushii-prokat/truba-nerzhaveushaya/kalibrovannaya,категория
https://aviastal.ru/nerzhaveushii-prokat/truba-nerzhaveushaya/dlya-teplogo-pola,категория
https://aviastal.ru/nerzhaveushii-prokat/truba-nerzhaveushaya/otozhzhennaya,категория
https://aviastal.ru/nerzhaveushii-prokat/truba-nerzhaveushaya/pod-press,категория
https://aviastal.ru/provoloka/provoloka-aluminievaya/svarochnaya,категория
https://aviastal.ru/provoloka/provoloka-aluminievaya/dlya-poluavtomata,категория
https://aviastal.ru/provoloka/provoloka-aluminievaya/myagkaya,категория
https://aviastal.ru/provoloka/provoloka-aluminievaya/s-flyusom,категория
https://aviastal.ru/provoloka/provoloka-aluminievaya/tonkaya,категория
https://aviastal.ru/provoloka/provoloka-aluminievaya/dlya-pleteniya,категория
https://aviastal.ru/provoloka/provoloka-aluminievaya/poroshkovaya,категория
https://aviastal.ru/provoloka/provoloka-aluminievaya/vyazal'naya,категория
https://aviastal.ru/provoloka/provoloka-aluminievaya/v-motkakh,категория
https://aviastal.ru/provoloka/provoloka-aluminievaya/v-katushkakh,категория
https://aviastal.ru/provoloka/provoloka-aluminievaya/v-bukhtakh,категория
https://aviastal.ru/provoloka/provoloka-aluminievaya/tsinkovannaya,категория
https://aviastal.ru/provoloka/koluchaya-spiralevidnaya-provoloka-oks/lenta,категория
https://aviastal.ru/provoloka/koluchaya-spiralevidnaya-provoloka-oks/odnoosnovnaya,категория
https://aviastal.ru/provoloka/koluchaya-spiralevidnaya-provoloka-oks/riflenaya,категория
https://aviastal.ru/provoloka/koluchaya-spiralevidnaya-provoloka-oks/pryamaya,категория
https://aviastal.ru/provoloka/koluchaya-spiralevidnaya-provoloka-oks/bukhta,категория
https://aviastal.ru/provoloka/koluchaya-spiralevidnaya-provoloka-oks/dlya-zabora,категория
https://aviastal.ru/provoloka/koluchaya-spiralevidnaya-provoloka-oks/armirovannaya,категория
https://aviastal.ru/provoloka/koluchaya-spiralevidnaya-provoloka-oks/setka,категория
https://aviastal.ru/provoloka/koluchaya-spiralevidnaya-provoloka-oks/ploskaya,категория
https://aviastal.ru/provoloka/koluchaya-spiralevidnaya-provoloka-oks/prostaya,категория
https://aviastal.ru/provoloka/koluchaya-spiralevidnaya-provoloka-oks/reshetka,категория
https://aviastal.ru/provoloka/koluchaya-spiralevidnaya-provoloka-oks/odnoryadnaya,категория
https://aviastal.ru/provoloka/koluchaya-spiralevidnaya-provoloka-oks/rzhavaya,категория
https://aviastal.ru/provoloka/koluchaya-spiralevidnaya-provoloka-oks/spiralevidnaya,категория
https://aviastal.ru/provoloka/koluchaya-spiralevidnaya-provoloka-oks/staraya,категория
https://aviastal.ru/provoloka/koluchaya-spiralevidnaya-provoloka-oks/putanka,категория
https://aviastal.ru/provoloka/koluchaya-spiralevidnaya-provoloka-oks/na-vorota,категория
https://aviastal.ru/provoloka/koluchaya-spiralevidnaya-provoloka-oks/kruglaya,категория
https://aviastal.ru/provoloka/provoloka-bimetallicheskaya/stalemednaya,категория
https://aviastal.ru/provoloka/provoloka-bronzovaya/dlya-poluavtomata,категория
https://aviastal.ru/provoloka/provoloka-dlya-holodnoi-vysadki/stal'naya,категория
"https://aviastal.ru/provoloka/provoloka-luzhenaya-bandazhnaya,-gost-9124-85/tokoprovodyashchaya",категория
https://aviastal.ru/provoloka/provoloka-latunnaya/svarochnaya,категория
https://aviastal.ru/provoloka/provoloka-latunnaya/dlya-payki,категория
https://aviastal.ru/provoloka/provoloka-latunnaya/dlya-poluavtomata,категория
https://aviastal.ru/provoloka/provoloka-latunnaya/tverdaya,категория
https://aviastal.ru/provoloka/provoloka-mednaya/dlya-poluavtomata,категория
https://aviastal.ru/provoloka/provoloka-mednaya/medno-kremnievaya,категория
https://aviastal.ru/provoloka/provoloka-mednaya/yuvelirnaya,категория
https://aviastal.ru/provoloka/provoloka-mednaya/myagkaya,категория
https://aviastal.ru/provoloka/provoloka-mednaya/izolirovannaya,категория
https://aviastal.ru/provoloka/provoloka-mednaya/dlya-namotki,категория
https://aviastal.ru/provoloka/provoloka-mednaya/bez-pokrytiya,категория
https://aviastal.ru/provoloka/provoloka-mednaya/tverdaya,категория
https://aviastal.ru/provoloka/provoloka-nerzhaveushaya/prisadochnaya,категория
https://aviastal.ru/provoloka/provoloka-nerzhaveushaya/flyusovaya,категория
https://aviastal.ru/provoloka/provoloka-nerzhaveushaya/stal'naya,категория
https://aviastal.ru/provoloka/provoloka-nerzhaveushaya/na-katushke,категория
https://aviastal.ru/provoloka/provoloka-nerzhaveushaya/zharoprochnaya,категория
https://aviastal.ru/provoloka/provoloka-nerzhaveushaya/kholodnotyanutaya,категория
https://aviastal.ru/provoloka/provoloka-nerzhaveushaya/metallicheskaya-,категория
https://aviastal.ru/provoloka/provoloka-nerzhaveushaya/pchelovodnaya,категория
https://aviastal.ru/provoloka/provoloka-nerzhaveushaya/dlya-ramok,категория
https://aviastal.ru/provoloka/provoloka-nerzhaveushaya/dlya-poluavtomata,категория
https://aviastal.ru/provoloka/provoloka-nerzhaveushaya/vyazal'naya,категория
https://aviastal.ru/provoloka/provoloka-nerzhaveushaya/poroshkovaya,категория
https://aviastal.ru/provoloka/provoloka-nerzhaveushaya/ortodonticheskaya,категория
https://aviastal.ru/provoloka/provoloka-nerzhaveushaya/zhestkaya,категория
https://aviastal.ru/provoloka/provoloka-nerzhaveushaya/tonkaya,категория
https://aviastal.ru/provoloka/provoloka-nerzhaveushaya/meditsinskaya,категория
https://aviastal.ru/provoloka/provoloka-nerzhaveushaya/myagkaya,категория
https://aviastal.ru/provoloka/provoloka-nerzhaveushaya/pishchevaya,категория
https://aviastal.ru/provoloka/provoloka-nerzhaveushaya/nit'-,категория
https://aviastal.ru/provoloka/provoloka-nerzhaveushaya/svarochnaya,категория
https://aviastal.ru/provoloka/provoloka-nihromovaya/v-spirali,категория
https://aviastal.ru/provoloka/provoloka-nihromovaya/nagrevatel'naya,категория
https://aviastal.ru/provoloka/provoloka-nihromovaya/dlya-penoplasta,категория
https://aviastal.ru/provoloka/provoloka-nihromovaya/dlya-pechey,категория
https://aviastal.ru/provoloka/provoloka-nihromovaya/tonkaya,категория
https://aviastal.ru/provoloka/provoloka-nihromovaya/dlya-vyzhigatelya,категория
https://aviastal.ru/provoloka/provoloka-nihromovaya/dlya-veypa-,категория
https://aviastal.ru/provoloka/provoloka-nikelevaya/poperechnogo-secheniya,категория
https://aviastal.ru/provoloka/provoloka-olovyannaya/dlya-payki,категория
https://aviastal.ru/provoloka/provoloka-olovyannaya/olovyanno-svintsovaya,категория
https://aviastal.ru/provoloka/provoloka-otcinkovannaya/zheleznaya,категория
https://aviastal.ru/provoloka/provoloka-otcinkovannaya/kruglaya,категория
https://aviastal.ru/provoloka/provoloka-otcinkovannaya/metallicheskaya,категория
https://aviastal.ru/provoloka/provoloka-otcinkovannaya/myagkaya,категория
https://aviastal.ru/provoloka/provoloka-otcinkovannaya/obshchego-naznacheniya,категория
https://aviastal.ru/provoloka/provoloka-otcinkovannaya/dlya-ograzhdeniya,категория
https://aviastal.ru/provoloka/provoloka-otcinkovannaya/zhestkaya,категория
https://aviastal.ru/provoloka/provoloka-otcinkovannaya/pletenaya,категория
https://aviastal.ru/provoloka/provoloka-otcinkovannaya/svarnaya,категория
https://aviastal.ru/provoloka/provoloka-otcinkovannaya/pruzhinnaya,категория
https://aviastal.ru/provoloka/provoloka-otcinkovannaya/termoobrabotannaya,категория
https://aviastal.ru/provoloka/provoloka-otcinkovannaya/vyazal'naya,категория
https://aviastal.ru/provoloka/provoloka-otcinkovannaya/nizkouglerodistaya,категория
https://aviastal.ru/provoloka/provoloka-otcinkovannaya/stal'naya,категория
https://aviastal.ru/provoloka/provoloka-otcinkovannaya/kolyuchaya,категория
https://aviastal.ru/provoloka/provoloka-otcinkovannaya/odnoosnovnaya,категория
https://aviastal.ru/provoloka/provoloka-otcinkovannaya/dlya-rabitsy,категория
https://aviastal.ru/provoloka/provoloka-otcinkovannaya/riflenaya,категория
https://aviastal.ru/provoloka/provoloka-otcinkovannaya/v-bukhtakh,категория
https://aviastal.ru/provoloka/provoloka-otcinkovannaya/shpalernaya-,категория
https://aviastal.ru/provoloka/provoloka-otcinkovannaya/kanatnaya,категория
https://aviastal.ru/provoloka/provoloka-otcinkovannaya/dlya-vozdushnykh-liniy-svyazi,категория
https://aviastal.ru/provoloka/provoloka-otcinkovannaya/dlya-molniezashchity,категория
https://aviastal.ru/provoloka/provoloka-s-polimernym-pokrytiem/stal'naya,категория
https://aviastal.ru/provoloka/provoloka-pruzhinnaya/nerzhaveyushchaya,категория
https://aviastal.ru/provoloka/provoloka-pruzhinnaya/stal'naya,категория
https://aviastal.ru/krovlya-i-fasad/vodostoki/truby-vodostochnye/kvadratnaya,категория
https://aviastal.ru/provoloka/provoloka-tcinkovaya/dlya-metallizatsii,категория
https://aviastal.ru/provoloka/provoloka-svarochnaya/v-prutkakh,категория
https://aviastal.ru/provoloka/provoloka-svarochnaya/chernaya-,категория
https://aviastal.ru/provoloka/provoloka-svarochnaya/omednennaya,категория
https://aviastal.ru/provoloka/provoloka-svarochnaya/poroshkovaya,категория
https://aviastal.ru/provoloka/provoloka-svarochnaya/flyusovaya,категория
https://aviastal.ru/provoloka/provoloka-svarochnaya/samozashchitnaya,категория
https://aviastal.ru/provoloka/provoloka-svarochnaya/nerzhaveyushchaya,категория
https://aviastal.ru/provoloka/provoloka-svarochnaya/kasseta,категория
https://aviastal.ru/provoloka/provoloka-svarochnaya/sploshnogo-secheniya,категория
https://aviastal.ru/provoloka/provoloka-svarochnaya/legirovannaya,категория
https://aviastal.ru/provoloka/provoloka-svarochnaya/naplavochnaya,категория
https://aviastal.ru/provoloka/provoloka-svarochnaya/dlya-gazosvarki,категория
https://aviastal.ru/provoloka/provoloka-svarochnaya/dlya-poluavtomatov,категория
https://aviastal.ru/provoloka/provoloka-svarochnaya/uglerodistaya,категория
https://aviastal.ru/provoloka/provoloka-svarochnaya/dlya-dugovoy,категория
https://aviastal.ru/provoloka/provoloka-svarochnaya/vysokolegirovannaya,категория
https://aviastal.ru/provoloka/provoloka-svarochnaya/nizkouglerodistaya,категория
https://aviastal.ru/provoloka/provoloka-svarochnaya/titanovaya,категория
https://aviastal.ru/provoloka/provoloka-svarochnaya/s-uglekislotoy,категория
https://aviastal.ru/provoloka/provoloka-svarochnaya/neomednennaya,категория
https://aviastal.ru/provoloka/provoloka-svarochnaya/latunnaya,категория
https://aviastal.ru/provoloka/provoloka-svarochnaya/polirovannaya,категория
https://aviastal.ru/provoloka/provoloka-svarochnaya/plastikovaya,категория
https://aviastal.ru/provoloka/provoloka-svarochnaya/nikhromovaya,категория
https://aviastal.ru/provoloka/provoloka-svarochnaya/medno-kremnievaya,категория
https://aviastal.ru/provoloka/provoloka-svarochnaya/stal'naya,категория
https://aviastal.ru/provoloka/provoloka-svarochnaya/sploshnaya,категория
https://aviastal.ru/provoloka/provoloka-svarochnaya/chugun,категория
https://aviastal.ru/provoloka/provoloka-svarochnaya/dlya-gaza,категория
https://aviastal.ru/provoloka/provoloka-svarochnaya/alyuminievaya,категория
https://aviastal.ru/provoloka/provoloka-svarochnaya/mednaya,категория
https://aviastal.ru/provoloka/provoloka-vyazalnaya/stal'naya,категория
https://aviastal.ru/provoloka/provoloka-vyazalnaya/nerzhaveyushchaya-,категория
https://aviastal.ru/provoloka/provoloka-vyazalnaya/dlya-armatury,категория
https://aviastal.ru/provoloka/provoloka-vyazalnaya/nizkouglerodistaya,категория
https://aviastal.ru/provoloka/provoloka-vyazalnaya/dlya-setki,категория
https://aviastal.ru/provoloka/provoloka-vyazalnaya/bukhta,категория
https://aviastal.ru/provoloka/provoloka-vyazalnaya/otsinkovannaya,категория
https://aviastal.ru/provoloka/provoloka-vyazalnaya/termicheski-obrabotannaya,категория
https://aviastal.ru/provoloka/provoloka-vyazalnaya/alyuminievaya,категория
https://aviastal.ru/provoloka/provoloka-vyazalnaya/dlya-pozharnykh-rukavov-,категория
https://aviastal.ru/provoloka/provoloka-vyazalnaya/prutok,категория
https://aviastal.ru/provoloka/provoloka-vyazalnaya/v-katushkakh,категория
https://aviastal.ru/provoloka/provoloka-vyazalnaya/metallicheskaya,категория
https://aviastal.ru/provoloka/provoloka-vyazalnaya/v-motkakh,категория
https://aviastal.ru/provoloka/provoloka-vr-1/dlya-kanalizatsii,категория
https://aviastal.ru/provoloka/provoloka-vr-1/armaturnaya,категория
https://aviastal.ru/provoloka/provoloka-vr-1/stal'naya,категория
https://aviastal.ru/provoloka/provoloka-vr-1/riflenaya,категория
https://aviastal.ru/provoloka/provoloka-vr-1/kholodnotyanutaya,категория
https://aviastal.ru/rezinotehnicheskie-izdeliya-rti/asbestotehnicheskie-izdeliya/asbestovaya-lenta/elektroizolyatsionnaya,категория
https://aviastal.ru/rezinotehnicheskie-izdeliya-rti/asbestotehnicheskie-izdeliya/asbestovaya-lenta/dlya-glushitelya,категория
https://aviastal.ru/rezinotehnicheskie-izdeliya-rti/asbestotehnicheskie-izdeliya/asbestovaya-lenta/teploizolyatsionnaya,категория
https://aviastal.ru/rezinotehnicheskie-izdeliya-rti/asbestotehnicheskie-izdeliya/asbestovaya-lenta/tormoznaya,категория
https://aviastal.ru/rezinotehnicheskie-izdeliya-rti/asbestotehnicheskie-izdeliya/asbestovaya-lenta/dlya-dymokhoda,категория
https://aviastal.ru/rezinotehnicheskie-izdeliya-rti/asbestotehnicheskie-izdeliya/asbestovaya-tkan/dlya-glushitelya,категория
https://aviastal.ru/rezinotehnicheskie-izdeliya-rti/asbestotehnicheskie-izdeliya/asbestovaya-tkan/dlya-svarochnykh-rabot,категория
https://aviastal.ru/rezinotehnicheskie-izdeliya-rti/asbestotehnicheskie-izdeliya/asbestovaya-tkan/dlya-dymokhoda,категория
https://aviastal.ru/rezinotehnicheskie-izdeliya-rti/asbestotehnicheskie-izdeliya/asbestovaya-tkan/ogneupornaya,категория
https://aviastal.ru/rezinotehnicheskie-izdeliya-rti/asbestotehnicheskie-izdeliya/asbestovyi-shnur/dlya-kotla,категория
https://aviastal.ru/rezinotehnicheskie-izdeliya-rti/asbestotehnicheskie-izdeliya/asbestovyi-shnur/obshchego-naznacheniya,категория
https://aviastal.ru/rezinotehnicheskie-izdeliya-rti/asbestotehnicheskie-izdeliya/asbestovyi-shnur/uplotnitel'nyy,категория
https://aviastal.ru/rezinotehnicheskie-izdeliya-rti/asbestotehnicheskie-izdeliya/asbestovyi-shnur/pukhovyy,категория
https://aviastal.ru/rezinotehnicheskie-izdeliya-rti/asbestotehnicheskie-izdeliya/asbestovyi-shnur/glushitelya,категория
https://aviastal.ru/rezinotehnicheskie-izdeliya-rti/asbestotehnicheskie-izdeliya/asbestovyi-shnur/termostoykiy,категория
https://aviastal.ru/rezinotehnicheskie-izdeliya-rti/asbestotehnicheskie-izdeliya/asbestovyi-shnur/dlya-pechey,категория
https://aviastal.ru/rezinotehnicheskie-izdeliya-rti/asbestotehnicheskie-izdeliya/asbestovyi-shnur/dlya-dymokhoda,категория
https://aviastal.ru/rezinotehnicheskie-izdeliya-rti/asbestotehnicheskie-izdeliya/karton-asbestovyi/dlya-pechey,категория
https://aviastal.ru/rezinotehnicheskie-izdeliya-rti/asbestotehnicheskie-izdeliya/karton-asbestovyi/kaon,категория
https://aviastal.ru/krovlya-i-fasad/vodostoki/truby-vodostochnye/metallicheskaya,категория
https://aviastal.ru/krovlya-i-fasad/vodostoki/truby-vodostochnye/plastikovaya,категория
https://aviastal.ru/krovlya-i-fasad/vodostoki/truby-vodostochnye/razmer_100__material_pvh,тег
https://aviastal.ru/metizy/gaika/kvadratnaya,категория
https://aviastal.ru/rezinotehnicheskie-izdeliya-rti/gryazesemniki/dlya-shtokov,категория
https://aviastal.ru/rezinotehnicheskie-izdeliya-rti/gryazesemniki/dlya-gidrotsilindrov,категория
https://aviastal.ru/rezinotehnicheskie-izdeliya-rti/gryazesemniki/rezinovye,категория
https://aviastal.ru/rezinotehnicheskie-izdeliya-rti/gryazesemniki/gidravlicheskie,категория
https://aviastal.ru/rezinotehnicheskie-izdeliya-rti/gryazesemniki/dlya-napravlyayushchikh,категория
https://aviastal.ru/metizy/gvozdi/vintovoy,категория
https://aviastal.ru/metizy/kanat/kapronovyi-kanat,категория
https://aviastal.ru/metizy/kanat/tros-nerzhaveushii/diametr_3,тег
https://aviastal.ru/metizy/kanat/tros-nerzhaveushii/diametr_5,тег
https://aviastal.ru/rezinotehnicheskie-izdeliya-rti/konveernye-lenty-rti/rezinotkanevaya,категория
https://aviastal.ru/rezinotehnicheskie-izdeliya-rti/konveernye-lenty-rti/armirovannaya,категория
https://aviastal.ru/rezinotehnicheskie-izdeliya-rti/konveernye-lenty-rti/termostoykaya,категория
https://aviastal.ru/rezinotehnicheskie-izdeliya-rti/konveernye-lenty-rti/rezinovaya,категория
https://aviastal.ru/rezinotehnicheskie-izdeliya-rti/koltca-rti/uplotnitel'nye,категория
https://aviastal.ru/rezinotehnicheskie-izdeliya-rti/paronit/gazovaya,категория
https://aviastal.ru/rezinotehnicheskie-izdeliya-rti/paronit/bezasbestovaya,категория
https://aviastal.ru/rezinotehnicheskie-izdeliya-rti/paronit/pmb,категория
https://aviastal.ru/rezinotehnicheskie-izdeliya-rti/paronit/dlya-dvigatelya,категория
https://aviastal.ru/rezinotehnicheskie-izdeliya-rti/plita-kaprolonovaya/grafitonapolnennaya,категория
https://aviastal.ru/rezinotehnicheskie-izdeliya-rti/pokrytiya-rezinovye/besshovnoe,категория
https://aviastal.ru/rezinotehnicheskie-izdeliya-rti/pokrytiya-rezinovye/iz-rezinovoy-kroshki,категория
https://aviastal.ru/rezinotehnicheskie-izdeliya-rti/pokrytiya-rezinovye/dlya-ploshchadok,категория
https://aviastal.ru/rezinotehnicheskie-izdeliya-rti/pokrytiya-rezinovye/dlya-detskikh-ploshchadok,категория
https://aviastal.ru/rezinotehnicheskie-izdeliya-rti/pokrytiya-rezinovye/dlya-sportploshchadok,категория
https://aviastal.ru/rezinotehnicheskie-izdeliya-rti/pokrytiya-rezinovye/dlya-sportzala,категория
https://aviastal.ru/rezinotehnicheskie-izdeliya-rti/pokrytiya-rezinovye/dlya-trenazhernogo-zala,категория
https://aviastal.ru/rezinotehnicheskie-izdeliya-rti/pokrytiya-rezinovye/sportivnoe,категория
https://aviastal.ru/rezinotehnicheskie-izdeliya-rti/pokrytiya-rezinovye/dlya-dvora,категория
https://aviastal.ru/rezinotehnicheskie-izdeliya-rti/pokrytiya-rezinovye/dlya-dorozhek,категория
https://aviastal.ru/rezinotehnicheskie-izdeliya-rti/pokrytiya-rezinovye/dlya-dachi,категория
https://aviastal.ru/rezinotehnicheskie-izdeliya-rti/pokrytiya-rezinovye/zashchitnoe,категория
https://aviastal.ru/rezinotehnicheskie-izdeliya-rti/pokrytiya-rezinovye/gryazezashchitnoe,категория
https://aviastal.ru/rezinotehnicheskie-izdeliya-rti/pokrytiya-rezinovye/universal'noe,категория
https://aviastal.ru/rezinotehnicheskie-izdeliya-rti/poliatcetal-sterzhni/chernyy,категория
https://aviastal.ru/rezinotehnicheskie-izdeliya-rti/rezinovye-smesi/nta,категория
https://aviastal.ru/rezinotehnicheskie-izdeliya-rti/rezinovye-smesi/syraya,категория
https://aviastal.ru/rezinotehnicheskie-izdeliya-rti/rezinovye-smesi/irp,категория
https://aviastal.ru/rezinotehnicheskie-izdeliya-rti/rezinovye-smesi/kalandrovannaya,категория
https://aviastal.ru/rezinotehnicheskie-izdeliya-rti/rezinovye-smesi/nevulkanizirovannye,категория
https://aviastal.ru/rezinotehnicheskie-izdeliya-rti/rezinovye-smesi/val'tsovannaya,категория
https://aviastal.ru/rezinotehnicheskie-izdeliya-rti/rezinovye-smesi/tovarnaya,категория
https://aviastal.ru/rezinotehnicheskie-izdeliya-rti/rezinovye-smesi/gkh,категория
https://aviastal.ru/rezinotehnicheskie-izdeliya-rti/rezinovaya-kroshka/krasnaya,категория
https://aviastal.ru/rezinotehnicheskie-izdeliya-rti/rezinovaya-kroshka/seraya,категория
https://aviastal.ru/rezinotehnicheskie-izdeliya-rti/rezinovaya-kroshka/sinyaya,категория
https://aviastal.ru/rezinotehnicheskie-izdeliya-rti/rezinovaya-kroshka/granulirovannaya,категория
https://aviastal.ru/rezinotehnicheskie-izdeliya-rti/rezinovaya-kroshka/dlya-bokserskoy-grushi,категория
https://aviastal.ru/rezinotehnicheskie-izdeliya-rti/rezinovaya-kroshka/okrashennaya,категория
https://aviastal.ru/rezinotehnicheskie-izdeliya-rti/rezinovaya-kroshka/zelenaya,категория
https://aviastal.ru/rezinotehnicheskie-izdeliya-rti/rezinovaya-kroshka/oranzhevaya,категория
https://aviastal.ru/rezinotehnicheskie-izdeliya-rti/rezinovaya-kroshka/korichnevaya,категория
https://aviastal.ru/rezinotehnicheskie-izdeliya-rti/rezinovaya-kroshka/chernaya,категория
https://aviastal.ru/rezinotehnicheskie-izdeliya-rti/rezinovaya-kroshka/dlya-kryl'tsa,категория
https://aviastal.ru/rezinotehnicheskie-izdeliya-rti/rezinovaya-kroshka/dlya-sportzala,категория
https://aviastal.ru/rezinotehnicheskie-izdeliya-rti/rezinovaya-kroshka/dlya-futbol'nogo-polya,категория
https://aviastal.ru/rezinotehnicheskie-izdeliya-rti/rezinovaya-kroshka/na-stupeni,категория
https://aviastal.ru/rezinotehnicheskie-izdeliya-rti/rezinovaya-kroshka/trotuarnaya,категория
https://aviastal.ru/rezinotehnicheskie-izdeliya-rti/remni-privodnye-rti/zubchatyy,категория
https://aviastal.ru/rezinotehnicheskie-izdeliya-rti/remni-privodnye-rti/klinovyy,категория
https://aviastal.ru/rezinotehnicheskie-izdeliya-rti/shlangi/gibkiy,категория
https://aviastal.ru/rezinotehnicheskie-izdeliya-rti/shlangi/dlya-poliva,категория
https://aviastal.ru/rezinotehnicheskie-izdeliya-rti/shlangi/armirovannyy,категория
https://aviastal.ru/rezinotehnicheskie-izdeliya-rti/shlangi/dlya-vody,категория
https://aviastal.ru/rezinotehnicheskie-izdeliya-rti/shlangi/dlya-basseyna,категория
https://aviastal.ru/rezinotehnicheskie-izdeliya-rti/shlangi/gofrirovannyy,категория
https://aviastal.ru/rezinotehnicheskie-izdeliya-rti/shlangi/dlya-dachi,категория
https://aviastal.ru/rezinotehnicheskie-izdeliya-rti/shlangi/vsasyvayushchiy,категория
https://aviastal.ru/rezinotehnicheskie-izdeliya-rti/shlangi/dlya-kompressora,категория
https://aviastal.ru/rezinotehnicheskie-izdeliya-rti/shlangi/napornyy,категория
https://aviastal.ru/rezinotehnicheskie-izdeliya-rti/shlangi/vakuumnyy,категория
https://aviastal.ru/rezinotehnicheskie-izdeliya-rti/shlangi/pozharnyy,категория
https://aviastal.ru/rezinotehnicheskie-izdeliya-rti/shlangi/spiral'nyy,категория
https://aviastal.ru/rezinotehnicheskie-izdeliya-rti/shlangi/kislorodnyy,категория
https://aviastal.ru/rezinotehnicheskie-izdeliya-rti/shlangi/naporno-vsasyvayushchiy,категория
https://aviastal.ru/rezinotehnicheskie-izdeliya-rti/shlangi/sadovyy,категория
https://aviastal.ru/rezinotehnicheskie-izdeliya-rti/shlangi/vysokogo-davleniya,категория
https://aviastal.ru/rezinotehnicheskie-izdeliya-rti/shlangi/kapillyarnyy,категория
https://aviastal.ru/rezinotehnicheskie-izdeliya-rti/shlangi/trekhsloynyy,категория
https://aviastal.ru/rezinotehnicheskie-izdeliya-rti/shlangi/pyatisloynyy,категория
https://aviastal.ru/rezinotehnicheskie-izdeliya-rti/shlangi/obratnyy,категория
https://aviastal.ru/rezinotehnicheskie-izdeliya-rti/shlangi/pishchevoy,категория
https://aviastal.ru/rezinotehnicheskie-izdeliya-rti/rukav-rti/dlya-rezki,категория
https://aviastal.ru/rezinotehnicheskie-izdeliya-rti/tkan-prorezinennaya/nepromokaemaya,категория
https://aviastal.ru/rezinotehnicheskie-izdeliya-rti/tkan-prorezinennaya/myagkaya,категория
https://aviastal.ru/rezinotehnicheskie-izdeliya-rti/tkan-prorezinennaya/plotnaya,категория
https://aviastal.ru/rezinotehnicheskie-izdeliya-rti/tkan-prorezinennaya/vodoottalkivayushchaya,категория
https://aviastal.ru/rezinotehnicheskie-izdeliya-rti/tkan-prorezinennaya/antiskol'zyashchaya,категория
https://aviastal.ru/rezinotehnicheskie-izdeliya-rti/tkan-prorezinennaya/dlya-odezhdy,категория
https://aviastal.ru/rezinotehnicheskie-izdeliya-rti/tkan-prorezinennaya/tekhnicheskaya,категория
https://aviastal.ru/rezinotehnicheskie-izdeliya-rti/tkan-prorezinennaya/vodonepronitsaemaya,категория
https://aviastal.ru/rezinotehnicheskie-izdeliya-rti/tkan-prorezinennaya/dlya-ryukzakov,категория
https://aviastal.ru/rezinotehnicheskie-izdeliya-rti/truba-iz-orgstekla/prozrachnaya,категория
https://aviastal.ru/setka/aluminievaya-setka/armirovannaya,категория
https://aviastal.ru/setka/aluminievaya-setka/dlya-remonta-avto,категория
https://aviastal.ru/setka/aluminievaya-setka/dlya-zashchity,категория
https://aviastal.ru/setka/aluminievaya-setka/ot-gryzunov,категория
https://aviastal.ru/setka/aluminievaya-setka/v-bamper,категория
https://aviastal.ru/rezinotehnicheskie-izdeliya-rti/vtulki-rti/zashchitnaya,категория
https://aviastal.ru/rezinotehnicheskie-izdeliya-rti/vtulki-rti/uplotnitel'naya,категория
https://aviastal.ru/setka/setka-kruchenaya-mane/provolochnaya,категория
https://aviastal.ru/setka/setka-kruchenaya-mane/dlya-prokladki,категория
https://aviastal.ru/setka/reshetchatyi-nastil/pressovannyy,категория
https://aviastal.ru/setka/reshetchatyi-nastil/metallicheskiy,категория
https://aviastal.ru/setka/reshetchatyi-nastil/stal'noy,категория
https://aviastal.ru/setka/reshetchatyi-nastil/svarnoy,категория
https://aviastal.ru/setka/setka-latunnaya/dlya-payki,категория
https://aviastal.ru/setka/setka-latunnaya/fil'trovaya,категория
https://aviastal.ru/setka/setka-latunnaya/armiruyushchaya,категория
https://aviastal.ru/setka/setka-latunnaya/dlya-plastika,категория
https://aviastal.ru/setka/setka-latunnaya/dlya-ekranirovaniya,категория
https://aviastal.ru/setka/setka-mednaya/luzhenaya,категория
https://aviastal.ru/setka/setka-mednaya/tkanaya,категория
https://aviastal.ru/setka/setka-mednaya/dlya-ekranirovaniya,категория
https://aviastal.ru/setka/setka-mednaya/nerzhaveyushchaya,категория
https://aviastal.ru/setka/setka-rabitca/pletennaya,категория
https://aviastal.ru/setka/setka-rabitca/dekorativnaya,категория
https://aviastal.ru/setka/setka-rabitca/alyuminievaya,категория
https://aviastal.ru/setka/setka-rabitca/otsinkovannaya,категория
https://aviastal.ru/setka/setka-rabitca/metallicheskaya,категория
https://aviastal.ru/setka/setka-rabitca/polimernaya,категория
https://aviastal.ru/setka/setka-rabitca/dlya-zabora,категория
https://aviastal.ru/setka/setka-rabitca/sektsionnaya,категория
https://aviastal.ru/setka/setka-rabitca/s-pvkh-pokrytiem,категория
https://aviastal.ru/setka/setka-rabitca/bez-pokrytiya,категория
https://aviastal.ru/setka/setka-rabitca/neotsinkovannaya,категория
https://aviastal.ru/setka/setka-rabitca/zheleznaya,категория
https://aviastal.ru/setka/setka-rabitca/pod-shtukaturku,категория
https://aviastal.ru/setka/setka-rabitca/stal'naya,категория
https://aviastal.ru/setka/setka-rabitca/stroitel'naya,категория
https://aviastal.ru/setka/setka-rabitca/sharnirnaya,категория
https://aviastal.ru/setka/setka-rabitca/usilennaya,категория
https://aviastal.ru/setka/setka-rabitca/fasadnaya,категория
https://aviastal.ru/setka/setka-rabitca/armiruyushchaya,категория
https://aviastal.ru/setka/setka-riflenaya/metallicheskaya,категория
https://aviastal.ru/setka/setka-riflenaya/dlya-grokhotov,категория
https://aviastal.ru/setka/setka-riflenaya/dlya-lestnits,категория
https://aviastal.ru/setka/setka-riflenaya/s-kvadratnymi-yacheykami,категория
https://aviastal.ru/setka/setka-riflenaya/tkanaya,категория
https://aviastal.ru/setka/setka-riflenaya/svarnaya,категория
https://aviastal.ru/setka/setka-rukavnaya-rukav-setchatyi/gofrirovannyy,категория
https://aviastal.ru/setka/setka-rukavnaya-rukav-setchatyi/nerzhaveyushchiy,категория
https://aviastal.ru/setka/setka-shtukaturnaya/armiruyushchaya,категория
https://aviastal.ru/setka/setka-shtukaturnaya/tkanevaya,категория
https://aviastal.ru/setka/setka-shtukaturnaya/stroitel'naya,категория
https://aviastal.ru/setka/setka-shtukaturnaya/rabitsa,категория
https://aviastal.ru/setka/setka-shtukaturnaya/steklotkanevaya,категория
https://aviastal.ru/setka/setka-shtukaturnaya/prosechno-vytyazhnaya,категория
https://aviastal.ru/setka/setka-shtukaturnaya/otsinkovannaya,категория
https://aviastal.ru/setka/setka-shtukaturnaya/bazal'tovaya,категория
https://aviastal.ru/setka/setka-tcpvs/alyuminievaya,категория
https://aviastal.ru/setka/setka-tcpvs/ot-gryzunov,категория
https://aviastal.ru/setka/setka-tcpvs/tsel'nometallicheskaya,категория
https://aviastal.ru/setka/setka-tcpvs/prosechno-vytyazhnaya,категория
https://aviastal.ru/setka/setka-tcpvs/metallicheskaya,категория
https://aviastal.ru/setka/setka-tkanaya/armiruyushchaya,категория
https://aviastal.ru/setka/setka-tkanaya/latunnaya,категория
https://aviastal.ru/setka/setka-tkanaya/shtukaturnaya,категория
https://aviastal.ru/setka/setka-tkanaya/nerzhaveyushchaya,категория
https://aviastal.ru/setka/setka-tkanaya/kvadratnaya,категория
https://aviastal.ru/setka/setka-tkanaya/metallicheskaya,категория
https://aviastal.ru/setka/setka-tkanaya/fil'trovaya,категория
https://aviastal.ru/setka/sharnirnaya-setka/dlya-zabora,категория
https://aviastal.ru/setka/sharnirnaya-setka/metallicheskaya,категория
https://aviastal.ru/spetcstal/sudostroitelnaya-stal/polosobulb/nesimmetrichnyy,категория
https://aviastal.ru/spetcstal/sudostroitelnaya-stal/polosobulb/simmetrichnyy,категория
https://aviastal.ru/setka/svarnaya-stalnaya-setka/otsinkovannaya,категория
https://aviastal.ru/setka/svarnaya-stalnaya-setka/armaturnaya,категория
https://aviastal.ru/setka/svarnaya-stalnaya-setka/kladochnaya,категория
https://aviastal.ru/setka/svarnaya-stalnaya-setka/s-pokrytiem,категория
https://aviastal.ru/setka/svarnaya-stalnaya-setka/dlya-armirovaniya,категория
https://aviastal.ru/tcvetnoi-metalloprokat/aluminii/folga-aluminievaya/gofrirovannaya,категория
https://aviastal.ru/tcvetnoi-metalloprokat/aluminii/folga-aluminievaya/prochnaya,категория
https://aviastal.ru/tcvetnoi-metalloprokat/aluminii/folga-aluminievaya/stroitel'naya,категория
https://aviastal.ru/tcvetnoi-metalloprokat/aluminii/folga-aluminievaya/pishchevaya,категория
https://aviastal.ru/tcvetnoi-metalloprokat/aluminii/folga-aluminievaya/tekhnicheskaya,категория
https://aviastal.ru/tcvetnoi-metalloprokat/aluminii/folga-aluminievaya/rulonnaya,категория
https://aviastal.ru/tcvetnoi-metalloprokat/aluminii/lenta-aluminievaya/armirovannaya,категория
https://aviastal.ru/tcvetnoi-metalloprokat/aluminii/lenta-aluminievaya/bandazhnaya,категория
https://aviastal.ru/tcvetnoi-metalloprokat/aluminii/lenta-aluminievaya/tonkaya,категория
https://aviastal.ru/tcvetnoi-metalloprokat/aluminii/lenta-aluminievaya/usilennaya,категория
https://aviastal.ru/tcvetnoi-metalloprokat/aluminii/lenta-aluminievaya/tolstaya,категория
https://aviastal.ru/tcvetnoi-metalloprokat/aluminii/lenta-aluminievaya/metallicheskaya,категория
https://aviastal.ru/tcvetnoi-metalloprokat/aluminii/krug-prutok-aluminievyi/prut,категория
https://aviastal.ru/tcvetnoi-metalloprokat/aluminii/krug-prutok-aluminievyi/pressovannyy,категория
https://aviastal.ru/tcvetnoi-metalloprokat/aluminii/krug-prutok-aluminievyi/profil',категория
https://aviastal.ru/tcvetnoi-metalloprokat/aluminii/polosa-shina-aluminievaya/shina-alyuminievaya,категория
https://aviastal.ru/tcvetnoi-metalloprokat/aluminii/polosa-shina-aluminievaya/v-rulone,категория
https://aviastal.ru/tcvetnoi-metalloprokat/aluminii/polosa-shina-aluminievaya/korobchataya,категория
https://aviastal.ru/tcvetnoi-metalloprokat/aluminii/polosa-shina-aluminievaya/pryamougol'naya,категория
https://aviastal.ru/tcvetnoi-metalloprokat/aluminii/polosa-shina-aluminievaya/tonkaya,категория
https://aviastal.ru/tcvetnoi-metalloprokat/aluminii/polosa-shina-aluminievaya/silovaya,категория
https://aviastal.ru/tcvetnoi-metalloprokat/aluminii/polosa-shina-aluminievaya/soedinitel'naya,категория
"https://aviastal.ru/proizvodstvo/izdeliya-dlya-zhkh,-arhitekturnye-elementy/dressirovka-sobak",категория
https://aviastal.ru/tcvetnoi-metalloprokat/aluminii/profil-aluminievyi/napravlyayushchiy,категория
https://aviastal.ru/tcvetnoi-metalloprokat/aluminii/profil-aluminievyi/dlya-kholodnogo-ostekleniya,категория
"https://aviastal.ru/proizvodstvo/izdeliya-dlya-zhkh,-arhitekturnye-elementy/gazonnye-ograzhdeniya",категория
"https://aviastal.ru/proizvodstvo/izdeliya-dlya-zhkh,-arhitekturnye-elementy/konteinernye-ploshadki",категория
"https://aviastal.ru/proizvodstvo/izdeliya-dlya-zhkh,-arhitekturnye-elementy/musoroprovod-stroitelnyi",категория
"https://aviastal.ru/proizvodstvo/izdeliya-dlya-zhkh,-arhitekturnye-elementy/pavilony-dlya-kureniya",категория
https://aviastal.ru/tcvetnoi-metalloprokat/aluminii/profil-aluminievyi/soedinitel'nyy,категория
https://aviastal.ru/tcvetnoi-metalloprokat/aluminii/profil-aluminievyi/mebel'nyy,категория
https://aviastal.ru/tcvetnoi-metalloprokat/aluminii/profil-aluminievyi/podvesnoy,категория
https://aviastal.ru/tcvetnoi-metalloprokat/aluminii/profil-aluminievyi/potolochnyy,категория
https://aviastal.ru/tcvetnoi-metalloprokat/aluminii/profil-aluminievyi/figurnyy,категория
https://aviastal.ru/tcvetnoi-metalloprokat/aluminii/profil-aluminievyi/kromochnyy,категория
"https://aviastal.ru/proizvodstvo/izdeliya-dlya-zhkh,-arhitekturnye-elementy/pavilony-ostanovochnye",категория
https://aviastal.ru/tcvetnoi-metalloprokat/aluminii/profil-aluminievyi/shtapikovyy,категория
https://aviastal.ru/tcvetnoi-metalloprokat/aluminii/profil-aluminievyi/ddlya-ograzhdeniy,категория
"https://aviastal.ru/proizvodstvo/izdeliya-dlya-zhkh,-arhitekturnye-elementy/plyazhnye-kabinki",категория
https://aviastal.ru/tcvetnoi-metalloprokat/aluminii/profil-aluminievyi/z-obraznyy,категория
https://aviastal.ru/proizvodstvo/izgotovlenie-buronabivnyh-svai,категория
https://aviastal.ru/tcvetnoi-metalloprokat/aluminii/profil-aluminievyi/otsinkovannyy,категория
https://aviastal.ru/tcvetnoi-metalloprokat/aluminii/profil-aluminievyi/ramochnyy,категория
https://aviastal.ru/tcvetnoi-metalloprokat/aluminii/profil-aluminievyi/otdelochnyy,категория
https://aviastal.ru/tcvetnoi-metalloprokat/aluminii/profil-aluminievyi/bez-pokrytiya,категория
https://aviastal.ru/tcvetnoi-metalloprokat/aluminii/pudra-aluminievaya/pigmentnaya,категория
https://aviastal.ru/tcvetnoi-metalloprokat/aluminii/pudra-aluminievaya/serebryanka,категория
https://aviastal.ru/tcvetnoi-metalloprokat/aluminii/pudra-aluminievaya/pap,категория
https://aviastal.ru/tcvetnoi-metalloprokat/aluminii/pudra-aluminievaya/epoksidnaya,категория
https://aviastal.ru/tcvetnoi-metalloprokat/aluminii/pudra-aluminievaya/dlya-gazobetona,категория
https://aviastal.ru/tcvetnoi-metalloprokat/aluminii/pudra-aluminievaya/pirotekhnicheskaya,категория
https://aviastal.ru/tcvetnoi-metalloprokat/aluminii/shveller-aluminievyi/p-obraznyy,категория
https://aviastal.ru/tcvetnoi-metalloprokat/aluminii/list-aluminievyi/gofrirovannyy,категория
https://aviastal.ru/tcvetnoi-metalloprokat/aluminii/list-aluminievyi/pishchevoy,категория
https://aviastal.ru/tcvetnoi-metalloprokat/aluminii/list-aluminievyi/riflyonyy,категория
https://aviastal.ru/tcvetnoi-metalloprokat/aluminii/list-aluminievyi/matovyy,категория
https://aviastal.ru/tcvetnoi-metalloprokat/aluminii/list-aluminievyi/shlifovannyy,категория
https://aviastal.ru/tcvetnoi-metalloprokat/aluminii/list-aluminievyi/chechevitsa,категория
https://aviastal.ru/tcvetnoi-metalloprokat/aluminii/list-aluminievyi/perforirovannyy,категория
https://aviastal.ru/tcvetnoi-metalloprokat/aluminii/list-aluminievyi/tisnenyy,категория
https://aviastal.ru/tcvetnoi-metalloprokat/aluminii/list-aluminievyi/krovel'nyy,категория
https://aviastal.ru/tcvetnoi-metalloprokat/aluminii/list-aluminievyi/gladkiy,категория
https://aviastal.ru/tcvetnoi-metalloprokat/aluminii/list-aluminievyi/tonkiy,категория
https://aviastal.ru/tcvetnoi-metalloprokat/berillii/metall,категория
https://aviastal.ru/tcvetnoi-metalloprokat/aluminii/truba-aluminievaya/riflenaya,категория
https://aviastal.ru/tcvetnoi-metalloprokat/aluminii/truba-aluminievaya/vodoprovodnaya,категория
https://aviastal.ru/tcvetnoi-metalloprokat/aluminii/truba-aluminievaya/profil'naya,категория
https://aviastal.ru/tcvetnoi-metalloprokat/aluminii/truba-aluminievaya/gofrirovannaya,категория
https://aviastal.ru/tcvetnoi-metalloprokat/aluminii/truba-aluminievaya/oval'naya,категория
https://aviastal.ru/tcvetnoi-metalloprokat/aluminii/truba-aluminievaya/profilirovannaya,категория
https://aviastal.ru/tcvetnoi-metalloprokat/aluminii/truba-aluminievaya/tonskostennaya,категория
https://aviastal.ru/tcvetnoi-metalloprokat/aluminii/truba-aluminievaya/tolstostennaya,категория
https://aviastal.ru/tcvetnoi-metalloprokat/aluminii/truba-aluminievaya/pressovannaya,категория
https://aviastal.ru/tcvetnoi-metalloprokat/aluminii/ugolok-aluminievyi/ravnopolochnyy,категория
https://aviastal.ru/tcvetnoi-metalloprokat/aluminii/ugolok-aluminievyi/raznopolochnyy,категория
https://aviastal.ru/tcvetnoi-metalloprokat/aluminii/ugolok-aluminievyi/anodirovannyy,категория
https://aviastal.ru/tcvetnoi-metalloprokat/bronza/list-bronzovyi/listovaya-bronza,категория
https://aviastal.ru/tcvetnoi-metalloprokat/bronza/list-bronzovyi/plita,категория
https://aviastal.ru/tcvetnoi-metalloprokat/bronza/pudra-bronzovaya/dlya-kraski,категория
https://aviastal.ru/tcvetnoi-metalloprokat/bronza/pudra-bronzovaya/dlya-batika,категория
https://aviastal.ru/tcvetnoi-metalloprokat/bronza/truba-bronzovaya/tolstostennaya,категория
https://aviastal.ru/tcvetnoi-metalloprokat/bronza/truba-bronzovaya/dlya-vtulok,категория
https://aviastal.ru/tcvetnoi-metalloprokat/bronza/truba-bronzovaya/dlya-vodoprovoda,категория
https://aviastal.ru/tcvetnoi-metalloprokat/bronza/polosa-shina-bronzovaya/polosa,категория
https://aviastal.ru/tcvetnoi-metalloprokat/bronza/vtulka-bronzovaya/perforirovannaya,категория
https://aviastal.ru/tcvetnoi-metalloprokat/flus/svarochnyy,категория
https://aviastal.ru/tcvetnoi-metalloprokat/flus/payal'nyy,категория
https://aviastal.ru/tcvetnoi-metalloprokat/flus/dlya-nerzhaveyki,категория
https://aviastal.ru/tcvetnoi-metalloprokat/flus/dlya-payki,категория
https://aviastal.ru/tcvetnoi-metalloprokat/flus/dlya-alyuminiya,категория
https://aviastal.ru/tcvetnoi-metalloprokat/latun/list-latunnyi/plita,категория
https://aviastal.ru/tcvetnoi-metalloprokat/latun/list-latunnyi/listovaya-latun',категория
https://aviastal.ru/tcvetnoi-metalloprokat/latun/list-latunnyi/perforirovannyy,категория
https://aviastal.ru/tcvetnoi-metalloprokat/latun/polosa-shina-latunnaya/shina,категория
https://aviastal.ru/tcvetnoi-metalloprokat/latun/profil-latunnyi/g-obraznyy,категория
https://aviastal.ru/tcvetnoi-metalloprokat/latun/profil-latunnyi/p-obraznyy,категория
https://aviastal.ru/tcvetnoi-metalloprokat/latun/profil-latunnyi/t-obraznyy,категория
https://aviastal.ru/tcvetnoi-metalloprokat/latun/truba-latunnaya/vodoprovodnaya,категория
https://aviastal.ru/tcvetnoi-metalloprokat/latun/truba-latunnaya/kruglaya,категория
https://aviastal.ru/tcvetnoi-metalloprokat/latun/truba-latunnaya/khromirovannaya,категория
https://aviastal.ru/tcvetnoi-metalloprokat/latun/ugolok-latunnyi/profil'-uglovoy,категория
https://aviastal.ru/tcvetnoi-metalloprokat/med/folga-mednaya/m1,категория
https://aviastal.ru/tcvetnoi-metalloprokat/med/folga-mednaya/poperechnogo-secheniya,категория
https://aviastal.ru/tcvetnoi-metalloprokat/med/lenta-mednaya/dlya-linoleuma,категория
https://aviastal.ru/tcvetnoi-metalloprokat/med/lenta-mednaya/medno-nikelevaya,категория
https://aviastal.ru/tcvetnoi-metalloprokat/med/lenta-mednaya/fol'ga,категория
https://aviastal.ru/tcvetnoi-metalloprokat/med/lenta-mednaya/dlya-pola,категория
https://aviastal.ru/tcvetnoi-metalloprokat/med/lenta-mednaya/dlya-zazemleniya,категория
https://aviastal.ru/tcvetnoi-metalloprokat/med/lenta-mednaya/dlya-ekranirovaniya,категория
https://aviastal.ru/tcvetnoi-metalloprokat/med/lenta-mednaya/myagkaya,категория
https://aviastal.ru/tcvetnoi-metalloprokat/med/lenta-mednaya/s-izolyatsiey,категория
https://aviastal.ru/tcvetnoi-metalloprokat/med/lenta-mednaya/tverdaya,категория
https://aviastal.ru/tcvetnoi-metalloprokat/med/krug-prutok-mednyi/myagkiy,категория
https://aviastal.ru/tcvetnoi-metalloprokat/med/polosa-shina-mednaya/pryamougol'naya,категория
https://aviastal.ru/tcvetnoi-metalloprokat/med/polosa-shina-mednaya/elektrotekhnicheskaya,категория
https://aviastal.ru/tcvetnoi-metalloprokat/med/polosa-shina-mednaya/dlya-zazemleniya,категория
https://aviastal.ru/tcvetnoi-metalloprokat/med/polosa-shina-mednaya/antistaticheskaya,категория
https://aviastal.ru/tcvetnoi-metalloprokat/med/polosa-shina-mednaya/kruglaya,категория
https://aviastal.ru/tcvetnoi-metalloprokat/med/list-mednyi/myagkiy,категория
https://aviastal.ru/tcvetnoi-metalloprokat/med/list-mednyi/pritopochnyy,категория
https://aviastal.ru/tcvetnoi-metalloprokat/med/provod-mednyi/odnozhil'nyy,категория
https://aviastal.ru/tcvetnoi-metalloprokat/med/provod-mednyi/zazemlyayushchiy,категория
https://aviastal.ru/tcvetnoi-metalloprokat/med/provod-mednyi/vysokovol'tnyy,категория
https://aviastal.ru/tcvetnoi-metalloprokat/med/provod-mednyi/montazhnyy,категория
https://aviastal.ru/tcvetnoi-metalloprokat/med/provod-mednyi/luzhenyy,категория
https://aviastal.ru/tcvetnoi-metalloprokat/med/provod-mednyi/v-rezinovoy-izolyatsii,категория
https://aviastal.ru/tcvetnoi-metalloprokat/med/provod-mednyi/stroitel'nyy,категория
https://aviastal.ru/tcvetnoi-metalloprokat/med/provod-mednyi/dlya-elektroprovodki,категория
https://aviastal.ru/tcvetnoi-metalloprokat/med/provod-mednyi/v-obolochke,категория
https://aviastal.ru/tcvetnoi-metalloprokat/med/provod-mednyi/s-izolyatsiey,категория
https://aviastal.ru/tcvetnoi-metalloprokat/med/provod-mednyi/myagkiy,категория
https://aviastal.ru/tcvetnoi-metalloprokat/med/provod-mednyi/neizolirovannyy,категория
https://aviastal.ru/tcvetnoi-metalloprokat/med/provod-mednyi/ustanovochnyy,категория
https://aviastal.ru/tcvetnoi-metalloprokat/med/provod-mednyi/fasonnyy,категория
https://aviastal.ru/tcvetnoi-metalloprokat/med/provod-mednyi/v-dvoynoy-izolyatsii,категория
https://aviastal.ru/tcvetnoi-metalloprokat/med/provod-mednyi/ulichnyy,категория
https://aviastal.ru/tcvetnoi-metalloprokat/med/provod-mednyi/kontaktnyy,категория
https://aviastal.ru/tcvetnoi-metalloprokat/med/provod-mednyi/shinoprovod,категория
https://aviastal.ru/tcvetnoi-metalloprokat/med/provod-mednyi/dlya-avtozvuka,категория
https://aviastal.ru/tcvetnoi-metalloprokat/med/provod-mednyi/dlya-avto,категория
https://aviastal.ru/tcvetnoi-metalloprokat/med/provod-mednyi/akusticheskiy,категория
https://aviastal.ru/tcvetnoi-metalloprokat/med/truba-mednaya-profilnaya/dlya-induktorov,категория
https://aviastal.ru/tcvetnoi-metalloprokat/med/vtulka-mednaya/skol'zheniya,категория
https://aviastal.ru/tcvetnoi-metalloprokat/med/vtulka-mednaya/sfericheskaya,категория
https://aviastal.ru/tcvetnoi-metalloprokat/med/truba-mednaya/otozhzhennaya,категория
https://aviastal.ru/tcvetnoi-metalloprokat/med/truba-mednaya/besshovnaya,категория
https://aviastal.ru/tcvetnoi-metalloprokat/med/truba-mednaya/meditsinskaya,категория
https://aviastal.ru/tcvetnoi-metalloprokat/med/truba-mednaya/neotozhennaya,категория
https://aviastal.ru/tcvetnoi-metalloprokat/med/truba-mednaya/tormoznaya,категория
https://aviastal.ru/tcvetnoi-metalloprokat/med/truba-mednaya/dlya-kisloroda,категория
https://aviastal.ru/tcvetnoi-metalloprokat/med/truba-mednaya/gidravlicheskaya,категория
https://aviastal.ru/tcvetnoi-metalloprokat/med/truba-mednaya/dlya-teplogo-pola,категория
https://aviastal.ru/tcvetnoi-metalloprokat/med/truba-mednaya/obzhimnaya,категория
https://aviastal.ru/tcvetnoi-metalloprokat/med/truba-mednaya/profil'naya,категория
https://aviastal.ru/tcvetnoi-metalloprokat/med/truba-mednaya/pod-payku,категория
https://aviastal.ru/tcvetnoi-metalloprokat/med/truba-mednaya/myagkaya,категория
https://aviastal.ru/tcvetnoi-metalloprokat/med/truba-mednaya/dlya-elektroprovodki,категория
https://aviastal.ru/tcvetnoi-metalloprokat/med/truba-mednaya/universal'naya,категория
https://aviastal.ru/tcvetnoi-metalloprokat/med/truba-mednaya/tverdaya,категория
https://aviastal.ru/tcvetnoi-metalloprokat/nihromovyi-prokat/polosa-shina-nihromovaya/shina,категория
https://aviastal.ru/tcvetnoi-metalloprokat/olovo/list-olovyannyi/listovoe-olovo,категория
https://aviastal.ru/tcvetnoi-metalloprokat/olovo/list-olovyannyi/plita,категория
https://aviastal.ru/tcvetnoi-metalloprokat/olovo/krug-prutok-olovyanyi/dlya-payki,категория
https://aviastal.ru/tcvetnoi-metalloprokat/olovo/krug-prutok-olovyanyi/dlya-kuzovnogo-remonta,категория
https://aviastal.ru/tcvetnoi-metalloprokat/poroshki/aluminievyi-poroshok/pa,категория
https://aviastal.ru/tcvetnoi-metalloprokat/poroshki/aluminievyi-poroshok/asd,категория
https://aviastal.ru/tcvetnoi-metalloprokat/poroshki/mednyi-poroshok/pms-1,категория
https://aviastal.ru/tcvetnoi-metalloprokat/poroshki/mednyi-poroshok/elektroliticheskiy,категория
https://aviastal.ru/tcvetnoi-metalloprokat/poroshki/mednyi-poroshok/krasnyy,категория
https://aviastal.ru/tcvetnoi-metalloprokat/poroshki/tcinkovyi-poroshok/ul'tradispersnyy,категория
https://aviastal.ru/tcvetnoi-metalloprokat/poroshki/svintcovyi-poroshok/surik,категория
https://aviastal.ru/tcvetnoi-metalloprokat/poroshki/nikelevyi-poroshok/karbonil'nyy,категория
https://aviastal.ru/tcvetnoi-metalloprokat/renii/splav-s-reniem,категория
https://aviastal.ru/tcvetnoi-metalloprokat/poroshok-zheleznyi/instrumental'nyy,категория
https://aviastal.ru/tcvetnoi-metalloprokat/poroshok-zheleznyi/surik,категория
https://aviastal.ru/tcvetnoi-metalloprokat/selen/granulirovannyy,категория
https://aviastal.ru/tcvetnoi-metalloprokat/selen/poroshok,категория
https://aviastal.ru/tcvetnoi-metalloprokat/selen/tekhnicheskiy,категория
https://aviastal.ru/tcvetnoi-metalloprokat/splavy-tcvetnyh-metallov/ferrosplavy/dlya-stali,категория
https://aviastal.ru/tcvetnoi-metalloprokat/splavy-tcvetnyh-metallov/ferrosplavy/margantsevye,категория
https://aviastal.ru/tcvetnoi-metalloprokat/splavy-tcvetnyh-metallov/ferrosplavy/dlya-chuguna,категория
https://aviastal.ru/tcvetnoi-metalloprokat/splavy-tcvetnyh-metallov/ferrosplavy/bol'shie,категория
https://aviastal.ru/tcvetnoi-metalloprokat/splavy-tcvetnyh-metallov/ligatura/alyuminievaya,категория
https://aviastal.ru/tcvetnoi-metalloprokat/splavy-tcvetnyh-metallov/ligatura/metallicheskaya,категория
https://aviastal.ru/tcvetnoi-metalloprokat/splavy-tcvetnyh-metallov/ligatura/nikelevaya,категория
https://aviastal.ru/proizvodstvo/izgotovlenie-prokatnyh-valkov,категория
https://aviastal.ru/tcvetnoi-metalloprokat/splavy-tcvetnyh-metallov/medno-nikelevye-splavy/konstantan/provod,категория
https://aviastal.ru/proizvodstvo/izgotovlenie-stellazhei,категория
https://aviastal.ru/proizvodstvo/izgotovlenie-stellazhei/elementy-stellazhei,категория
https://aviastal.ru/tcvetnoi-metalloprokat/splavy-tcvetnyh-metallov/medno-nikelevye-splavy/hromel/v-izolyatsii,категория
https://aviastal.ru/proizvodstvo/izgotovlenie-stellazhei/stellazhi-arhivnye,категория
https://aviastal.ru/tcvetnoi-metalloprokat/splavy-tcvetnyh-metallov/medno-nikelevye-splavy/kopel/prokat,категория
https://aviastal.ru/proizvodstvo/izgotovlenie-stellazhei/stellazhi-dlya-rulonov,категория
https://aviastal.ru/proizvodstvo/izgotovlenie-stellazhei/stellazhi-dlya-shin-i-diskov,категория
https://aviastal.ru/proizvodstvo/izgotovlenie-stellazhei/stellazhi-metallicheskie,категория
https://aviastal.ru/proizvodstvo/izgotovlenie-stellazhei/stellazhi-mezoninnye,категория
https://aviastal.ru/proizvodstvo/izgotovlenie-stellazhei/stellazhi-palletnye,категория
https://aviastal.ru/tcvetnoi-metalloprokat/splavy-tcvetnyh-metallov/medno-nikelevye-splavy/neizilber/zagotovka,категория
https://aviastal.ru/tcvetnoi-metalloprokat/splavy-tcvetnyh-metallov/medno-nikelevye-splavy/neizilber/tverdyy,категория
https://aviastal.ru/proizvodstvo/izgotovlenie-stellazhei/stellazhi-skladskie,категория
https://aviastal.ru/proizvodstvo/lite-metallov,категория
"https://aviastal.ru/proizvodstvo/proizvodstvo,-izgotovlenie-detalei",категория
https://aviastal.ru/tcvetnoi-metalloprokat/splavy-tcvetnyh-metallov/splav-s-reniem/s-molibdenom,категория
https://aviastal.ru/tcvetnoi-metalloprokat/splavy-tcvetnyh-metallov/splav-s-reniem/s-vol'framom,категория
"https://aviastal.ru/proizvodstvo/proizvodstvo,-izgotovlenie-dnish",категория
"https://aviastal.ru/proizvodstvo/proizvodstvo,-izgotovlenie-emkostei",категория
"https://aviastal.ru/proizvodstvo/proizvodstvo,-izgotovlenie-gnutyh-otvodov",категория
"https://aviastal.ru/proizvodstvo/proizvodstvo,-izgotovlenie-klapanov",категория
https://aviastal.ru/tcvetnoi-metalloprokat/splavy-tcvetnyh-metallov/splav-tcam/silumin/flanets,категория
https://aviastal.ru/tcvetnoi-metalloprokat/splavy-tcvetnyh-metallov/splav-tcam/silumin/chushka,категория
"https://aviastal.ru/proizvodstvo/proizvodstvo,-izgotovlenie-metizov",категория
https://aviastal.ru/tcvetnoi-metalloprokat/svinetc/list-svintcovyi/dlya-rentgenkabineta,категория
https://aviastal.ru/tcvetnoi-metalloprokat/svinetc/list-svintcovyi/plita,категория
https://aviastal.ru/tcvetnoi-metalloprokat/titan/polosa-shina-titanovaya/shina,категория
https://aviastal.ru/tcvetnoi-metalloprokat/titan/list-titanovyi/listovoy-titan,категория
https://aviastal.ru/tcvetnoi-metalloprokat/titan/list-titanovyi/plita,категория
https://aviastal.ru/tcvetnoi-metalloprokat/titan/truba-titanovaya/dlya-vykhlopa,категория
https://aviastal.ru/tcvetnoi-metalloprokat/volfram/list-volframovyi/listovoy,категория
https://aviastal.ru/tcvetnoi-metalloprokat/volfram/polosa-shina-volframovaya/shina,категория
https://aviastal.ru/vozduhovody-dymohody/dymohody/krepleniya-dymohodov/dlya-koaksial'nogo-dymokhoda,категория
https://aviastal.ru/vozduhovody-dymohody/dymohody/krepleniya-dymohodov/dlya-sendvich-dymokhoda,категория
https://aviastal.ru/vozduhovody-dymohody/dymohody/adaptery-kotlov/nastennyy,категория
https://aviastal.ru/vozduhovody-dymohody/dymohody/adaptery-kotlov/dlya-gazovogo-kotla,категория
https://aviastal.ru/vozduhovody-dymohody/dymohody/deflektory/na-sendvich-trubu,категория
https://aviastal.ru/vozduhovody-dymohody/dymohody/deflektory/dlya-uvelicheniya-tyagi,категория
https://aviastal.ru/vozduhovody-dymohody/dymohody/deflektory/na-kvadratnyy-dymokhod,категория
https://aviastal.ru/vozduhovody-dymohody/dymohody/deflektory/antivetrovoy,категория
https://aviastal.ru/vozduhovody-dymohody/dymohody/deflektory/na-kirpichnyy-dymokhod,категория
https://aviastal.ru/vozduhovody-dymohody/dymohody/troiniki-dymohodov/nerzhaveyka,категория
https://aviastal.ru/vozduhovody-dymohody/dymohody/zaglushki-dymohodov/iz-nerzhaveyki,категория
https://aviastal.ru/vozduhovody-dymohody/dymohody/zaglushki-dymohodov/revizii,категория
https://aviastal.ru/vozduhovody-dymohody/dymohody/zaglushki-dymohodov/na-troynik,категория
https://aviastal.ru/vozduhovody-dymohody/dymohody/zaglushki-dymohodov/sendvich,категория
https://aviastal.ru/vozduhovody-dymohody/dymohody/zaglushki-dymohodov/koaksial'nyy,категория
https://aviastal.ru/vozduhovody-dymohody/dymohody/zonty-dymohodov/iz-nerzhaveyushchey-stali,категория
https://aviastal.ru/vozduhovody-dymohody/vozduhovody/deflektory/na-sendvich-trubu,категория
https://aviastal.ru/vozduhovody-dymohody/vozduhovody/deflektory/dlya-uvelicheniya-tyagi,категория
https://aviastal.ru/vozduhovody-dymohody/vozduhovody/deflektory/na-kvadratnyy-dymokhod,категория
https://aviastal.ru/vozduhovody-dymohody/vozduhovody/deflektory/antivetrovoy,категория
https://aviastal.ru/vozduhovody-dymohody/vozduhovody/deflektory/na-kirpichnyy-dymokhod,категория
https://aviastal.ru/vozduhovody-dymohody/vozduhovody/otvody-kruglye/ugol-9--,категория
https://aviastal.ru/vozduhovody-dymohody/vozduhovody/perehody-vozduhovoda/plastikovyy,категория
https://aviastal.ru/vozduhovody-dymohody/vozduhovody/troiniki-dlya-vozduhovodov/ventilyatsionnyy,категория
https://aviastal.ru/vozduhovody-dymohody/vozduhovody/shumoglushiteli-pryamougolnye/dlya-ventilyatsii,категория
https://aviastal.ru/vozduhovody-dymohody/vozduhovody/vozduhovody-pryamougolnye/plastikovyy,категория
https://aviastal.ru/vozduhovody-dymohody/vozduhovody/vozduhovody-pryamougolnye/metallicheskiy,категория
"https://aviastal.ru/proizvodstvo/proizvodstvo,-izgotovlenie-nerzhaveushih-trub",категория
"https://aviastal.ru/proizvodstvo/proizvodstvo,-izgotovlenie-pokovok",категория
https://aviastal.ru/vozduhovody-dymohody/vozduhovody/shumoglushiteli-kruglye/dlya-ventilyatsii,категория
https://aviastal.ru/vozduhovody-dymohody/vozduhovody/vozduhovody-kruglye/gofrirovannyy,категория
https://aviastal.ru/vozduhovody-dymohody/vozduhovody/vozduhovody-kruglye/vrezka,категория
https://aviastal.ru/vozduhovody-dymohody/vozduhovody/vozduhovody-kruglye/plastikovyy,категория
https://aviastal.ru/vozduhovody-dymohody/vozduhovody/vozduhovody-kruglye/metallicheskiy,категория
https://aviastal.ru/vozduhovody-dymohody/vozduhovody/vrezki-kruglye/ventilyatsionnaya,категория
https://aviastal.ru/vozduhovody-dymohody/vozduhovody/vstavki-myagkie-gibkie-pryamougolnye/soedinitel'naya,категория
https://aviastal.ru/vozduhovody-dymohody/vozduhovody/vstavki-myagkie-gibkie-pryamougolnye/gibkaya,категория
https://aviastal.ru/vozduhovody-dymohody/vozduhovody/zonty-kruglye/iz-stali,категория
https://aviastal.ru/vozduhovody-dymohody/vozduhovody/zonty-kruglye/ventilyatsionnyy,категория
https://aviastal.ru/vozduhovody-dymohody/vozduhovody/zonty-kruglye/kryshnyy,категория
https://aviastal.ru/vozduhovody-dymohody/vozduhovody/zonty-pryamougolnye/ventilyatsionnyy,категория
https://aviastal.ru/zapornaya-armatura/bobyshki/nerzhaveyushchaya,категория
https://aviastal.ru/zapornaya-armatura/bobyshki/rez'bovaya,категория
https://aviastal.ru/zapornaya-armatura/bochata/stal'nye,категория
https://aviastal.ru/zapornaya-armatura/dnishe/stal'noe,категория
https://aviastal.ru/zapornaya-armatura/dnishe/tsilindricheskoe,категория
https://aviastal.ru/zapornaya-armatura/dnishe/otbortovannoe,категория
https://aviastal.ru/zapornaya-armatura/dvoinoi-rastrub/kompensatsionnyy,категория
https://aviastal.ru/zapornaya-armatura/elektroprivod/mnogooborotnyy,категория
https://aviastal.ru/zapornaya-armatura/elektroprivod/vzryvozashchishchennyy,категория
https://aviastal.ru/zapornaya-armatura/elektroprivod/chetvert'oborotnyy,категория
https://aviastal.ru/zapornaya-armatura/elektroprivod/odnooborotnyy,категория
https://aviastal.ru/zapornaya-armatura/elektroprivod/dlya-zatvorov,категория
https://aviastal.ru/zapornaya-armatura/elektroprivod/dlya-zadvizhek,категория
https://aviastal.ru/zapornaya-armatura/filtr-flantcevyi/setchatyy,категория
https://aviastal.ru/zapornaya-armatura/filtr-flantcevyi/magnitnyy,категория
https://aviastal.ru/zapornaya-armatura/filtr-flantcevyi/zapornyy,категория
https://aviastal.ru/zapornaya-armatura/flantcy/flanetc-nerzhaveushii/ploskiy,категория
https://aviastal.ru/zapornaya-armatura/flantcy/flanetc-nerzhaveushii/vorotnikovyy,категория
https://aviastal.ru/zapornaya-armatura/flantcy/flanetc-nerzhaveushii/glukhoy,категория
https://aviastal.ru/zapornaya-armatura/flantcy/flanetc-nerzhaveushii/svobodnyy,категория
https://aviastal.ru/zapornaya-armatura/flantcy/flanetc-stalnoi/otvetnyy,категория
https://aviastal.ru/zapornaya-armatura/flantcy/flanetc-stalnoi/ploskiy,категория
https://aviastal.ru/zapornaya-armatura/flantcy/flanetc-stalnoi/vorotnikovyy,категория
https://aviastal.ru/zapornaya-armatura/flantcy/flanetc-stalnoi/litoy,категория
https://aviastal.ru/zapornaya-armatura/flantcy/flanetc-stalnoi/svobodnyy,категория
https://aviastal.ru/zapornaya-armatura/flantcy/flanetc-stalnoi/perekhodnoy,категория
https://aviastal.ru/zapornaya-armatura/flantcy/flanetc-stalnoi/glukhoy,категория
https://aviastal.ru/zapornaya-armatura/gidrant-pozharnyi/doroshevskogo,категория
https://aviastal.ru/zapornaya-armatura/gidrant-pozharnyi/chugunnyy,категория
https://aviastal.ru/zapornaya-armatura/gidrant-pozharnyi/stal'noy,категория
https://aviastal.ru/zapornaya-armatura/gidrant-pozharnyi/moskovskogo-tipa,категория
https://aviastal.ru/zapornaya-armatura/gidrant-pozharnyi/podzemnyy,категория
https://aviastal.ru/zapornaya-armatura/gidrant-pozharnyi/nezamerzayushchiy,категория
https://aviastal.ru/zapornaya-armatura/gidrant-pozharnyi/podzemnyy-stal'noy,категория
https://aviastal.ru/zapornaya-armatura/golovka-soedinitelnaya-pozharnaya/napornaya,категория
https://aviastal.ru/zapornaya-armatura/golovka-soedinitelnaya-pozharnaya/muftovaya,категория
https://aviastal.ru/zapornaya-armatura/golovka-soedinitelnaya-pozharnaya/rukavnaya,категория
https://aviastal.ru/zapornaya-armatura/flantcy/prokladki-dlya-flantcev/paronitovye,категория
https://aviastal.ru/zapornaya-armatura/flantcy/prokladki-dlya-flantcev/rezinovye,категория
https://aviastal.ru/zapornaya-armatura/flantcy/prokladki-dlya-flantcev/uplotnitel'nye,категория
https://aviastal.ru/zapornaya-armatura/flantcy/prokladki-dlya-flantcev/vysokotemperaturnye,категория
https://aviastal.ru/zapornaya-armatura/futorki/dlya-trub,категория
https://aviastal.ru/zapornaya-armatura/gryazevik/vertikal'nyy,категория
https://aviastal.ru/zapornaya-armatura/gryazevik/stal'noy,категория
https://aviastal.ru/zapornaya-armatura/klapany/klapan-bronzovyi/obratnyy,категория
https://aviastal.ru/zapornaya-armatura/klapany/klapan-chugunnyi/obratnyy,категория
https://aviastal.ru/zapornaya-armatura/klapany/klapan-chugunnyi/reguliruyushchiy,категория
https://aviastal.ru/zapornaya-armatura/klapany/klapan-chugunnyi/ventil'nyy,категория
https://aviastal.ru/zapornaya-armatura/klapany/klapan-chugunnyi/povorotnyy,категория
https://aviastal.ru/zapornaya-armatura/klapany/klapan-chugunnyi/pod'emnyy,категория
https://aviastal.ru/zapornaya-armatura/klapany/klapan-polipropilen-polietilen-metalloplastik/obratnyy,категория
https://aviastal.ru/zapornaya-armatura/klapany/klapan-latunnyi/obratnyy,категория
https://aviastal.ru/zapornaya-armatura/klapany/klapan-latunnyi/pruzhinnyy,категория
https://aviastal.ru/zapornaya-armatura/klapany/klapan-latunnyi/uglovoy,категория
https://aviastal.ru/zapornaya-armatura/klapany/klapan-latunnyi/predokhranitel'nyy,категория
https://aviastal.ru/zapornaya-armatura/klapany/klapan-latunnyi/elektromagnitnyy,категория
https://aviastal.ru/zapornaya-armatura/klapany/klapan-latunnyi/pryamotochnyy,категория
https://aviastal.ru/zapornaya-armatura/klapany/klapan-latunnyi/ventil'nyy,категория
https://aviastal.ru/zapornaya-armatura/klapany/klapan-nerzhaveushii/obratnyy,категория
https://aviastal.ru/zapornaya-armatura/klapany/klapan-nerzhaveushii/vakuumnyy,категория
https://aviastal.ru/zapornaya-armatura/klapany/klapan-nerzhaveushii/dvukhstvorchatyy,категория
https://aviastal.ru/zapornaya-armatura/klapany/klapan-stalnoi/obratnyy,категория
https://aviastal.ru/zapornaya-armatura/klapany/klapan-stalnoi/zapornyy,категория
https://aviastal.ru/zapornaya-armatura/klapany/klapan-stalnoi/povorotnyy,категория
https://aviastal.ru/zapornaya-armatura/klapany/klapan-stalnoi/trekhkhodovoy,категория
https://aviastal.ru/zapornaya-armatura/klapany/klapan-stalnoi/predokhranitel'nyy,категория
https://aviastal.ru/zapornaya-armatura/klapany/klapan-stalnoi/balansirovochnyy,категория
https://aviastal.ru/zapornaya-armatura/klapany/klapan-stalnoi/elektromagnitnyy,категория
https://aviastal.ru/zapornaya-armatura/klapany/klapan-stalnoi/reguliruyushchiy,категория
https://aviastal.ru/zapornaya-armatura/klapany/klapan-stalnoi/termostaticheskiy,категория
https://aviastal.ru/zapornaya-armatura/klapany/klapan-stalnoi/uglovoy,категория
https://aviastal.ru/zapornaya-armatura/klapany/klapan-stalnoi/ventil'nyy,категория
https://aviastal.ru/zapornaya-armatura/klapany/klapan-stalnoi/pruzhinnyy,категория
https://aviastal.ru/zapornaya-armatura/klapany/klapan-stalnoi/pod'emnyy,категория
https://aviastal.ru/zapornaya-armatura/kompensatory/osevoy,категория
https://aviastal.ru/zapornaya-armatura/kompensatory/sil'fonnyy,категория
https://aviastal.ru/zapornaya-armatura/koleno/koleno-chugunnoe/flantsevoe,категория
https://aviastal.ru/zapornaya-armatura/koleno/koleno-chugunnoe/rastrubnoe,категория
https://aviastal.ru/zapornaya-armatura/kondensatootvodchiki/stal'noy,категория
https://aviastal.ru/zapornaya-armatura/kondensatootvodchiki/rez'bovoy,категория
https://aviastal.ru/zapornaya-armatura/krany/kran-polipropilen-polietilen-metalloplastik/radiatornyy,категория
https://aviastal.ru/zapornaya-armatura/krany/kran-polipropilen-polietilen-metalloplastik/sharovoy,категория
https://aviastal.ru/zapornaya-armatura/krany/kran-polipropilen-polietilen-metalloplastik/uglovoy,категория
https://aviastal.ru/zapornaya-armatura/krany/kran-polipropilen-polietilen-metalloplastik/zapornyy,категория
https://aviastal.ru/zapornaya-armatura/krany/kran-polipropilen-polietilen-metalloplastik/ventil',категория
https://aviastal.ru/zapornaya-armatura/krany/kran-polipropilen-polietilen-metalloplastik/regulirovochnyy,категория
https://aviastal.ru/zapornaya-armatura/krany/kran-polipropilen-polietilen-metalloplastik/dlya-vodoprovoda,категория
https://aviastal.ru/zapornaya-armatura/krany/kran-polipropilen-polietilen-metalloplastik/polnoprokhodnoy,категория
https://aviastal.ru/zapornaya-armatura/krest/krest-latunnyi/dvukhploskostnaya,категория
https://aviastal.ru/zapornaya-armatura/krany/metallicheskii-kran/sharovoy,категория
https://aviastal.ru/zapornaya-armatura/krany/metallicheskii-kran/dlya-vodoprovoda,категория
https://aviastal.ru/zapornaya-armatura/krany/metallicheskii-kran/uglovoy,категория
"https://aviastal.ru/zapornaya-armatura/krest/krestovina-polipropilen,-polietilen,-metalloplasti/uglovaya",категория
"https://aviastal.ru/zapornaya-armatura/krest/krestovina-polipropilen,-polietilen,-metalloplasti/polietilenovaya",категория
"https://aviastal.ru/zapornaya-armatura/krest/krestovina-polipropilen,-polietilen,-metalloplasti/dvukhploskostnaya",категория
https://aviastal.ru/zapornaya-armatura/krest/krest-stalnoi/vodoprovodnyy,категория
https://aviastal.ru/zapornaya-armatura/krest/krest-stalnoi/truboprovodnyy,категория
https://aviastal.ru/zapornaya-armatura/metallorukava/germetichnyy,категория
https://aviastal.ru/zapornaya-armatura/metallorukava/metallicheskiy,категория
https://aviastal.ru/zapornaya-armatura/metallorukava/gibkiy,категория
https://aviastal.ru/zapornaya-armatura/metallorukava/dlya-naruzhnoy-prokladki,категория
https://aviastal.ru/zapornaya-armatura/metallorukava/pozharnyy,категория
https://aviastal.ru/zapornaya-armatura/mufty/amerikanka/polipropilenovaya,категория
https://aviastal.ru/zapornaya-armatura/mufty/amerikanka/vnutrennyaya,категория
https://aviastal.ru/zapornaya-armatura/mufty/amerikanka/naruzhnaya,категория
https://aviastal.ru/zapornaya-armatura/mufty/amerikanka/stal'naya,категория
https://aviastal.ru/zapornaya-armatura/mufty/amerikanka/nikelirovannaya,категория
https://aviastal.ru/zapornaya-armatura/mufty/amerikanka/latunnaya,категория
https://aviastal.ru/zapornaya-armatura/mufty/amerikanka/metallicheskaya,категория
https://aviastal.ru/zapornaya-armatura/mufty/amerikanka/nerzhaveyushchaya,категория
https://aviastal.ru/zapornaya-armatura/mufty/amerikanka/khromirovannaya,категория
https://aviastal.ru/zapornaya-armatura/mufty/amerikanka/muftovaya,категория
https://aviastal.ru/zapornaya-armatura/mufty/amerikanka/metalloplastikovaya,категория
https://aviastal.ru/zapornaya-armatura/mufty/amerikanka/chugunnaya,категория
https://aviastal.ru/zapornaya-armatura/mufty/amerikanka/bronzovaya,категория
https://aviastal.ru/zapornaya-armatura/nippel/ventilyatsionnyy,категория
https://aviastal.ru/zapornaya-armatura/nippel/s-gaykoy,категория
https://aviastal.ru/zapornaya-armatura/nippel/reduktsionnyy,категория
https://aviastal.ru/zapornaya-armatura/nippel/pvkh,категория
https://aviastal.ru/zapornaya-armatura/nippel/perekhodnoy,категория
https://aviastal.ru/zapornaya-armatura/nippel/latunnyy,категория
https://aviastal.ru/zapornaya-armatura/nippel/pryamoy,категория
https://aviastal.ru/zapornaya-armatura/nippel/nakidnoy,категория
https://aviastal.ru/zapornaya-armatura/nippel/otsinkovannyy,категория
https://aviastal.ru/zapornaya-armatura/nippel/plastikovyy,категория
https://aviastal.ru/zapornaya-armatura/nippel/soedinitel'nyy,категория
https://aviastal.ru/zapornaya-armatura/nippel/nerzhaveyushchiy,категория
https://aviastal.ru/zapornaya-armatura/nippel/chugunnyy,категория
https://aviastal.ru/zapornaya-armatura/nippel/nikelirovannyy,категория
https://aviastal.ru/zapornaya-armatura/nippel/stal'noy,категория
https://aviastal.ru/zapornaya-armatura/nippel/udlinennyy,категория
https://aviastal.ru/zapornaya-armatura/nippel/metallicheskiy,категория
https://aviastal.ru/zapornaya-armatura/nippel/pnevmaticheskiy,категория
https://aviastal.ru/zapornaya-armatura/nippel/vodoprovodnyy,категория
https://aviastal.ru/zapornaya-armatura/nippel/shlangovyy,категория
https://aviastal.ru/zapornaya-armatura/nippel/dvoynoy,категория
https://aviastal.ru/zapornaya-armatura/nippel/polipropilenovyy,категория
https://aviastal.ru/zapornaya-armatura/nippel/khromirovannyy,категория
https://aviastal.ru/zapornaya-armatura/nippel/mednyy,категория
https://aviastal.ru/zapornaya-armatura/nippel/bronzovyy,категория
https://aviastal.ru/zapornaya-armatura/nippel/perekhodnik,категория
https://aviastal.ru/zapornaya-armatura/nippel/bez-pokrytiya,категория
https://aviastal.ru/zapornaya-armatura/mufty/mufta-stalnaya/kombinirovannaya,категория
https://aviastal.ru/zapornaya-armatura/mufty/mufta-stalnaya/soedinitel'naya,категория
https://aviastal.ru/zapornaya-armatura/mufty/mufta-stalnaya/perekhodnaya,категория
https://aviastal.ru/zapornaya-armatura/mufty/mufta-stalnaya/polipropilenovaya,категория
https://aviastal.ru/zapornaya-armatura/mufty/mufta-stalnaya/latunnaya,категория
https://aviastal.ru/zapornaya-armatura/mufty/mufta-stalnaya/protivopozharnaya,категория
https://aviastal.ru/zapornaya-armatura/mufty/mufta-stalnaya/remontnaya,категория
https://aviastal.ru/zapornaya-armatura/mufty/mufta-stalnaya/plastikovaya,категория
https://aviastal.ru/zapornaya-armatura/mufty/mufta-stalnaya/nadvizhnaya,категория
https://aviastal.ru/zapornaya-armatura/mufty/mufta-stalnaya/nerzhaveyushchaya,категория
https://aviastal.ru/zapornaya-armatura/mufty/mufta-stalnaya/pryamaya,категория
https://aviastal.ru/zapornaya-armatura/mufty/mufta-stalnaya/chugunnaya,категория
https://aviastal.ru/zapornaya-armatura/mufty/mufta-stalnaya/bystros'emnaya,категория
https://aviastal.ru/zapornaya-armatura/mufty/mufta-stalnaya/polietilenovaya,категория
https://aviastal.ru/zapornaya-armatura/mufty/mufta-stalnaya/raz'emnaya,категория
https://aviastal.ru/zapornaya-armatura/mufty/mufta-stalnaya/otsinkovannaya,категория
https://aviastal.ru/zapornaya-armatura/mufty/mufta-stalnaya/universal'naya,категория
https://aviastal.ru/zapornaya-armatura/mufty/mufta-stalnaya/zazhimnaya,категория
https://aviastal.ru/zapornaya-armatura/mufty/mufta-stalnaya/drenazhnaya,категория
https://aviastal.ru/zapornaya-armatura/mufty/mufta-stalnaya/asbestotsementnaya,категория
https://aviastal.ru/zapornaya-armatura/mufty/mufta-stalnaya/bystroraz'emnaya,категория
https://aviastal.ru/zapornaya-armatura/mufty/mufta-stalnaya/vysokogo-davleniya,категория
https://aviastal.ru/zapornaya-armatura/mufty/mufta-stalnaya/ravnoprokhodnaya,категория
https://aviastal.ru/zapornaya-armatura/mufty/mufta-stalnaya/molochnaya,категория
https://aviastal.ru/zapornaya-armatura/mufty/mufta-stalnaya/fiting,категория
https://aviastal.ru/zapornaya-armatura/mufty/mufta-stalnaya/prokhodnaya,категория
https://aviastal.ru/zapornaya-armatura/mufty/mufta-stalnaya/kompressora,категория
https://aviastal.ru/zapornaya-armatura/mufty/mufta-stalnaya/konditsionera,категория
https://aviastal.ru/zapornaya-armatura/mufty/mufta-stalnaya/kompressionnaya,категория
https://aviastal.ru/zapornaya-armatura/mufty/mufta-stalnaya/metalloplastikovaya,категория
https://aviastal.ru/zapornaya-armatura/mufty/mufta-stalnaya/nasos,категория
https://aviastal.ru/zapornaya-armatura/mufty/mufta-stalnaya/perekhodnik,категория
https://aviastal.ru/zapornaya-armatura/mufty/mufta-stalnaya/dlya-vala,категория
https://aviastal.ru/zapornaya-armatura/mufty/mufta-stalnaya/greyushchaya,категория
https://aviastal.ru/zapornaya-armatura/mufty/mufta-stalnaya/nikelirovannaya,категория
https://aviastal.ru/zapornaya-armatura/mufty/mufta-stalnaya/privoda,категория
https://aviastal.ru/zapornaya-armatura/mufty/mufta-stalnaya/iz-kovkogo-chuguna,категория
https://aviastal.ru/zapornaya-armatura/mufty/mufta-stalnaya/pod-payku,категория
https://aviastal.ru/zapornaya-armatura/mufty/mufta-stalnaya/bronza,категория
https://aviastal.ru/zapornaya-armatura/mufty/mufta-stalnaya/obzhimnaya,категория
https://aviastal.ru/zapornaya-armatura/mufty/mufta-stalnaya/mednaya,категория
https://aviastal.ru/zapornaya-armatura/mufty/mufta-stalnaya/muvp,категория
https://aviastal.ru/zapornaya-armatura/mufty/mufta-stalnaya/pal'tsevaya,категория
https://aviastal.ru/zapornaya-armatura/mufty/mufta-stalnaya/kompensatsionnaya,категория
https://aviastal.ru/zapornaya-armatura/mufty/mufta-stalnaya/skol'zyashchaya,категория
https://aviastal.ru/zapornaya-armatura/mufty/mufta-stalnaya/dvukhrastrubnaya,категория
https://aviastal.ru/zapornaya-armatura/mufty/mufta-stalnaya/reduktora,категория
https://aviastal.ru/zapornaya-armatura/mufty/mufta-stalnaya/zadnego-reduktora,категория
https://aviastal.ru/zapornaya-armatura/mufty/mufta-stalnaya/reduktsionnaya,категория
https://aviastal.ru/zapornaya-armatura/mufty/mufta-stalnaya/regulirovochnaya,категория
https://aviastal.ru/zapornaya-armatura/mufty/mufta-stalnaya/trubka,категория
https://aviastal.ru/zapornaya-armatura/mufty/mufta-stalnaya/kontsentricheskaya,категория
https://aviastal.ru/zapornaya-armatura/mufty/mufta-stalnaya/uprugaya,категория
https://aviastal.ru/zapornaya-armatura/mufty/mufta-stalnaya/nippel',категория
https://aviastal.ru/zapornaya-armatura/mufty/mufta-stalnaya/dlinnaya,категория
https://aviastal.ru/zapornaya-armatura/mufty/mufta-stalnaya/zashchitnaya,категория
https://aviastal.ru/zapornaya-armatura/mufty/mufta-stalnaya/sprinklernaya,категория
https://aviastal.ru/zapornaya-armatura/mufty/mufta-stalnaya/khrizolittsementnaya,категория
https://aviastal.ru/zapornaya-armatura/mufty/mufta-stalnaya/korotkaya,категория
https://aviastal.ru/zapornaya-armatura/mufty/mufta-stalnaya/udlinennaya,категория
https://aviastal.ru/zapornaya-armatura/mufty/mufta-stalnaya/tsapka,категория
https://aviastal.ru/zapornaya-armatura/mufty/mufta-stalnaya/pvkh,категория
https://aviastal.ru/zapornaya-armatura/otvody/otvod-chugunnyi/otsinkovannyy,категория
https://aviastal.ru/zapornaya-armatura/otvody/otvod-bu/stal'noy,категория
"https://aviastal.ru/proizvodstvo/proizvodstvo,-izgotovlenie-polosy",категория
"https://aviastal.ru/proizvodstvo/proizvodstvo,-izgotovlenie-pressform",категория
https://aviastal.ru/zapornaya-armatura/otvody/otvod-otcinkovannyi/pryamougol'nyy,категория
https://aviastal.ru/zapornaya-armatura/otvody/otvod-otcinkovannyi/ventilyatsionnyy,категория
https://aviastal.ru/zapornaya-armatura/otvody/otvod-otcinkovannyi/gnutyy,категория
https://aviastal.ru/zapornaya-armatura/otvody/otvod-otcinkovannyi/kruglyy,категория
https://aviastal.ru/zapornaya-armatura/otvody/otvod-otcinkovannyi/krutoizognutyy,категория
https://aviastal.ru/zapornaya-armatura/otvody/otvod-otcinkovannyi/besshovnyy,категория
https://aviastal.ru/zapornaya-armatura/otvody/otvod-otcinkovannyi/stal'noy,категория
https://aviastal.ru/zapornaya-armatura/otvody/otvod-otcinkovannyi/chugunnyy,категория
https://aviastal.ru/zapornaya-armatura/otvody/otvod-otcinkovannyi/tonkolistovoy,категория
https://aviastal.ru/zapornaya-armatura/otvody/otvod-nerzhaveushii/krutoizognutyy,категория
https://aviastal.ru/zapornaya-armatura/otvody/otvod-nerzhaveushii/besshovnyy,категория
https://aviastal.ru/zapornaya-armatura/otvody/otvod-nerzhaveushii/stal'noy,категория
https://aviastal.ru/zapornaya-armatura/otvody/otvod-nerzhaveushii/udlinennyy,категория
https://aviastal.ru/zapornaya-armatura/otvody/otvod-nerzhaveushii/gnutyy,категория
https://aviastal.ru/zapornaya-armatura/patrubok/perekhodnoy,категория
https://aviastal.ru/zapornaya-armatura/patrubok/metallicheskiy,категория
https://aviastal.ru/zapornaya-armatura/patrubok/gladkiy,категория
https://aviastal.ru/zapornaya-armatura/patrubok/plastikovyy,категория
https://aviastal.ru/zapornaya-armatura/patrubok/otvodyashchiy,категория
https://aviastal.ru/zapornaya-armatura/patrubok/dlya-posudomoechnykh-mashin,категория
https://aviastal.ru/zapornaya-armatura/patrubok/dlya-dymokhoda,категория
https://aviastal.ru/zapornaya-armatura/patrubok/dlya-nasosa,категория
https://aviastal.ru/zapornaya-armatura/patrubok/dlya-poroshkopriemnika,категория
https://aviastal.ru/zapornaya-armatura/patrubok/dlya-trub,категория
https://aviastal.ru/zapornaya-armatura/patrubok/dlya-sololifta,категория
https://aviastal.ru/zapornaya-armatura/patrubok/s-otvodom,категория
https://aviastal.ru/zapornaya-armatura/patrubok/drenazhnyy,категория
https://aviastal.ru/zapornaya-armatura/patrubok/santekhnicheskiy,категория
https://aviastal.ru/zapornaya-armatura/patrubok/dlya-sifona,категория
https://aviastal.ru/zapornaya-armatura/patrubok/vodyanoy,категория
https://aviastal.ru/zapornaya-armatura/patrubok/polietilenovyy,категория
https://aviastal.ru/zapornaya-armatura/otvody/otvod-stalnoi/krutoizognutyy,категория
https://aviastal.ru/zapornaya-armatura/otvody/otvod-stalnoi/besshovnyy,категория
https://aviastal.ru/zapornaya-armatura/otvody/otvod-stalnoi/otsinkovannyy,категория
https://aviastal.ru/zapornaya-armatura/otvody/otvod-stalnoi/gnutyy,категория
https://aviastal.ru/zapornaya-armatura/otvody/otvod-stalnoi/elektrosvarnoy,категория
https://aviastal.ru/zapornaya-armatura/otvody/otvod-stalnoi/santekhnicheskiy,категория
https://aviastal.ru/zapornaya-armatura/otvody/otvod-stalnoi/nerzhaveyushchiy,категория
https://aviastal.ru/zapornaya-armatura/otvody/otvod-stalnoi/vodoprovodnyy,категория
https://aviastal.ru/zapornaya-armatura/otvody/otvod-stalnoi/kovannyy,категория
https://aviastal.ru/zapornaya-armatura/otvody/otvod-stalnoi/shtampovannyy,категория
https://aviastal.ru/zapornaya-armatura/perehody/perehod-latunnyi/dlya-trub,категория
https://aviastal.ru/zapornaya-armatura/perehody/perehod-chugunnyi/otsinkovannyy,категория
https://aviastal.ru/zapornaya-armatura/perehody/perehod-nerzhaveushii/konicheskiy,категория
https://aviastal.ru/zapornaya-armatura/perehody/perehod-nerzhaveushii/kontsentricheskiy,категория
https://aviastal.ru/zapornaya-armatura/perehody/perehod-nerzhaveushii/ekstsentricheskiy,категория
https://aviastal.ru/zapornaya-armatura/pozharnaya-podstavka/prokhodnaya,категория
https://aviastal.ru/zapornaya-armatura/radiatory-otopleniya/probki-dlya-radiatorov/dlya-stal'nykh-radiatorov,категория
https://aviastal.ru/zapornaya-armatura/radiatory-otopleniya/radiatory-aluminievye-i-bimetallicheskie/alyuminievyy,категория
https://aviastal.ru/zapornaya-armatura/radiatory-otopleniya/radiatory-aluminievye-i-bimetallicheskie/bimetallicheskiy,категория
https://aviastal.ru/zapornaya-armatura/sedelki/polietilenovaya,категория
https://aviastal.ru/zapornaya-armatura/radiatory-otopleniya/radiatory-chugunnye/dlya-kvartiry,категория
https://aviastal.ru/zapornaya-armatura/radiatory-otopleniya/radiatory-chugunnye/sektsionnye,категория
https://aviastal.ru/zapornaya-armatura/radiatory-otopleniya/radiatory-chugunnye/stal'nye,категория
https://aviastal.ru/zapornaya-armatura/radiatory-otopleniya/radiatory-chugunnye/nizkiy,категория
https://aviastal.ru/zapornaya-armatura/radiatory-otopleniya/radiatory-chugunnye/batareya,категория
https://aviastal.ru/zapornaya-armatura/radiatory-otopleniya/radiatory-chugunnye/rebristye,категория
https://aviastal.ru/zapornaya-armatura/radiatory-otopleniya/radiatory-chugunnye/vysokiy,категория
https://aviastal.ru/zapornaya-armatura/radiatory-otopleniya/radiatory-chugunnye/malen'kiy,категория
https://aviastal.ru/zapornaya-armatura/perehody/perehod-stalnoi/kontsentricheskiy,категория
https://aviastal.ru/zapornaya-armatura/perehody/perehod-stalnoi/ekstsentricheskiy,категория
https://aviastal.ru/zapornaya-armatura/perehody/perehod-stalnoi/besshovnyy,категория
https://aviastal.ru/zapornaya-armatura/perehody/perehod-stalnoi/konicheskiy,категория
https://aviastal.ru/zapornaya-armatura/perehody/perehod-stalnoi/svarnoy,категория
https://aviastal.ru/zapornaya-armatura/shtutcer/obratki,категория
https://aviastal.ru/zapornaya-armatura/shtutcer/s-klapanom,категория
https://aviastal.ru/zapornaya-armatura/shtutcer/na-gazovyy-ballon,категория
https://aviastal.ru/zapornaya-armatura/shtutcer/vyvodnoy,категория
https://aviastal.ru/zapornaya-armatura/shtutcer/stal'noy,категория
https://aviastal.ru/zapornaya-armatura/shtutcer/chernyy,категория
https://aviastal.ru/zapornaya-armatura/shtutcer/vodoprovodnyy,категория
https://aviastal.ru/zapornaya-armatura/shtutcer/metallicheskiy,категория
https://aviastal.ru/zapornaya-armatura/shtutcer/propanovyy,категория
https://aviastal.ru/zapornaya-armatura/shtutcer/dlya-radiatora,категория
https://aviastal.ru/zapornaya-armatura/shtutcer/dlya-energoakkumulyatora,категория
https://aviastal.ru/zapornaya-armatura/shtutcer/dlya-polotentsesushitelya,категория
https://aviastal.ru/zapornaya-armatura/shtutcer/plastikovyy,категория
https://aviastal.ru/zapornaya-armatura/shtutcer/rez'bovoy,категория
https://aviastal.ru/zapornaya-armatura/shtutcer/s-rez'boy,категория
https://aviastal.ru/zapornaya-armatura/shtutcer/dlya-plastikovykh-trubok,категория
https://aviastal.ru/zapornaya-armatura/shtutcer/dlya-stiral'nykh-mashin,категория
https://aviastal.ru/zapornaya-armatura/shtutcer/dlya-truboprovodov,категория
https://aviastal.ru/zapornaya-armatura/shtutcer/s-konicheskoy-rez'boy,категория
https://aviastal.ru/zapornaya-armatura/shtutcer/dlya-sifona,категория
https://aviastal.ru/zapornaya-armatura/shtutcer/dlya-bochki,категория
https://aviastal.ru/zapornaya-armatura/shtutcer/perekhodnoy,категория
https://aviastal.ru/zapornaya-armatura/shtutcer/plastmassovyy,категория
https://aviastal.ru/zapornaya-armatura/shtutcer/remontnyy,категория
https://aviastal.ru/zapornaya-armatura/shtutcer/sharovoy,категория
https://aviastal.ru/zapornaya-armatura/shtutcer/kanalizatsionnyy,категория
https://aviastal.ru/zapornaya-armatura/shtutcer/dlya-gidroakkumulyatora,категория
https://aviastal.ru/zapornaya-armatura/shtutcer/dlya-slivnogo-shlanga,категория
https://aviastal.ru/zapornaya-armatura/shtutcer/dlya-manometra,категория
https://aviastal.ru/zapornaya-armatura/shtutcer/dlya-nasosnoy-stantsii,категория
https://aviastal.ru/zapornaya-armatura/shtutcer/dlya-priborov,категория
"https://aviastal.ru/proizvodstvo/proizvodstvo,-izgotovlenie-shtaketnika",категория
https://aviastal.ru/zapornaya-armatura/radiatory-otopleniya/radiatory-stalnye/sektsionnyy,категория
"https://aviastal.ru/proizvodstvo/proizvodstvo,-izgotovlenie-zaglushek",категория
https://aviastal.ru/zapornaya-armatura/radiatory-otopleniya/radiatory-stalnye/s-bokovym-podklyucheniem,категория
https://aviastal.ru/zapornaya-armatura/radiatory-otopleniya/radiatory-stalnye/s-levym-podklyucheniem,категория
https://aviastal.ru/zapornaya-armatura/trapy/nerzhaveushii-trap/kanalizatsionnyy,категория
https://aviastal.ru/zapornaya-armatura/trapy/trap-plastikovyi/kanalizatsionnyy,категория
https://aviastal.ru/zapornaya-armatura/trapy/trap-plastikovyi/ulichnyy,категория
https://aviastal.ru/zapornaya-armatura/trapy/trap-chugunnyi/emalirovannyy,категория
https://aviastal.ru/zapornaya-armatura/trapy/trap-chugunnyi/ulichnyy,категория
https://aviastal.ru/zapornaya-armatura/troiniki/troinik-chugunnyi/otsinkovannyy,категория
https://aviastal.ru/zapornaya-armatura/troiniki/troinik-latunnyi/perekhodnoy,категория
https://aviastal.ru/zapornaya-armatura/troiniki/troinik-latunnyi/rez'bovoy,категория
https://aviastal.ru/zapornaya-armatura/troiniki/troinik-latunnyi/reduktsionnyy,категория
https://aviastal.ru/zapornaya-armatura/troiniki/troinik-latunnyi/soedinitel'nyy,категория
https://aviastal.ru/zapornaya-armatura/troiniki/troinik-latunnyi/dlya-vody,категория
https://aviastal.ru/zapornaya-armatura/troiniki/troinik-latunnyi/santekhnicheskiy,категория
https://aviastal.ru/zapornaya-armatura/troiniki/troinik-latunnyi/dlya-shlangov,категория
https://aviastal.ru/zapornaya-armatura/troiniki/troinik-latunnyi/vnutrennyaya-rez'ba,категория
https://aviastal.ru/zapornaya-armatura/troiniki/troinik-latunnyi/naruzhnaya-rez'ba,категория
https://aviastal.ru/zapornaya-armatura/troiniki/troinik-nerzhaveushii/perekhodnoy,категория
https://aviastal.ru/zapornaya-armatura/troiniki/troinik-nerzhaveushii/ravnoprokhodnoy,категория
https://aviastal.ru/zapornaya-armatura/troiniki/troinik-nerzhaveushii/press-troynik,категория
https://aviastal.ru/zapornaya-armatura/troiniki/troinik-nerzhaveushii/dlya-dymokhoda,категория
https://aviastal.ru/zapornaya-armatura/troiniki/troinik-mednyi/perekhodnoy,категория
https://aviastal.ru/zapornaya-armatura/troiniki/troinik-mednyi/pod-payku,категория
https://aviastal.ru/zapornaya-armatura/ventili/ventil-bronzovyi/latunnyy,категория
https://aviastal.ru/zapornaya-armatura/troiniki/troinik-stalnoi/otsinkovannyy,категория
https://aviastal.ru/zapornaya-armatura/troiniki/troinik-stalnoi/trubnyy-,категория
https://aviastal.ru/zapornaya-armatura/troiniki/troinik-stalnoi/vodoprovodnyy,категория
https://aviastal.ru/zapornaya-armatura/ventili/ventil-chugunnyi/vodoprovodnyy,категория
https://aviastal.ru/zapornaya-armatura/ventili/ventil-latunnyi/bronzovyy,категория
https://aviastal.ru/zapornaya-armatura/ventili/ventil-latunnyi/vodoprovodnyy,категория
https://aviastal.ru/zapornaya-armatura/ventili/ventil-polipropilenovyi/sharovyy,категория
https://aviastal.ru/zapornaya-armatura/ventili/ventil-polipropilenovyi/uglovoy,категория
https://aviastal.ru/zapornaya-armatura/ventili/ventil-polipropilenovyi/radiatornyy,категория
https://aviastal.ru/zapornaya-armatura/vtulki/vtulka-polipropilen-polietilen-metalloplastik/polietilenovaya,категория
https://aviastal.ru/zapornaya-armatura/vtulki/vtulka-polipropilen-polietilen-metalloplastik/polipropilenovaya,категория
https://aviastal.ru/zapornaya-armatura/vtulki/vtulka-polipropilen-polietilen-metalloplastik/udlinennaya,категория
https://aviastal.ru/zapornaya-armatura/vtulki/vtulka-polipropilen-polietilen-metalloplastik/pvkh,категория
https://aviastal.ru/provoloka/provoloka-nerzhaveushaya/pruzhinnaya,категория
https://aviastal.ru/zapornaya-armatura/zadvizhki/zadvizhka-chugunnaya/klinovaya,категория
https://aviastal.ru/zapornaya-armatura/zadvizhki/zadvizhka-chugunnaya/parallel'naya,категория
https://aviastal.ru/zapornaya-armatura/zadvizhki/zadvizhka-chugunnaya/shibernaya,категория
https://aviastal.ru/zapornaya-armatura/zadvizhki/zadvizhka-chugunnaya/kanalizatsionnaya,категория
https://aviastal.ru/zapornaya-armatura/zadvizhki/zadvizhka-chugunnaya/dvukhdiskovaya,категория
https://aviastal.ru/zapornaya-armatura/zadvizhki/zadvizhka-stalnaya/flantsevaya,категория
https://aviastal.ru/zapornaya-armatura/zadvizhki/zadvizhka-stalnaya/dlya-truboprovoda,категория
https://aviastal.ru/zapornaya-armatura/zadvizhki/zadvizhka-stalnaya/klinovaya,категория
https://aviastal.ru/zapornaya-armatura/zadvizhki/zadvizhka-stalnaya/litaya,категория
https://aviastal.ru/zapornaya-armatura/zaglushki/zaglushka-nerzhaveushaya/rez'bovaya,категория
https://aviastal.ru/zapornaya-armatura/zaglushki/zaglushka-nerzhaveushaya/sfericheskaya,категория
https://aviastal.ru/zapornaya-armatura/zaglushki/zaglushka-polipropilen-polietilen-metalloplastik/plastikovaya,категория
https://aviastal.ru/zapornaya-armatura/zaglushki/zaglushka-polipropilen-polietilen-metalloplastik/polietilen,категория
https://aviastal.ru/zapornaya-armatura/zaglushki/zaglushka-polipropilen-polietilen-metalloplastik/metalloplastik,категория
https://aviastal.ru/zapornaya-armatura/zaglushki/zaglushka-polipropilen-polietilen-metalloplastik/polipropilen,категория
https://aviastal.ru/zapornaya-armatura/zaglushki/zaglushka-polipropilen-polietilen-metalloplastik/vnutrennyaya,категория
https://aviastal.ru/zapornaya-armatura/zaglushki/zaglushka-polipropilen-polietilen-metalloplastik/naruzhnaya,категория
https://aviastal.ru/zapornaya-armatura/zaglushki/zaglushka-stalnaya/tip-pt,категория
https://aviastal.ru/zapornaya-armatura/zaglushki/zaglushka-stalnaya/ellipticheskaya,категория
https://aviastal.ru/zapornaya-armatura/zaglushki/zaglushka-stalnaya/rez'bovaya,категория
https://aviastal.ru/zapornaya-armatura/zaglushki/zaglushka-stalnaya/ploskaya,категория
https://aviastal.ru/zapornaya-armatura/zaglushki/zaglushka-stalnaya/povorotnaya,категория
https://aviastal.ru/zapornaya-armatura/radiatory-otopleniya/radiatory-chugunnye/sektcii_7,тег
https://aviastal.ru/zapornaya-armatura/radiatory-otopleniya/radiatory-chugunnye/marka-radiatora_ms-140,тег
https://aviastal.ru/zapornaya-armatura/radiatory-otopleniya/radiatory-chugunnye/marka-radiatora_ms-140-500,тег
https://aviastal.ru/zapornaya-armatura/radiatory-otopleniya/radiatory-chugunnye/sektcii_10,тег
https://aviastal.ru/zapornaya-armatura/radiatory-otopleniya/radiatory-chugunnye/marka-radiatora_nova,тег
https://aviastal.ru/zapornaya-armatura/radiatory-otopleniya/radiatory-chugunnye/marka-radiatora_nova__vysota-rebra_500,тег
https://aviastal.ru/zapornaya-armatura/radiatory-otopleniya/radiatory-chugunnye/marka-radiatora_ms-140__vysota-rebra_500__sektcii_7,тег
https://aviastal.ru/zapornaya-armatura/radiatory-otopleniya/radiatory-chugunnye/marka-radiatora_ms-140__sektcii_7,тег
https://aviastal.ru/zapornaya-armatura/radiatory-otopleniya/radiatory-chugunnye/vysota-rebra_500,тег
https://aviastal.ru/zapornaya-armatura/radiatory-otopleniya/radiatory-chugunnye/sektcii_12,тег
https://aviastal.ru/zapornaya-armatura/radiatory-otopleniya/radiatory-chugunnye/sektcii_4,тег
https://aviastal.ru/zapornaya-armatura/radiatory-otopleniya/radiatory-chugunnye/vysota-rebra_300,тег
https://aviastal.ru/zapornaya-armatura/radiatory-otopleniya/radiatory-chugunnye/sektcii_5,тег
https://aviastal.ru/zapornaya-armatura/radiatory-otopleniya/radiatory-chugunnye/sektcii_1,тег
https://aviastal.ru/zapornaya-armatura/radiatory-otopleniya/radiatory-chugunnye/sektcii_8,тег
https://aviastal.ru/zapornaya-armatura/radiatory-otopleniya/radiatory-chugunnye/sektcii_6,тег
https://aviastal.ru/zapornaya-armatura/radiatory-otopleniya/radiatory-chugunnye/marka-radiatora_ms-140__vysota-rebra_300,тег
https://aviastal.ru/zapornaya-armatura/radiatory-otopleniya/radiatory-chugunnye/marka-radiatora_ms-140m4__vysota-rebra_500,тег
https://aviastal.ru/zapornaya-armatura/radiatory-otopleniya/radiatory-chugunnye/vysota-rebra_300__sektcii_7,тег
https://aviastal.ru/tcvetnoi-metalloprokat/med/list-mednyi/tolshina_1,тег
https://aviastal.ru/tcvetnoi-metalloprokat/med/list-mednyi/tolshina_2,тег
https://aviastal.ru/tcvetnoi-metalloprokat/med/list-mednyi/marka-materiala_m1,тег
https://aviastal.ru/tcvetnoi-metalloprokat/med/list-mednyi/tolshina_3,тег
"https://aviastal.ru/tcvetnoi-metalloprokat/med/list-mednyi/tolshina_1,5",тег
https://aviastal.ru/tcvetnoi-metalloprokat/med/list-mednyi/tolshina_4,тег
https://aviastal.ru/tcvetnoi-metalloprokat/med/list-mednyi/marka-materiala_m1m,тег
https://aviastal.ru/tcvetnoi-metalloprokat/med/list-mednyi/gost_1173-2006,тег
https://aviastal.ru/chernyi-prokat/sortovoi-prokat/gnutyi-profil/tip-profilya_p,тег
https://aviastal.ru/zapornaya-armatura/otvody/otvod-mednyi/ugol_90,тег
https://aviastal.ru/zapornaya-armatura/otvody/otvod-mednyi/diametr_1-1-4,тег
https://aviastal.ru/zapornaya-armatura/otvody/otvod-mednyi/diametr_28,тег
https://aviastal.ru/zapornaya-armatura/otvody/otvod-mednyi/ugol_180,тег
"https://aviastal.ru/provoloka/provoloka-otcinkovannaya/diametr_1,2",тег
https://aviastal.ru/zapornaya-armatura/otvody/otvod-mednyi/diametr_35,тег
https://aviastal.ru/zapornaya-armatura/otvody/otvod-mednyi/diametr_54,тег
https://aviastal.ru/zapornaya-armatura/otvody/otvod-mednyi/ugol_45,тег
https://aviastal.ru/chernyi-prokat/sortovoi-prokat/gnutyi-profil/tip-profilya_s,тег
https://aviastal.ru/chernyi-prokat/sortovoi-prokat/gnutyi-profil/tip-profilya_z,тег
https://aviastal.ru/chernyi-prokat/relsy-i-krepezh/relsy-kranovye/marka-relsov_kr70,тег
https://aviastal.ru/chernyi-prokat/relsy-i-krepezh/relsy-kranovye/gost_4121-96,тег
https://aviastal.ru/provoloka/provoloka-aluminievaya/diametr_3,тег
https://aviastal.ru/provoloka/provoloka-aluminievaya/diametr_2,тег
https://aviastal.ru/provoloka/provoloka-aluminievaya/markirovka_er-4043,тег
https://aviastal.ru/provoloka/provoloka-aluminievaya/diametr_1,тег
https://aviastal.ru/provoloka/provoloka-aluminievaya/diametr_6,тег
https://aviastal.ru/provoloka/provoloka-aluminievaya/diametr_5,тег
https://aviastal.ru/provoloka/provoloka-aluminievaya/diametr_4,тег
https://aviastal.ru/provoloka/provoloka-aluminievaya/gost_7871-75,тег
https://aviastal.ru/provoloka/provoloka-aluminievaya/marka-materiala_alsi5,тег
https://aviastal.ru/provoloka/provoloka-aluminievaya/marka-materiala_amtc,тег
https://aviastal.ru/zapornaya-armatura/elektroprivod/marka-izdeliya_gz-a-100-24,тег
https://aviastal.ru/zapornaya-armatura/elektroprivod/marka-izdeliya_gz-a-70-24,тег
https://aviastal.ru/zapornaya-armatura/elektroprivod/tip-privoda_chetvertoborotnyi,тег
https://aviastal.ru/zapornaya-armatura/elektroprivod/tip-privoda_vzryvozashishennyi,тег
https://aviastal.ru/tcvetnoi-metalloprokat/aluminii/truba-aluminievaya/diametr_25,тег
https://aviastal.ru/tcvetnoi-metalloprokat/aluminii/truba-aluminievaya/diametr_50,тег
https://aviastal.ru/tcvetnoi-metalloprokat/aluminii/truba-aluminievaya/diametr_30,тег
https://aviastal.ru/tcvetnoi-metalloprokat/aluminii/truba-aluminievaya/diametr_20,тег
https://aviastal.ru/tcvetnoi-metalloprokat/aluminii/truba-aluminievaya/diametr_40,тег
https://aviastal.ru/tcvetnoi-metalloprokat/aluminii/truba-aluminievaya/diametr_32,тег
https://aviastal.ru/tcvetnoi-metalloprokat/aluminii/truba-aluminievaya/diametr_60,тег
https://aviastal.ru/tcvetnoi-metalloprokat/aluminii/truba-aluminievaya/diametr_100,тег
https://aviastal.ru/tcvetnoi-metalloprokat/aluminii/truba-aluminievaya/marka-materiala_d16t,тег
https://aviastal.ru/tcvetnoi-metalloprokat/aluminii/truba-aluminievaya/diametr_22,тег
https://aviastal.ru/tcvetnoi-metalloprokat/aluminii/truba-aluminievaya/marka-materiala_ad31t1,тег
https://aviastal.ru/tcvetnoi-metalloprokat/aluminii/truba-aluminievaya/diametr_70,тег
https://aviastal.ru/tcvetnoi-metalloprokat/aluminii/truba-aluminievaya/diametr_18,тег
https://aviastal.ru/tcvetnoi-metalloprokat/aluminii/truba-aluminievaya/diametr_5,тег
https://aviastal.ru/tcvetnoi-metalloprokat/aluminii/truba-aluminievaya/diametr_10,тег
https://aviastal.ru/tcvetnoi-metalloprokat/aluminii/truba-aluminievaya/diametr_80,тег
https://aviastal.ru/tcvetnoi-metalloprokat/aluminii/truba-aluminievaya/diametr_8,тег
https://aviastal.ru/tcvetnoi-metalloprokat/aluminii/truba-aluminievaya/diametr_6,тег
https://aviastal.ru/tcvetnoi-metalloprokat/aluminii/truba-aluminievaya/gost_18475-82,тег
https://aviastal.ru/tcvetnoi-metalloprokat/aluminii/truba-aluminievaya/diametr_14,тег
https://aviastal.ru/tcvetnoi-metalloprokat/aluminii/truba-aluminievaya/diametr_12,тег
https://aviastal.ru/tcvetnoi-metalloprokat/aluminii/truba-aluminievaya/diametr_300,тег
https://aviastal.ru/tcvetnoi-metalloprokat/aluminii/truba-aluminievaya/diametr_63,тег
https://aviastal.ru/tcvetnoi-metalloprokat/aluminii/truba-aluminievaya/diametr_200,тег
https://aviastal.ru/tcvetnoi-metalloprokat/aluminii/truba-aluminievaya/diametr_28,тег
https://aviastal.ru/tcvetnoi-metalloprokat/aluminii/truba-aluminievaya/diametr_15,тег
https://aviastal.ru/tcvetnoi-metalloprokat/aluminii/truba-aluminievaya/diametr_110,тег
https://aviastal.ru/tcvetnoi-metalloprokat/aluminii/truba-aluminievaya/diametr_90,тег
https://aviastal.ru/tcvetnoi-metalloprokat/aluminii/truba-aluminievaya/diametr_19,тег
https://aviastal.ru/tcvetnoi-metalloprokat/aluminii/truba-aluminievaya/diametr_120,тег
https://aviastal.ru/tcvetnoi-metalloprokat/aluminii/truba-aluminievaya/diametr_150,тег
"https://aviastal.ru/tcvetnoi-metalloprokat/aluminii/truba-aluminievaya/diametr_25__stenka_1,5",тег
https://aviastal.ru/tcvetnoi-metalloprokat/aluminii/truba-aluminievaya/stenka_4,тег
https://aviastal.ru/tcvetnoi-metalloprokat/aluminii/truba-aluminievaya/diametr_34,тег
https://aviastal.ru/tcvetnoi-metalloprokat/aluminii/truba-aluminievaya/dlina_3,тег
https://aviastal.ru/tcvetnoi-metalloprokat/aluminii/truba-aluminievaya/marka-materiala_amg5,тег
https://aviastal.ru/tcvetnoi-metalloprokat/aluminii/truba-aluminievaya/diametr_25__stenka_1,тег
https://aviastal.ru/tcvetnoi-metalloprokat/aluminii/truba-aluminievaya/diametr_32__stenka_1,тег
https://aviastal.ru/tcvetnoi-metalloprokat/aluminii/truba-aluminievaya/diametr_38,тег
https://aviastal.ru/tcvetnoi-metalloprokat/aluminii/truba-aluminievaya/diametr_32__stenka_3,тег
https://aviastal.ru/tcvetnoi-metalloprokat/aluminii/truba-aluminievaya/diametr_250,тег
https://aviastal.ru/tcvetnoi-metalloprokat/aluminii/truba-aluminievaya/diametr_30__stenka_3,тег
https://aviastal.ru/tcvetnoi-metalloprokat/aluminii/truba-aluminievaya/diametr_55,тег
https://aviastal.ru/tcvetnoi-metalloprokat/aluminii/truba-aluminievaya/diametr_75,тег
https://aviastal.ru/tcvetnoi-metalloprokat/aluminii/truba-aluminievaya/diametr_16__stenka_1,тег
https://aviastal.ru/tcvetnoi-metalloprokat/aluminii/truba-aluminievaya/diametr_16__stenka_2,тег
https://aviastal.ru/zapornaya-armatura/zadvizhki/zadvizhka-stalnaya/markirovka_30s41nzh,тег
https://aviastal.ru/zapornaya-armatura/zadvizhki/zadvizhka-stalnaya/diametr_100,тег
https://aviastal.ru/zapornaya-armatura/zadvizhki/zadvizhka-stalnaya/vid_flantcevaya__diametr_50,тег
https://aviastal.ru/zapornaya-armatura/zadvizhki/zadvizhka-stalnaya/klinovaya?ysclid=lo3ut2wqcz553834605,категория
https://aviastal.ru/zapornaya-armatura/zadvizhki/zadvizhka-stalnaya/diametr_250,тег
https://aviastal.ru/zapornaya-armatura/zadvizhki/zadvizhka-stalnaya/diametr_150__vid_flantcevaya,тег
https://aviastal.ru/zapornaya-armatura/zadvizhki/zadvizhka-stalnaya/diametr_300,тег
https://aviastal.ru/provoloka/provoloka-pruzhinnaya/uglerodistaya,категория
https://aviastal.ru/zapornaya-armatura/zadvizhki/zadvizhka-stalnaya/vid_muftovaya,тег
https://aviastal.ru/zapornaya-armatura/zadvizhki/zadvizhka-stalnaya/diametr_150__davlenie_ru-25,тег
https://aviastal.ru/zapornaya-armatura/zadvizhki/zadvizhka-stalnaya/diametr_80__vid_flantcevaya,тег
https://aviastal.ru/chernyi-prokat/sortovoi-prokat/ugolok/ugolok-stekloplastikovyi/razmer-1_50__razmer-2_50__tolshina-polki_5,тег
https://aviastal.ru/tcvetnoi-metalloprokat/latun/lenta-latunnaya/marka-materiala_l63,тег
https://aviastal.ru/tcvetnoi-metalloprokat/aluminii/shveller-aluminievyi/razmer-1_100__razmer-2_50__razmer-3_5,тег
https://aviastal.ru/tcvetnoi-metalloprokat/aluminii/shveller-aluminievyi/razmer-2_100,тег
https://aviastal.ru/tcvetnoi-metalloprokat/aluminii/shveller-aluminievyi/razmer-2_50,тег
"https://aviastal.ru/tcvetnoi-metalloprokat/aluminii/kvadrat-aluminievyi/storona-kvadr,_20",тег
"https://aviastal.ru/tcvetnoi-metalloprokat/aluminii/kvadrat-aluminievyi/storona-kvadr,_12",тег
"https://aviastal.ru/tcvetnoi-metalloprokat/aluminii/kvadrat-aluminievyi/storona-kvadr,_40",тег
https://aviastal.ru/tcvetnoi-metalloprokat/bronza/list-bronzovyi/tolshina_2,тег
https://aviastal.ru/tcvetnoi-metalloprokat/bronza/list-bronzovyi/marka-materiala_brb2,тег
"https://aviastal.ru/chernyi-prokat/sortovoi-prokat/kvadrat-stalnoy/storona-kvadr,_10",тег
https://aviastal.ru/chernyi-prokat/sortovoi-prokat/kvadrat-stalnoy/gost_2591-2006,тег
"https://aviastal.ru/chernyi-prokat/sortovoi-prokat/kvadrat-stalnoy/storona-kvadr,_20",тег
"https://aviastal.ru/chernyi-prokat/sortovoi-prokat/kvadrat-stalnoy/storona-kvadr,_50",тег
"https://aviastal.ru/chernyi-prokat/sortovoi-prokat/kvadrat-stalnoy/storona-kvadr,_70",тег
"https://aviastal.ru/chernyi-prokat/sortovoi-prokat/kvadrat-stalnoy/storona-kvadr,_30",тег
"https://aviastal.ru/chernyi-prokat/sortovoi-prokat/kvadrat-stalnoy/storona-kvadr,_8",тег
https://aviastal.ru/zapornaya-armatura/trapy/nerzhaveushii-trap/vid_gorizontalnyi,тег
https://aviastal.ru/zapornaya-armatura/trapy/nerzhaveushii-trap/razmer-reshetki_150h150,тег
https://aviastal.ru/zapornaya-armatura/trapy/nerzhaveushii-trap/razmer-reshetki_100h100,тег
"https://aviastal.ru/tcvetnoi-metalloprokat/med/folga-mednaya/tolshina-mkm_0,1",тег
"https://aviastal.ru/tcvetnoi-metalloprokat/med/folga-mednaya/tolshina-mkm_0,5",тег
"https://aviastal.ru/tcvetnoi-metalloprokat/med/folga-mednaya/tolshina-mkm_0,3",тег
"https://aviastal.ru/tcvetnoi-metalloprokat/med/folga-mednaya/tolshina-mkm_0,05",тег
https://aviastal.ru/tcvetnoi-metalloprokat/nihromovyi-prokat/lenta-nihromovaya/marka-materiala_h20n80,тег
https://aviastal.ru/chernyi-prokat/listovoi-prokat/list-asbestotcementnyi/tolshina_10,тег
"https://aviastal.ru/chernyi-prokat/listovoi-prokat/list-asbestotcementnyi/tolshina_10__raskroi_1,5h1",тег
https://aviastal.ru/chernyi-prokat/listovoi-prokat/list-asbestotcementnyi/tolshina_8,тег
https://aviastal.ru/chernyi-prokat/listovoi-prokat/list-asbestotcementnyi/tolshina_5,тег
https://aviastal.ru/chernyi-prokat/listovoi-prokat/list-asbestotcementnyi/tolshina_6,тег
"https://aviastal.ru/chernyi-prokat/listovoi-prokat/list-asbestotcementnyi/sposob-proizv,_nepresovannyi",тег
https://aviastal.ru/tcvetnoi-metalloprokat/latun/ugolok-latunnyi/razmer-1_20__razmer-2_20,тег
https://aviastal.ru/rezinotehnicheskie-izdeliya-rti/nabivka-salnikovaya/asbestovaya,категория
https://aviastal.ru/chernyi-prokat/trubnyi-prokat/truba-ploskoovalnaya/diametr-1_30__diametr-2_15,тег
https://aviastal.ru/zapornaya-armatura/flantcy/flanetc-chugunnyi/tip_obzhimnoi,тег
"https://aviastal.ru/zapornaya-armatura/flantcy/flanetc-chugunnyi/diametr-naruzhn,_100",тег
https://aviastal.ru/zapornaya-armatura/flantcy/flanetc-chugunnyi/tip_perehodnoi,тег
https://aviastal.ru/chernyi-prokat/trubnyi-prokat/truba-ploskoovalnaya/diametr-1_40__diametr-2_20,тег
https://aviastal.ru/chernyi-prokat/trubnyi-prokat/truba-treugolnaya/storona-1_60,тег
https://aviastal.ru/zapornaya-armatura/troiniki/troinik-bronzovyi/diametr-1_1-2,тег
https://aviastal.ru/zapornaya-armatura/zadvizhki/zadvizhka-nerzhaveushaya/vid_klinovaya,тег
https://aviastal.ru/zapornaya-armatura/zadvizhki/zadvizhka-nerzhaveushaya/markirovka_30nzh41nzh,тег
https://aviastal.ru/provoloka/provoloka-latunnaya/diametr_2,тег
https://aviastal.ru/provoloka/provoloka-latunnaya/marka-materiala_l63,тег
https://aviastal.ru/provoloka/provoloka-latunnaya/gost_1066-2015,тег
https://aviastal.ru/provoloka/provoloka-latunnaya/diametr_3,тег
https://aviastal.ru/provoloka/provoloka-latunnaya/diametr_5,тег
https://aviastal.ru/provoloka/provoloka-latunnaya/diametr_1,тег
"https://aviastal.ru/provoloka/provoloka-latunnaya/diametr_1,5",тег
"https://aviastal.ru/provoloka/provoloka-latunnaya/diametr_0,25",тег
https://aviastal.ru/chernyi-prokat/trubnyi-prokat/burilnaya-truba/diametr_73,тег
https://aviastal.ru/chernyi-prokat/trubnyi-prokat/burilnaya-truba/diametr_89,тег
https://aviastal.ru/setka/setka-shtukaturnaya/pokrytie_otcinkovannaya,тег
https://aviastal.ru/setka/setka-shtukaturnaya/razmer-yacheiki_50h50,тег
https://aviastal.ru/nerzhaveushii-prokat/shveller-nerzhaveushii/marka-stali_aisi-304,тег
https://aviastal.ru/nerzhaveushii-prokat/shveller-nerzhaveushii/razmer_100h50h5,тег
https://aviastal.ru/metizy/kanat/penkovyi-kanat/diametr_10,тег
https://aviastal.ru/metizy/kanat/penkovyi-kanat/diametr_19,тег
https://aviastal.ru/tcvetnoi-metalloprokat/poroshki/mednyi-poroshok/marka-poroshka_pms-1,тег
https://aviastal.ru/tcvetnoi-metalloprokat/bronza/lenta-bronzovaya/marka-materiala_brb2,тег
https://aviastal.ru/tcvetnoi-metalloprokat/bronza/truba-bronzovaya/marka-materiala_brazh9-4,тег
https://aviastal.ru/tcvetnoi-metalloprokat/bronza/truba-bronzovaya/marka-materiala_brotcs-5-5-5,тег
"https://aviastal.ru/proizvodstvo/izdeliya-dlya-zhkh,-arhitekturnye-elementy",категория
https://aviastal.ru/rezinotehnicheskie-izdeliya-rti/nabivka-salnikovaya/bezasbestovaya,категория
https://aviastal.ru/rezinotehnicheskie-izdeliya-rti/nabivka-salnikovaya/ftoroplastovaya,категория
https://aviastal.ru/rezinotehnicheskie-izdeliya-rti/nabivka-salnikovaya/grafitovaya,категория
https://aviastal.ru/rezinotehnicheskie-izdeliya-rti/nabivka-salnikovaya/pletenaya,категория
https://aviastal.ru/rezinotehnicheskie-izdeliya-rti/nabivka-salnikovaya/propitannaya,категория
https://aviastal.ru/rezinotehnicheskie-izdeliya-rti/nabivka-salnikovaya/sukhaya,категория
https://aviastal.ru/rezinotehnicheskie-izdeliya-rti/tekstolit-list-plita/tolshina_5,тег
https://aviastal.ru/services/rezka,категория
https://aviastal.ru/setka/setka-tcpvs/nerzhaveyushchaya,категория
https://aviastal.ru/tcvetnoi-metalloprokat/aluminii/list-aluminievyi/tolshina_4__poverhnost_riflenyi,тег
https://aviastal.ru/tcvetnoi-metalloprokat/aluminii/polosa-shina-aluminievaya/shirina_10,тег
https://aviastal.ru/tcvetnoi-metalloprokat/aluminii/profil-aluminievyi/--obraznyy,категория
https://aviastal.ru/tcvetnoi-metalloprokat/aluminii/profil-aluminievyi/f-obraznyy,категория
https://aviastal.ru/tcvetnoi-metalloprokat/aluminii/profil-aluminievyi/fasadnyy,категория
https://aviastal.ru/tcvetnoi-metalloprokat/aluminii/profil-aluminievyi/g-obraznyy,категория
https://aviastal.ru/tcvetnoi-metalloprokat/aluminii/profil-aluminievyi/n-obraznyy,категория
"https://aviastal.ru/proizvodstvo/proizvodstvo,-izgotovlenie-pruzhin",категория
"https://aviastal.ru/proizvodstvo/proizvodstvo,-izgotovlenie-metallokonstruktcii",категория
"https://aviastal.ru/proizvodstvo/proizvodstvo,-izgotovlenie-aluminievogo-prokata",категория
https://aviastal.ru/setka/setka-tcpvs/razmer-yacheiki_5h5,тег
https://aviastal.ru/setka/setka-tcpvs/razmer-yacheiki_10h10,тег
https://aviastal.ru/setka/setka-tcpvs/razmer-yacheiki_5h5__material_otcinkovannaya-stal,тег
https://aviastal.ru/setka/setka-tcpvs/razmer-yacheiki_10h10__material_otcinkovannaya-stal,тег
https://aviastal.ru/setka/setka-tcpvs/razmer-yacheiki_2h2,тег
https://aviastal.ru/setka/setka-tcpvs/razmer-yacheiki_3h3,тег
https://aviastal.ru/setka/setka-tcpvs/razmer-yacheiki_8h8,тег
https://aviastal.ru/setka/setka-tcpvs/material_aluminii,тег
https://aviastal.ru/setka/setka-tcpvs/razmer-yacheiki_20h20,тег
https://aviastal.ru/setka/setka-tcpvs/material_otcinkovannaya-stal,тег
https://aviastal.ru/setka/setka-tcpvs/razmer-yacheiki_4h4,тег
https://aviastal.ru/setka/setka-tcpvs/razmer-yacheiki_25h10,тег
https://aviastal.ru/setka/setka-tcpvs/razmer-yacheiki_15h15,тег
https://aviastal.ru/nerzhaveushii-prokat/truba-profilnaya-nerzhaveushaya/storona-a_40__storona-b_20,тег
https://aviastal.ru/nerzhaveushii-prokat/truba-profilnaya-nerzhaveushaya/storona-a_40__storona-b_40,тег
https://aviastal.ru/nerzhaveushii-prokat/truba-profilnaya-nerzhaveushaya/storona-a_20__storona-b_20,тег
https://aviastal.ru/nerzhaveushii-prokat/truba-profilnaya-nerzhaveushaya/marka-stali_aisi-304,тег
https://aviastal.ru/nerzhaveushii-prokat/lenta-nerzhaveushaya/marka-stali_aisi-304,тег
"https://aviastal.ru/nerzhaveushii-prokat/lenta-nerzhaveushaya/tolshina_0,1",тег
https://aviastal.ru/tcvetnoi-metalloprokat/latun/list-latunnyi/tolshina_1,тег
https://aviastal.ru/tcvetnoi-metalloprokat/latun/list-latunnyi/tolshina_2,тег
https://aviastal.ru/tcvetnoi-metalloprokat/latun/list-latunnyi/tolshina_3,тег
https://aviastal.ru/tcvetnoi-metalloprokat/latun/list-latunnyi/marka-materiala_l63,тег
https://aviastal.ru/tcvetnoi-metalloprokat/latun/list-latunnyi/tolshina_4,тег
https://aviastal.ru/tcvetnoi-metalloprokat/latun/list-latunnyi/tolshina_5,тег
https://aviastal.ru/tcvetnoi-metalloprokat/latun/list-latunnyi/marka-materiala_ls59-1,тег
https://aviastal.ru/tcvetnoi-metalloprokat/latun/list-latunnyi/tolshina_10,тег
https://aviastal.ru/metizy/shtift/gost_3128-70,тег
https://aviastal.ru/metizy/shtift/gost_3129-70,тег
https://aviastal.ru/metizy/shtift/gost_din-1481,тег
https://aviastal.ru/metizy/shtift/gost_din-6325,тег
https://aviastal.ru/metizy/shtift/gost_14229-93,тег
https://aviastal.ru/metizy/shtift/gost_din-7,тег
https://aviastal.ru/metizy/shtift/gost_12207-79,тег
https://aviastal.ru/metizy/shtift/gost_9464-79,тег
https://aviastal.ru/metizy/shtift/gost_din-7343,тег
https://aviastal.ru/metizy/shtift/diametr_6,тег
https://aviastal.ru/metizy/shtift/diametr_5,тег
https://aviastal.ru/metizy/shtift/diametr_2,тег
https://aviastal.ru/metizy/shtift/diametr_3,тег
https://aviastal.ru/metizy/shtift/diametr_8,тег
https://aviastal.ru/metizy/shtift/gost_10774-80,тег
https://aviastal.ru/metizy/shtift/gost_din-1,тег
https://aviastal.ru/metizy/shtift/dlina_25,тег
https://aviastal.ru/metizy/shtift/diametr_10,тег
https://aviastal.ru/metizy/shtift/diametr_4,тег
https://aviastal.ru/metizy/shtift/diametr_14,тег
https://aviastal.ru/metizy/shtift/diametr_16,тег
https://aviastal.ru/metizy/shtift/diametr_15,тег
"https://aviastal.ru/metizy/shtift/diametr_2,5",тег
https://aviastal.ru/metizy/shtift/diametr_6__dlina_40,тег
https://aviastal.ru/metizy/shtift/diametr_20,тег
https://aviastal.ru/metizy/shtift/diametr_6__dlina_12,тег
https://aviastal.ru/metizy/shtift/gost_din-7978,тег
"https://aviastal.ru/metizy/shtift/diametr_5,5__dlina_12",тег
https://aviastal.ru/metizy/shtift/dlina_40,тег
https://aviastal.ru/metizy/shtift/diametr_10__dlina_20,тег
https://aviastal.ru/chernyi-prokat/trubnyi-prokat/obsadnaya-truba/diametr_90,тег
https://aviastal.ru/chernyi-prokat/trubnyi-prokat/obsadnaya-truba/diametr_100,тег
https://aviastal.ru/chernyi-prokat/trubnyi-prokat/obsadnaya-truba/tip-mufty_ottm,тег
https://aviastal.ru/chernyi-prokat/trubnyi-prokat/obsadnaya-truba/diametr_117,тег
https://aviastal.ru/chugun/krug-chugunnyi/marka-chuguna_sch20,тег
https://aviastal.ru/krovlya-i-fasad/krovelnye-materialy/konek-krovelnyi/razmery_200h200__dlina_2,тег
https://aviastal.ru/tcvetnoi-metalloprokat/aluminii/profil-aluminievyi/p-obraznyy,категория
https://aviastal.ru/krovlya-i-fasad/krovelnye-materialy/konek-krovelnyi/vid_figurnyi,тег
https://aviastal.ru/krovlya-i-fasad/krovelnye-materialy/konek-krovelnyi/razmery_300h300,тег
https://aviastal.ru/krovlya-i-fasad/krovelnye-materialy/konek-krovelnyi/razmery_150h150__dlina_2,тег
https://aviastal.ru/tcvetnoi-metalloprokat/aluminii/polosa-shina-aluminievaya/marka-materiala_ad31t,тег
https://aviastal.ru/tcvetnoi-metalloprokat/aluminii/polosa-shina-aluminievaya/shirina_100,тег
https://aviastal.ru/tcvetnoi-metalloprokat/aluminii/polosa-shina-aluminievaya/tolshina_1,тег
https://aviastal.ru/tcvetnoi-metalloprokat/aluminii/profil-aluminievyi/razmer-1_15__razmer-2_15,тег
https://aviastal.ru/tcvetnoi-metalloprokat/aluminii/polosa-shina-aluminievaya/shirina_20,тег
https://aviastal.ru/tcvetnoi-metalloprokat/aluminii/polosa-shina-aluminievaya/shirina_20__tolshina_2,тег
https://aviastal.ru/tcvetnoi-metalloprokat/aluminii/polosa-shina-aluminievaya/shirina_30,тег
https://aviastal.ru/tcvetnoi-metalloprokat/aluminii/polosa-shina-aluminievaya/shirina_30__tolshina_2,тег
https://aviastal.ru/tcvetnoi-metalloprokat/aluminii/polosa-shina-aluminievaya/shirina_100__tolshina_10,тег
https://aviastal.ru/tcvetnoi-metalloprokat/aluminii/polosa-shina-aluminievaya/gost_15176-89,тег
https://aviastal.ru/tcvetnoi-metalloprokat/aluminii/polosa-shina-aluminievaya/tolshina_3,тег
https://aviastal.ru/tcvetnoi-metalloprokat/aluminii/polosa-shina-aluminievaya/shirina_50__tolshina_5,тег
https://aviastal.ru/tcvetnoi-metalloprokat/aluminii/polosa-shina-aluminievaya/shirina_60__tolshina_6,тег
https://aviastal.ru/tcvetnoi-metalloprokat/aluminii/polosa-shina-aluminievaya/shirina_40,тег
https://aviastal.ru/tcvetnoi-metalloprokat/aluminii/polosa-shina-aluminievaya/tolshina_2,тег
https://aviastal.ru/tcvetnoi-metalloprokat/aluminii/polosa-shina-aluminievaya/shirina_60,тег
https://aviastal.ru/tcvetnoi-metalloprokat/aluminii/polosa-shina-aluminievaya/shirina_80__tolshina_8,тег
https://aviastal.ru/tcvetnoi-metalloprokat/aluminii/polosa-shina-aluminievaya/shirina_15,тег
https://aviastal.ru/tcvetnoi-metalloprokat/aluminii/polosa-shina-aluminievaya/tolshina_4,тег
https://aviastal.ru/tcvetnoi-metalloprokat/aluminii/polosa-shina-aluminievaya/shirina_30__tolshina_4,тег
https://aviastal.ru/tcvetnoi-metalloprokat/aluminii/polosa-shina-aluminievaya/shirina_40__tolshina_4,тег
https://aviastal.ru/tcvetnoi-metalloprokat/aluminii/polosa-shina-aluminievaya/tolshina_5,тег
https://aviastal.ru/tcvetnoi-metalloprokat/aluminii/polosa-shina-aluminievaya/shirina_50,тег
https://aviastal.ru/tcvetnoi-metalloprokat/aluminii/polosa-shina-aluminievaya/shirina_80,тег
https://aviastal.ru/tcvetnoi-metalloprokat/aluminii/polosa-shina-aluminievaya/tolshina_8,тег
https://aviastal.ru/tcvetnoi-metalloprokat/aluminii/polosa-shina-aluminievaya/marka-materiala_ad0,тег
https://aviastal.ru/tcvetnoi-metalloprokat/aluminii/polosa-shina-aluminievaya/shirina_25__tolshina_3,тег
https://aviastal.ru/tcvetnoi-metalloprokat/aluminii/polosa-shina-aluminievaya/shirina_20__tolshina_3,тег
https://aviastal.ru/tcvetnoi-metalloprokat/aluminii/polosa-shina-aluminievaya/shirina_50__tolshina_6,тег
https://aviastal.ru/tcvetnoi-metalloprokat/aluminii/polosa-shina-aluminievaya/shirina_100__tolshina_8,тег
https://aviastal.ru/tcvetnoi-metalloprokat/aluminii/polosa-shina-aluminievaya/marka-materiala_ad31t__gost_15175-89,тег
https://aviastal.ru/tcvetnoi-metalloprokat/aluminii/polosa-shina-aluminievaya/shirina_40__tolshina_2,тег
https://aviastal.ru/tcvetnoi-metalloprokat/aluminii/polosa-shina-aluminievaya/shirina_10__tolshina_2,тег
https://aviastal.ru/tcvetnoi-metalloprokat/aluminii/polosa-shina-aluminievaya/shirina_10__tolshina_2__dlina_2,тег
https://aviastal.ru/tcvetnoi-metalloprokat/aluminii/polosa-shina-aluminievaya/dlina_3,тег
https://aviastal.ru/tcvetnoi-metalloprokat/aluminii/polosa-shina-aluminievaya/shirina_30__tolshina_3,тег
https://aviastal.ru/tcvetnoi-metalloprokat/aluminii/polosa-shina-aluminievaya/marka-materiala_ad31,тег
https://aviastal.ru/tcvetnoi-metalloprokat/aluminii/polosa-shina-aluminievaya/shirina_60__tolshina_2,тег
https://aviastal.ru/tcvetnoi-metalloprokat/aluminii/polosa-shina-aluminievaya/shirina_40__tolshina_3,тег
https://aviastal.ru/tcvetnoi-metalloprokat/aluminii/polosa-shina-aluminievaya/shirina_20__dlina_2,тег
https://aviastal.ru/tcvetnoi-metalloprokat/aluminii/polosa-shina-aluminievaya/shirina_50__tolshina_5__marka-materiala_ad31,тег
https://aviastal.ru/tcvetnoi-metalloprokat/aluminii/polosa-shina-aluminievaya/shirina_15__tolshina_2,тег
https://aviastal.ru/tcvetnoi-metalloprokat/aluminii/polosa-shina-aluminievaya/shirina_50__tolshina_2,тег
https://aviastal.ru/tcvetnoi-metalloprokat/aluminii/polosa-shina-aluminievaya/shirina_30__tolshina_10,тег
https://aviastal.ru/tcvetnoi-metalloprokat/aluminii/polosa-shina-aluminievaya/shirina_60__tolshina_5,тег
https://aviastal.ru/tcvetnoi-metalloprokat/aluminii/polosa-shina-aluminievaya/shirina_20__tolshina_5,тег
https://aviastal.ru/tcvetnoi-metalloprokat/aluminii/profil-aluminievyi/razmer-1_20__razmer-2_20,тег
https://aviastal.ru/chernyi-prokat/listovoi-prokat/sendvich-paneli/tolshina_100,тег
https://aviastal.ru/chernyi-prokat/listovoi-prokat/sendvich-paneli/tolshina_150,тег
https://aviastal.ru/chernyi-prokat/listovoi-prokat/sendvich-paneli/tolshina_50,тег
https://aviastal.ru/metizy/kanat/dzhutovyi-kanat/diametr_8,тег
https://aviastal.ru/metizy/kanat/dzhutovyi-kanat/diametr_20,тег
https://aviastal.ru/metizy/kanat/dzhutovyi-kanat/diametr_16,тег
https://aviastal.ru/metizy/kanat/dzhutovyi-kanat/diametr_10,тег
https://aviastal.ru/metizy/kanat/dzhutovyi-kanat/diametr_22,тег
https://aviastal.ru/metizy/kanat/dzhutovyi-kanat/diametr_14,тег
https://aviastal.ru/metizy/kanat/dzhutovyi-kanat/diametr_6,тег
https://aviastal.ru/metizy/kanat/dzhutovyi-kanat/diametr_50,тег
https://aviastal.ru/metizy/kanat/dzhutovyi-kanat/diametr_12,тег
https://aviastal.ru/metizy/kanat/dzhutovyi-kanat/diametr_30,тег
https://aviastal.ru/metizy/kanat/dzhutovyi-kanat/diametr_18,тег
https://aviastal.ru/metizy/kanat/dzhutovyi-kanat/diametr_40,тег
https://aviastal.ru/metizy/kanat/dzhutovyi-kanat/diametr_24,тег
https://aviastal.ru/vozduhovody-dymohody/dymohody/otvody-dymohodov/diametr_115,тег
https://aviastal.ru/vozduhovody-dymohody/dymohody/zaglushki-dymohodov/diametr_150,тег
https://aviastal.ru/tcvetnoi-metalloprokat/med/truba-mednaya/diametr_15,тег
https://aviastal.ru/tcvetnoi-metalloprokat/med/truba-mednaya/diametr_28,тег
https://aviastal.ru/tcvetnoi-metalloprokat/med/truba-mednaya/diametr_22,тег
https://aviastal.ru/tcvetnoi-metalloprokat/med/truba-mednaya/diametr_1-4,тег
https://aviastal.ru/tcvetnoi-metalloprokat/med/truba-mednaya/diametr_1-2,тег
https://aviastal.ru/tcvetnoi-metalloprokat/med/truba-mednaya/diametr_3-4,тег
https://aviastal.ru/chernyi-prokat/listovoi-prokat/sendvich-paneli/tolshina_80,тег
https://aviastal.ru/chernyi-prokat/listovoi-prokat/sendvich-paneli/tolshina_120,тег
https://aviastal.ru/chernyi-prokat/trubnyi-prokat/truba-chugunnaya-s-tcpp-bez-tcpp/diametr_100__marka-chuguna_sml,тег
https://aviastal.ru/chernyi-prokat/trubnyi-prokat/truba-chugunnaya-s-tcpp-bez-tcpp/diametr_100,тег
https://aviastal.ru/chernyi-prokat/trubnyi-prokat/truba-chugunnaya-s-tcpp-bez-tcpp/diametr_200,тег
https://aviastal.ru/chernyi-prokat/trubnyi-prokat/truba-chugunnaya-s-tcpp-bez-tcpp/marka-chuguna_sml,тег
https://aviastal.ru/chernyi-prokat/trubnyi-prokat/truba-chugunnaya-s-tcpp-bez-tcpp/diametr_300,тег
https://aviastal.ru/chernyi-prokat/trubnyi-prokat/truba-chugunnaya-s-tcpp-bez-tcpp/diametr_150,тег
https://aviastal.ru/chernyi-prokat/trubnyi-prokat/truba-chugunnaya-s-tcpp-bez-tcpp/marka-chuguna_vchshg,тег
https://aviastal.ru/chernyi-prokat/trubnyi-prokat/truba-chugunnaya-s-tcpp-bez-tcpp/diametr_50__marka-chuguna_sml,тег
https://aviastal.ru/chernyi-prokat/trubnyi-prokat/truba-chugunnaya-s-tcpp-bez-tcpp/diametr_125,тег
https://aviastal.ru/zapornaya-armatura/zadvizhki/zadvizhka-chugunnaya/diametr_100,тег
https://aviastal.ru/zapornaya-armatura/zadvizhki/zadvizhka-chugunnaya/diametr_100__vid_flantcevaya,тег
https://aviastal.ru/zapornaya-armatura/zadvizhki/zadvizhka-chugunnaya/diametr_100__vid_klinovaya,тег
https://aviastal.ru/zapornaya-armatura/zadvizhki/zadvizhka-chugunnaya/diametr_80__vid_flantcevaya,тег
https://aviastal.ru/zapornaya-armatura/zadvizhki/zadvizhka-chugunnaya/diametr_80,тег
https://aviastal.ru/zapornaya-armatura/zadvizhki/zadvizhka-chugunnaya/diametr_150__vid_flantcevaya,тег
https://aviastal.ru/zapornaya-armatura/zadvizhki/zadvizhka-chugunnaya/diametr_150,тег
https://aviastal.ru/zapornaya-armatura/zadvizhki/zadvizhka-chugunnaya/diametr_50__vid_flantcevaya,тег
https://aviastal.ru/zapornaya-armatura/zadvizhki/zadvizhka-chugunnaya/diametr_50,тег
https://aviastal.ru/zapornaya-armatura/zadvizhki/zadvizhka-chugunnaya/markirovka_30ch6br,тег
https://aviastal.ru/zapornaya-armatura/zadvizhki/zadvizhka-chugunnaya/markirovka_30ch6br__vid_parallelnaya,тег
https://aviastal.ru/zapornaya-armatura/zadvizhki/zadvizhka-chugunnaya/vid_klinovaya;flantcevaya,тег
https://aviastal.ru/zapornaya-armatura/zadvizhki/zadvizhka-chugunnaya/diametr_200,тег
https://aviastal.ru/zapornaya-armatura/zadvizhki/zadvizhka-chugunnaya/diametr_300,тег
https://aviastal.ru/zapornaya-armatura/zadvizhki/zadvizhka-chugunnaya/markirovka_30ch906br,тег
https://aviastal.ru/zapornaya-armatura/zadvizhki/zadvizhka-chugunnaya/vid_s-obrezinennym-klinom;flantcevaya,тег
https://aviastal.ru/zapornaya-armatura/zadvizhki/zadvizhka-chugunnaya/vid_s-obrezinennym-klinom,тег
https://aviastal.ru/zapornaya-armatura/zadvizhki/zadvizhka-chugunnaya/diametr_250,тег
https://aviastal.ru/zapornaya-armatura/zadvizhki/zadvizhka-chugunnaya/markirovka_30ch39r__vid_s-obrezinennym-klinom,тег
https://aviastal.ru/zapornaya-armatura/zadvizhki/zadvizhka-chugunnaya/diametr_200__vid_flantcevaya,тег
https://aviastal.ru/zapornaya-armatura/zadvizhki/zadvizhka-chugunnaya/markirovka_30ch6br__vid_flantcevaya,тег
https://aviastal.ru/zapornaya-armatura/zadvizhki/zadvizhka-chugunnaya/diametr_400,тег
https://aviastal.ru/zapornaya-armatura/zadvizhki/zadvizhka-chugunnaya/diametr_100__markirovka_30ch6br,тег
https://aviastal.ru/zapornaya-armatura/zadvizhki/zadvizhka-chugunnaya/diametr_300__vid_flantcevaya,тег
https://aviastal.ru/zapornaya-armatura/zadvizhki/zadvizhka-chugunnaya/diametr_50__markirovka_30ch39r,тег
https://aviastal.ru/zapornaya-armatura/zadvizhki/zadvizhka-chugunnaya/diametr_100__markirovka_30ch39r__davlenie_ru-16,тег
https://aviastal.ru/zapornaya-armatura/zadvizhki/zadvizhka-chugunnaya/diametr_200__markirovka_30ch6br__davlenie_ru-16,тег
https://aviastal.ru/zapornaya-armatura/zadvizhki/zadvizhka-chugunnaya/diametr_150__markirovka_30ch6br,тег
https://aviastal.ru/zapornaya-armatura/zadvizhki/zadvizhka-chugunnaya/markirovka_30ch39r,тег
https://aviastal.ru/zapornaya-armatura/zadvizhki/zadvizhka-chugunnaya/markirovka_30ch39r__vid_flantcevaya,тег
https://aviastal.ru/zapornaya-armatura/zadvizhki/zadvizhka-chugunnaya/diametr_500,тег
https://aviastal.ru/zapornaya-armatura/zadvizhki/zadvizhka-chugunnaya/diametr_600,тег
https://aviastal.ru/zapornaya-armatura/zadvizhki/zadvizhka-chugunnaya/vid_klinovaya,тег
https://aviastal.ru/zapornaya-armatura/zadvizhki/zadvizhka-chugunnaya/diametr_50__markirovka_30ch6br__davlenie_ru-10__vid_flantcevaya,тег
https://aviastal.ru/zapornaya-armatura/zadvizhki/zadvizhka-chugunnaya/diametr_50__markirovka_30ch6br__davlenie_ru-16,тег
https://aviastal.ru/zapornaya-armatura/zadvizhki/zadvizhka-chugunnaya/vid_shibernaya,тег
https://aviastal.ru/zapornaya-armatura/zadvizhki/zadvizhka-chugunnaya/diametr_50__davlenie_ru-16,тег
https://aviastal.ru/zapornaya-armatura/zadvizhki/zadvizhka-chugunnaya/diametr_80__davlenie_ru-10,тег
https://aviastal.ru/zapornaya-armatura/zadvizhki/zadvizhka-chugunnaya/diametr_65__vid_flantcevaya,тег
https://aviastal.ru/zapornaya-armatura/zadvizhki/zadvizhka-chugunnaya/diametr_50__vid_s-obrezinennym-klinom,тег
https://aviastal.ru/zapornaya-armatura/zadvizhki/zadvizhka-chugunnaya/diametr_150__markirovka_30ch39r__davlenie_ru-16,тег
https://aviastal.ru/chernyi-prokat/listovoi-prokat/sendvich-paneli/tolshina_200,тег
https://aviastal.ru/chernyi-prokat/listovoi-prokat/sendvich-paneli/tolshina_40,тег
https://aviastal.ru/chernyi-prokat/listovoi-prokat/sendvich-paneli/tolshina_60,тег
https://aviastal.ru/chernyi-prokat/listovoi-prokat/sendvich-paneli/tolshina_250,тег
https://aviastal.ru/tcvetnoi-metalloprokat/aluminii/profil-aluminievyi/razmer-1_30__razmer-2_30,тег
https://aviastal.ru/chernyi-prokat/listovoi-prokat/sendvich-paneli/vid_krovelnaya__tolshina_150,тег
https://aviastal.ru/tcvetnoi-metalloprokat/aluminii/profil-aluminievyi/t-obraznyy,категория
https://aviastal.ru/tcvetnoi-metalloprokat/aluminii/profil-aluminievyi/uglovoy,категория
https://aviastal.ru/chernyi-prokat/listovoi-prokat/sendvich-paneli/vid_krovelnaya__tolshina_100,тег
https://aviastal.ru/chernyi-prokat/listovoi-prokat/sendvich-paneli/vid_krovelnaya__tolshina_200,тег
https://aviastal.ru/vozduhovody-dymohody/vozduhovody/klapany-i-drosseli/razmer_200,тег
https://aviastal.ru/vozduhovody-dymohody/vozduhovody/klapany-i-drosseli/razmer_100,тег
https://aviastal.ru/vozduhovody-dymohody/vozduhovody/klapany-i-drosseli/razmer_125,тег
https://aviastal.ru/vozduhovody-dymohody/vozduhovody/klapany-i-drosseli/razmer_250,тег
https://aviastal.ru/vozduhovody-dymohody/vozduhovody/klapany-i-drosseli/razmer_100__sechenie_kruglyi,тег
https://aviastal.ru/vozduhovody-dymohody/vozduhovody/klapany-i-drosseli/sechenie_pryamougolnyi,тег
https://aviastal.ru/tcvetnoi-metalloprokat/aluminii/ugolok-aluminievyi/dlina_3,тег
https://aviastal.ru/vozduhovody-dymohody/vozduhovody/klapany-i-drosseli/sechenie_kruglyi,тег
"https://aviastal.ru/vozduhovody-dymohody/vozduhovody/klapany-i-drosseli/material-korp,_nerzhaveushaya-stal",тег
https://aviastal.ru/vozduhovody-dymohody/vozduhovody/klapany-i-drosseli/razmer_355,тег
https://aviastal.ru/vozduhovody-dymohody/vozduhovody/klapany-i-drosseli/tip-konstruktcii_irisovyi,тег
https://aviastal.ru/tcvetnoi-metalloprokat/splavy-tcvetnyh-metallov/medno-nikelevye-splavy/alumel,категория
https://aviastal.ru/vozduhovody-dymohody/vozduhovody/klapany-i-drosseli/razmer_450,тег
https://aviastal.ru/vozduhovody-dymohody/vozduhovody/klapany-i-drosseli/razmer_150,тег
https://aviastal.ru/vozduhovody-dymohody/vozduhovody/klapany-i-drosseli/razmer_400,тег
https://aviastal.ru/vozduhovody-dymohody/vozduhovody/klapany-i-drosseli/tip-konstruktcii_vozdushnyi,тег
https://aviastal.ru/vozduhovody-dymohody/vozduhovody/klapany-i-drosseli/razmer_400h400,тег
https://aviastal.ru/vozduhovody-dymohody/vozduhovody/klapany-i-drosseli/razmer_500,тег
https://aviastal.ru/vozduhovody-dymohody/vozduhovody/klapany-i-drosseli/razmer_150h150,тег
https://aviastal.ru/vozduhovody-dymohody/vozduhovody/klapany-i-drosseli/razmer_100h100,тег
https://aviastal.ru/chernyi-prokat/trubnyi-prokat/truba-predizolirovannaya/marka-izolyatcii_ppu,тег
https://aviastal.ru/tcvetnoi-metalloprokat/med/polosa-shina-mednaya/shirina_40__tolshina_4,тег
https://aviastal.ru/tcvetnoi-metalloprokat/med/polosa-shina-mednaya/shirina_40__tolshina_5,тег
https://aviastal.ru/tcvetnoi-metalloprokat/med/polosa-shina-mednaya/shirina_50__tolshina_5,тег
https://aviastal.ru/tcvetnoi-metalloprokat/med/polosa-shina-mednaya/shirina_100__tolshina_10,тег
https://aviastal.ru/tcvetnoi-metalloprokat/med/polosa-shina-mednaya/shirina_30__tolshina_3,тег
https://aviastal.ru/tcvetnoi-metalloprokat/med/polosa-shina-mednaya/shirina_20__tolshina_3,тег
https://aviastal.ru/tcvetnoi-metalloprokat/med/polosa-shina-mednaya/shirina_60__tolshina_6,тег
https://aviastal.ru/tcvetnoi-metalloprokat/med/polosa-shina-mednaya/shirina_80__tolshina_8,тег
https://aviastal.ru/tcvetnoi-metalloprokat/med/polosa-shina-mednaya/shirina_20__tolshina_5,тег
https://aviastal.ru/tcvetnoi-metalloprokat/med/polosa-shina-mednaya/shirina_30__tolshina_4,тег
https://aviastal.ru/tcvetnoi-metalloprokat/med/polosa-shina-mednaya/shirina_60__tolshina_10,тег
https://aviastal.ru/tcvetnoi-metalloprokat/med/polosa-shina-mednaya/shirina_10__tolshina_3,тег
https://aviastal.ru/tcvetnoi-metalloprokat/med/polosa-shina-mednaya/shirina_25__tolshina_4,тег
https://aviastal.ru/tcvetnoi-metalloprokat/med/polosa-shina-mednaya/shirina_30__tolshina_10,тег
https://aviastal.ru/tcvetnoi-metalloprokat/med/polosa-shina-mednaya/shirina_50__tolshina_4,тег
https://aviastal.ru/tcvetnoi-metalloprokat/med/polosa-shina-mednaya/shirina_20__tolshina_4,тег
https://aviastal.ru/tcvetnoi-metalloprokat/med/polosa-shina-mednaya/shirina_120__tolshina_10,тег
https://aviastal.ru/tcvetnoi-metalloprokat/med/polosa-shina-mednaya/shirina_30__tolshina_5,тег
https://aviastal.ru/tcvetnoi-metalloprokat/med/polosa-shina-mednaya/shirina_50__tolshina_10,тег
https://aviastal.ru/tcvetnoi-metalloprokat/med/polosa-shina-mednaya/tolshina_2,тег
https://aviastal.ru/tcvetnoi-metalloprokat/med/polosa-shina-mednaya/shirina_25__tolshina_5,тег
https://aviastal.ru/tcvetnoi-metalloprokat/med/polosa-shina-mednaya/shirina_60__tolshina_5,тег
https://aviastal.ru/tcvetnoi-metalloprokat/med/polosa-shina-mednaya/marka-materiala_m1t,тег
https://aviastal.ru/tcvetnoi-metalloprokat/med/polosa-shina-mednaya/shirina_50__tolshina_6,тег
https://aviastal.ru/tcvetnoi-metalloprokat/med/polosa-shina-mednaya/shirina_40__tolshina_10,тег
https://aviastal.ru/tcvetnoi-metalloprokat/med/polosa-shina-mednaya/shirina_25__tolshina_3,тег
https://aviastal.ru/tcvetnoi-metalloprokat/med/polosa-shina-mednaya/tolshina_1,тег
https://aviastal.ru/tcvetnoi-metalloprokat/med/polosa-shina-mednaya/shirina_30__tolshina_4__dlina_4__marka-materiala_m1t,тег
https://aviastal.ru/tcvetnoi-metalloprokat/med/polosa-shina-mednaya/shirina_160__tolshina_10,тег
https://aviastal.ru/tcvetnoi-metalloprokat/med/polosa-shina-mednaya/shirina_15__tolshina_2,тег
https://aviastal.ru/tcvetnoi-metalloprokat/med/polosa-shina-mednaya/shirina_50__tolshina_8,тег
https://aviastal.ru/tcvetnoi-metalloprokat/med/polosa-shina-mednaya/marka-materiala_m1,тег
https://aviastal.ru/tcvetnoi-metalloprokat/med/polosa-shina-mednaya/shirina_100__tolshina_10__dlina_4,тег
https://aviastal.ru/tcvetnoi-metalloprokat/splavy-tcvetnyh-metallov/medno-nikelevye-splavy/hromel,категория
https://aviastal.ru/tcvetnoi-metalloprokat/splavy-tcvetnyh-metallov/medno-nikelevye-splavy/konstantan,категория
https://aviastal.ru/tcvetnoi-metalloprokat/splavy-tcvetnyh-metallov/medno-nikelevye-splavy/kopel,категория
https://aviastal.ru/tcvetnoi-metalloprokat/aluminii/profil-aluminievyi/razmer-1_16__tip-profilya_p,тег
https://aviastal.ru/tcvetnoi-metalloprokat/aluminii/profil-aluminievyi/tip-profilya_sh,тег
https://aviastal.ru/vozduhovody-dymohody/vozduhovody/vozduhovody-kruglye/diametr_150,тег
https://aviastal.ru/vozduhovody-dymohody/vozduhovody/vozduhovody-kruglye/diametr_150__material_pvh,тег
https://aviastal.ru/vozduhovody-dymohody/vozduhovody/vozduhovody-kruglye/diametr_120,тег
https://aviastal.ru/vozduhovody-dymohody/vozduhovody/vozduhovody-kruglye/diametr_100,тег
https://aviastal.ru/vozduhovody-dymohody/vozduhovody/vozduhovody-kruglye/diametr_100__material_pvh,тег
https://aviastal.ru/vozduhovody-dymohody/vozduhovody/vozduhovody-kruglye/diametr_200,тег
https://aviastal.ru/vozduhovody-dymohody/vozduhovody/vozduhovody-kruglye/diametr_200__material_pvh,тег
https://aviastal.ru/vozduhovody-dymohody/vozduhovody/vozduhovody-kruglye/material_otcinkovannaya-stal,тег
https://aviastal.ru/vozduhovody-dymohody/vozduhovody/vozduhovody-kruglye/diametr_125__material_pvh,тег
https://aviastal.ru/vozduhovody-dymohody/vozduhovody/vozduhovody-kruglye/diametr_125,тег
https://aviastal.ru/vozduhovody-dymohody/vozduhovody/vozduhovody-kruglye/diametr_100__material_otcinkovannaya-stal,тег
https://aviastal.ru/tcvetnoi-metalloprokat/splavy-tcvetnyh-metallov/medno-nikelevye-splavy/kunial,категория
https://aviastal.ru/vozduhovody-dymohody/vozduhovody/vozduhovody-kruglye/diametr_160,тег
https://aviastal.ru/vozduhovody-dymohody/vozduhovody/vozduhovody-kruglye/diametr_160__material_otcinkovannaya-stal,тег
https://aviastal.ru/vozduhovody-dymohody/vozduhovody/vozduhovody-kruglye/diametr_125__material_otcinkovannaya-stal,тег
https://aviastal.ru/vozduhovody-dymohody/vozduhovody/vozduhovody-kruglye/diametr_250,тег
https://aviastal.ru/vozduhovody-dymohody/vozduhovody/vozduhovody-kruglye/vid_gibkii,тег
https://aviastal.ru/vozduhovody-dymohody/vozduhovody/vozduhovody-kruglye/diametr_400,тег
https://aviastal.ru/vozduhovody-dymohody/vozduhovody/vozduhovody-kruglye/diametr_300,тег
https://aviastal.ru/tcvetnoi-metalloprokat/aluminii/profil-aluminievyi/razmer-1_25__razmer-2_25,тег
https://aviastal.ru/tcvetnoi-metalloprokat/aluminii/profil-aluminievyi/tip-profilya_p__razmer-2_10,тег
https://aviastal.ru/tcvetnoi-metalloprokat/splavy-tcvetnyh-metallov/medno-nikelevye-splavy/manganin,категория
https://aviastal.ru/tcvetnoi-metalloprokat/aluminii/profil-aluminievyi/razmer-1_50__razmer-2_50,тег
https://aviastal.ru/tcvetnoi-metalloprokat/aluminii/profil-aluminievyi/razmer-1_40__razmer-2_20,тег
https://aviastal.ru/tcvetnoi-metalloprokat/aluminii/profil-aluminievyi/dlina_3,тег
"https://aviastal.ru/chernyi-prokat/listovoi-prokat/list-otcinkovanyi/tolshina_0,5",тег
https://aviastal.ru/chernyi-prokat/listovoi-prokat/list-otcinkovanyi/tolshina_1,тег
"https://aviastal.ru/chernyi-prokat/listovoi-prokat/list-otcinkovanyi/tolshina_0,7",тег
"https://aviastal.ru/chernyi-prokat/listovoi-prokat/list-otcinkovanyi/tolshina_0,55",тег
https://aviastal.ru/chernyi-prokat/listovoi-prokat/list-otcinkovanyi/tolshina_2,тег
"https://aviastal.ru/chernyi-prokat/listovoi-prokat/list-otcinkovanyi/tolshina_0,8",тег
https://aviastal.ru/chernyi-prokat/listovoi-prokat/list-otcinkovanyi/tolshina_5,тег
"https://aviastal.ru/chernyi-prokat/listovoi-prokat/list-otcinkovanyi/tolshina_0,5__raskroi_1,25h2,5",тег
"https://aviastal.ru/chernyi-prokat/listovoi-prokat/list-otcinkovanyi/raskroi_1,25h2,5",тег
"https://aviastal.ru/chernyi-prokat/listovoi-prokat/list-otcinkovanyi/raskroi_1,25h2",тег
"https://aviastal.ru/chernyi-prokat/listovoi-prokat/list-otcinkovanyi/raskroi_1,5h3",тег
https://aviastal.ru/chernyi-prokat/listovoi-prokat/list-otcinkovanyi/tolshina_4,тег
"https://aviastal.ru/chernyi-prokat/listovoi-prokat/list-otcinkovanyi/tolshina_1__raskroi_1,25h2,5",тег
"https://aviastal.ru/chernyi-prokat/listovoi-prokat/list-otcinkovanyi/tolshina_1,2",тег
"https://aviastal.ru/chernyi-prokat/listovoi-prokat/list-otcinkovanyi/tolshina_0,4",тег
"https://aviastal.ru/chernyi-prokat/listovoi-prokat/list-otcinkovanyi/tolshina_1,5",тег
https://aviastal.ru/chernyi-prokat/listovoi-prokat/list-otcinkovanyi/tolshina_3,тег
https://aviastal.ru/chernyi-prokat/listovoi-prokat/list-otcinkovanyi/gost_14918-80,тег
"https://aviastal.ru/chernyi-prokat/listovoi-prokat/list-otcinkovanyi/tolshina_0,45",тег
"https://aviastal.ru/chernyi-prokat/listovoi-prokat/list-otcinkovanyi/tolshina_2__raskroi_1,25h2,5",тег
"https://aviastal.ru/chernyi-prokat/listovoi-prokat/list-otcinkovanyi/tolshina_1,25",тег
"https://aviastal.ru/chernyi-prokat/listovoi-prokat/list-otcinkovanyi/tolshina_0,35",тег
"https://aviastal.ru/chernyi-prokat/listovoi-prokat/list-otcinkovanyi/tolshina_0,3",тег
https://aviastal.ru/chernyi-prokat/listovoi-prokat/list-otcinkovanyi/raskroi_1h2,тег
https://aviastal.ru/chernyi-prokat/listovoi-prokat/list-otcinkovanyi/marka-stali_08ps,тег
https://aviastal.ru/chernyi-prokat/listovoi-prokat/list-otcinkovanyi/gost_19904-90,тег
https://aviastal.ru/tcvetnoi-metalloprokat/aluminii/profil-aluminievyi/razmer-1_10,тег
https://aviastal.ru/tcvetnoi-metalloprokat/aluminii/profil-aluminievyi/razmer-1_20__razmer-2_10,тег
https://aviastal.ru/tcvetnoi-metalloprokat/aluminii/profil-aluminievyi/razmer-1_16,тег
https://aviastal.ru/tcvetnoi-metalloprokat/aluminii/profil-aluminievyi/tip-profilya_z,тег
https://aviastal.ru/tcvetnoi-metalloprokat/aluminii/profil-aluminievyi/razmer-1_40__razmer-2_40__tip-profilya_p,тег
https://aviastal.ru/tcvetnoi-metalloprokat/splavy-tcvetnyh-metallov/medno-nikelevye-splavy/melhior,категория
https://aviastal.ru/tcvetnoi-metalloprokat/aluminii/profil-aluminievyi/razmer-1_45,тег
https://aviastal.ru/tcvetnoi-metalloprokat/aluminii/profil-aluminievyi/razmer-1_100,тег
https://aviastal.ru/tcvetnoi-metalloprokat/aluminii/profil-aluminievyi/razmer-1_120,тег
https://aviastal.ru/tcvetnoi-metalloprokat/aluminii/profil-aluminievyi/razmer-2_6,тег
https://aviastal.ru/tcvetnoi-metalloprokat/aluminii/profil-aluminievyi/razmer-2_2,тег
https://aviastal.ru/setka/setka-tkanaya/gost_3826-82,тег
https://aviastal.ru/setka/setka-tkanaya/razmer-yacheiki_5h5,тег
https://aviastal.ru/setka/setka-tkanaya/razmer-yacheiki_2h2,тег
https://aviastal.ru/setka/setka-tkanaya/razmer-yacheiki_10h10,тег
"https://aviastal.ru/setka/setka-tkanaya/diametr_0,7__razmer-yacheiki_5h5",тег
"https://aviastal.ru/setka/setka-tkanaya/diametr_1,2__razmer-yacheiki_5h5",тег
https://aviastal.ru/setka/setka-tkanaya/razmer-yacheiki_6h6,тег
https://aviastal.ru/tcvetnoi-metalloprokat/aluminii/profil-aluminievyi/razmer-1_150,тег
https://aviastal.ru/tcvetnoi-metalloprokat/splavy-tcvetnyh-metallov/medno-nikelevye-splavy/monel,категория
https://aviastal.ru/tcvetnoi-metalloprokat/aluminii/profil-aluminievyi/razmer-1_60,тег
https://aviastal.ru/tcvetnoi-metalloprokat/aluminii/profil-aluminievyi/tip-profilya_n__razmer-2_8,тег
https://aviastal.ru/tcvetnoi-metalloprokat/aluminii/profil-aluminievyi/razmer-1_15,тег
https://aviastal.ru/tcvetnoi-metalloprokat/aluminii/profil-aluminievyi/tolshina_5__tip-profilya_p,тег
https://aviastal.ru/tcvetnoi-metalloprokat/aluminii/profil-aluminievyi/razmer-1_12,тег
https://aviastal.ru/chernyi-prokat/trubnyi-prokat/truba-kotelnaya/gost-tu_tu-14-3r-55-2001,тег
https://aviastal.ru/chernyi-prokat/trubnyi-prokat/truba-kotelnaya/gost-tu_tu-14-3-190-2004,тег
https://aviastal.ru/nerzhaveushii-prokat/ugolok-nerzhaveushii/razmer-1_40__razmer-2_40__tolshina-polki_2,тег
https://aviastal.ru/nerzhaveushii-prokat/ugolok-nerzhaveushii/razmer-1_40__razmer-2_40,тег
https://aviastal.ru/nerzhaveushii-prokat/ugolok-nerzhaveushii/razmer-1_20__razmer-2_20,тег
https://aviastal.ru/nerzhaveushii-prokat/ugolok-nerzhaveushii/razmer-1_50__razmer-2_50,тег
https://aviastal.ru/nerzhaveushii-prokat/ugolok-nerzhaveushii/razmer-1_30__razmer-2_30,тег
https://aviastal.ru/nerzhaveushii-prokat/ugolok-nerzhaveushii/razmer-1_15__razmer-2_15,тег
https://aviastal.ru/nerzhaveushii-prokat/ugolok-nerzhaveushii/razmer-1_10__razmer-2_10,тег
https://aviastal.ru/nerzhaveushii-prokat/ugolok-nerzhaveushii/marka-stali_aisi-304,тег
https://aviastal.ru/nerzhaveushii-prokat/ugolok-nerzhaveushii/razmer-1_40__razmer-2_40__tolshina-polki_4,тег
https://aviastal.ru/nerzhaveushii-prokat/ugolok-nerzhaveushii/razmer-1_50__razmer-2_50__tolshina-polki_5,тег
https://aviastal.ru/nerzhaveushii-prokat/ugolok-nerzhaveushii/razmer-1_50__razmer-2_50__tolshina-polki_4,тег
https://aviastal.ru/nerzhaveushii-prokat/ugolok-nerzhaveushii/razmer-1_20__razmer-2_20__tolshina-polki_2,тег
https://aviastal.ru/tcvetnoi-metalloprokat/aluminii/pudra-aluminievaya/marka-pudry_pap-1,тег
https://aviastal.ru/tcvetnoi-metalloprokat/aluminii/pudra-aluminievaya/marka-pudry_pap-2,тег
https://aviastal.ru/tcvetnoi-metalloprokat/aluminii/pudra-aluminievaya/gost_5494-95,тег
https://aviastal.ru/tcvetnoi-metalloprokat/aluminii/pudra-aluminievaya/marka-pudry_pap-2__gost_5494-95,тег
https://aviastal.ru/nerzhaveushii-prokat/polosa-nerzhaveushaya/tolshina_4,тег
https://aviastal.ru/nerzhaveushii-prokat/polosa-nerzhaveushaya/shirina_40__tolshina_4,тег
https://aviastal.ru/nerzhaveushii-prokat/polosa-nerzhaveushaya/tolshina_3,тег
https://aviastal.ru/nerzhaveushii-prokat/polosa-nerzhaveushaya/tolshina_2,тег
https://aviastal.ru/nerzhaveushii-prokat/polosa-nerzhaveushaya/tolshina_5,тег
https://aviastal.ru/nerzhaveushii-prokat/polosa-nerzhaveushaya/tolshina_1,тег
https://aviastal.ru/nerzhaveushii-prokat/polosa-nerzhaveushaya/marka-stali_aisi-304,тег
https://aviastal.ru/nerzhaveushii-prokat/polosa-nerzhaveushaya/shirina_50__tolshina_5,тег
https://aviastal.ru/nerzhaveushii-prokat/polosa-nerzhaveushaya/tolshina_10,тег
https://aviastal.ru/nerzhaveushii-prokat/polosa-nerzhaveushaya/shirina_20__tolshina_2,тег
https://aviastal.ru/nerzhaveushii-prokat/polosa-nerzhaveushaya/shirina_30__tolshina_3,тег
https://aviastal.ru/nerzhaveushii-prokat/shestigrannik-nerzhaveushii/marka-stali_12h18n10t,тег
https://aviastal.ru/tcvetnoi-metalloprokat/aluminii/profil-aluminievyi/tolshina_5,тег
https://aviastal.ru/tcvetnoi-metalloprokat/aluminii/profil-aluminievyi/tolshina_4,тег
https://aviastal.ru/tcvetnoi-metalloprokat/aluminii/list-aluminievyi/marka-materiala_amg2m,тег
https://aviastal.ru/tcvetnoi-metalloprokat/aluminii/list-aluminievyi/marka-materiala_a5,тег
https://aviastal.ru/tcvetnoi-metalloprokat/aluminii/list-aluminievyi/marka-materiala_a5m,тег
https://aviastal.ru/tcvetnoi-metalloprokat/aluminii/list-aluminievyi/marka-materiala_amg2nr,тег
https://aviastal.ru/tcvetnoi-metalloprokat/aluminii/list-aluminievyi/marka-materiala_a5n,тег
https://aviastal.ru/tcvetnoi-metalloprokat/aluminii/list-aluminievyi/marka-materiala_5083,тег
https://aviastal.ru/tcvetnoi-metalloprokat/aluminii/list-aluminievyi/marka-materiala_ad0,тег
https://aviastal.ru/tcvetnoi-metalloprokat/aluminii/list-aluminievyi/marka-materiala_amg2n,тег
https://aviastal.ru/tcvetnoi-metalloprokat/aluminii/list-aluminievyi/marka-materiala_d16at,тег
https://aviastal.ru/tcvetnoi-metalloprokat/aluminii/list-aluminievyi/marka-materiala_amg5m,тег
https://aviastal.ru/tcvetnoi-metalloprokat/aluminii/list-aluminievyi/tolshina_12,тег
https://aviastal.ru/tcvetnoi-metalloprokat/aluminii/list-aluminievyi/raskroi_1h2,тег
https://aviastal.ru/tcvetnoi-metalloprokat/aluminii/profil-aluminievyi/razmer-1_35__razmer-2_35,тег
https://aviastal.ru/tcvetnoi-metalloprokat/aluminii/profil-aluminievyi/razmer-1_60__razmer-2_60,тег
https://aviastal.ru/tcvetnoi-metalloprokat/aluminii/profil-aluminievyi/razmer-1_40__razmer-2_30,тег
https://aviastal.ru/tcvetnoi-metalloprokat/splavy-tcvetnyh-metallov/medno-nikelevye-splavy/neizilber,категория
https://aviastal.ru/tcvetnoi-metalloprokat/aluminii/profil-aluminievyi/razmer-1_80__razmer-2_80,тег
https://aviastal.ru/tcvetnoi-metalloprokat/aluminii/profil-aluminievyi/razmer-3_9,тег
https://aviastal.ru/tcvetnoi-metalloprokat/aluminii/profil-aluminievyi/tolshina_8,тег
https://aviastal.ru/tcvetnoi-metalloprokat/aluminii/profil-aluminievyi/dlina_2,тег
https://aviastal.ru/tcvetnoi-metalloprokat/aluminii/profil-aluminievyi/razmer-1_19__razmer-3_19,тег
https://aviastal.ru/tcvetnoi-metalloprokat/bronza/polosa-shina-bronzovaya/tolshina_4,тег
https://aviastal.ru/tcvetnoi-metalloprokat/latun/polosa-shina-latunnaya/shirina_30,тег
https://aviastal.ru/tcvetnoi-metalloprokat/latun/polosa-shina-latunnaya/shirina_10,тег
https://aviastal.ru/tcvetnoi-metalloprokat/latun/polosa-shina-latunnaya/shirina_20,тег
https://aviastal.ru/zapornaya-armatura/elevator-vodostruinyi/nomer-elevatora_1,тег
https://aviastal.ru/zapornaya-armatura/elevator-vodostruinyi/nomer-elevatora_3,тег
https://aviastal.ru/zapornaya-armatura/elevator-vodostruinyi/nomer-elevatora_2,тег
https://aviastal.ru/metizy/kanat/tros-nerzhaveushii/diametr_4,тег
https://aviastal.ru/tcvetnoi-metalloprokat/splavy-tcvetnyh-metallov/medno-nikelevye-splavy/truba-medno-nikelevaya,категория
https://aviastal.ru/tcvetnoi-metalloprokat/splavy-tcvetnyh-metallov/pripoi/gutri,категория
https://aviastal.ru/metizy/kanat/tros-nerzhaveushii/diametr_2,тег
https://aviastal.ru/tcvetnoi-metalloprokat/aluminii/ugolok-aluminievyi/razmer-1_10__razmer-2_10,тег
https://aviastal.ru/tcvetnoi-metalloprokat/aluminii/ugolok-aluminievyi/razmer-1_40__razmer-2_40,тег
https://aviastal.ru/tcvetnoi-metalloprokat/aluminii/ugolok-aluminievyi/razmer-1_15__razmer-2_15,тег
https://aviastal.ru/tcvetnoi-metalloprokat/aluminii/ugolok-aluminievyi/razmer-1_25__razmer-2_25,тег
https://aviastal.ru/tcvetnoi-metalloprokat/aluminii/ugolok-aluminievyi/razmer-1_50__razmer-2_50,тег
https://aviastal.ru/tcvetnoi-metalloprokat/aluminii/ugolok-aluminievyi/razmer-1_100__razmer-2_100,тег
https://aviastal.ru/tcvetnoi-metalloprokat/aluminii/ugolok-aluminievyi/razmer-1_30__razmer-2_30__tolshina-polki_3,тег
https://aviastal.ru/tcvetnoi-metalloprokat/aluminii/ugolok-aluminievyi/razmer-1_20__razmer-2_10,тег
https://aviastal.ru/tcvetnoi-metalloprokat/aluminii/ugolok-aluminievyi/razmer-1_30__razmer-2_30,тег
https://aviastal.ru/tcvetnoi-metalloprokat/aluminii/ugolok-aluminievyi/razmer-1_50__razmer-2_50__tolshina-polki_5,тег
https://aviastal.ru/tcvetnoi-metalloprokat/aluminii/ugolok-aluminievyi/razmer-1_20__razmer-2_15,тег
https://aviastal.ru/tcvetnoi-metalloprokat/aluminii/ugolok-aluminievyi/razmer-1_20__razmer-2_15__tolshina-polki_2,тег
https://aviastal.ru/tcvetnoi-metalloprokat/aluminii/ugolok-aluminievyi/razmer-1_40__razmer-2_20,тег
https://aviastal.ru/tcvetnoi-metalloprokat/aluminii/ugolok-aluminievyi/razmer-1_60__razmer-2_60,тег
https://aviastal.ru/tcvetnoi-metalloprokat/aluminii/ugolok-aluminievyi/razmer-1_40__razmer-2_40__tolshina-polki_2,тег
https://aviastal.ru/tcvetnoi-metalloprokat/aluminii/ugolok-aluminievyi/razmer-1_35__razmer-2_35,тег
https://aviastal.ru/tcvetnoi-metalloprokat/aluminii/ugolok-aluminievyi/razmer-1_100__razmer-2_100__tolshina-polki_10,тег
https://aviastal.ru/tcvetnoi-metalloprokat/aluminii/ugolok-aluminievyi/razmer-1_25__razmer-2_15,тег
https://aviastal.ru/tcvetnoi-metalloprokat/aluminii/ugolok-aluminievyi/razmer-1_20__razmer-2_20,тег
https://aviastal.ru/tcvetnoi-metalloprokat/aluminii/list-aluminievyi/marka-materiala_amg2n2__poverhnost_riflenyi,тег
https://aviastal.ru/tcvetnoi-metalloprokat/aluminii/list-aluminievyi/tolshina_2__poverhnost_kvintet,тег
https://aviastal.ru/tcvetnoi-metalloprokat/aluminii/list-aluminievyi/poverhnost_riflenyi-apelsinovaya-korka,тег
https://aviastal.ru/tcvetnoi-metalloprokat/aluminii/list-aluminievyi/poverhnost_riflenyi-duet,тег
https://aviastal.ru/tcvetnoi-metalloprokat/aluminii/list-aluminievyi/marka-materiala_d16,тег
https://aviastal.ru/tcvetnoi-metalloprokat/splavy-tcvetnyh-metallov/pripoi/pripoi-pos,категория
https://aviastal.ru/tcvetnoi-metalloprokat/aluminii/list-aluminievyi/marka-materiala_ad31,тег
https://aviastal.ru/tcvetnoi-metalloprokat/aluminii/list-aluminievyi/marka-materiala_amg2n2,тег
https://aviastal.ru/tcvetnoi-metalloprokat/aluminii/ugolok-aluminievyi/tolshina-polki_3,тег
https://aviastal.ru/tcvetnoi-metalloprokat/aluminii/ugolok-aluminievyi/tolshina-polki_5,тег
https://aviastal.ru/tcvetnoi-metalloprokat/aluminii/ugolok-aluminievyi/razmer-1_30__razmer-2_20,тег
https://aviastal.ru/tcvetnoi-metalloprokat/aluminii/ugolok-aluminievyi/razmer-1_60__razmer-2_20,тег
https://aviastal.ru/tcvetnoi-metalloprokat/aluminii/ugolok-aluminievyi/gost_13737-90,тег
https://aviastal.ru/tcvetnoi-metalloprokat/aluminii/ugolok-aluminievyi/razmer-1_25__razmer-2_25__tolshina-polki_2,тег
https://aviastal.ru/tcvetnoi-metalloprokat/aluminii/ugolok-aluminievyi/razmer-1_40__razmer-2_30,тег
https://aviastal.ru/tcvetnoi-metalloprokat/aluminii/ugolok-aluminievyi/tolshina-polki_4,тег
https://aviastal.ru/tcvetnoi-metalloprokat/aluminii/ugolok-aluminievyi/razmer-1_70__razmer-2_20,тег
https://aviastal.ru/tcvetnoi-metalloprokat/aluminii/ugolok-aluminievyi/razmer-1_40__razmer-2_40__tolshina-polki_3,тег
https://aviastal.ru/tcvetnoi-metalloprokat/aluminii/ugolok-aluminievyi/razmer-1_35__razmer-2_35__tolshina-polki_3,тег
https://aviastal.ru/tcvetnoi-metalloprokat/aluminii/ugolok-aluminievyi/gost_8617-81,тег
https://aviastal.ru/tcvetnoi-metalloprokat/aluminii/ugolok-aluminievyi/razmer-1_80__razmer-2_20,тег
https://aviastal.ru/tcvetnoi-metalloprokat/aluminii/ugolok-aluminievyi/tolshina-polki_6,тег
https://aviastal.ru/tcvetnoi-metalloprokat/aluminii/ugolok-aluminievyi/razmer-1_25__razmer-2_25__tolshina-polki_3,тег
https://aviastal.ru/tcvetnoi-metalloprokat/aluminii/ugolok-aluminievyi/razmer-1_45,тег
https://aviastal.ru/tcvetnoi-metalloprokat/aluminii/ugolok-aluminievyi/razmer-1_45__razmer-2_45,тег
https://aviastal.ru/tcvetnoi-metalloprokat/aluminii/ugolok-aluminievyi/razmer-1_75__razmer-2_75,тег
https://aviastal.ru/tcvetnoi-metalloprokat/aluminii/ugolok-aluminievyi/razmer-1_30__razmer-2_30__dlina_3,тег
https://aviastal.ru/tcvetnoi-metalloprokat/aluminii/ugolok-aluminievyi/razmer-1_70__razmer-2_70,тег
https://aviastal.ru/tcvetnoi-metalloprokat/aluminii/ugolok-aluminievyi/razmer-1_20__razmer-2_20__dlina_3,тег
https://aviastal.ru/tcvetnoi-metalloprokat/aluminii/ugolok-aluminievyi/tolshina-polki_2,тег
https://aviastal.ru/tcvetnoi-metalloprokat/aluminii/ugolok-aluminievyi/razmer-1_50__razmer-2_30,тег
https://aviastal.ru/tcvetnoi-metalloprokat/aluminii/ugolok-aluminievyi/razmer-1_80__razmer-2_80__tolshina-polki_3,тег
https://aviastal.ru/tcvetnoi-metalloprokat/aluminii/ugolok-aluminievyi/marka-materiala_ad31t1,тег
https://aviastal.ru/tcvetnoi-metalloprokat/aluminii/ugolok-aluminievyi/razmer-1_20__razmer-2_20__tolshina-polki_1,тег
https://aviastal.ru/tcvetnoi-metalloprokat/aluminii/ugolok-aluminievyi/razmer-1_100__razmer-2_40__tolshina-polki_3,тег
https://aviastal.ru/tcvetnoi-metalloprokat/aluminii/ugolok-aluminievyi/razmer-1_10__razmer-2_10__dlina_3,тег
https://aviastal.ru/tcvetnoi-metalloprokat/aluminii/ugolok-aluminievyi/razmer-1_12__razmer-2_12,тег
https://aviastal.ru/tcvetnoi-metalloprokat/aluminii/ugolok-aluminievyi/razmer-1_150__razmer-2_150,тег
https://aviastal.ru/tcvetnoi-metalloprokat/aluminii/ugolok-aluminievyi/razmer-1_20__razmer-2_10__tolshina-polki_2,тег
https://aviastal.ru/tcvetnoi-metalloprokat/aluminii/ugolok-aluminievyi/razmer-1_50__razmer-2_50__tolshina-polki_2,тег
https://aviastal.ru/tcvetnoi-metalloprokat/aluminii/ugolok-aluminievyi/razmer-1_80__razmer-2_40,тег
https://aviastal.ru/tcvetnoi-metalloprokat/aluminii/ugolok-aluminievyi/razmer-1_90__razmer-2_90,тег
https://aviastal.ru/tcvetnoi-metalloprokat/aluminii/ugolok-aluminievyi/razmer-1_60__razmer-2_30,тег
https://aviastal.ru/tcvetnoi-metalloprokat/aluminii/ugolok-aluminievyi/razmer-1_60__razmer-2_40,тег
https://aviastal.ru/tcvetnoi-metalloprokat/aluminii/ugolok-aluminievyi/razmer-1_40__razmer-2_40__tolshina-polki_4,тег
https://aviastal.ru/tcvetnoi-metalloprokat/aluminii/ugolok-aluminievyi/razmer-1_30__razmer-2_30__tolshina-polki_2,тег
https://aviastal.ru/tcvetnoi-metalloprokat/aluminii/ugolok-aluminievyi/razmer-1_80__razmer-2_40__tolshina-polki_3,тег
https://aviastal.ru/tcvetnoi-metalloprokat/aluminii/ugolok-aluminievyi/razmer-1_100__razmer-2_50__tolshina-polki_5,тег
https://aviastal.ru/tcvetnoi-metalloprokat/aluminii/ugolok-aluminievyi/razmer-1_40__razmer-2_40__tolshina-polki_5,тег
https://aviastal.ru/tcvetnoi-metalloprokat/aluminii/ugolok-aluminievyi/razmer-1_200__razmer-2_200,тег
https://aviastal.ru/tcvetnoi-metalloprokat/aluminii/ugolok-aluminievyi/razmer-1_10__razmer-2_10__tolshina-polki_2,тег
https://aviastal.ru/tcvetnoi-metalloprokat/aluminii/ugolok-aluminievyi/razmer-1_40__razmer-2_15,тег
https://aviastal.ru/tcvetnoi-metalloprokat/aluminii/ugolok-aluminievyi/razmer-1_80__razmer-2_80,тег
https://aviastal.ru/tcvetnoi-metalloprokat/aluminii/ugolok-aluminievyi/razmer-1_60__razmer-2_40__tolshina-polki_2,тег
https://aviastal.ru/tcvetnoi-metalloprokat/aluminii/ugolok-aluminievyi/razmer-1_16__razmer-2_16,тег
https://aviastal.ru/tcvetnoi-metalloprokat/aluminii/ugolok-aluminievyi/razmer-1_50__razmer-2_50__tolshina-polki_4,тег
https://aviastal.ru/tcvetnoi-metalloprokat/aluminii/ugolok-aluminievyi/razmer-1_40__razmer-2_20__tolshina-polki_2,тег
https://aviastal.ru/tcvetnoi-metalloprokat/aluminii/ugolok-aluminievyi/razmer-1_15__razmer-2_15__dlina_3,тег
https://aviastal.ru/tcvetnoi-metalloprokat/aluminii/ugolok-aluminievyi/razmer-1_20__razmer-2_20__tolshina-polki_3,тег
https://aviastal.ru/tcvetnoi-metalloprokat/aluminii/ugolok-aluminievyi/marka-materiala_d16t,тег
https://aviastal.ru/tcvetnoi-metalloprokat/aluminii/ugolok-aluminievyi/razmer-1_15__razmer-2_15__tolshina-polki_2,тег
https://aviastal.ru/tcvetnoi-metalloprokat/aluminii/ugolok-aluminievyi/razmer-1_10__razmer-2_10__tolshina-polki_1,тег
https://aviastal.ru/tcvetnoi-metalloprokat/aluminii/ugolok-aluminievyi/razmer-1_35__razmer-2_35__tolshina-polki_2,тег
https://aviastal.ru/tcvetnoi-metalloprokat/aluminii/ugolok-aluminievyi/razmer-1_50__razmer-2_50__tolshina-polki_3,тег
https://aviastal.ru/tcvetnoi-metalloprokat/aluminii/ugolok-aluminievyi/razmer-1_30__razmer-2_30__tolshina-polki_1,тег
https://aviastal.ru/tcvetnoi-metalloprokat/aluminii/ugolok-aluminievyi/razmer-1_60__razmer-2_60__tolshina-polki_2,тег
https://aviastal.ru/tcvetnoi-metalloprokat/aluminii/ugolok-aluminievyi/razmer-1_100__razmer-2_100__tolshina-polki_3,тег
https://aviastal.ru/tcvetnoi-metalloprokat/aluminii/ugolok-aluminievyi/razmer-1_150__razmer-2_50,тег
https://aviastal.ru/tcvetnoi-metalloprokat/aluminii/ugolok-aluminievyi/razmer-1_15__razmer-2_30,тег
https://aviastal.ru/tcvetnoi-metalloprokat/aluminii/ugolok-aluminievyi/razmer-1_60__razmer-2_20__tolshina-polki_2,тег
https://aviastal.ru/tcvetnoi-metalloprokat/aluminii/ugolok-aluminievyi/razmer-1_100__razmer-2_50,тег
https://aviastal.ru/chernyi-prokat/listovoi-prokat/list-holodnokatanyi/tolshina_2,тег
https://aviastal.ru/chernyi-prokat/listovoi-prokat/list-holodnokatanyi/tolshina_1,тег
https://aviastal.ru/chernyi-prokat/listovoi-prokat/list-holodnokatanyi/tolshina_3,тег
https://aviastal.ru/chernyi-prokat/listovoi-prokat/list-holodnokatanyi/gost_gost-16523-97,тег
https://aviastal.ru/chernyi-prokat/listovoi-prokat/list-holodnokatanyi/gost_gost-19904-90,тег
https://aviastal.ru/chernyi-prokat/listovoi-prokat/list-holodnokatanyi/gost_gost-9045-93,тег
"https://aviastal.ru/chernyi-prokat/listovoi-prokat/list-holodnokatanyi/tolshina_1,5",тег
https://aviastal.ru/metizy/kanat/tros-nerzhaveushii/diametr_6,тег
https://aviastal.ru/metizy/kanat/tros-nerzhaveushii/diametr_10,тег
https://aviastal.ru/metizy/kanat/tros-nerzhaveushii/diametr_1,тег
https://aviastal.ru/metizy/kanat/tros-nerzhaveushii/diametr_8,тег
https://aviastal.ru/tcvetnoi-metalloprokat/splavy-tcvetnyh-metallov/splav-tcam/babbit,категория
https://aviastal.ru/provoloka/provoloka-otcinkovannaya/diametr_2,тег
https://aviastal.ru/provoloka/provoloka-otcinkovannaya/diametr_3,тег
https://aviastal.ru/provoloka/provoloka-otcinkovannaya/diametr_4,тег
https://aviastal.ru/provoloka/provoloka-otcinkovannaya/diametr_1,тег
https://aviastal.ru/provoloka/provoloka-otcinkovannaya/diametr_6,тег
https://aviastal.ru/provoloka/provoloka-otcinkovannaya/diametr_5,тег
"https://aviastal.ru/provoloka/provoloka-otcinkovannaya/diametr_1,6",тег
https://aviastal.ru/provoloka/provoloka-otcinkovannaya/diametr_8,тег
"https://aviastal.ru/provoloka/provoloka-otcinkovannaya/diametr_2,5",тег
"https://aviastal.ru/provoloka/provoloka-otcinkovannaya/diametr_0,8",тег
https://aviastal.ru/provoloka/provoloka-otcinkovannaya/tip-provoloki_kanatnaya__diametr_2,тег
https://aviastal.ru/provoloka/provoloka-otcinkovannaya/gost_gost-3282-74,тег
"https://aviastal.ru/provoloka/provoloka-otcinkovannaya/diametr_1,5",тег
https://aviastal.ru/provoloka/provoloka-otcinkovannaya/gost_gost-7372-79__tip-provoloki_kanatnaya,тег
https://aviastal.ru/provoloka/provoloka-otcinkovannaya/gost_gost-285-69__tip-provoloki_koluchaya,тег
"https://aviastal.ru/provoloka/provoloka-otcinkovannaya/diametr_0,5",тег
https://aviastal.ru/provoloka/provoloka-otcinkovannaya/tip-provoloki_kanatnaya,тег
https://aviastal.ru/provoloka/provoloka-otcinkovannaya/gost_gost-1526-81,тег
https://aviastal.ru/provoloka/provoloka-otcinkovannaya/gost_gost-9850-72,тег
"https://aviastal.ru/provoloka/provoloka-otcinkovannaya/diametr_3,5",тег
https://aviastal.ru/tcvetnoi-metalloprokat/splavy-tcvetnyh-metallov/splav-tcam/fehral,категория
https://aviastal.ru/zapornaya-armatura/ventili/ventil-stalnoi/diametr_25,тег
https://aviastal.ru/zapornaya-armatura/otvody/otvod-nerzhaveushii/ugol_90,тег
https://aviastal.ru/zapornaya-armatura/otvody/otvod-nerzhaveushii/ugol_45,тег
https://aviastal.ru/zapornaya-armatura/otvody/otvod-nerzhaveushii/diametr_32__ugol_90,тег
https://aviastal.ru/zapornaya-armatura/otvody/otvod-nerzhaveushii/marka-stali_12h18n10t,тег
https://aviastal.ru/zapornaya-armatura/otvody/otvod-nerzhaveushii/gost_gost-17375-2001__marka-stali_12h18n10t,тег
https://aviastal.ru/zapornaya-armatura/otvody/otvod-nerzhaveushii/gost_gost-17375-2001,тег
https://aviastal.ru/zapornaya-armatura/otvody/otvod-nerzhaveushii/ugol_180,тег
https://aviastal.ru/zapornaya-armatura/otvody/otvod-nerzhaveushii/marka-stali_12h18n10t__ugol_90,тег
"https://aviastal.ru/provoloka/provoloka-panch-11/diametr_1,2",тег
https://aviastal.ru/tcvetnoi-metalloprokat/latun/truba-latunnaya/diametr_20,тег
https://aviastal.ru/tcvetnoi-metalloprokat/latun/truba-latunnaya/diametr_25,тег
https://aviastal.ru/tcvetnoi-metalloprokat/latun/truba-latunnaya/diametr_50,тег
https://aviastal.ru/tcvetnoi-metalloprokat/latun/truba-latunnaya/diametr_15,тег
https://aviastal.ru/tcvetnoi-metalloprokat/latun/truba-latunnaya/diametr_16,тег
https://aviastal.ru/tcvetnoi-metalloprokat/latun/truba-latunnaya/diametr_16__stenka_1,тег
https://aviastal.ru/tcvetnoi-metalloprokat/latun/truba-latunnaya/diametr_10,тег
https://aviastal.ru/tcvetnoi-metalloprokat/latun/truba-latunnaya/diametr_4,тег
https://aviastal.ru/tcvetnoi-metalloprokat/latun/truba-latunnaya/gost_gost-494-2014,тег
https://aviastal.ru/chernyi-prokat/trubnyi-prokat/truba-polipropilenovaya/diametr_32,тег
https://aviastal.ru/chernyi-prokat/trubnyi-prokat/truba-polipropilenovaya/diametr_32__dlina_2,тег
https://aviastal.ru/chernyi-prokat/trubnyi-prokat/truba-polipropilenovaya/diametr_32__dlina_4,тег
https://aviastal.ru/chernyi-prokat/trubnyi-prokat/truba-polipropilenovaya/diametr_20,тег
https://aviastal.ru/chernyi-prokat/trubnyi-prokat/truba-polipropilenovaya/diametr_25,тег
https://aviastal.ru/chernyi-prokat/trubnyi-prokat/truba-polipropilenovaya/diametr_50,тег
https://aviastal.ru/chernyi-prokat/trubnyi-prokat/truba-polipropilenovaya/diametr_40,тег
https://aviastal.ru/chernyi-prokat/trubnyi-prokat/truba-polipropilenovaya/diametr_110,тег
https://aviastal.ru/chernyi-prokat/trubnyi-prokat/truba-polipropilenovaya/diametr_16,тег
https://aviastal.ru/chernyi-prokat/trubnyi-prokat/truba-polipropilenovaya/diametr_63,тег
https://aviastal.ru/tcvetnoi-metalloprokat/splavy-tcvetnyh-metallov/splav-tcam/roze,категория
https://aviastal.ru/chernyi-prokat/trubnyi-prokat/truba-polipropilenovaya/diametr_20__davlenie_ru20,тег
https://aviastal.ru/chernyi-prokat/trubnyi-prokat/truba-polipropilenovaya/davlenie_ru25,тег
https://aviastal.ru/chernyi-prokat/trubnyi-prokat/truba-polipropilenovaya/diametr_20__armirovanie_steklovolokno,тег
https://aviastal.ru/chernyi-prokat/trubnyi-prokat/truba-polipropilenovaya/diametr_75,тег
https://aviastal.ru/chernyi-prokat/trubnyi-prokat/truba-polipropilenovaya/diametr_200,тег
https://aviastal.ru/chernyi-prokat/trubnyi-prokat/truba-polipropilenovaya/stenka_15,тег
https://aviastal.ru/chernyi-prokat/trubnyi-prokat/truba-polipropilenovaya/diametr_90,тег
https://aviastal.ru/chernyi-prokat/trubnyi-prokat/truba-polipropilenovaya/diametr_100,тег
https://aviastal.ru/chernyi-prokat/trubnyi-prokat/truba-polipropilenovaya/diametr_160,тег
https://aviastal.ru/chernyi-prokat/trubnyi-prokat/truba-polipropilenovaya/davlenie_ru25__armirovanie_steklovolokno,тег
https://aviastal.ru/chernyi-prokat/trubnyi-prokat/truba-polipropilenovaya/marka-materiala_ppr,тег
https://aviastal.ru/chernyi-prokat/trubnyi-prokat/truba-polipropilenovaya/marka-materiala_pprc,тег
https://aviastal.ru/chernyi-prokat/trubnyi-prokat/truba-polipropilenovaya/davlenie_ru20__armirovanie_steklovolokno,тег
https://aviastal.ru/chernyi-prokat/trubnyi-prokat/truba-polipropilenovaya/diametr_32__armirovanie_steklovolokno,тег
"https://aviastal.ru/chernyi-prokat/trubnyi-prokat/truba-polipropilenovaya/diametr_20__stenka_3,4__davlenie_ru20",тег
https://aviastal.ru/chernyi-prokat/trubnyi-prokat/truba-polipropilenovaya/diametr_400,тег
"https://aviastal.ru/chernyi-prokat/trubnyi-prokat/truba-polipropilenovaya/stenka_3,4",тег
https://aviastal.ru/chernyi-prokat/trubnyi-prokat/truba-polipropilenovaya/stenka_10,тег
https://aviastal.ru/chernyi-prokat/trubnyi-prokat/truba-polipropilenovaya/diametr_500,тег
https://aviastal.ru/chernyi-prokat/trubnyi-prokat/truba-polipropilenovaya/diametr_315,тег
https://aviastal.ru/chernyi-prokat/trubnyi-prokat/truba-polipropilenovaya/diametr_50__armirovanie_steklovolokno,тег
https://aviastal.ru/chernyi-prokat/trubnyi-prokat/truba-polipropilenovaya/diametr_300,тег
https://aviastal.ru/chernyi-prokat/trubnyi-prokat/truba-polipropilenovaya/diametr_250,тег
https://aviastal.ru/chernyi-prokat/trubnyi-prokat/truba-polipropilenovaya/diametr_225,тег
https://aviastal.ru/chernyi-prokat/trubnyi-prokat/truba-polipropilenovaya/davlenie_ru20__marka-materiala_pprc,тег
https://aviastal.ru/chernyi-prokat/trubnyi-prokat/truba-polipropilenovaya/diametr_32__davlenie_ru20,тег
https://aviastal.ru/tcvetnoi-metalloprokat/splavy-tcvetnyh-metallov/splav-tcam/silumin,категория
https://aviastal.ru/chernyi-prokat/trubnyi-prokat/truba-polipropilenovaya/davlenie_ru10__marka-materiala_pprc,тег
https://aviastal.ru/chernyi-prokat/trubnyi-prokat/truba-polipropilenovaya/dlina_2000,тег
https://aviastal.ru/chernyi-prokat/trubnyi-prokat/truba-polipropilenovaya/diametr_25__davlenie_ru25,тег
https://aviastal.ru/chernyi-prokat/trubnyi-prokat/truba-polipropilenovaya/diametr_20__armirovanie_aluminii,тег
"https://aviastal.ru/provoloka/provoloka-nerzhaveushaya/diametr_0,8__tip-provoloki_svarochnaya",тег
"https://aviastal.ru/provoloka/provoloka-nerzhaveushaya/diametr_0,8",тег
https://aviastal.ru/provoloka/provoloka-nerzhaveushaya/diametr_3,тег
https://aviastal.ru/provoloka/provoloka-nerzhaveushaya/diametr_1,тег
https://aviastal.ru/provoloka/provoloka-nerzhaveushaya/diametr_5,тег
https://aviastal.ru/provoloka/provoloka-nerzhaveushaya/diametr_2,тег
"https://aviastal.ru/provoloka/provoloka-nerzhaveushaya/diametr_0,5",тег
https://aviastal.ru/provoloka/provoloka-nerzhaveushaya/diametr_4,тег
"https://aviastal.ru/provoloka/provoloka-nerzhaveushaya/diametr_0,6",тег
https://aviastal.ru/provoloka/provoloka-nerzhaveushaya/diametr_6,тег
https://aviastal.ru/provoloka/provoloka-nerzhaveushaya/gost_gost-18143-72,тег
https://aviastal.ru/provoloka/provoloka-nerzhaveushaya/marka-stali_12h18n10t,тег
"https://aviastal.ru/provoloka/provoloka-nerzhaveushaya/diametr_0,2",тег
https://aviastal.ru/provoloka/provoloka-nerzhaveushaya/tip-provoloki_svarochnaya,тег
"https://aviastal.ru/provoloka/provoloka-nerzhaveushaya/diametr_1,6",тег
https://aviastal.ru/provoloka/provoloka-nerzhaveushaya/marka-stali_12h18n10t__gost_gost-18143-72,тег
https://aviastal.ru/tcvetnoi-metalloprokat/splavy-tcvetnyh-metallov/splav-tcam/vuda,категория
https://aviastal.ru/zapornaya-armatura/kondensatootvodchiki/markirovka_45s13nzh__vid_termodinamicheskii,тег
"https://aviastal.ru/zapornaya-armatura/kondensatootvodchiki/sposob-prisoed,_flantcevoe",тег
https://aviastal.ru/tcvetnoi-metalloprokat/aluminii/list-aluminievyi/tolshina_3,тег
https://aviastal.ru/tcvetnoi-metalloprokat/aluminii/list-aluminievyi/tolshina_2,тег
"https://aviastal.ru/tcvetnoi-metalloprokat/aluminii/list-aluminievyi/tolshina_0,5",тег
https://aviastal.ru/tcvetnoi-metalloprokat/aluminii/list-aluminievyi/tolshina_5,тег
https://aviastal.ru/tcvetnoi-metalloprokat/aluminii/list-aluminievyi/tolshina_1,тег
https://aviastal.ru/tcvetnoi-metalloprokat/aluminii/list-aluminievyi/tolshina_4,тег
"https://aviastal.ru/tcvetnoi-metalloprokat/aluminii/list-aluminievyi/tolshina_1,5",тег
https://aviastal.ru/tcvetnoi-metalloprokat/aluminii/list-aluminievyi/tolshina_10,тег
https://aviastal.ru/tcvetnoi-metalloprokat/aluminii/list-aluminievyi/tolshina_6,тег
https://aviastal.ru/tcvetnoi-metalloprokat/aluminii/list-aluminievyi/tolshina_8,тег
https://aviastal.ru/tcvetnoi-metalloprokat/aluminii/list-aluminievyi/tolshina_20,тег
https://aviastal.ru/tcvetnoi-metalloprokat/aluminii/list-aluminievyi/poverhnost_kvintet,тег
https://aviastal.ru/tcvetnoi-metalloprokat/aluminii/list-aluminievyi/poverhnost_riflenyi,тег
"https://aviastal.ru/tcvetnoi-metalloprokat/aluminii/list-aluminievyi/tolshina_1,5__poverhnost_riflenyi",тег
https://aviastal.ru/tcvetnoi-metalloprokat/aluminii/list-aluminievyi/tolshina_3__poverhnost_riflenyi,тег
https://aviastal.ru/tcvetnoi-metalloprokat/aluminii/list-aluminievyi/marka-materiala_ad1n,тег
"https://aviastal.ru/tcvetnoi-metalloprokat/aluminii/list-aluminievyi/tolshina_0,8",тег
https://aviastal.ru/tcvetnoi-metalloprokat/aluminii/list-aluminievyi/marka-materiala_amg5,тег
https://aviastal.ru/tcvetnoi-metalloprokat/aluminii/list-aluminievyi/marka-materiala_amg,тег
https://aviastal.ru/tcvetnoi-metalloprokat/aluminii/list-aluminievyi/marka-materiala_d16t,тег
https://aviastal.ru/tcvetnoi-metalloprokat/aluminii/list-aluminievyi/marka-materiala_amg2,тег
https://aviastal.ru/nerzhaveushii-prokat/krug-nerzhaveushii/diametr_4,тег
"https://aviastal.ru/nerzhaveushii-prokat/krug-nerzhaveushii/sposob-proizv,_kalibrovannyi",тег
https://aviastal.ru/nerzhaveushii-prokat/krug-nerzhaveushii/diametr_6,тег
https://aviastal.ru/nerzhaveushii-prokat/krug-nerzhaveushii/marka-stali_12h18n10t,тег
"https://aviastal.ru/nerzhaveushii-prokat/krug-nerzhaveushii/sposob-proizv,_goryachekatanyi",тег
https://aviastal.ru/nerzhaveushii-prokat/krug-nerzhaveushii/diametr_80,тег
https://aviastal.ru/nerzhaveushii-prokat/krug-nerzhaveushii/diametr_40,тег
https://aviastal.ru/nerzhaveushii-prokat/krug-nerzhaveushii/marka-stali_aisi-321,тег
https://aviastal.ru/nerzhaveushii-prokat/krug-nerzhaveushii/marka-stali_aisi-201,тег
"https://aviastal.ru/provoloka/provoloka-nihromovaya/diametr_0,5",тег
https://aviastal.ru/provoloka/provoloka-nihromovaya/diametr_1,тег
https://aviastal.ru/provoloka/provoloka-nihromovaya/diametr_3,тег
"https://aviastal.ru/provoloka/provoloka-nihromovaya/diametr_0,2",тег
"https://aviastal.ru/provoloka/provoloka-nihromovaya/diametr_1,2",тег
"https://aviastal.ru/provoloka/provoloka-nihromovaya/diametr_0,1",тег
https://aviastal.ru/provoloka/provoloka-nihromovaya/marka-materiala_h20n80,тег
"https://aviastal.ru/provoloka/provoloka-nihromovaya/diametr_0,3",тег
https://aviastal.ru/provoloka/provoloka-nihromovaya/diametr_5,тег
"https://aviastal.ru/provoloka/provoloka-nihromovaya/diametr_0,7",тег
https://aviastal.ru/zapornaya-armatura/kondensatootvodchiki/markirovka_45ch12nzh,тег
https://aviastal.ru/zapornaya-armatura/zatvory/diametr_100,тег
https://aviastal.ru/zapornaya-armatura/zatvory/diametr_125,тег
https://aviastal.ru/zapornaya-armatura/zatvory/diametr_150,тег
https://aviastal.ru/zapornaya-armatura/zatvory/diametr_200,тег
https://aviastal.ru/zapornaya-armatura/zatvory/diametr_25,тег
https://aviastal.ru/zapornaya-armatura/zatvory/diametr_300,тег
https://aviastal.ru/zapornaya-armatura/zatvory/diametr_80,тег
https://aviastal.ru/zapornaya-armatura/zatvory/markirovka_zpvl,тег
https://aviastal.ru/zapornaya-armatura/zatvory/markirovka_zpvs,тег
https://aviastal.ru/zapornaya-armatura/zatvory/davlenie_ru16,тег
https://aviastal.ru/zapornaya-armatura/zatvory/davlenie_ru25,тег
https://aviastal.ru/zapornaya-armatura/zatvory/davlenie_ru10,тег
https://aviastal.ru/zapornaya-armatura/zatvory/diametr_1400,тег
https://aviastal.ru/zapornaya-armatura/kondensatootvodchiki/vid_poplavkovyi,тег
https://aviastal.ru/zapornaya-armatura/kondensatootvodchiki/diametr_50__davlenie_ru16,тег
https://aviastal.ru/zapornaya-armatura/kondensatootvodchiki/vid_termostaticheskii,тег
https://aviastal.ru/zapornaya-armatura/kondensatootvodchiki/vid_bimetallicheskii,тег
https://aviastal.ru/chernyi-prokat/trubnyi-prokat/truba-pvh-polivinilhlorid/diametr_20,тег
https://aviastal.ru/chernyi-prokat/trubnyi-prokat/truba-pvh-polivinilhlorid/diametr_500,тег
https://aviastal.ru/chernyi-prokat/trubnyi-prokat/truba-pvh-polivinilhlorid/diametr_10,тег
https://aviastal.ru/chernyi-prokat/trubnyi-prokat/truba-pvh-polivinilhlorid/diametr_100,тег
https://aviastal.ru/chernyi-prokat/trubnyi-prokat/truba-pvh-polivinilhlorid/diametr_110,тег
https://aviastal.ru/chernyi-prokat/trubnyi-prokat/truba-pvh-polivinilhlorid/diametr_110__naznachenie_dlya-naruzhnoi-kanalizatcii,тег
https://aviastal.ru/chernyi-prokat/trubnyi-prokat/truba-pvh-polivinilhlorid/diametr_150,тег
https://aviastal.ru/chernyi-prokat/trubnyi-prokat/truba-pvh-polivinilhlorid/diametr_16,тег
https://aviastal.ru/chernyi-prokat/trubnyi-prokat/truba-pvh-polivinilhlorid/diametr_110__tcvet_seryi,тег
https://aviastal.ru/chernyi-prokat/trubnyi-prokat/truba-pvh-polivinilhlorid/diametr_160,тег
https://aviastal.ru/chernyi-prokat/trubnyi-prokat/truba-pvh-polivinilhlorid/diametr_20__tcvet_belyi,тег
https://aviastal.ru/chernyi-prokat/trubnyi-prokat/truba-pvh-polivinilhlorid/diametr_20__tcvet_chernyi,тег
https://aviastal.ru/chernyi-prokat/trubnyi-prokat/truba-pvh-polivinilhlorid/diametr_200,тег
https://aviastal.ru/chernyi-prokat/trubnyi-prokat/truba-pvh-polivinilhlorid/diametr_200__naznachenie_dlya-kanalizatcii,тег
https://aviastal.ru/chernyi-prokat/trubnyi-prokat/truba-pvh-polivinilhlorid/diametr_20__naznachenie_dlya-kabelnyh-sistem,тег
https://aviastal.ru/chernyi-prokat/trubnyi-prokat/truba-pvh-polivinilhlorid/diametr_25,тег
https://aviastal.ru/chernyi-prokat/trubnyi-prokat/truba-pvh-polivinilhlorid/diametr_25__tcvet_chernyi,тег
https://aviastal.ru/chernyi-prokat/trubnyi-prokat/truba-pvh-polivinilhlorid/diametr_250,тег
https://aviastal.ru/chernyi-prokat/trubnyi-prokat/truba-pvh-polivinilhlorid/diametr_300,тег
https://aviastal.ru/chernyi-prokat/trubnyi-prokat/truba-pvh-polivinilhlorid/diametr_315,тег
https://aviastal.ru/chernyi-prokat/trubnyi-prokat/truba-pvh-polivinilhlorid/diametr_32,тег
https://aviastal.ru/chernyi-prokat/trubnyi-prokat/truba-pvh-polivinilhlorid/dlina_3,тег
https://aviastal.ru/chernyi-prokat/trubnyi-prokat/truba-pvh-polivinilhlorid/diametr_40,тег
https://aviastal.ru/chernyi-prokat/trubnyi-prokat/truba-pvh-polivinilhlorid/diametr_400,тег
https://aviastal.ru/chernyi-prokat/trubnyi-prokat/truba-pvh-polivinilhlorid/diametr_50,тег
https://aviastal.ru/chernyi-prokat/trubnyi-prokat/truba-pvh-polivinilhlorid/diametr_50__naznachenie_dlya-kanalizatcii,тег
https://aviastal.ru/chernyi-prokat/trubnyi-prokat/truba-pvh-polivinilhlorid/diametr_63,тег
https://aviastal.ru/chernyi-prokat/trubnyi-prokat/truba-pvh-polivinilhlorid/diametr_75,тег
https://aviastal.ru/chernyi-prokat/trubnyi-prokat/truba-pvh-polivinilhlorid/diametr_75__naznachenie_dlya-kanalizatcii,тег
https://aviastal.ru/chernyi-prokat/trubnyi-prokat/truba-pvh-polivinilhlorid/diametr_90,тег
https://aviastal.ru/chernyi-prokat/trubnyi-prokat/truba-pvh-polivinilhlorid/tcvet_belyi,тег
https://aviastal.ru/chernyi-prokat/trubnyi-prokat/truba-pvh-polivinilhlorid/diametr_25__naznachenie_dlya-sistem-vodosnabzheniya,тег
https://aviastal.ru/chernyi-prokat/trubnyi-prokat/truba-pvh-polivinilhlorid/diametr_20__tcvet_seryi,тег
https://aviastal.ru/chernyi-prokat/trubnyi-prokat/truba-pvh-polivinilhlorid/tcvet_seryi,тег
https://aviastal.ru/chernyi-prokat/trubnyi-prokat/truba-pvh-polivinilhlorid/diametr_16__tcvet_seryi,тег
https://aviastal.ru/chernyi-prokat/trubnyi-prokat/truba-pvh-polivinilhlorid/diametr_50__tcvet_seryi,тег
https://aviastal.ru/chernyi-prokat/trubnyi-prokat/truba-pvh-polivinilhlorid/tcvet_chernyi,тег
"https://aviastal.ru/chernyi-prokat/trubnyi-prokat/truba-pvh-polivinilhlorid/nomin,-davl,-pn_pn-16",тег
https://aviastal.ru/chernyi-prokat/trubnyi-prokat/truba-pvh-polivinilhlorid/naznachenie_dlya-skvazhin,тег
https://aviastal.ru/chernyi-prokat/trubnyi-prokat/truba-pvh-polivinilhlorid/naznachenie_dlya-kanalizatcii,тег
https://aviastal.ru/chernyi-prokat/trubnyi-prokat/truba-pvh-polivinilhlorid/diametr_125,тег
https://aviastal.ru/chernyi-prokat/trubnyi-prokat/truba-pvh-polivinilhlorid/naznachenie_dlya-sistem-vodosnabzheniya,тег
https://aviastal.ru/chernyi-prokat/trubnyi-prokat/truba-pvh-polivinilhlorid/diametr_32__naznachenie_dlya-sistem-vodosnabzheniya,тег
https://aviastal.ru/chernyi-prokat/trubnyi-prokat/truba-pvh-polivinilhlorid/naznachenie_dlya-kabelnyh-sistem,тег
https://aviastal.ru/chernyi-prokat/trubnyi-prokat/truba-pvh-polivinilhlorid/naznachenie_dlya-vnutrennei-kanalizatcii,тег
https://aviastal.ru/chernyi-prokat/trubnyi-prokat/truba-pvh-polivinilhlorid/naznachenie_dlya-naruzhnoi-kanalizatcii,тег
https://aviastal.ru/chernyi-prokat/trubnyi-prokat/truba-pvh-polivinilhlorid/tcvet_prozrachnyi,тег
https://aviastal.ru/vozduhovody-dymohody/vozduhovody/klapany-i-drosseli/razmer_160,тег
https://aviastal.ru/vozduhovody-dymohody/vozduhovody/klapany-i-drosseli/razmer_315,тег
https://aviastal.ru/chernyi-prokat/listovoi-prokat/list-perforirovannyi/tolshina_2,тег
https://aviastal.ru/chernyi-prokat/listovoi-prokat/list-perforirovannyi/tolshina_1,тег
https://aviastal.ru/chernyi-prokat/listovoi-prokat/list-perforirovannyi/tolshina_3,тег
https://aviastal.ru/chernyi-prokat/listovoi-prokat/list-perforirovannyi/tip-perforatcii_rv-3-5,тег
https://aviastal.ru/chernyi-prokat/listovoi-prokat/list-perforirovannyi/tolshina_4,тег
https://aviastal.ru/chernyi-prokat/listovoi-prokat/list-perforirovannyi/tip-perforatcii_rv-5-8,тег
https://aviastal.ru/chernyi-prokat/listovoi-prokat/list-perforirovannyi/tolshina_5,тег
https://aviastal.ru/chernyi-prokat/listovoi-prokat/list-perforirovannyi/tip-perforatcii_rv-4-6,тег
"https://aviastal.ru/chernyi-prokat/listovoi-prokat/list-perforirovannyi/tolshina_1,5",тег
https://aviastal.ru/chernyi-prokat/listovoi-prokat/list-perforirovannyi/tip-perforatcii_rv-1-2,тег
https://aviastal.ru/chernyi-prokat/listovoi-prokat/list-perforirovannyi/tip-perforatcii_rv-6-9,тег
https://aviastal.ru/chernyi-prokat/listovoi-prokat/list-perforirovannyi/tip-perforatcii_rv-10-15,тег
https://aviastal.ru/chernyi-prokat/listovoi-prokat/list-perforirovannyi/tip-perforatcii_rv-8-12,тег
https://aviastal.ru/chernyi-prokat/listovoi-prokat/list-perforirovannyi/tip-perforatcii_qg-10-14,тег
https://aviastal.ru/zapornaya-armatura/kondensatootvodchiki/diametr_80,тег
https://aviastal.ru/zapornaya-armatura/kondensatootvodchiki/vid_termodinamicheskii,тег
https://aviastal.ru/zapornaya-armatura/bochata/diametr_20,тег
https://aviastal.ru/zapornaya-armatura/bochata/diametr_20__pokrytie_otcinkovannye,тег
https://aviastal.ru/zapornaya-armatura/bochata/diametr_20__material_stal,тег
https://aviastal.ru/zapornaya-armatura/bochata/diametr_25,тег
https://aviastal.ru/zapornaya-armatura/bochata/diametr_25__material_stal,тег
https://aviastal.ru/zapornaya-armatura/bochata/material_latun,тег
https://aviastal.ru/zapornaya-armatura/bochata/diametr_15,тег
https://aviastal.ru/zapornaya-armatura/bochata/diametr_32,тег
https://aviastal.ru/zapornaya-armatura/bochata/diametr_40,тег
https://aviastal.ru/zapornaya-armatura/bochata/diametr_50,тег
https://aviastal.ru/zapornaya-armatura/bochata/diametr_50__material_stal,тег
https://aviastal.ru/zapornaya-armatura/bochata/gost_6357-81,тег
https://aviastal.ru/zapornaya-armatura/bochata/diametr_15__pokrytie_otcinkovannye,тег
https://aviastal.ru/zapornaya-armatura/bochata/material_nerzhaveushaya-stal,тег
https://aviastal.ru/zapornaya-armatura/bochata/pokrytie_otcinkovannye,тег
https://aviastal.ru/zapornaya-armatura/bochata/material_stal,тег
https://aviastal.ru/zapornaya-armatura/bochata/diametr_15__material_stal,тег
https://aviastal.ru/zapornaya-armatura/bochata/diametr_80,тег
https://aviastal.ru/zapornaya-armatura/bochata/material_chugun,тег
https://aviastal.ru/zapornaya-armatura/klapany/klapan-chugunnyi/vid_balansirovochnyi,тег
https://aviastal.ru/zapornaya-armatura/klapany/klapan-chugunnyi/vid_obratnyi,тег
"https://aviastal.ru/zapornaya-armatura/klapany/klapan-chugunnyi/vid_obratnyi,-dvustvorchatyi",тег
"https://aviastal.ru/zapornaya-armatura/klapany/klapan-chugunnyi/vid_obratnyi,-podemnyi",тег
https://aviastal.ru/zapornaya-armatura/klapany/klapan-chugunnyi/diametr_80__vid_obratnyi,тег
"https://aviastal.ru/zapornaya-armatura/klapany/klapan-chugunnyi/vid_obratnyi,-pruzhinnyi",тег
"https://aviastal.ru/zapornaya-armatura/klapany/klapan-chugunnyi/vid_obratnyi,-sharovoi",тег
https://aviastal.ru/zapornaya-armatura/klapany/klapan-chugunnyi/vid_predohranitelnyi,тег
https://aviastal.ru/zapornaya-armatura/klapany/klapan-chugunnyi/diametr_150__vid_obratnyi,тег
https://aviastal.ru/zapornaya-armatura/klapany/klapan-chugunnyi/markirovka_19ch21br,тег
https://aviastal.ru/zapornaya-armatura/klapany/klapan-chugunnyi/markirovka_19ch21br__vid_obratnyi,тег
"https://aviastal.ru/zapornaya-armatura/klapany/klapan-chugunnyi/markirovka_19ch21br__vid_obratnyi,-povorotnyi",тег
"https://aviastal.ru/zapornaya-armatura/klapany/klapan-chugunnyi/vid_obratnyi,-povorotnyi",тег
https://aviastal.ru/zapornaya-armatura/klapany/klapan-chugunnyi/diametr_50,тег
https://aviastal.ru/zapornaya-armatura/klapany/klapan-chugunnyi/diametr_200__vid_obratnyi,тег
https://aviastal.ru/zapornaya-armatura/klapany/klapan-chugunnyi/diametr_100__vid_obratnyi,тег
https://aviastal.ru/krovlya-i-fasad/vodostoki/zheloba/material_pvh,тег
https://aviastal.ru/krovlya-i-fasad/vodostoki/zheloba/shirina_150,тег
https://aviastal.ru/krovlya-i-fasad/vodostoki/zheloba/forma_pryamougolnyi,тег
https://aviastal.ru/krovlya-i-fasad/vodostoki/zheloba/pokrytie_otcinkovannyi,тег
https://aviastal.ru/krovlya-i-fasad/vodostoki/zheloba/shirina_200,тег
https://aviastal.ru/krovlya-i-fasad/vodostoki/zheloba/shirina_120,тег
https://aviastal.ru/krovlya-i-fasad/vodostoki/zheloba/shirina_185__dlina_3,тег
https://aviastal.ru/krovlya-i-fasad/vodostoki/zheloba/dlina_3,тег
https://aviastal.ru/krovlya-i-fasad/vodostoki/zheloba/tcvet-ral_ral8017,тег
https://aviastal.ru/krovlya-i-fasad/vodostoki/zheloba/glubina_90,тег
https://aviastal.ru/krovlya-i-fasad/vodostoki/zheloba/shirina_125__dlina_3,тег
https://aviastal.ru/krovlya-i-fasad/vodostoki/zheloba/shirina_125__pokrytie_otcinkovannyi,тег
https://aviastal.ru/krovlya-i-fasad/vodostoki/zheloba/shirina_80,тег
https://aviastal.ru/krovlya-i-fasad/vodostoki/zheloba/forma_kvadratnyi,тег
https://aviastal.ru/krovlya-i-fasad/vodostoki/zheloba/dlina_3__material_pvh,тег
https://aviastal.ru/krovlya-i-fasad/vodostoki/zheloba/shirina_125__forma_polukruglyi,тег
https://aviastal.ru/krovlya-i-fasad/vodostoki/zheloba/tcvet-ral_seryi,тег
https://aviastal.ru/krovlya-i-fasad/vodostoki/zheloba/material_stal,тег
https://aviastal.ru/krovlya-i-fasad/vodostoki/zheloba/shirina_50,тег
https://aviastal.ru/chernyi-prokat/sortovoi-prokat/shveller-goryachekatannyi/razmer_10,тег
https://aviastal.ru/chernyi-prokat/sortovoi-prokat/shveller-goryachekatannyi/razmer_10__markirovka_p,тег
https://aviastal.ru/chernyi-prokat/sortovoi-prokat/shveller-goryachekatannyi/razmer_8,тег
https://aviastal.ru/chernyi-prokat/sortovoi-prokat/shveller-goryachekatannyi/razmer_8__markirovka_p,тег
https://aviastal.ru/chernyi-prokat/sortovoi-prokat/shveller-goryachekatannyi/razmer_16__markirovka_p,тег
https://aviastal.ru/chernyi-prokat/sortovoi-prokat/shveller-goryachekatannyi/razmer_12__markirovka_p,тег
https://aviastal.ru/chernyi-prokat/sortovoi-prokat/shveller-goryachekatannyi/razmer_12,тег
https://aviastal.ru/chernyi-prokat/sortovoi-prokat/shveller-goryachekatannyi/razmer_20__markirovka_p,тег
https://aviastal.ru/chernyi-prokat/sortovoi-prokat/shveller-goryachekatannyi/razmer_14,тег
https://aviastal.ru/chernyi-prokat/sortovoi-prokat/shveller-goryachekatannyi/razmer_10__dlina_3,тег
https://aviastal.ru/zapornaya-armatura/otvody/otvod-stalnoi/diametr_150,тег
https://aviastal.ru/zapornaya-armatura/otvody/otvod-stalnoi/diametr_150__ugol_90,тег
https://aviastal.ru/vozduhovody-dymohody/vozduhovody/vozduhovody-kruglye/diametr_200__material_otcinkovannaya-stal,тег
https://aviastal.ru/zapornaya-armatura/otvody/otvod-stalnoi/diametr_100,тег
https://aviastal.ru/zapornaya-armatura/otvody/otvod-stalnoi/ugol_90,тег
https://aviastal.ru/zapornaya-armatura/otvody/otvod-stalnoi/ugol_45,тег
https://aviastal.ru/zapornaya-armatura/otvody/otvod-stalnoi/diametr_15,тег
https://aviastal.ru/zapornaya-armatura/otvody/otvod-stalnoi/diametr_80,тег
https://aviastal.ru/zapornaya-armatura/otvody/otvod-stalnoi/diametr_100__ugol_90,тег
https://aviastal.ru/zapornaya-armatura/otvody/otvod-stalnoi/diametr_90,тег
https://aviastal.ru/zapornaya-armatura/otvody/otvod-stalnoi/diametr_50,тег
https://aviastal.ru/zapornaya-armatura/otvody/otvod-stalnoi/diametr_50__ugol_90,тег
https://aviastal.ru/zapornaya-armatura/otvody/otvod-stalnoi/diametr_15__ugol_90,тег
https://aviastal.ru/zapornaya-armatura/otvody/otvod-stalnoi/diametr_25,тег
https://aviastal.ru/zapornaya-armatura/otvody/otvod-stalnoi/diametr_40,тег
https://aviastal.ru/zapornaya-armatura/otvody/otvod-stalnoi/diametr_108,тег
https://aviastal.ru/zapornaya-armatura/otvody/otvod-stalnoi/diametr_108h4,тег
https://aviastal.ru/zapornaya-armatura/otvody/otvod-stalnoi/diametr_20,тег
https://aviastal.ru/vozduhovody-dymohody/vozduhovody/vozduhovody-pryamougolnye/gibkiy,категория
https://aviastal.ru/zapornaya-armatura/otvody/otvod-stalnoi/diametr_32__tip_krutoizognutyi,тег
"https://aviastal.ru/zapornaya-armatura/otvody/otvod-stalnoi/diametr_32__ugol_90__tip_krutoizognutyi,-besshovnyi",тег
https://aviastal.ru/zapornaya-armatura/otvody/otvod-stalnoi/diametr_125,тег
https://aviastal.ru/zapornaya-armatura/otvody/otvod-stalnoi/diametr_20__tip_krutoizognutyi,тег
https://aviastal.ru/zapornaya-armatura/otvody/otvod-stalnoi/diametr_20__ugol_90,тег
https://aviastal.ru/zapornaya-armatura/otvody/otvod-stalnoi/diametr_25__tip_krutoizognutyi,тег
https://aviastal.ru/zapornaya-armatura/otvody/otvod-stalnoi/diametr_25__ugol_90,тег
https://aviastal.ru/zapornaya-armatura/otvody/otvod-stalnoi/diametr_57,тег
https://aviastal.ru/zapornaya-armatura/otvody/otvod-stalnoi/marka-stali_09g2s,тег
https://aviastal.ru/zapornaya-armatura/otvody/otvod-stalnoi/marka-stali_09g2s__tip_krutoizognutyi,тег
https://aviastal.ru/zapornaya-armatura/otvody/otvod-stalnoi/diametr_159,тег
https://aviastal.ru/zapornaya-armatura/otvody/otvod-stalnoi/diametr_57__ugol_90,тег
https://aviastal.ru/zapornaya-armatura/otvody/otvod-stalnoi/diametr_89__ugol_90,тег
https://aviastal.ru/zapornaya-armatura/otvody/otvod-stalnoi/tip_besshovnyi,тег
https://aviastal.ru/zapornaya-armatura/otvody/otvod-stalnoi/ugol_30,тег
https://aviastal.ru/zapornaya-armatura/otvody/otvod-stalnoi/diametr_40__ugol_90,тег
"https://aviastal.ru/zapornaya-armatura/otvody/otvod-stalnoi/tip_krutoizognutyi,-besshovnyi",тег
https://aviastal.ru/zapornaya-armatura/otvody/otvod-stalnoi/diametr_76,тег
https://aviastal.ru/zapornaya-armatura/otvody/otvod-stalnoi/diametr_45,тег
https://aviastal.ru/zapornaya-armatura/otvody/otvod-stalnoi/tip_krutoizognutyi,тег
https://aviastal.ru/vozduhovody-dymohody/vozduhovody/vozduhovody-pryamougolnye/zhestkiy,категория
https://aviastal.ru/zapornaya-armatura/otvody/otvod-stalnoi/diametr_133,тег
https://aviastal.ru/zapornaya-armatura/otvody/otvod-stalnoi/diametr_1-2,тег
https://aviastal.ru/zapornaya-armatura/otvody/otvod-stalnoi/diametr_76__ugol_90,тег
"https://aviastal.ru/zapornaya-armatura/otvody/otvod-stalnoi/diametr_32__ugol_45__tip_krutoizognutyi,-besshovnyi",тег
https://aviastal.ru/zapornaya-armatura/otvody/otvod-stalnoi/diametr_90__ugol_90,тег
https://aviastal.ru/zapornaya-armatura/otvody/otvod-stalnoi/diametr_400__ugol_90,тег
https://aviastal.ru/zapornaya-armatura/otvody/otvod-stalnoi/ugol_90__tip_besshovnyi,тег
https://aviastal.ru/zapornaya-armatura/otvody/otvod-stalnoi/diametr_65,тег
"https://aviastal.ru/zapornaya-armatura/otvody/otvod-stalnoi/diametr_50__ugol_90__tip_krutoizognutyi,-besshovnyi",тег
https://aviastal.ru/zapornaya-armatura/otvody/otvod-stalnoi/diametr_76__stenka_4,тег
https://aviastal.ru/zapornaya-armatura/otvody/otvod-stalnoi/diametr_57__stenka_5,тег
https://aviastal.ru/zapornaya-armatura/otvody/otvod-stalnoi/ugol_20,тег
"https://aviastal.ru/zapornaya-armatura/otvody/otvod-stalnoi/ugol_45__tip_krutoizognutyi,-besshovnyi",тег
https://aviastal.ru/zapornaya-armatura/otvody/otvod-stalnoi/diametr_159__stenka_6,тег
https://aviastal.ru/zapornaya-armatura/otvody/otvod-stalnoi/diametr_110,тег
https://aviastal.ru/chernyi-prokat/sortovoi-prokat/armatura-stekloplastikovaya/diametr_12__dlina_50,тег
https://aviastal.ru/chernyi-prokat/sortovoi-prokat/armatura-stekloplastikovaya/dlina_50,тег
https://aviastal.ru/chernyi-prokat/sortovoi-prokat/armatura-stekloplastikovaya/diametr_12,тег
https://aviastal.ru/chernyi-prokat/sortovoi-prokat/armatura-stekloplastikovaya/diametr_14,тег
https://aviastal.ru/chernyi-prokat/sortovoi-prokat/armatura-stekloplastikovaya/diametr_18,тег
https://aviastal.ru/chernyi-prokat/sortovoi-prokat/armatura-stekloplastikovaya/diametr_4,тег
https://aviastal.ru/chernyi-prokat/sortovoi-prokat/armatura-stekloplastikovaya/diametr_16,тег
https://aviastal.ru/chernyi-prokat/sortovoi-prokat/armatura-stekloplastikovaya/diametr_12__marka-materiala_ask-steklokompozitnaya,тег
https://aviastal.ru/chernyi-prokat/sortovoi-prokat/armatura-stekloplastikovaya/diametr_25,тег
https://aviastal.ru/chernyi-prokat/sortovoi-prokat/armatura-stekloplastikovaya/diametr_10,тег
https://aviastal.ru/chernyi-prokat/sortovoi-prokat/armatura-stekloplastikovaya/diametr_20,тег
https://aviastal.ru/chernyi-prokat/sortovoi-prokat/armatura-stekloplastikovaya/diametr_5,тег
https://aviastal.ru/chernyi-prokat/sortovoi-prokat/armatura-stekloplastikovaya/diametr_8,тег
https://aviastal.ru/chernyi-prokat/sortovoi-prokat/armatura-stekloplastikovaya/marka-materiala_ask-steklokompozitnaya,тег
https://aviastal.ru/chernyi-prokat/sortovoi-prokat/armatura-stekloplastikovaya/diametr_6,тег
https://aviastal.ru/chernyi-prokat/trubnyi-prokat/truba-otcinkovannaya/diametr_50,тег
https://aviastal.ru/chernyi-prokat/trubnyi-prokat/truba-otcinkovannaya/diametr_32,тег
https://aviastal.ru/chernyi-prokat/trubnyi-prokat/truba-otcinkovannaya/diametr_100,тег
https://aviastal.ru/chernyi-prokat/trubnyi-prokat/truba-otcinkovannaya/diametr_150,тег
https://aviastal.ru/chernyi-prokat/trubnyi-prokat/truba-otcinkovannaya/diametr_25,тег
https://aviastal.ru/chernyi-prokat/trubnyi-prokat/truba-otcinkovannaya/diametr_80,тег
https://aviastal.ru/chernyi-prokat/trubnyi-prokat/truba-otcinkovannaya/diametr_76,тег
https://aviastal.ru/chernyi-prokat/trubnyi-prokat/truba-otcinkovannaya/diametr_20,тег
https://aviastal.ru/chernyi-prokat/trubnyi-prokat/truba-otcinkovannaya/diametr_200,тег
https://aviastal.ru/chernyi-prokat/trubnyi-prokat/truba-otcinkovannaya/diametr_40,тег
"https://aviastal.ru/chernyi-prokat/trubnyi-prokat/truba-otcinkovannaya/diametr_25__stenka_3,2",тег
https://aviastal.ru/chernyi-prokat/trubnyi-prokat/truba-otcinkovannaya/diametr_57,тег
https://aviastal.ru/chernyi-prokat/trubnyi-prokat/truba-otcinkovannaya/gost_gost-3262-75,тег
https://aviastal.ru/chernyi-prokat/trubnyi-prokat/truba-otcinkovannaya/gost_gost-3262-75__tip-truby_vgp,тег
https://aviastal.ru/chernyi-prokat/trubnyi-prokat/truba-otcinkovannaya/diametr_125,тег
https://aviastal.ru/chernyi-prokat/trubnyi-prokat/truba-otcinkovannaya/diametr_15,тег
https://aviastal.ru/chernyi-prokat/trubnyi-prokat/truba-otcinkovannaya/diametr_108,тег
"https://aviastal.ru/chernyi-prokat/trubnyi-prokat/truba-otcinkovannaya/diametr_20__stenka_2,8",тег
"https://aviastal.ru/chernyi-prokat/trubnyi-prokat/truba-otcinkovannaya/diametr_20__stenka_2,8__tip-truby_vgp",тег
https://aviastal.ru/chernyi-prokat/trubnyi-prokat/truba-otcinkovannaya/diametr_76__stenka_3,тег
https://aviastal.ru/chernyi-prokat/trubnyi-prokat/truba-otcinkovannaya/diametr_76__stenka_3__tip-truby_elektrosvarnaya,тег
https://aviastal.ru/chernyi-prokat/trubnyi-prokat/truba-otcinkovannaya/diametr_180,тег
"https://aviastal.ru/chernyi-prokat/trubnyi-prokat/truba-otcinkovannaya/diametr_57__stenka_3,5",тег
https://aviastal.ru/chernyi-prokat/trubnyi-prokat/truba-otcinkovannaya/diametr_50__stenka_3__tip-truby_vgp,тег
https://aviastal.ru/chernyi-prokat/trubnyi-prokat/truba-otcinkovannaya/diametr_100__stenka_4__tip-truby_vgp,тег
"https://aviastal.ru/chernyi-prokat/trubnyi-prokat/truba-otcinkovannaya/diametr_76__stenka_3,5",тег
https://aviastal.ru/chernyi-prokat/trubnyi-prokat/truba-otcinkovannaya/diametr_48,тег
https://aviastal.ru/chernyi-prokat/trubnyi-prokat/truba-otcinkovannaya/diametr_60,тег
https://aviastal.ru/chernyi-prokat/trubnyi-prokat/truba-otcinkovannaya/diametr_50__stenka_50,тег
https://aviastal.ru/chernyi-prokat/trubnyi-prokat/truba-otcinkovannaya/diametr_25__stenka_2,тег
https://aviastal.ru/chernyi-prokat/trubnyi-prokat/truba-otcinkovannaya/diametr_160,тег
https://aviastal.ru/chernyi-prokat/trubnyi-prokat/truba-otcinkovannaya/stenka_1,тег
https://aviastal.ru/chernyi-prokat/trubnyi-prokat/truba-otcinkovannaya/stenka_2,тег
https://aviastal.ru/chernyi-prokat/trubnyi-prokat/truba-otcinkovannaya/tip-truby_vgp,тег
https://aviastal.ru/chernyi-prokat/trubnyi-prokat/truba-otcinkovannaya/diametr_159,тег
https://aviastal.ru/chernyi-prokat/trubnyi-prokat/truba-otcinkovannaya/diametr_108__stenka_4,тег
https://aviastal.ru/chernyi-prokat/trubnyi-prokat/truba-otcinkovannaya/diametr_80__stenka_4,тег
https://aviastal.ru/chernyi-prokat/trubnyi-prokat/truba-otcinkovannaya/diametr_42,тег
https://aviastal.ru/chernyi-prokat/trubnyi-prokat/truba-otcinkovannaya/diametr_57__stenka_3,тег
https://aviastal.ru/chernyi-prokat/trubnyi-prokat/truba-otcinkovannaya/diametr_65__stenka_4,тег
https://aviastal.ru/chernyi-prokat/trubnyi-prokat/truba-otcinkovannaya/diametr_16,тег
https://aviastal.ru/chernyi-prokat/trubnyi-prokat/truba-otcinkovannaya/diametr_38,тег
https://aviastal.ru/chernyi-prokat/trubnyi-prokat/truba-otcinkovannaya/diametr_89__stenka_4,тег
https://aviastal.ru/chernyi-prokat/trubnyi-prokat/truba-otcinkovannaya/diametr_45,тег
https://aviastal.ru/chernyi-prokat/listovoi-prokat/list-riflenyi/tolshina_5__riflenie_chechevitca,тег
https://aviastal.ru/chernyi-prokat/listovoi-prokat/list-riflenyi/tolshina_2,тег
"https://aviastal.ru/chernyi-prokat/listovoi-prokat/list-riflenyi/tolshina_2,5",тег
https://aviastal.ru/chernyi-prokat/listovoi-prokat/list-riflenyi/tolshina_3,тег
https://aviastal.ru/chernyi-prokat/listovoi-prokat/list-riflenyi/tolshina_4,тег
"https://aviastal.ru/chernyi-prokat/listovoi-prokat/list-riflenyi/tolshina_4__raskroi_1,5h3",тег
"https://aviastal.ru/chernyi-prokat/listovoi-prokat/list-riflenyi/tolshina_4__raskroi_1,5h6",тег
https://aviastal.ru/chernyi-prokat/listovoi-prokat/list-riflenyi/tolshina_5,тег
https://aviastal.ru/chernyi-prokat/listovoi-prokat/list-riflenyi/tolshina_6,тег
https://aviastal.ru/chernyi-prokat/listovoi-prokat/list-riflenyi/tolshina_6__riflenie_chechevitca,тег
https://aviastal.ru/chernyi-prokat/listovoi-prokat/list-riflenyi/riflenie_romb,тег
https://aviastal.ru/chernyi-prokat/listovoi-prokat/list-riflenyi/riflenie_chechevitca,тег
https://aviastal.ru/chernyi-prokat/listovoi-prokat/list-riflenyi/tolshina_3__riflenie_chechevitca,тег
https://aviastal.ru/chernyi-prokat/listovoi-prokat/list-riflenyi/tolshina_4__riflenie_chechevitca,тег
https://aviastal.ru/chernyi-prokat/listovoi-prokat/list-riflenyi/marka-stali_09g2s,тег
https://aviastal.ru/zapornaya-armatura/zaglushki/zaglushka-latunnaya/diametr_15,тег
https://aviastal.ru/zapornaya-armatura/zaglushki/zaglushka-latunnaya/diametr_3-4,тег
https://aviastal.ru/zapornaya-armatura/zaglushki/zaglushka-latunnaya/diametr_1,тег
https://aviastal.ru/zapornaya-armatura/kondensatootvodchiki/diametr_25,тег
https://aviastal.ru/zapornaya-armatura/zaglushki/zaglushka-latunnaya/diametr_3-8,тег
https://aviastal.ru/zapornaya-armatura/zaglushki/zaglushka-latunnaya/diametr_2-1-2,тег
https://aviastal.ru/krovlya-i-fasad/vodostoki/truby-vodostochnye/razmer_150,тег
https://aviastal.ru/krovlya-i-fasad/vodostoki/truby-vodostochnye/razmer_100,тег
https://aviastal.ru/krovlya-i-fasad/vodostoki/truby-vodostochnye/pokrytie_otcinkovannoe,тег
https://aviastal.ru/krovlya-i-fasad/vodostoki/truby-vodostochnye/razmer_80,тег
https://aviastal.ru/krovlya-i-fasad/vodostoki/truby-vodostochnye/razmer_200,тег
https://aviastal.ru/krovlya-i-fasad/vodostoki/truby-vodostochnye/razmer_120,тег
https://aviastal.ru/zapornaya-armatura/otvody/otvod-mednyi/dvukhrastrubnyy,категория
https://aviastal.ru/krovlya-i-fasad/vodostoki/truby-vodostochnye/razmer_90,тег
https://aviastal.ru/krovlya-i-fasad/vodostoki/truby-vodostochnye/material_stal,тег
https://aviastal.ru/zapornaya-armatura/otvody/otvod-mednyi/odnorastrubnyy,категория
https://aviastal.ru/chernyi-prokat/listovoi-prokat/list-perforirovannyi/marka-stali_aisi-304,тег
https://aviastal.ru/zapornaya-armatura/otvody/otvod-stalnoi/diametr_32,тег
https://aviastal.ru/chernyi-prokat/listovoi-prokat/list-perforirovannyi/material_aluminievyi,тег
https://aviastal.ru/chernyi-prokat/listovoi-prokat/list-perforirovannyi/tolshina_2__material_nerzhaveushii,тег
https://aviastal.ru/chernyi-prokat/listovoi-prokat/list-perforirovannyi/tolshina_1__material_nerzhaveushii,тег
https://aviastal.ru/chernyi-prokat/listovoi-prokat/list-perforirovannyi/tolshina_2__material_aluminievyi,тег
"https://aviastal.ru/chernyi-prokat/trubnyi-prokat/truba-otcinkovannaya/diametr_159__stenka_4,5",тег
https://aviastal.ru/chernyi-prokat/trubnyi-prokat/truba-otcinkovannaya/stenka_3,тег
https://aviastal.ru/chernyi-prokat/trubnyi-prokat/truba-otcinkovannaya/diametr_65,тег
https://aviastal.ru/chernyi-prokat/trubnyi-prokat/truba-otcinkovannaya/diametr_89__stenka_3,тег
https://aviastal.ru/tcvetnoi-metalloprokat/med/krug-prutok-mednyi/marka-materiala_m1,тег
https://aviastal.ru/krovlya-i-fasad/krovelnye-materialy/profnastil-otcinkovannyi/marka_n60,тег
https://aviastal.ru/krovlya-i-fasad/krovelnye-materialy/profnastil-otcinkovannyi/marka_n75,тег
https://aviastal.ru/krovlya-i-fasad/krovelnye-materialy/profnastil-otcinkovannyi/marka_s8,тег
https://aviastal.ru/krovlya-i-fasad/krovelnye-materialy/profnastil-otcinkovannyi/marka_s20,тег
https://aviastal.ru/krovlya-i-fasad/krovelnye-materialy/profnastil-otcinkovannyi/tolshina_1,тег
https://aviastal.ru/krovlya-i-fasad/krovelnye-materialy/profnastil-otcinkovannyi/marka_s21,тег
https://aviastal.ru/krovlya-i-fasad/krovelnye-materialy/profnastil-otcinkovannyi/marka_ns35,тег
https://aviastal.ru/tcvetnoi-metalloprokat/aluminii/krug-prutok-aluminievyi/marka-stali_d16t,тег
https://aviastal.ru/krovlya-i-fasad/vodostoki/truby-vodostochnye/razmer_110,тег
https://aviastal.ru/krovlya-i-fasad/vodostoki/truby-vodostochnye/sechenie_pryamougolnaya,тег
https://aviastal.ru/krovlya-i-fasad/vodostoki/truby-vodostochnye/razmer_180,тег
https://aviastal.ru/krovlya-i-fasad/vodostoki/truby-vodostochnye/dlina_3,тег
https://aviastal.ru/krovlya-i-fasad/vodostoki/truby-vodostochnye/tcvet-ral_belyi,тег
"https://aviastal.ru/provoloka/provoloka-vyazalnaya/diametr_1,2",тег
https://aviastal.ru/provoloka/provoloka-vyazalnaya/diametr_1,тег
https://aviastal.ru/provoloka/provoloka-vyazalnaya/diametr_6,тег
https://aviastal.ru/provoloka/provoloka-vyazalnaya/diametr_4,тег
https://aviastal.ru/provoloka/provoloka-vyazalnaya/diametr_2,тег
"https://aviastal.ru/provoloka/provoloka-vyazalnaya/diametr_1,5",тег
https://aviastal.ru/provoloka/provoloka-vyazalnaya/diametr_3,тег
https://aviastal.ru/provoloka/provoloka-vyazalnaya/diametr_5,тег
"https://aviastal.ru/provoloka/provoloka-vyazalnaya/diametr_0,8",тег
"https://aviastal.ru/provoloka/provoloka-vyazalnaya/diametr_1,6",тег
"https://aviastal.ru/provoloka/provoloka-vyazalnaya/diametr_0,5",тег
"https://aviastal.ru/provoloka/provoloka-vyazalnaya/diametr_0,9",тег
"https://aviastal.ru/provoloka/provoloka-vyazalnaya/diametr_1,4",тег
"https://aviastal.ru/provoloka/provoloka-vyazalnaya/diametr_1,2__gost_gost-3282-74",тег
"https://aviastal.ru/provoloka/provoloka-vyazalnaya/diametr_2,2",тег
https://aviastal.ru/provoloka/provoloka-pruzhinnaya/gost_gost-9389-75,тег
https://aviastal.ru/provoloka/provoloka-pruzhinnaya/diametr_2,тег
https://aviastal.ru/provoloka/provoloka-pruzhinnaya/marka-stali_65g,тег
https://aviastal.ru/provoloka/provoloka-pruzhinnaya/diametr_4,тег
https://aviastal.ru/provoloka/provoloka-pruzhinnaya/diametr_6,тег
https://aviastal.ru/provoloka/provoloka-pruzhinnaya/diametr_1,тег
https://aviastal.ru/provoloka/provoloka-pruzhinnaya/tip-provoloki_uglerodistaya,тег
https://aviastal.ru/provoloka/provoloka-pruzhinnaya/diametr_3,тег
https://aviastal.ru/tcvetnoi-metalloprokat/bronza/krug-prutok-bronzovyi/marka-materiala_brazh9-4,тег
https://aviastal.ru/nerzhaveushii-prokat/list-nerzhaveushii/tolshina_2,тег
https://aviastal.ru/nerzhaveushii-prokat/list-nerzhaveushii/tolshina_1,тег
https://aviastal.ru/nerzhaveushii-prokat/list-nerzhaveushii/tolshina_3,тег
"https://aviastal.ru/nerzhaveushii-prokat/list-nerzhaveushii/tolshina_1,5",тег
https://aviastal.ru/nerzhaveushii-prokat/list-nerzhaveushii/marka-stali_aisi-304,тег
https://aviastal.ru/nerzhaveushii-prokat/list-nerzhaveushii/tolshina_5,тег
"https://aviastal.ru/nerzhaveushii-prokat/list-nerzhaveushii/tolshina_0,5",тег
https://aviastal.ru/nerzhaveushii-prokat/list-nerzhaveushii/tip-poverhnosti_riflenyi,тег
https://aviastal.ru/nerzhaveushii-prokat/list-nerzhaveushii/tolshina_4,тег
https://aviastal.ru/nerzhaveushii-prokat/list-nerzhaveushii/marka-stali_aisi-430,тег
https://aviastal.ru/nerzhaveushii-prokat/list-nerzhaveushii/marka-stali_12h18n10t,тег
https://aviastal.ru/nerzhaveushii-prokat/list-nerzhaveushii/tip-poverhnosti_zerkalnyi,тег
https://aviastal.ru/nerzhaveushii-prokat/list-nerzhaveushii/tip-poverhnosti_perforirovannyi,тег
https://aviastal.ru/nerzhaveushii-prokat/list-nerzhaveushii/tolshina_10,тег
https://aviastal.ru/nerzhaveushii-prokat/list-nerzhaveushii/tolshina_6,тег
"https://aviastal.ru/nerzhaveushii-prokat/list-nerzhaveushii/tolshina_0,8",тег
https://aviastal.ru/nerzhaveushii-prokat/list-nerzhaveushii/marka-stali_aisi-304__tip-poverhnosti_perforirovannyi,тег
https://aviastal.ru/nerzhaveushii-prokat/list-nerzhaveushii/marka-stali_aisi-316,тег
https://aviastal.ru/nerzhaveushii-prokat/list-nerzhaveushii/marka-stali_aisi-321,тег
"https://aviastal.ru/nerzhaveushii-prokat/list-nerzhaveushii/tolshina_1,2",тег
https://aviastal.ru/nerzhaveushii-prokat/list-nerzhaveushii/tolshina_20,тег
https://aviastal.ru/nerzhaveushii-prokat/list-nerzhaveushii/tip-poverhnosti_dekorativnyi,тег
https://aviastal.ru/nerzhaveushii-prokat/list-nerzhaveushii/tip-poverhnosti_shlifovannyi,тег
"https://aviastal.ru/nerzhaveushii-prokat/list-nerzhaveushii/tolshina_0,3",тег
https://aviastal.ru/nerzhaveushii-prokat/list-nerzhaveushii/tip-poverhnosti_polirovannyi,тег
https://aviastal.ru/nerzhaveushii-prokat/list-nerzhaveushii/tip-poverhnosti_matovyi,тег
https://aviastal.ru/nerzhaveushii-prokat/list-nerzhaveushii/marka-stali_aisi-201,тег
https://aviastal.ru/nerzhaveushii-prokat/list-nerzhaveushii/tolshina_3__tip-poverhnosti_riflenyi,тег
https://aviastal.ru/nerzhaveushii-prokat/list-nerzhaveushii/tolshina_2__tip-poverhnosti_riflenyi,тег
"https://aviastal.ru/nerzhaveushii-prokat/list-nerzhaveushii/marka-stali_08h18n10,-aisi-304",тег
https://aviastal.ru/nerzhaveushii-prokat/list-nerzhaveushii/tolshina_25,тег
https://aviastal.ru/nerzhaveushii-prokat/list-nerzhaveushii/marka-stali_08h18n10,тег
"https://aviastal.ru/nerzhaveushii-prokat/list-nerzhaveushii/tolshina_0,1",тег
https://aviastal.ru/nerzhaveushii-prokat/list-nerzhaveushii/gost_gost-19903-2015,тег
https://aviastal.ru/nerzhaveushii-prokat/list-nerzhaveushii/marka-stali_aisi-304__tip-poverhnosti_shlifovannyi,тег
https://aviastal.ru/nerzhaveushii-prokat/list-nerzhaveushii/marka-stali_aisi-304__tip-poverhnosti_zerkalnyi,тег
https://aviastal.ru/nerzhaveushii-prokat/list-nerzhaveushii/marka-stali_aisi-430__tip-poverhnosti_zerkalnyi,тег
https://aviastal.ru/nerzhaveushii-prokat/list-nerzhaveushii/marka-stali_12h18n10t__gost_gost-5582-75,тег
https://aviastal.ru/nerzhaveushii-prokat/list-nerzhaveushii/gost_gost-5582-75,тег
https://aviastal.ru/krovlya-i-fasad/vodostoki/truby-vodostochnye/razmer_220__pokrytie_otcinkovannoe,тег
https://aviastal.ru/krovlya-i-fasad/vodostoki/truby-vodostochnye/razmer_110__pokrytie_otcinkovannoe,тег
https://aviastal.ru/zapornaya-armatura/flantcy/flanetc-plastikovyi/diametr_50,тег
https://aviastal.ru/zapornaya-armatura/flantcy/flanetc-plastikovyi/diametr_150,тег
"https://aviastal.ru/zapornaya-armatura/zaglushki/zaglushka-nerzhaveushaya/tolshina_1,2",тег
https://aviastal.ru/zapornaya-armatura/otvody/otvod-chugunnyi/diametr_100__ugol_45,тег
"https://aviastal.ru/zapornaya-armatura/otvody/otvod-chugunnyi/vneshn,-pokrytie_otcinkovannyi",тег
"https://aviastal.ru/chernyi-prokat/sortovoi-prokat/lenta-stalnaya/shirina_20__tolshina_0,7",тег
"https://aviastal.ru/chernyi-prokat/sortovoi-prokat/lenta-stalnaya/shirina_20__tolshina_0,5",тег
https://aviastal.ru/chernyi-prokat/sortovoi-prokat/lenta-stalnaya/gost_gost-3560-73,тег
https://aviastal.ru/zapornaya-armatura/otvody/otvod-stalnoi/diametr_32__ugol_90,тег
https://aviastal.ru/chernyi-prokat/sortovoi-prokat/lenta-stalnaya/tolshina_2,тег
https://aviastal.ru/chernyi-prokat/sortovoi-prokat/lenta-stalnaya/shirina_30,тег
https://aviastal.ru/chernyi-prokat/sortovoi-prokat/lenta-stalnaya/gost_gost-6009-74,тег
https://aviastal.ru/chernyi-prokat/sortovoi-prokat/lenta-stalnaya/shirina_50,тег
https://aviastal.ru/chernyi-prokat/sortovoi-prokat/lenta-stalnaya/gost_gost-503-81,тег
https://aviastal.ru/chernyi-prokat/sortovoi-prokat/lenta-stalnaya/shirina_25,тег
https://aviastal.ru/zapornaya-armatura/otvody/otvod-chugunnyi/ugol_90,тег
"https://aviastal.ru/rezinotehnicheskie-izdeliya-rti/manzhety-rti/diametr-naruzhn,_50__diametr-vnutr,_40",тег
"https://aviastal.ru/rezinotehnicheskie-izdeliya-rti/manzhety-rti/diametr-naruzhn,_50__diametr-vnutr,_20",тег
"https://aviastal.ru/rezinotehnicheskie-izdeliya-rti/manzhety-rti/diametr-vnutr,_110",тег
"https://aviastal.ru/rezinotehnicheskie-izdeliya-rti/manzhety-rti/diametr-vnutr,_50",тег
https://aviastal.ru/rezinotehnicheskie-izdeliya-rti/manzhety-rti/gost_gost-6678-72,тег
"https://aviastal.ru/rezinotehnicheskie-izdeliya-rti/manzhety-rti/diametr-naruzhn,_50__diametr-vnutr,_25",тег
"https://aviastal.ru/rezinotehnicheskie-izdeliya-rti/manzhety-rti/diametr-naruzhn,_50__diametr-vnutr,_32",тег
https://aviastal.ru/rezinotehnicheskie-izdeliya-rti/manzhety-rti/tip_uplotnitelnaya,тег
"https://aviastal.ru/rezinotehnicheskie-izdeliya-rti/manzhety-rti/diametr-vnutr,_32",тег
"https://aviastal.ru/rezinotehnicheskie-izdeliya-rti/manzhety-rti/diametr-vnutr,_100",тег
"https://aviastal.ru/rezinotehnicheskie-izdeliya-rti/manzhety-rti/diametr-naruzhn,_110__diametr-vnutr,_90",тег
https://aviastal.ru/rezinotehnicheskie-izdeliya-rti/manzhety-rti/tip_armirovannaya,тег
"https://aviastal.ru/rezinotehnicheskie-izdeliya-rti/manzhety-rti/diametr-naruzhn,_40__diametr-vnutr,_32",тег
https://aviastal.ru/rezinotehnicheskie-izdeliya-rti/manzhety-rti/tip_vorotnikovaya,тег
https://aviastal.ru/zapornaya-armatura/otvody/otvod-chugunnyi/diametr_100,тег
"https://aviastal.ru/rezinotehnicheskie-izdeliya-rti/vtulki-rti/diametr-vnutr,_10",тег
"https://aviastal.ru/rezinotehnicheskie-izdeliya-rti/vtulki-rti/diametr-vnutr,_5",тег
"https://aviastal.ru/rezinotehnicheskie-izdeliya-rti/vtulki-rti/diametr-vnutr,_8",тег
https://aviastal.ru/nerzhaveushii-prokat/truba-nerzhaveushaya-gofrirovannaya/marka-truby_stahlmann,тег
https://aviastal.ru/nerzhaveushii-prokat/truba-nerzhaveushaya-gofrirovannaya/diametr_15,тег
https://aviastal.ru/nerzhaveushii-prokat/truba-nerzhaveushaya-gofrirovannaya/diametr_32,тег
https://aviastal.ru/nerzhaveushii-prokat/truba-nerzhaveushaya-gofrirovannaya/diametr_25,тег
https://aviastal.ru/nerzhaveushii-prokat/truba-nerzhaveushaya-gofrirovannaya/diametr_20,тег
https://aviastal.ru/nerzhaveushii-prokat/truba-nerzhaveushaya-gofrirovannaya/diametr_40,тег
https://aviastal.ru/nerzhaveushii-prokat/truba-nerzhaveushaya-gofrirovannaya/diametr_50,тег
https://aviastal.ru/nerzhaveushii-prokat/truba-nerzhaveushaya-gofrirovannaya/marka-truby_lavita,тег
https://aviastal.ru/nerzhaveushii-prokat/truba-nerzhaveushaya-gofrirovannaya/diametr_22,тег
https://aviastal.ru/zapornaya-armatura/shtutcer/diametr_1-2h3-4,тег
https://aviastal.ru/zapornaya-armatura/shtutcer/diametr_1-2,тег
https://aviastal.ru/zapornaya-armatura/shtutcer/diametr_1-2__tip_uglovoi,тег
https://aviastal.ru/zapornaya-armatura/shtutcer/diametr_15,тег
https://aviastal.ru/zapornaya-armatura/shtutcer/diametr_20,тег
https://aviastal.ru/zapornaya-armatura/shtutcer/diametr_25,тег
https://aviastal.ru/zapornaya-armatura/shtutcer/diametr_1-1-4__tip_elochka,тег
https://aviastal.ru/zapornaya-armatura/shtutcer/diametr_1-2__tip_perehodnoi,тег
https://aviastal.ru/zapornaya-armatura/shtutcer/diametr_1-2h8,тег
https://aviastal.ru/zapornaya-armatura/shtutcer/marka-stali_12h18n10t,тег
https://aviastal.ru/zapornaya-armatura/shtutcer/tip_elochka,тег
https://aviastal.ru/zapornaya-armatura/shtutcer/diametr_1-2h12,тег
https://aviastal.ru/zapornaya-armatura/shtutcer/diametr_3,тег
https://aviastal.ru/zapornaya-armatura/shtutcer/diametr_3-8,тег
https://aviastal.ru/zapornaya-armatura/shtutcer/diametr_1,тег
https://aviastal.ru/zapornaya-armatura/shtutcer/diametr_1-2h10,тег
https://aviastal.ru/zapornaya-armatura/shtutcer/diametr_1h25,тег
https://aviastal.ru/zapornaya-armatura/shtutcer/diametr_1-4,тег
https://aviastal.ru/zapornaya-armatura/shtutcer/diametr_1-8,тег
https://aviastal.ru/zapornaya-armatura/shtutcer/diametr_10,тег
https://aviastal.ru/zapornaya-armatura/shtutcer/diametr_16,тег
https://aviastal.ru/zapornaya-armatura/shtutcer/diametr_18,тег
https://aviastal.ru/zapornaya-armatura/shtutcer/diametr_2,тег
https://aviastal.ru/zapornaya-armatura/shtutcer/diametr_20h1-2,тег
https://aviastal.ru/zapornaya-armatura/shtutcer/diametr_20h3-4,тег
https://aviastal.ru/zapornaya-armatura/shtutcer/diametr_3-4,тег
https://aviastal.ru/zapornaya-armatura/shtutcer/diametr_3-8h10,тег
https://aviastal.ru/zapornaya-armatura/shtutcer/diametr_32,тег
https://aviastal.ru/zapornaya-armatura/shtutcer/diametr_38,тег
https://aviastal.ru/zapornaya-armatura/shtutcer/diametr_40,тег
https://aviastal.ru/zapornaya-armatura/shtutcer/diametr_50,тег
https://aviastal.ru/zapornaya-armatura/shtutcer/diametr_9,тег
https://aviastal.ru/zapornaya-armatura/shtutcer/material_latun__tip_elochka,тег
https://aviastal.ru/zapornaya-armatura/shtutcer/material_nerzhaveushaya-stal,тег
https://aviastal.ru/zapornaya-armatura/shtutcer/material_latun,тег
https://aviastal.ru/zapornaya-armatura/shtutcer/diametr_3-4__material_latun,тег
https://aviastal.ru/zapornaya-armatura/shtutcer/tip_perehodnoi,тег
https://aviastal.ru/zapornaya-armatura/shtutcer/material_stal,тег
https://aviastal.ru/zapornaya-armatura/shtutcer/tip_uglovoi,тег
https://aviastal.ru/zapornaya-armatura/shtutcer/diametr_3-8__tip_elochka,тег
https://aviastal.ru/zapornaya-armatura/otvody/otvod-otcinkovannyi/ugol_90,тег
https://aviastal.ru/zapornaya-armatura/otvody/otvod-otcinkovannyi/tip_krutoizognutyi,тег
https://aviastal.ru/zapornaya-armatura/otvody/otvod-otcinkovannyi/diametr_25,тег
https://aviastal.ru/zapornaya-armatura/otvody/otvod-otcinkovannyi/diametr_50,тег
https://aviastal.ru/zapornaya-armatura/otvody/otvod-otcinkovannyi/diametr_32,тег
https://aviastal.ru/zapornaya-armatura/otvody/otvod-otcinkovannyi/diametr_100,тег
https://aviastal.ru/zapornaya-armatura/otvody/otvod-otcinkovannyi/diametr_15,тег
https://aviastal.ru/zapornaya-armatura/otvody/otvod-otcinkovannyi/diametr_150,тег
https://aviastal.ru/zapornaya-armatura/otvody/otvod-otcinkovannyi/ugol_45,тег
https://aviastal.ru/chernyi-prokat/sortovoi-prokat/polosa-stalnaya/shirina_40__tolshina_4,тег
https://aviastal.ru/chernyi-prokat/sortovoi-prokat/polosa-stalnaya/gost_103-2006,тег
https://aviastal.ru/chernyi-prokat/sortovoi-prokat/polosa-stalnaya/shirina_50__tolshina_5,тег
https://aviastal.ru/chernyi-prokat/sortovoi-prokat/polosa-stalnaya/shirina_20__tolshina_2,тег
https://aviastal.ru/chernyi-prokat/sortovoi-prokat/polosa-stalnaya/shirina_50__tolshina_4,тег
https://aviastal.ru/chernyi-prokat/sortovoi-prokat/polosa-stalnaya/shirina_25__tolshina_4,тег
https://aviastal.ru/chernyi-prokat/sortovoi-prokat/polosa-stalnaya/shirina_40__tolshina_2,тег
https://aviastal.ru/chernyi-prokat/sortovoi-prokat/polosa-stalnaya/tolshina_3,тег
https://aviastal.ru/chernyi-prokat/sortovoi-prokat/polosa-stalnaya/tolshina_1,тег
https://aviastal.ru/chernyi-prokat/sortovoi-prokat/polosa-stalnaya/tolshina_2,тег
https://aviastal.ru/chernyi-prokat/sortovoi-prokat/polosa-stalnaya/shirina_30__tolshina_3,тег
https://aviastal.ru/chernyi-prokat/sortovoi-prokat/polosa-stalnaya/tolshina_5,тег
https://aviastal.ru/chernyi-prokat/sortovoi-prokat/polosa-stalnaya/tolshina_10,тег
https://aviastal.ru/chernyi-prokat/sortovoi-prokat/polosa-stalnaya/shirina_40__tolshina_5,тег
https://aviastal.ru/chernyi-prokat/sortovoi-prokat/polosa-stalnaya/shirina_30__tolshina_2,тег
https://aviastal.ru/chernyi-prokat/sortovoi-prokat/polosa-stalnaya/shirina_30__tolshina_4,тег
https://aviastal.ru/chernyi-prokat/sortovoi-prokat/polosa-stalnaya/shirina_60__tolshina_4,тег
https://aviastal.ru/chernyi-prokat/sortovoi-prokat/polosa-stalnaya/shirina_100__tolshina_5,тег
https://aviastal.ru/chernyi-prokat/sortovoi-prokat/polosa-stalnaya/shirina_60__tolshina_5,тег
https://aviastal.ru/chernyi-prokat/sortovoi-prokat/polosa-stalnaya/tolshina_4,тег
https://aviastal.ru/chernyi-prokat/sortovoi-prokat/polosa-stalnaya/shirina_20__tolshina_4,тег
https://aviastal.ru/chernyi-prokat/sortovoi-prokat/polosa-stalnaya/tolshina_50,тег
https://aviastal.ru/chernyi-prokat/sortovoi-prokat/polosa-stalnaya/tolshina_6,тег
https://aviastal.ru/chernyi-prokat/sortovoi-prokat/polosa-stalnaya/shirina_100__tolshina_10,тег
https://aviastal.ru/chernyi-prokat/sortovoi-prokat/polosa-stalnaya/shirina_40__tolshina_3,тег
https://aviastal.ru/chernyi-prokat/sortovoi-prokat/polosa-stalnaya/shirina_60__tolshina_3,тег
https://aviastal.ru/chernyi-prokat/sortovoi-prokat/polosa-stalnaya/tolshina_80,тег
https://aviastal.ru/chernyi-prokat/sortovoi-prokat/polosa-stalnaya/shirina_80__tolshina_3,тег
https://aviastal.ru/chernyi-prokat/sortovoi-prokat/polosa-stalnaya/tolshina_40,тег
https://aviastal.ru/chernyi-prokat/sortovoi-prokat/polosa-stalnaya/shirina_20__tolshina_3,тег
https://aviastal.ru/chernyi-prokat/sortovoi-prokat/polosa-stalnaya/shirina_80__tolshina_4,тег
https://aviastal.ru/chernyi-prokat/sortovoi-prokat/polosa-stalnaya/tolshina_12,тег
https://aviastal.ru/chernyi-prokat/sortovoi-prokat/polosa-stalnaya/shirina_40__tolshina_4__gost_103-2006,тег
https://aviastal.ru/chernyi-prokat/sortovoi-prokat/polosa-stalnaya/shirina_40__tolshina_5__gost_103-2006,тег
https://aviastal.ru/chernyi-prokat/sortovoi-prokat/polosa-stalnaya/shirina_50__tolshina_3,тег
https://aviastal.ru/chernyi-prokat/sortovoi-prokat/polosa-stalnaya/shirina_20,тег
https://aviastal.ru/chernyi-prokat/sortovoi-prokat/polosa-stalnaya/shirina_25__tolshina_2,тег
https://aviastal.ru/chernyi-prokat/sortovoi-prokat/polosa-stalnaya/shirina_100__tolshina_4,тег
https://aviastal.ru/chernyi-prokat/sortovoi-prokat/polosa-stalnaya/tolshina_8,тег
https://aviastal.ru/chernyi-prokat/sortovoi-prokat/polosa-stalnaya/shirina_100__tolshina_6,тег
https://aviastal.ru/zapornaya-armatura/troiniki/troinik-nerzhaveushii/marka-stali_12h18n10t,тег
https://aviastal.ru/zapornaya-armatura/troiniki/troinik-nerzhaveushii/razmer-1_8,тег
https://aviastal.ru/zapornaya-armatura/troiniki/troinik-nerzhaveushii/marka-stali_aisi-304,тег
https://aviastal.ru/metizy/kanat/polipropilenovyi-kanat/diametr_10,тег
https://aviastal.ru/metizy/kanat/polipropilenovyi-kanat/diametr_16,тег
https://aviastal.ru/metizy/kanat/polipropilenovyi-kanat/diametr_40,тег
https://aviastal.ru/rezinotehnicheskie-izdeliya-rti/tekstolit-list-plita/tolshina_10,тег
https://aviastal.ru/rezinotehnicheskie-izdeliya-rti/tekstolit-list-plita/tolshina_20,тег
https://aviastal.ru/rezinotehnicheskie-izdeliya-rti/tekstolit-list-plita/tolshina_3,тег
https://aviastal.ru/tcvetnoi-metalloprokat/med/truba-mednaya/diametr_10,тег
https://aviastal.ru/tcvetnoi-metalloprokat/med/truba-mednaya/diametr_100,тег
https://aviastal.ru/tcvetnoi-metalloprokat/med/truba-mednaya/diametr_18,тег
https://aviastal.ru/tcvetnoi-metalloprokat/med/truba-mednaya/diametr_25,тег
https://aviastal.ru/tcvetnoi-metalloprokat/med/truba-mednaya/diametr_32,тег
https://aviastal.ru/tcvetnoi-metalloprokat/med/truba-mednaya/diametr_35,тег
https://aviastal.ru/tcvetnoi-metalloprokat/med/truba-mednaya/diametr_40,тег
https://aviastal.ru/tcvetnoi-metalloprokat/med/truba-mednaya/diametr_76,тег
https://aviastal.ru/tcvetnoi-metalloprokat/med/truba-mednaya/diametr_9,тег
https://aviastal.ru/tcvetnoi-metalloprokat/med/truba-mednaya/diametr_20__stenka_1,тег
https://aviastal.ru/tcvetnoi-metalloprokat/med/truba-mednaya/diametr_14,тег
https://aviastal.ru/tcvetnoi-metalloprokat/med/truba-mednaya/diametr_34,тег
"https://aviastal.ru/tcvetnoi-metalloprokat/med/truba-mednaya/diametr_8__stenka_1,5",тег
https://aviastal.ru/tcvetnoi-metalloprokat/med/truba-mednaya/diametr_51,тег
https://aviastal.ru/tcvetnoi-metalloprokat/med/truba-mednaya/gost_gost-617-2006,тег
https://aviastal.ru/tcvetnoi-metalloprokat/med/truba-mednaya/diametr_12,тег
"https://aviastal.ru/tcvetnoi-metalloprokat/med/truba-mednaya/diametr_3,8",тег
"https://aviastal.ru/tcvetnoi-metalloprokat/med/truba-mednaya/diametr_12,7",тег
https://aviastal.ru/tcvetnoi-metalloprokat/med/truba-mednaya/diametr_8__stenka_1,тег
https://aviastal.ru/tcvetnoi-metalloprokat/med/truba-mednaya/stenka_1,тег
https://aviastal.ru/tcvetnoi-metalloprokat/med/truba-mednaya/diametr_7-8,тег
https://aviastal.ru/tcvetnoi-metalloprokat/med/truba-mednaya/stenka_4,тег
https://aviastal.ru/tcvetnoi-metalloprokat/med/truba-mednaya/diametr_15__stenka_1,тег
https://aviastal.ru/tcvetnoi-metalloprokat/med/truba-mednaya/diametr_1-3-8,тег
"https://aviastal.ru/tcvetnoi-metalloprokat/med/truba-mednaya/diametr_1-4__stenka_0,76",тег
https://aviastal.ru/tcvetnoi-metalloprokat/med/truba-mednaya/diametr_1,тег
https://aviastal.ru/tcvetnoi-metalloprokat/med/truba-mednaya/diametr_16,тег
https://aviastal.ru/tcvetnoi-metalloprokat/med/truba-mednaya/diametr_18__stenka_1,тег
https://aviastal.ru/tcvetnoi-metalloprokat/med/truba-mednaya/stenka_2,тег
https://aviastal.ru/tcvetnoi-metalloprokat/med/truba-mednaya/diametr_22__stenka_2,тег
https://aviastal.ru/tcvetnoi-metalloprokat/med/truba-mednaya/diametr_28__stenka_1,тег
https://aviastal.ru/tcvetnoi-metalloprokat/med/truba-mednaya/diametr_3-8,тег
https://aviastal.ru/tcvetnoi-metalloprokat/med/truba-mednaya/diametr_3,тег
https://aviastal.ru/tcvetnoi-metalloprokat/med/truba-mednaya/diametr_38,тег
https://aviastal.ru/tcvetnoi-metalloprokat/med/truba-mednaya/diametr_42,тег
https://aviastal.ru/tcvetnoi-metalloprokat/med/truba-mednaya/diametr_5-8,тег
https://aviastal.ru/tcvetnoi-metalloprokat/med/truba-mednaya/stenka_5,тег
https://aviastal.ru/tcvetnoi-metalloprokat/med/truba-mednaya/diametr_50,тег
https://aviastal.ru/tcvetnoi-metalloprokat/med/truba-mednaya/diametr_6,тег
https://aviastal.ru/tcvetnoi-metalloprokat/med/truba-mednaya/diametr_8,тег
"https://aviastal.ru/tcvetnoi-metalloprokat/med/truba-mednaya/diametr_9,52",тег
"https://aviastal.ru/tcvetnoi-metalloprokat/med/truba-mednaya/diametr_9,53",тег
https://aviastal.ru/tcvetnoi-metalloprokat/med/truba-mednaya/marka-materiala_m1,тег
https://aviastal.ru/tcvetnoi-metalloprokat/med/truba-mednaya/gost_astm-b280,тег
https://aviastal.ru/tcvetnoi-metalloprokat/med/truba-mednaya/gost_en-12735-1,тег
https://aviastal.ru/tcvetnoi-metalloprokat/med/truba-mednaya/diametr_54,тег
https://aviastal.ru/tcvetnoi-metalloprokat/med/truba-mednaya/diametr_20,тег
https://aviastal.ru/rezinotehnicheskie-izdeliya-rti/tekstolit-list-plita/tolshina_2,тег
https://aviastal.ru/rezinotehnicheskie-izdeliya-rti/tekstolit-list-plita/tolshina_4,тег
https://aviastal.ru/rezinotehnicheskie-izdeliya-rti/tekstolit-list-plita/tolshina_6,тег
https://aviastal.ru/rezinotehnicheskie-izdeliya-rti/tekstolit-list-plita/tolshina_1,тег
"https://aviastal.ru/rezinotehnicheskie-izdeliya-rti/tekstolit-list-plita/tolshina_0,5",тег
https://aviastal.ru/zapornaya-armatura/otvody/otvod-stalnoi/ugol_90__tip_krutoizognutyi,тег
https://aviastal.ru/rezinotehnicheskie-izdeliya-rti/tekstolit-list-plita/tolshina_15,тег
"https://aviastal.ru/krovlya-i-fasad/krovelnye-materialy/metallocherepitca/tolshina_0,45",тег
https://aviastal.ru/krovlya-i-fasad/krovelnye-materialy/metallocherepitca/marka-cherepitcy_grand-line,тег
https://aviastal.ru/krovlya-i-fasad/krovelnye-materialy/metallocherepitca/marka-cherepitcy_klassik,тег
https://aviastal.ru/krovlya-i-fasad/krovelnye-materialy/metallocherepitca/marka-cherepitcy_kredo,тег
https://aviastal.ru/zapornaya-armatura/radiatory-otopleniya/radiatory-stalnye/panel'nye,категория
https://aviastal.ru/krovlya-i-fasad/krovelnye-materialy/metallocherepitca/marka-cherepitcy_mp-lamonterra,тег
https://aviastal.ru/krovlya-i-fasad/krovelnye-materialy/metallocherepitca/marka-cherepitcy_supermonterrei,тег
https://aviastal.ru/zapornaya-armatura/radiatory-otopleniya/radiatory-stalnye/razmery_500h800,тег
https://aviastal.ru/krovlya-i-fasad/krovelnye-materialy/metallocherepitca/marka-cherepitcy_supperklassik,тег
https://aviastal.ru/krovlya-i-fasad/krovelnye-materialy/metallocherepitca/marka-cherepitcy_montekristo,тег
https://aviastal.ru/krovlya-i-fasad/krovelnye-materialy/metallocherepitca/marka-cherepitcy_monterrei__pokrytie_matovoe,тег
https://aviastal.ru/chernyi-prokat/listovoi-prokat/list-polietilenovyi/tolshina_10,тег
https://aviastal.ru/chernyi-prokat/svarochnye-materialy/elektrody-stalnye/diametr_3,тег
https://aviastal.ru/chernyi-prokat/svarochnye-materialy/elektrody-stalnye/diametr_2,тег
https://aviastal.ru/chernyi-prokat/svarochnye-materialy/elektrody-stalnye/diametr_4,тег
https://aviastal.ru/zapornaya-armatura/radiatory-otopleniya/radiatory-stalnye/s-nizhnim-podklyucheniem,категория
https://aviastal.ru/chernyi-prokat/svarochnye-materialy/elektrody-stalnye/diametr_5,тег
https://aviastal.ru/chernyi-prokat/svarochnye-materialy/elektrody-stalnye/diametr_1,тег
https://aviastal.ru/chernyi-prokat/svarochnye-materialy/elektrody-stalnye/marka-elektroda_esab,тег
https://aviastal.ru/chernyi-prokat/svarochnye-materialy/elektrody-stalnye/marka-elektroda_lb-52u,тег
https://aviastal.ru/chernyi-prokat/svarochnye-materialy/elektrody-stalnye/marka-elektroda_lb-52,тег
https://aviastal.ru/chernyi-prokat/svarochnye-materialy/elektrody-stalnye/marka-elektroda_ok-46,тег
https://aviastal.ru/chernyi-prokat/svarochnye-materialy/elektrody-stalnye/marka-elektroda_ag-e-46-premium,тег
https://aviastal.ru/chernyi-prokat/svarochnye-materialy/elektrody-stalnye/diametr_6,тег
"https://aviastal.ru/chernyi-prokat/svarochnye-materialy/elektrody-stalnye/diametr_3,2",тег
https://aviastal.ru/chernyi-prokat/svarochnye-materialy/elektrody-stalnye/diametr_3__marka-elektroda_monolit,тег
"https://aviastal.ru/chernyi-prokat/svarochnye-materialy/elektrody-stalnye/diametr_1,6",тег
https://aviastal.ru/chernyi-prokat/svarochnye-materialy/elektrody-stalnye/marka-elektroda_uoni-13,тег
https://aviastal.ru/chernyi-prokat/svarochnye-materialy/elektrody-stalnye/marka-elektroda_esab-ok-46,тег
https://aviastal.ru/chernyi-prokat/svarochnye-materialy/elektrody-stalnye/diametr_4__marka-elektroda_esab,тег
https://aviastal.ru/chernyi-prokat/svarochnye-materialy/elektrody-stalnye/marka-elektroda_ano,тег
https://aviastal.ru/chernyi-prokat/svarochnye-materialy/elektrody-stalnye/marka-elektroda_uonii-13-55,тег
https://aviastal.ru/chernyi-prokat/svarochnye-materialy/elektrody-stalnye/marka-elektroda_ozs-12,тег
https://aviastal.ru/chernyi-prokat/svarochnye-materialy/elektrody-stalnye/marka-elektroda_kobelco-lb-52u,тег
https://aviastal.ru/chernyi-prokat/svarochnye-materialy/elektrody-stalnye/dlina_350,тег
https://aviastal.ru/chernyi-prokat/svarochnye-materialy/elektrody-stalnye/marka-elektroda_308;308l-16,тег
https://aviastal.ru/chernyi-prokat/svarochnye-materialy/elektrody-stalnye/marka-elektroda_ea-395,тег
https://aviastal.ru/chernyi-prokat/svarochnye-materialy/elektrody-stalnye/marka-elektroda_ea-395-9,тег
https://aviastal.ru/chernyi-prokat/svarochnye-materialy/elektrody-stalnye/marka-elektroda_wl-20,тег
"https://aviastal.ru/chernyi-prokat/svarochnye-materialy/elektrody-stalnye/diametr_2,6__marka-elektroda_lb-52u",тег
https://aviastal.ru/chernyi-prokat/svarochnye-materialy/elektrody-stalnye/marka-elektroda_tcl-11,тег
https://aviastal.ru/chernyi-prokat/svarochnye-materialy/elektrody-stalnye/marka-elektroda_niat-5,тег
https://aviastal.ru/chernyi-prokat/svarochnye-materialy/elektrody-stalnye/marka-elektroda_t-590,тег
https://aviastal.ru/chernyi-prokat/svarochnye-materialy/elektrody-stalnye/marka-elektroda_tcch-4,тег
https://aviastal.ru/chernyi-prokat/svarochnye-materialy/elektrody-stalnye/diametr_2__marka-elektroda_monolit,тег
https://aviastal.ru/chernyi-prokat/svarochnye-materialy/elektrody-stalnye/marka-elektroda_j421,тег
https://aviastal.ru/chernyi-prokat/svarochnye-materialy/elektrody-stalnye/marka-elektroda_ozs,тег
"https://aviastal.ru/chernyi-prokat/svarochnye-materialy/elektrody-stalnye/diametr_3,5",тег
https://aviastal.ru/chernyi-prokat/svarochnye-materialy/elektrody-stalnye/marka-elektroda_evl,тег
"https://aviastal.ru/chernyi-prokat/svarochnye-materialy/elektrody-stalnye/material-elekt,_titanovyi",тег
https://aviastal.ru/chernyi-prokat/svarochnye-materialy/elektrody-stalnye/marka-elektroda_ano-3,тег
"https://aviastal.ru/chernyi-prokat/svarochnye-materialy/elektrody-stalnye/material-elekt,_nerzhaveushii",тег
https://aviastal.ru/chernyi-prokat/svarochnye-materialy/elektrody-stalnye/marka-elektroda_ozl-6,тег
https://aviastal.ru/chernyi-prokat/listovoi-prokat/list-polietilenovyi/tolshina_2,тег
https://aviastal.ru/rezinotehnicheskie-izdeliya-rti/paronit/razmer-1_1-2,тег
"https://aviastal.ru/rezinotehnicheskie-izdeliya-rti/paronit/marka-materiala_pmb__razmer-1_1,5__gost_gost-481-80",тег
"https://aviastal.ru/rezinotehnicheskie-izdeliya-rti/paronit/razmer-1_0,5",тег
https://aviastal.ru/rezinotehnicheskie-izdeliya-rti/paronit/razmer-1_1,тег
https://aviastal.ru/rezinotehnicheskie-izdeliya-rti/paronit/marka-materiala_pmb__razmer-1_1,тег
"https://aviastal.ru/rezinotehnicheskie-izdeliya-rti/paronit/razmer-1_1,5",тег
"https://aviastal.ru/rezinotehnicheskie-izdeliya-rti/paronit/marka-materiala_pmb__razmer-1_1,5",тег
https://aviastal.ru/rezinotehnicheskie-izdeliya-rti/paronit/marka-materiala_pon__razmer-1_1,тег
https://aviastal.ru/rezinotehnicheskie-izdeliya-rti/paronit/razmer-1_2,тег
https://aviastal.ru/rezinotehnicheskie-izdeliya-rti/paronit/razmer-1_3,тег
https://aviastal.ru/rezinotehnicheskie-izdeliya-rti/paronit/razmer-1_4,тег
https://aviastal.ru/rezinotehnicheskie-izdeliya-rti/paronit/marka-materiala_pon__razmer-1_4,тег
https://aviastal.ru/rezinotehnicheskie-izdeliya-rti/paronit/razmer-1_5,тег
https://aviastal.ru/rezinotehnicheskie-izdeliya-rti/paronit/marka-materiala_pon-b__razmer-1_5,тег
https://aviastal.ru/rezinotehnicheskie-izdeliya-rti/paronit/naimenovanie_armirovannyi,тег
https://aviastal.ru/rezinotehnicheskie-izdeliya-rti/paronit/marka-materiala_pa,тег
https://aviastal.ru/rezinotehnicheskie-izdeliya-rti/paronit/marka-materiala_pon-b,тег
https://aviastal.ru/rezinotehnicheskie-izdeliya-rti/paronit/marka-materiala_pmb,тег
https://aviastal.ru/rezinotehnicheskie-izdeliya-rti/paronit/marka-materiala_pmb-1,тег
https://aviastal.ru/rezinotehnicheskie-izdeliya-rti/paronit/naimenovanie_maslobenzostoikii,тег
"https://aviastal.ru/rezinotehnicheskie-izdeliya-rti/paronit/marka-materiala_pmb__razmer-1_0,5",тег
https://aviastal.ru/rezinotehnicheskie-izdeliya-rti/paronit/marka-materiala_pmb__razmer-1_2,тег
https://aviastal.ru/rezinotehnicheskie-izdeliya-rti/paronit/marka-materiala_pmb__razmer-1_3,тег
https://aviastal.ru/rezinotehnicheskie-izdeliya-rti/paronit/marka-materiala_pmb__razmer-1_5,тег
https://aviastal.ru/rezinotehnicheskie-izdeliya-rti/paronit/marka-materiala_pon,тег
https://aviastal.ru/rezinotehnicheskie-izdeliya-rti/paronit/marka-materiala_pon__razmer-1_1__gost_gost-481-80,тег
https://aviastal.ru/rezinotehnicheskie-izdeliya-rti/paronit/marka-materiala_pon__razmer-1_2,тег
https://aviastal.ru/rezinotehnicheskie-izdeliya-rti/paronit/marka-materiala_pon__razmer-1_3,тег
https://aviastal.ru/rezinotehnicheskie-izdeliya-rti/paronit/razmer-1_3__marka-materiala_pon-b,тег
https://aviastal.ru/rezinotehnicheskie-izdeliya-rti/paronit/marka-materiala_pon-b__razmer-1_1,тег
https://aviastal.ru/rezinotehnicheskie-izdeliya-rti/paronit/marka-materiala_pon-b__razmer-1_4,тег
https://aviastal.ru/rezinotehnicheskie-izdeliya-rti/paronit/marka-materiala_pe,тег
https://aviastal.ru/rezinotehnicheskie-izdeliya-rti/paronit/tip_prokladka__razmer-1_15,тег
https://aviastal.ru/rezinotehnicheskie-izdeliya-rti/paronit/tip_prokladka__razmer-1_150,тег
https://aviastal.ru/rezinotehnicheskie-izdeliya-rti/paronit/tip_prokladka__razmer-1_40,тег
https://aviastal.ru/rezinotehnicheskie-izdeliya-rti/paronit/tip_prokladka__razmer-1_50,тег
https://aviastal.ru/rezinotehnicheskie-izdeliya-rti/paronit/tip_prokladka__razmer-1_65,тег
https://aviastal.ru/rezinotehnicheskie-izdeliya-rti/paronit/tip_prokladka__razmer-1_100,тег
https://aviastal.ru/rezinotehnicheskie-izdeliya-rti/paronit/tip_prokladka__marka-materiala_pmb,тег
https://aviastal.ru/rezinotehnicheskie-izdeliya-rti/paronit/marka-materiala_pmb-1__naimenovanie_maslobenzostoikii,тег
https://aviastal.ru/tcvetnoi-metalloprokat/bronza/vtulka-bronzovaya/marka-materiala_brazh9-4,тег
https://aviastal.ru/tcvetnoi-metalloprokat/bronza/vtulka-bronzovaya/marka-materiala_bra9zh3l,тег
https://aviastal.ru/chernyi-prokat/sortovoi-prokat/ugolok/ugolok-goryachekatannyi/razmer-1_50__razmer-2_50__tolshina-polki_5,тег
https://aviastal.ru/chernyi-prokat/sortovoi-prokat/ugolok/ugolok-goryachekatannyi/razmer-1_50__razmer-2_50__tolshina-polki_5__dlina_3,тег
https://aviastal.ru/chernyi-prokat/sortovoi-prokat/ugolok/ugolok-goryachekatannyi/razmer-1_50__razmer-2_50,тег
https://aviastal.ru/chernyi-prokat/sortovoi-prokat/ugolok/ugolok-goryachekatannyi/razmer-1_32__razmer-2_32__tolshina-polki_3,тег
https://aviastal.ru/chernyi-prokat/sortovoi-prokat/ugolok/ugolok-goryachekatannyi/razmer-1_40__razmer-2_40__tolshina-polki_4,тег
https://aviastal.ru/chernyi-prokat/sortovoi-prokat/ugolok/ugolok-goryachekatannyi/razmer-1_40__razmer-2_40,тег
https://aviastal.ru/chernyi-prokat/sortovoi-prokat/ugolok/ugolok-goryachekatannyi/razmer-1_40__razmer-2_40__tolshina-polki_4__dlina_6,тег
https://aviastal.ru/chernyi-prokat/sortovoi-prokat/ugolok/ugolok-goryachekatannyi/razmer-1_75__razmer-2_75__tolshina-polki_5,тег
https://aviastal.ru/chernyi-prokat/sortovoi-prokat/ugolok/ugolok-goryachekatannyi/razmer-1_75__razmer-2_75__tolshina-polki_5__dlina_3,тег
https://aviastal.ru/chernyi-prokat/sortovoi-prokat/ugolok/ugolok-goryachekatannyi/razmer-1_63__razmer-2_63__tolshina-polki_5,тег
https://aviastal.ru/chernyi-prokat/sortovoi-prokat/ugolok/ugolok-goryachekatannyi/razmer-1_25__razmer-2_25__tolshina-polki_3,тег
https://aviastal.ru/chernyi-prokat/sortovoi-prokat/ugolok/ugolok-goryachekatannyi/razmer-1_45__razmer-2_45__tolshina-polki_5,тег
https://aviastal.ru/zapornaya-armatura/ventili/ventil-bronzovyi/diametr_15,тег
https://aviastal.ru/zapornaya-armatura/ventili/ventil-bronzovyi/diametr_32,тег
https://aviastal.ru/tcvetnoi-metalloprokat/med/katanka-mednaya/diametr_8,тег
https://aviastal.ru/tcvetnoi-metalloprokat/med/katanka-mednaya/diametr_10,тег
https://aviastal.ru/vozduhovody-dymohody/vozduhovody/vozduhovody-pryamougolnye/material_plastik,тег
https://aviastal.ru/vozduhovody-dymohody/vozduhovody/vozduhovody-pryamougolnye/shirina_60__vysota_120,тег
https://aviastal.ru/vozduhovody-dymohody/vozduhovody/vozduhovody-pryamougolnye/shirina_60__vysota_204,тег
https://aviastal.ru/vozduhovody-dymohody/vozduhovody/vozduhovody-pryamougolnye/material_nerzhaveushaya-stal,тег
https://aviastal.ru/zapornaya-armatura/radiatory-otopleniya/radiatory-stalnye/tip_22,тег
https://aviastal.ru/vozduhovody-dymohody/vozduhovody/vozduhovody-pryamougolnye/shirina_150__vysota_150,тег
https://aviastal.ru/vozduhovody-dymohody/vozduhovody/vozduhovody-pryamougolnye/shirina_200__vysota_200,тег
https://aviastal.ru/vozduhovody-dymohody/vozduhovody/vozduhovody-pryamougolnye/shirina_400__vysota_200,тег
https://aviastal.ru/zapornaya-armatura/radiatory-otopleniya/radiatory-stalnye/trubchatyy,категория
https://aviastal.ru/zapornaya-armatura/radiatory-otopleniya/radiatory-stalnye/tip_11,тег
https://aviastal.ru/zapornaya-armatura/radiatory-otopleniya/radiatory-stalnye/tip_21,тег
https://aviastal.ru/zapornaya-armatura/zadvizhki/zadvizhka-chugunnaya/flantsevaya,категория
https://aviastal.ru/zapornaya-armatura/radiatory-otopleniya/radiatory-stalnye/razmery_500h1000,тег
https://aviastal.ru/zapornaya-armatura/zadvizhki/zadvizhka-stalnaya/shibernaya,категория
https://aviastal.ru/zapornaya-armatura/radiatory-otopleniya/radiatory-stalnye/vid_panelnyi__razmery_500h500__tip_22,тег
https://aviastal.ru/zapornaya-armatura/zaglushki/zaglushka-latunnaya/diametr_1-2,тег
https://aviastal.ru/zapornaya-armatura/radiatory-otopleniya/radiatory-stalnye/vid_panelnyi__tip_22__razmery_500h400,тег
https://aviastal.ru/zapornaya-armatura/radiatory-otopleniya/radiatory-stalnye/vid_panelnyi__razmery_500h1000__tip_22,тег
https://aviastal.ru/nerzhaveushii-prokat/truba-nerzhaveushaya/diametr_25,тег
https://aviastal.ru/nerzhaveushii-prokat/truba-nerzhaveushaya/diametr_50,тег
https://aviastal.ru/nerzhaveushii-prokat/truba-nerzhaveushaya/marka-stali_aisi-304,тег
https://aviastal.ru/nerzhaveushii-prokat/truba-nerzhaveushaya/gost-din_gost-9941-81__tip-truby_besshovnaya,тег
https://aviastal.ru/nerzhaveushii-prokat/truba-nerzhaveushaya/diametr_32,тег
https://aviastal.ru/nerzhaveushii-prokat/truba-nerzhaveushaya/diametr_150,тег
https://aviastal.ru/nerzhaveushii-prokat/truba-nerzhaveushaya/diametr_40,тег
https://aviastal.ru/nerzhaveushii-prokat/truba-nerzhaveushaya/diametr_20,тег
https://aviastal.ru/nerzhaveushii-prokat/truba-nerzhaveushaya/diametr_100,тег
https://aviastal.ru/nerzhaveushii-prokat/truba-nerzhaveushaya/diametr_110,тег
https://aviastal.ru/nerzhaveushii-prokat/truba-nerzhaveushaya/tip-truby_besshovnaya,тег
https://aviastal.ru/nerzhaveushii-prokat/truba-nerzhaveushaya/diametr_120,тег
https://aviastal.ru/nerzhaveushii-prokat/truba-nerzhaveushaya/diametr_38,тег
https://aviastal.ru/nerzhaveushii-prokat/truba-nerzhaveushaya/diametr_12,тег
https://aviastal.ru/nerzhaveushii-prokat/truba-nerzhaveushaya/marka-stali_12h18n10t,тег
https://aviastal.ru/nerzhaveushii-prokat/truba-nerzhaveushaya/marka-stali_12h18n10t__tip-truby_besshovnaya,тег
https://aviastal.ru/nerzhaveushii-prokat/truba-nerzhaveushaya/diametr_200,тег
https://aviastal.ru/nerzhaveushii-prokat/truba-nerzhaveushaya/diametr_16,тег
https://aviastal.ru/nerzhaveushii-prokat/truba-nerzhaveushaya/marka-stali_12h18n10t__gost-din_gost-9941-81__tip-truby_besshovnaya,тег
https://aviastal.ru/nerzhaveushii-prokat/truba-nerzhaveushaya/diametr_15,тег
https://aviastal.ru/nerzhaveushii-prokat/truba-nerzhaveushaya/diametr_10,тег
"https://aviastal.ru/nerzhaveushii-prokat/truba-nerzhaveushaya/stenka_3,4",тег
https://aviastal.ru/nerzhaveushii-prokat/truba-nerzhaveushaya/diametr_28,тег
https://aviastal.ru/nerzhaveushii-prokat/truba-nerzhaveushaya/diametr_18,тег
https://aviastal.ru/nerzhaveushii-prokat/truba-nerzhaveushaya/diametr_90,тег
https://aviastal.ru/nerzhaveushii-prokat/truba-nerzhaveushaya/diametr_57,тег
https://aviastal.ru/nerzhaveushii-prokat/truba-nerzhaveushaya/diametr_35,тег
https://aviastal.ru/nerzhaveushii-prokat/truba-nerzhaveushaya/tip-truby_elektrosvarnaya,тег
https://aviastal.ru/nerzhaveushii-prokat/truba-nerzhaveushaya/diametr_42,тег
https://aviastal.ru/nerzhaveushii-prokat/truba-nerzhaveushaya/tip-poverhnosti_matovaya,тег
"https://aviastal.ru/proizvodstvo/izdeliya-dlya-zhkh,-arhitekturnye-elementy/bunkery-dlya-musora",категория
https://aviastal.ru/chernyi-prokat/sortovoi-prokat/luk/luk-chugunnyi/tip-luka_t,тег
https://aviastal.ru/chernyi-prokat/sortovoi-prokat/luk/luk-chugunnyi/tip-luka_t__naznachenie_kanalizatcionnyi,тег
https://aviastal.ru/chernyi-prokat/sortovoi-prokat/luk/luk-chugunnyi/tip-luka_t__naznachenie_telefonnyi-gts;telefonnyi-gts,тег
https://aviastal.ru/chernyi-prokat/sortovoi-prokat/luk/luk-chugunnyi/tip-luka_l,тег
https://aviastal.ru/chernyi-prokat/sortovoi-prokat/luk/luk-chugunnyi/tip-luka_s,тег
https://aviastal.ru/chernyi-prokat/sortovoi-prokat/luk/luk-chugunnyi/gost_3634-99,тег
https://aviastal.ru/chernyi-prokat/sortovoi-prokat/luk/luk-chugunnyi/tip-luka_tm,тег
https://aviastal.ru/chernyi-prokat/sortovoi-prokat/luk/luk-chugunnyi/naznachenie_dlya-vodoprovoda,тег
https://aviastal.ru/chernyi-prokat/sortovoi-prokat/luk/luk-chugunnyi/tip-kryshki_s-zamkom,тег
https://aviastal.ru/chernyi-prokat/sortovoi-prokat/luk/luk-chugunnyi/gost_8591-76,тег
https://aviastal.ru/chernyi-prokat/sortovoi-prokat/luk/luk-chugunnyi/tip-luka_t__tip-kryshki_plavaushii,тег
https://aviastal.ru/chernyi-prokat/sortovoi-prokat/luk/luk-chugunnyi/tip-kryshki_kvadratnyi__razmer_600h600,тег
https://aviastal.ru/metallurgicheskoe-syre/abrazivnye-materialy,категория
https://aviastal.ru/zapornaya-armatura/ventili/ventil-titanovyi,категория
"https://aviastal.ru/proizvodstvo/izdeliya-dlya-zhkh,-arhitekturnye-elementy/evroshtaketnik",категория
https://aviastal.ru/prochee/kabelnaya-produktciya,категория
https://aviastal.ru/zapornaya-armatura/kamlok,категория
https://aviastal.ru/stroitelnye-materialy/keramzit,категория
"https://aviastal.ru/proizvodstvo/izdeliya-dlya-zhkh,-arhitekturnye-elementy/konteinery-dlya-musora",категория
https://aviastal.ru/chernyi-prokat/sortovoi-prokat/bimetallicheskaya-lenta,категория
"https://aviastal.ru/proizvodstvo/izdeliya-dlya-zhkh,-arhitekturnye-elementy/zabor-metallicheskii",категория
https://aviastal.ru/tcvetnoi-metalloprokat/splavy-tcvetnyh-metallov/tverdye-splavy/nitinol,категория
https://aviastal.ru/zapornaya-armatura/koltca-onk,категория
https://aviastal.ru/tcvetnoi-metalloprokat/splavy-tcvetnyh-metallov/pretcizionnye-splavy/permalloi,категория
https://aviastal.ru/stroitelnye-materialy/plenka-polietilenovaya,категория
https://aviastal.ru/chernyi-prokat/trubnyi-prokat/polibutenovaya-truba,категория
https://aviastal.ru/tcvetnoi-metalloprokat/poroshki/renievyi-poroshok,категория
https://aviastal.ru/pozharnoe-oborudovanie/protivopozharnoe-polotno,категория
https://aviastal.ru/chernyi-prokat/sortovoi-prokat/roliki,категория
https://aviastal.ru/rentgenozashitnoe-oborudovanie/stavni-svintcovye,категория
https://aviastal.ru/rentgenozashitnoe-oborudovanie/svintcovye-okna,категория
https://aviastal.ru/rentgenozashitnoe-oborudovanie/svintcovye-dveri,категория
https://aviastal.ru/metizy/sverlo,категория
https://aviastal.ru/rentgenozashitnoe-oborudovanie/shirmy-svintcovye,категория
"https://aviastal.ru/proizvodstvo/izdeliya-dlya-zhkh,-arhitekturnye-elementy/skami,-lavochki",категория
https://aviastal.ru/setka/mzp-set-malozametnaya-provolochnaya,категория
https://aviastal.ru/vozduhovody-dymohody/dymohody/truby-s-drosselem,категория
https://aviastal.ru/tcvetnoi-metalloprokat/molibden/truba-molibdenovaya,категория
https://aviastal.ru/chernyi-prokat/trubnyi-prokat/truboshpunt,категория
"https://aviastal.ru/proizvodstvo/izdeliya-dlya-zhkh,-arhitekturnye-elementy/ulichnye-fonari",категория
https://aviastal.ru/rezinotehnicheskie-izdeliya-rti/fenoplast,категория
"https://aviastal.ru/proizvodstvo/izdeliya-dlya-zhkh,-arhitekturnye-elementy/urny-dlya-musora",категория
https://aviastal.ru/krovlya-i-fasad/krovelnye-materialy/fasadnye-paneli,категория
https://aviastal.ru/tcvetnoi-metalloprokat/folga-fehralevaya,категория
"https://aviastal.ru/proizvodstvo/izdeliya-dlya-zhkh,-arhitekturnye-elementy/tcvetniki",категория
https://aviastal.ru/stroitelnye-materialy/tcement,категория
"https://aviastal.ru/proizvodstvo/izdeliya-dlya-zhkh,-arhitekturnye-elementy/bytovki",категория
"https://aviastal.ru/proizvodstvo/izdeliya-dlya-zhkh,-arhitekturnye-elementy/veloparkovki",категория
https://aviastal.ru/tcvetnoi-metalloprokat/splavy-tcvetnyh-metallov/splav-tcam/devarda,категория
https://aviastal.ru/proizvodstvo/zakladnye-detali,категория
https://aviastal.ru/vozduhovody-dymohody/vozduhovody/dymososy,категория
https://aviastal.ru/zapornaya-armatura/koleno/koleno-polipropilenovoe,категория
https://aviastal.ru/zapornaya-armatura/koleno/koleno-polietilenovoe,категория
https://aviastal.ru/tcvetnoi-metalloprokat/splavy-tcvetnyh-metallov/splav-volfram-nikel-med,категория
https://aviastal.ru/tcvetnoi-metalloprokat/splavy-tcvetnyh-metallov/splav-volfram-nikel-zhelezo,категория
https://aviastal.ru/tcvetnoi-metalloprokat/splavy-tcvetnyh-metallov/pripoi/nutona,категория
https://aviastal.ru/tcvetnoi-metalloprokat/tallii,категория
https://aviastal.ru/chernyi-prokat/trubnyi-prokat/asbestotcementnye-truby,категория
https://aviastal.ru/chernyi-prokat/trubnyi-prokat/truby-hrizotiltcementnye,категория
https://aviastal.ru/chernyi-prokat/sortovoi-prokat/shtrips-stalnoi,категория
https://aviastal.ru/krovlya-i-fasad/vodostoki/derzhatel-dlya-zheloba,категория
https://aviastal.ru/krovlya-i-fasad/vodostoki/kronshtein-dlya-zheloba,категория
https://aviastal.ru/prochee/instrumenty/skoba-dlya-lenty,категория
https://aviastal.ru/krovlya-i-fasad/vodostoki/kreplenie-dlya-zheloba,категория
https://aviastal.ru/prochee/instrumenty/ugolok-dlya-lenty,категория
https://aviastal.ru/krovlya-i-fasad/vodostoki/kruk-dlya-zheloba,категория
https://aviastal.ru/setka/setka-kompozitnaya,категория
https://aviastal.ru/setka/setka-bazaltoplastikovaya,категория
https://aviastal.ru/vozduhovody-dymohody/vozduhovody/nippel-vozduhovoda,категория
https://aviastal.ru/vozduhovody-dymohody/vozduhovody/mufta-vozduhovoda,категория
"https://aviastal.ru/setka/setka-pvh,-polipropilen,-polietilen",категория
https://aviastal.ru/stroitelnye-materialy/beton,категория
https://aviastal.ru/stroitelnye-materialy/bloki-stroitelnye,категория
https://aviastal.ru/instrumenty/burovye-ukrytiya,категория
https://aviastal.ru/vozduhovody-dymohody/vozduhovody/ventilyatcionnye-reshetki,категория
https://aviastal.ru/stroitelnye-materialy/vermikulit,категория
https://aviastal.ru/instrumenty/rashodnye-materialy/disk-abrazivnyi,категория
https://aviastal.ru/stroitelnye-materialy/dobavki-dlya-betona,категория
https://aviastal.ru/stroitelnye-materialy/zhelezobetonnye-izdeliya,категория
https://aviastal.ru/stroitelnye-materialy/dvernye-zamki,категория
https://aviastal.ru/stroitelnye-materialy/izvestkovyi-rastvor,категория
https://aviastal.ru/rezinotehnicheskie-izdeliya-rti/kauchuk,категория
https://aviastal.ru/stroitelnye-materialy/keramogranit,категория
https://aviastal.ru/stroitelnye-materialy/kirpichi,категория
https://aviastal.ru/zapornaya-armatura/kover-gazovyi-polimerno-peschanyi,категория
https://aviastal.ru/provoloka/provoloka-fehralevaya,категория
https://aviastal.ru/provoloka/provoloka-hromelevaya,категория
https://aviastal.ru/tcvetnoi-metalloprokat/fehralevyi-prokat/lenta-fehralevaya,категория
https://aviastal.ru/rezinotehnicheskie-izdeliya-rti/poliuretanovye-sterzhni,категория
https://aviastal.ru/tcvetnoi-metalloprokat/med/plita-mednaya,категория
https://aviastal.ru/nerzhaveushii-prokat/shtrips-nerzhaveushii,категория
https://aviastal.ru/tcvetnoi-metalloprokat/titan/plita-titanovaya,категория
https://aviastal.ru/tcvetnoi-metalloprokat/latun/plita-latunnaya,категория
https://aviastal.ru/tcvetnoi-metalloprokat/bronza/plita-bronzovaya,категория
https://aviastal.ru/tcvetnoi-metalloprokat/aluminii/plita-aluminievaya,категория
https://aviastal.ru/zapornaya-armatura/radiatory-otopleniya/aluminievye-radiatory,категория
https://aviastal.ru/zapornaya-armatura/radiatory-otopleniya/bimetallicheskie-radiatory,категория
https://aviastal.ru/vozduhovody-dymohody/krovelnaya-ventilyatciya,категория
https://aviastal.ru/zapornaya-armatura/zaglushki/zaglushka-aluminievaya,категория
https://aviastal.ru/promyshlennoe-oborudovanie/chiller,категория
https://aviastal.ru/instrumenty/burovaya-koronka,категория
https://aviastal.ru/krovlya-i-fasad/zenitnye-fonari,категория
https://aviastal.ru/krovlya-i-fasad/krovelnye-materialy/kompozitnaya-cherepitca,категория
https://aviastal.ru/krovlya-i-fasad/krovelnye-materialy/list-krovelnyi,категория
https://aviastal.ru/zapornaya-armatura/radiatory-otopleniya/komplekt-montazhnye,категория
https://aviastal.ru/zapornaya-armatura/radiatory-otopleniya/ekrany-dlya-radiatorov,категория
https://aviastal.ru/krovlya-i-fasad/krovelnye-materialy/profnastil-bu,категория
https://aviastal.ru/chernyi-prokat/relsy-i-krepezh/relsy-bu,категория
https://aviastal.ru/chernyi-prokat/relsy-i-krepezh/podkladki-dlya-rels,категория
https://aviastal.ru/chernyi-prokat/relsy-i-krepezh/nakladki-dlya-rels,категория
https://aviastal.ru/chernyi-prokat/relsy-i-krepezh/prokladki-dlya-rels,категория
https://aviastal.ru/zapornaya-armatura/koleno/koleno-pvh,категория
https://aviastal.ru/instrumenty/rashodnye-materialy,категория
https://aviastal.ru/instrumenty/rashodnye-materialy/krug-abrazivnyi,категория
https://aviastal.ru/instrumenty/rashodnye-materialy/brusok-abrazivnyi,категория
https://aviastal.ru/instrumenty/rashodnye-materialy/golovka-abrazivnaya,категория
https://aviastal.ru/instrumenty/rashodnye-materialy/segment-abrazivnyi,категория
https://aviastal.ru/instrumenty/kompressory/vintovye-kompressory,категория
https://aviastal.ru/instrumenty/kompressory/plastinchato-rotornye-kompressory,категория
https://aviastal.ru/instrumenty/kompressory/vodokoltcevye-kompressory,категория
https://aviastal.ru/instrumenty/kompressory/porshnevye-kompressory,категория
