url,type
https://metpromintex.ru/catalog/anod,категория
https://metpromintex.ru/catalog/anody-kadmievye,категория
https://metpromintex.ru/catalog/anody-mednye,категория
https://metpromintex.ru/catalog/anody-olovyannye,категория
https://metpromintex.ru/catalog/anody-svincovye,категория
https://metpromintex.ru/catalog/anody-cinkovye,категория
https://metpromintex.ru/catalog/nikelevye-anody,категория
https://metpromintex.ru/catalog/armatura,категория
https://metpromintex.ru/catalog/armatura-dlya-fundamenta,категория
https://metpromintex.ru/catalog/armatura-dlya-lentochnogo-fundamenta,категория
https://metpromintex.ru/catalog/armatura-dlya-monolitnoi-plity,категория
https://metpromintex.ru/catalog/armatura-dlya-fundamenta-bani,категория
https://metpromintex.ru/catalog/armatura-dlya-fundamenta-doma,категория
https://metpromintex.ru/catalog/armatura-dlya-fundamenta-zabora,категория
https://metpromintex.ru/catalog/armatura-dlya-karkasa,категория
https://metpromintex.ru/catalog/stekloplastikovaya-armatura,категория
https://metpromintex.ru/catalog/kompozitnaya-armatura,категория
https://metpromintex.ru/catalog/metallicheskaya-armatura,категория
https://metpromintex.ru/catalog/armatura-bu,категория
https://metpromintex.ru/catalog/armatura-dlya-vyazki,категория
https://metpromintex.ru/catalog/armatura-dlya-zabora,категория
https://metpromintex.ru/catalog/armatura-dlya-kirpichnoi-kladki,категория
https://metpromintex.ru/catalog/fiksator-armatury,категория
https://metpromintex.ru/catalog/vodostochnaya-sistema,категория
https://metpromintex.ru/catalog/voronka-vodostochnaya,категория
https://metpromintex.ru/catalog/kronshteyn-vodostochnogo-zheloba,категория
https://metpromintex.ru/catalog/zhelob-vodostochnyy,категория
https://metpromintex.ru/catalog/zaglushka-zheloba-vodostochnogo,категория
https://metpromintex.ru/catalog/koleno-vodostochnoy-truby,категория
https://metpromintex.ru/catalog/otvod-vodostochnoy-truby,категория
https://metpromintex.ru/catalog/otmet-vodostochnoy-truby,категория
https://metpromintex.ru/catalog/soedinitel-zheloba-vodostoka,категория
https://metpromintex.ru/catalog/troynik-vodostochnoy-truby,категория
https://metpromintex.ru/catalog/ugol-zheloba,категория
https://metpromintex.ru/catalog/vodostochnaya-truba,категория
https://metpromintex.ru/catalog/vozduhovod,категория
https://metpromintex.ru/catalog/vozduhovod-pryamougolnyy,категория
https://metpromintex.ru/catalog/kruglye-vozduhovody-dlya-ventilyacii,категория
https://metpromintex.ru/catalog/vrezka-kruglaya-v-vozduhovod,категория
https://metpromintex.ru/catalog/vrezki-pryamougolnye,категория
https://metpromintex.ru/catalog/gibkaya-vstavka-pryamougolnaya,категория
https://metpromintex.ru/catalog/gibkaya-vstavka-kruglaya,категория
https://metpromintex.ru/catalog/deflektor-ventilyacionnyy,категория
https://metpromintex.ru/catalog/drossel-klapan,категория
https://metpromintex.ru/catalog/zaglushka-dlya-ventilyacii,категория
https://metpromintex.ru/catalog/zont-kruglyy-ventilyacionnyy,категория
https://metpromintex.ru/catalog/zont-pryamougolnyy-ventilyacionnyy,категория
https://metpromintex.ru/catalog/krestovina-vozduhovoda,категория
https://metpromintex.ru/catalog/nippel-vozduhovoda,категория
https://metpromintex.ru/catalog/opory-dlya-vozduhovodov,категория
https://metpromintex.ru/catalog/otvod-kruglogo-secheniya,категория
https://metpromintex.ru/catalog/otvod-pryamougolnyy-ventilyacionnyy,категория
https://metpromintex.ru/catalog/perehodnik-ventilyacionnyy,категория
https://metpromintex.ru/catalog/ventilyacionnaya-reshetka,категория
https://metpromintex.ru/catalog/troynik-ventilyacionnyy,категория
https://metpromintex.ru/catalog/fankoyl,категория
https://metpromintex.ru/catalog/shiber-dlya-dymohoda,категория
https://metpromintex.ru/catalog/shumoglushitel-kruglyy,категория
https://metpromintex.ru/catalog/shumoglushitel-pryamougolnyy-dlya-ventilyacii,категория
https://metpromintex.ru/catalog/ventilyacionnaya-truba,категория
https://metpromintex.ru/catalog/vozduhovody-iz-ocinkovannoy-stali,категория
https://metpromintex.ru/catalog/gofrirovannaya-truba-dlya-ventilyacii,категория
https://metpromintex.ru/catalog/detali,категория
https://metpromintex.ru/catalog/venets,категория
https://metpromintex.ru/catalog/venetc-latunnyi,категория
https://metpromintex.ru/catalog/venec-chervyachnyy-bronzovyy,категория
https://metpromintex.ru/catalog/nihromovaya-nit,категория
https://metpromintex.ru/catalog/podshipniki,категория
https://metpromintex.ru/catalog/drugie-materialy-i-izdeliya,категория
https://metpromintex.ru/catalog/abraziv,категория
https://metpromintex.ru/catalog/abrazivnye-materialy,категория
https://metpromintex.ru/catalog/abrazivnye-diski,категория
https://metpromintex.ru/catalog/abrazivnyy-poroshok,категория
https://metpromintex.ru/catalog/bentonit,категория
https://metpromintex.ru/catalog/vermikulit,категория
https://metpromintex.ru/catalog/zamki,категория
https://metpromintex.ru/catalog/dvernoy-zamok,категория
https://metpromintex.ru/catalog/bystrorazemnye-soedineniya,категория
https://metpromintex.ru/catalog/kaprolon-listovoy,категория
https://metpromintex.ru/catalog/kauchuk,категория
https://metpromintex.ru/catalog/koks-liteynyy,категория
https://metpromintex.ru/catalog/paronit,категория
https://metpromintex.ru/catalog/penokarton,категория
https://metpromintex.ru/catalog/penoplast,категория
https://metpromintex.ru/catalog/plenka-polietilenovaya,категория
https://metpromintex.ru/catalog/poddon,категория
https://metpromintex.ru/catalog/poliuretan-listovoy,категория
https://metpromintex.ru/catalog/porolon,категория
https://metpromintex.ru/catalog/salnikovaya-nabivka,категория
https://metpromintex.ru/catalog/santehnicheskiy-skotch-dlya-trub,категория
https://metpromintex.ru/catalog/fenoplast,категория
https://metpromintex.ru/catalog/ftoroplast-listovoy,категория
https://metpromintex.ru/catalog/himicheskoe-syre,категория
https://metpromintex.ru/catalog/poliuretanovaya-polosa,категория
https://metpromintex.ru/catalog/dymohody,категория
https://metpromintex.ru/catalog/adapter-kotla-dlya-dymohoda,категория
https://metpromintex.ru/catalog/deflektor-na-dymohod,категория
https://metpromintex.ru/catalog/dymososy,категория
https://metpromintex.ru/catalog/zaglushka-dlya-dymohoda,категория
https://metpromintex.ru/catalog/zont-na-trubu-dymohoda,категория
https://metpromintex.ru/catalog/kreplenie-dymohoda,категория
https://metpromintex.ru/catalog/otvod-dlya-dymohoda,категория
https://metpromintex.ru/catalog/perehodnik-dlya-dymohoda,категория
https://metpromintex.ru/catalog/revizionnyy-lyuk-dlya-dymohoda,категория
https://metpromintex.ru/catalog/troynik-dlya-dymohoda,категория
https://metpromintex.ru/catalog/truba-dlya-dymohoda,категория
https://metpromintex.ru/catalog/zhbi,категория
https://metpromintex.ru/catalog/zhelezobetonnye-truby,категория
https://metpromintex.ru/catalog/zhelezobetonnye-balki,категория
https://metpromintex.ru/catalog/balka-drugaya,категория
https://metpromintex.ru/catalog/balka-lestnichnaya,категория
https://metpromintex.ru/catalog/mostovye-balki,категория
https://metpromintex.ru/catalog/podkranovye-balki,категория
https://metpromintex.ru/catalog/fundamentnye-balki,категория
https://metpromintex.ru/catalog/zhelezobetonnye-bloki,категория
https://metpromintex.ru/catalog/betonnye-bloki,категория
https://metpromintex.ru/catalog/bloki-protivofiltracionnogo-ekrana,категория
https://metpromintex.ru/catalog/blok-rasporki-zhelezobetonnyy,категория
https://metpromintex.ru/catalog/blok-ukrepleniya,категория
https://metpromintex.ru/catalog/blok-upora,категория
https://metpromintex.ru/catalog/bloki-ekrana-zhelezobetonnye,категория
https://metpromintex.ru/catalog/blok-shahty-lifta,категория
https://metpromintex.ru/catalog/blok-lotka,категория
https://metpromintex.ru/catalog/bloki-ograzhdeniya-zhelezobetonnye,категория
https://metpromintex.ru/catalog/bloki-sten-podvalov,категория
https://metpromintex.ru/catalog/ventilyatsionnye-bloki,категория
https://metpromintex.ru/catalog/drugoy-blok,категория
https://metpromintex.ru/catalog/fundamentnye-bloki,категория
https://metpromintex.ru/catalog/fundamentnyy-stenovoy-blok,категория
https://metpromintex.ru/catalog/kolodtsy-i-kryshki,категория
https://metpromintex.ru/catalog/dnishche-kolodca,категория
https://metpromintex.ru/catalog/kolodtsy-drugie,категория
https://metpromintex.ru/catalog/kryshka-kolodtsa,категория
https://metpromintex.ru/catalog/kryshka-kanalizacionnogo-lyuka,категория
https://metpromintex.ru/catalog/kryshki-drugie,категория
https://metpromintex.ru/catalog/lyuk-dlya-betonnogo-koltsa,категория
https://metpromintex.ru/catalog/elementy-kolodcev-zhbi,категория
https://metpromintex.ru/catalog/kolonny-zhelezobetonnye,категория
https://metpromintex.ru/catalog/kolonna-verhnyaya-kv,категория
https://metpromintex.ru/catalog/fahverkovye-kolonny,категория
https://metpromintex.ru/catalog/kolonny-iz-arhitekturnogo-betona,категория
https://metpromintex.ru/catalog/kolonny-srednie-zhelezobetonnye,категория
https://metpromintex.ru/catalog/kolonny-nizhnie-zhelezobetonnye,категория
https://metpromintex.ru/catalog/zhelezobetonnye-kolca,категория
https://metpromintex.ru/catalog/dobornye-kolca-dlya-kolodcev,категория
https://metpromintex.ru/catalog/drugie-koltsa,категория
https://metpromintex.ru/catalog/betonnye-kolca-dlya-kolodca,категория
https://metpromintex.ru/catalog/kolco-opornoe,категория
https://metpromintex.ru/catalog/kolco-stenovoe,категория
https://metpromintex.ru/catalog/zhelezobetonnye-lestnicy,категория
https://metpromintex.ru/catalog/lestnichnaya-ploshchadka,категория
https://metpromintex.ru/catalog/lestnichnye-stupeni,категория
https://metpromintex.ru/catalog/lestnichnyy-marsh,категория
https://metpromintex.ru/catalog/ploschadka-lestnichnogo-shoda,категория
https://metpromintex.ru/catalog/stupeni-zhelezobetonnye,категория
https://metpromintex.ru/catalog/stupeni-lestnichnyh-shodov,категория
https://metpromintex.ru/catalog/stupeni-podvalnye,категория
https://metpromintex.ru/catalog/lotki-zhelezobetonnye,категория
https://metpromintex.ru/catalog/lotki-drugie,категория
https://metpromintex.ru/catalog/lotki-teplotrass,категория
https://metpromintex.ru/catalog/lotok-vodootvodnyy,категория
https://metpromintex.ru/catalog/zhelezobetonnye-lotki-kanalov,категория
https://metpromintex.ru/catalog/lotki-mezhduputnye,категория
https://metpromintex.ru/catalog/lotok-mezhdushpalnyy,категория
https://metpromintex.ru/catalog/lotki-s-otverstiem-zhelezobetonnye,категория
https://metpromintex.ru/catalog/lotok-zhelezobetonnyy-uglovoy,категория
https://metpromintex.ru/catalog/teleskopicheskie-lotki,категория
https://metpromintex.ru/catalog/peremychka,категория
https://metpromintex.ru/catalog/peremychki-balochnye,категория
https://metpromintex.ru/catalog/peremychki-bruskovye,категория
https://metpromintex.ru/catalog/peremychki-drugie,категория
https://metpromintex.ru/catalog/peremychki-dlya-proemov,категория
https://metpromintex.ru/catalog/plitnye-peremychki,категория
https://metpromintex.ru/catalog/zhelezobetonnye-plity,категория
https://metpromintex.ru/catalog/aerodromnye-plity,категория
https://metpromintex.ru/catalog/balkonnaya-plita,категория
https://metpromintex.ru/catalog/karniznaya-zhelezobetonnaya-plita,категория
https://metpromintex.ru/catalog/plity-lentochnyh-fundamentov,категория
https://metpromintex.ru/catalog/opornaya-plita,категория
https://metpromintex.ru/catalog/parapetnye-plity,категория
https://metpromintex.ru/catalog/perehodnaya-plita,категория
https://metpromintex.ru/catalog/plita-dnishcha-kolodca,категория
https://metpromintex.ru/catalog/plita-dorozhnaya,категория
https://metpromintex.ru/catalog/plita-drugaya,категория
https://metpromintex.ru/catalog/plita-zabornaya,категория
https://metpromintex.ru/catalog/plita-ograzhdeniya,категория
https://metpromintex.ru/catalog/plita-perekrytiya-kolodtsa,категория
https://metpromintex.ru/catalog/plita-perekrytiya-teplokamer,категория
https://metpromintex.ru/catalog/plita-ploskaya,категория
https://metpromintex.ru/catalog/plita-podkladka,категория
https://metpromintex.ru/catalog/plity-pokrytiy-zhelezobetonnye,категория
https://metpromintex.ru/catalog/plita-rebristaya-santehnicheskaya,категория
https://metpromintex.ru/catalog/plita-rezervuarov,категория
https://metpromintex.ru/catalog/plita-teplokamery,категория
https://metpromintex.ru/catalog/plity-ukrepleniya-otkosov,категория
https://metpromintex.ru/catalog/plity-dlya-ustanovki-oborudovaniya,категория
https://metpromintex.ru/catalog/plity-dnisch-kanalov,категория
https://metpromintex.ru/catalog/plity-kanalov,категория
https://metpromintex.ru/catalog/plity-lodzhiy,категория
https://metpromintex.ru/catalog/plity-perekrytiya,категория
https://metpromintex.ru/catalog/plity-perekrytiya-kanalov,категория
https://metpromintex.ru/catalog/plity-perekrytiya-lotkov,категория
https://metpromintex.ru/catalog/plity-perekrytiya-lotkov-i-kanalov,категория
https://metpromintex.ru/catalog/plity-perekrytiya-uglovye,категория
https://metpromintex.ru/catalog/plity-teplotrass,категория
https://metpromintex.ru/catalog/plity-shaht-liftov-verhnie,категория
https://metpromintex.ru/catalog/trotuarnye-plity,категория
https://metpromintex.ru/catalog/upornaya-plita,категория
https://metpromintex.ru/catalog/fundamentnaya-plita,категория
https://metpromintex.ru/catalog/zhelezobetonnye-podushki,категория
https://metpromintex.ru/catalog/opornye-podushki-zhelezobetonnye,категория
https://metpromintex.ru/catalog/opornye-podushki-teplotrass,категория
https://metpromintex.ru/catalog/opornaya-podushka-pod-gazovyy-kover,категория
https://metpromintex.ru/catalog/fundamentnaya-podushka,категория
https://metpromintex.ru/catalog/stena,категория
https://metpromintex.ru/catalog/otkosnye-stenki,категория
https://metpromintex.ru/catalog/portalnaya-stenka,категория
https://metpromintex.ru/catalog/stenovye-paneli,категория
https://metpromintex.ru/catalog/zhelezobetonnyy-fundament,категория
https://metpromintex.ru/catalog/fundament-dlya-zabora,категория
https://metpromintex.ru/catalog/lentochnyy-fundament,категория
https://metpromintex.ru/catalog/trehluchevye-fundamenty,категория
https://metpromintex.ru/catalog/fundament-drugoy,категория
https://metpromintex.ru/catalog/fundament-rezervuara,категория
https://metpromintex.ru/catalog/fundament-stakannogo-tipa,категория
https://metpromintex.ru/catalog/drugie-izdeliya,категория
https://metpromintex.ru/catalog/bordyurnyy-kamen,категория
https://metpromintex.ru/catalog/vodootliv,категория
https://metpromintex.ru/catalog/zhelezobetonnye-dnishcha,категория
https://metpromintex.ru/catalog/zhelezobetonnye-fermy,категория
https://metpromintex.ru/catalog/teplovye-kamery-zhelezobetonnye,категория
https://metpromintex.ru/catalog/kozyrki-vhoda-zhelezobetonnye,категория
https://metpromintex.ru/catalog/konicheskie-zvenya-trub,категория
https://metpromintex.ru/catalog/kosoury-zhelezobetonnye,категория
https://metpromintex.ru/catalog/lezhni-zhelezobetonnye,категория
https://metpromintex.ru/catalog/ogolovok-zhelezobetonnyy,категория
https://metpromintex.ru/catalog/parkovochnyy-barer,категория
https://metpromintex.ru/catalog/opory-lep,категория
https://metpromintex.ru/catalog/stoyka-opory-sv,категория
https://metpromintex.ru/catalog/podkladka-pod-blok,категория
https://metpromintex.ru/catalog/podnozhnik,категория
https://metpromintex.ru/catalog/polurama,категория
https://metpromintex.ru/catalog/polusfera-dorozhnaya,категория
https://metpromintex.ru/catalog/pristavka,категория
https://metpromintex.ru/catalog/progon,категория
https://metpromintex.ru/catalog/rigel,категория
https://metpromintex.ru/catalog/stoyki,категория
https://metpromintex.ru/catalog/stolby,категория
https://metpromintex.ru/catalog/tetrapod,категория
https://metpromintex.ru/catalog/utyazheliteli-ubo-dlya-truboprovodov,категория
https://metpromintex.ru/catalog/zvenya-zhelezobetonnye-kruglye,категория
https://metpromintex.ru/catalog/shahtovaya-zatyazhka,категория
https://metpromintex.ru/catalog/elementy-zabora,категория
https://metpromintex.ru/catalog/lotkovye-elementy-sbornyh-zhelezobetonnyh-kanalov,категория
https://metpromintex.ru/catalog/elementy-lotkov,категория
https://metpromintex.ru/catalog/elementy-ograzhdeniya,категория
https://metpromintex.ru/catalog/izdeliya-iz-asbesta,категория
https://metpromintex.ru/catalog/asbestovaya-bumaga,категория
https://metpromintex.ru/catalog/asbestovaya-kroshka,категория
https://metpromintex.ru/catalog/asbestotehnicheskie-izdeliya,категория
https://metpromintex.ru/catalog/asbestocementnyy-list,категория
https://metpromintex.ru/catalog/list-asbostalnoy,категория
https://metpromintex.ru/catalog/truba-hrizolitotsementnaya-asbotsementnaya,категория
https://metpromintex.ru/catalog/hrizolitotsementnye-truby,категория
https://metpromintex.ru/catalog/asbestocementnaya-truba,категория
https://metpromintex.ru/catalog/osnastka-dlya-instrumenta,категория
https://metpromintex.ru/catalog/bur-dlya-perforatora,категория
https://metpromintex.ru/catalog/sverla-dlya-dreli,категория
https://metpromintex.ru/catalog/freza,категория
https://metpromintex.ru/catalog/kabelno-provodnikovaya-produkciya,категория
https://metpromintex.ru/catalog/vitaya-para,категория
https://metpromintex.ru/catalog/kabel-elektricheskiy,категория
https://metpromintex.ru/catalog/bortovye-kabeli,категория
https://metpromintex.ru/catalog/gibkiy-kabel,категория
https://metpromintex.ru/catalog/samoreguliruyushchiysya-greyushchiy-kabel,категория
https://metpromintex.ru/catalog/kabel-kontrolnyy,категория
https://metpromintex.ru/catalog/kabel-montazhnyy,категория
https://metpromintex.ru/catalog/kabel-ognestoykiy,категория
https://metpromintex.ru/catalog/kabel-silovoy-gibkiy,категория
https://metpromintex.ru/catalog/kabel-upravleniya,категория
https://metpromintex.ru/catalog/koaksialnyy-kabel,категория
https://metpromintex.ru/catalog/signalnyy-kabel,категория
https://metpromintex.ru/catalog/silovoy-kabel,категория
https://metpromintex.ru/catalog/sudovoy-kabel,категория
https://metpromintex.ru/catalog/akusticheskiy-kabel,категория
https://metpromintex.ru/catalog/kabel-soedinitelnyy,категория
https://metpromintex.ru/catalog/kabel-telefonnyy,категория
https://metpromintex.ru/catalog/nakonechnik-kabelnyy,категория
https://metpromintex.ru/catalog/opticheskiy-kabel,категория
https://metpromintex.ru/catalog/provoda-elektricheskie,категория
https://metpromintex.ru/catalog/provod-elektricheskiy,категория
https://metpromintex.ru/catalog/neizolirovannye-provoda,категория
https://metpromintex.ru/catalog/obmotochnye-provoda,категория
https://metpromintex.ru/catalog/provod-ustanovochnyy,категория
https://metpromintex.ru/catalog/provod-termostoykiy,категория
https://metpromintex.ru/catalog/soedinitelnye-provoda,категория
https://metpromintex.ru/catalog/samonesuschiy-provod,категория
https://metpromintex.ru/catalog/katanka,категория
https://metpromintex.ru/catalog/katanka-metallicheskaya-dlya-izgotovleniya-pruzhin,категория
https://metpromintex.ru/catalog/prutok-dlya-zazemleniya,категория
https://metpromintex.ru/catalog/alyuminievaya-katanka,категория
https://metpromintex.ru/catalog/katanka-stalnaya,категория
https://metpromintex.ru/catalog/mednaya-katanka,категория
https://metpromintex.ru/catalog/katanka-dlya-metallokorda,категория
https://metpromintex.ru/catalog/katanka-dlya-uvyazki-fundamenta,категория
https://metpromintex.ru/catalog/katanka-stalnaya-dlya-peretyazhki-na-provoloku,категория
https://metpromintex.ru/catalog/provoloka-dlya-setki,категория
https://metpromintex.ru/catalog/krepezh,категория
https://metpromintex.ru/catalog/gvozdi,категория
https://metpromintex.ru/catalog/dyubeli,категория
https://metpromintex.ru/catalog/zaklepki,категория
https://metpromintex.ru/catalog/stroitelnye-krepleniya,категория
https://metpromintex.ru/catalog/klyaymer,категория
https://metpromintex.ru/catalog/kreplenie-dlya-profilya-metallicheskogo,категория
https://metpromintex.ru/catalog/krepleniya-dlya-podvesnyh-konstrukciy,категория
https://metpromintex.ru/catalog/kronshteyn,категория
https://metpromintex.ru/catalog/metallicheskie-shtifty,категория
https://metpromintex.ru/catalog/opora-balki,категория
https://metpromintex.ru/catalog/plastina-perforirovannaya-krepezhnaya,категория
https://metpromintex.ru/catalog/rezbovoy-krepezh,категория
https://metpromintex.ru/catalog/bolty,категория
https://metpromintex.ru/catalog/vinty,категория
https://metpromintex.ru/catalog/gayki,категория
https://metpromintex.ru/catalog/kontrgayki,категория
https://metpromintex.ru/catalog/samorezy,категория
https://metpromintex.ru/catalog/shpilka-rezbovaya,категория
https://metpromintex.ru/catalog/shurupy,категория
https://metpromintex.ru/catalog/skoby,категория
https://metpromintex.ru/catalog/skoby-stroitelnye,категория
https://metpromintex.ru/catalog/shayby-shplinty,категория
https://metpromintex.ru/catalog/shayby,категория
https://metpromintex.ru/catalog/shplinty,категория
https://metpromintex.ru/catalog/homut,категория
https://metpromintex.ru/catalog/canga,категория
https://metpromintex.ru/catalog/krovlya,категория
https://metpromintex.ru/catalog/kompozitnaya-cherepica-dlya-kryshi,категория
https://metpromintex.ru/catalog/konek-dlya-kryshi-iz-profnastila,категория
https://metpromintex.ru/catalog/krovelnaya-ventilyatsiya,категория
https://metpromintex.ru/catalog/metallicheskiy-shifer,категория
https://metpromintex.ru/catalog/ruberoid,категория
https://metpromintex.ru/catalog/snegozaderzhateli-na-kryshu,категория
https://metpromintex.ru/catalog/profnastil,категория
https://metpromintex.ru/catalog/proflist-dlya-opalubki,категория
https://metpromintex.ru/catalog/profnastil-dlya-vorot,категория
https://metpromintex.ru/catalog/profnastil-dlya-kryshi,категория
https://metpromintex.ru/catalog/profnastil-dlya-zabora,категория
https://metpromintex.ru/catalog/nerzhaveyushchiy-profnastil,категория
https://metpromintex.ru/catalog/ocinkovannyy-profnastil-dlya-kryshi,категория
https://metpromintex.ru/catalog/profnastil-s-polimernym-pokrytiem,категория
https://metpromintex.ru/catalog/metallocherepica,категория
https://metpromintex.ru/catalog/zhelezo-dlya-kryshi,категория
https://metpromintex.ru/catalog/shifer,категория
https://metpromintex.ru/catalog/lenta,категория
https://metpromintex.ru/catalog/lenta-dlya-izgotovleniya-poroshkovoi-provoloki,категория
https://metpromintex.ru/catalog/lenta-dlya-radiatora,категория
https://metpromintex.ru/catalog/lenta-stalnaya-upakovochnaya,категория
https://metpromintex.ru/catalog/lenta-titanovaya,категория
https://metpromintex.ru/catalog/lenta-titanovaya-dlya-izgotovleniya-detaley,категория
https://metpromintex.ru/catalog/homutnaya-lenta,категория
https://metpromintex.ru/catalog/lenta-mednaya,категория
https://metpromintex.ru/catalog/mednaya-lenta-dlya-zazemleniya-antistaticheskogo-pola,категория
https://metpromintex.ru/catalog/krovelnaya-mednaya-lenta,категория
https://metpromintex.ru/catalog/montazhnaya-lenta-dlya-teplogo-pola,категория
https://metpromintex.ru/catalog/nihromovaya-lenta,категория
https://metpromintex.ru/catalog/nihromovaya-lenta-dlya-zapayshchika-paketov,категория
https://metpromintex.ru/catalog/alyuminievaya-lenta,категория
https://metpromintex.ru/catalog/bronzovaya-lenta,категория
https://metpromintex.ru/catalog/volframovaya-lenta,категория
https://metpromintex.ru/catalog/latunnaya-lenta,категория
https://metpromintex.ru/catalog/lenta-nerzhaveyushchaya,категория
https://metpromintex.ru/catalog/lenta-metallicheskaya,категория
https://metpromintex.ru/catalog/bronelenta-dlya-kabelya,категория
https://metpromintex.ru/catalog/armirovannaya-kolyuchaya-lenta-akl,категория
https://metpromintex.ru/catalog/list,категория
https://metpromintex.ru/catalog/list-tsvetnogo-metalla,категория
https://metpromintex.ru/catalog/alyuminievyy-list,категория
https://metpromintex.ru/catalog/bronzovyy-list,категория
https://metpromintex.ru/catalog/latunnyy-list,категория
https://metpromintex.ru/catalog/volframovyy-list,категория
https://metpromintex.ru/catalog/list-nihromovyy,категория
https://metpromintex.ru/catalog/mednyy-list,категория
https://metpromintex.ru/catalog/svinec-listovoy,категория
https://metpromintex.ru/catalog/titanovyy-list,категория
https://metpromintex.ru/catalog/list-chernogo-metalla,категория
https://metpromintex.ru/catalog/bimetallicheskiy-list,категория
https://metpromintex.ru/catalog/list-metallicheskiy-bu,категория
https://metpromintex.ru/catalog/zhestyanoy-list,категория
https://metpromintex.ru/catalog/krovelnyy-list,категория
https://metpromintex.ru/catalog/list-goryachekatanyy,категория
https://metpromintex.ru/catalog/list-nerzhaveyushchiy,категория
https://metpromintex.ru/catalog/list-ocinkovannyy,категория
https://metpromintex.ru/catalog/list-ocinkovannyy-s-polimernym-pokrytiem,категория
https://metpromintex.ru/catalog/list-riflenyy,категория
https://metpromintex.ru/catalog/list-holodnokatanyy,категория
https://metpromintex.ru/catalog/perforirovannyy-list-metallicheskiy,категория
https://metpromintex.ru/catalog/prosechno-vytyazhnoy-list,категория
https://metpromintex.ru/catalog/chugunnye-listy,категория
https://metpromintex.ru/catalog/listy-nemetallicheskie,категория
https://metpromintex.ru/catalog/viniplast-listovoy,категория
https://metpromintex.ru/catalog/polikarbonat-listovoy,категория
https://metpromintex.ru/catalog/orgsteklo-list,категория
https://metpromintex.ru/catalog/poliacetal-listovoy,категория
https://metpromintex.ru/catalog/polietilen-listovoy,категория
https://metpromintex.ru/catalog/steklo-listovoe,категория
https://metpromintex.ru/catalog/list-dlya-interera,категория
https://metpromintex.ru/catalog/riflenyy-list-dlya-sten,категория
https://metpromintex.ru/catalog/latunnyy-list-v-interere,категория
https://metpromintex.ru/catalog/mednye-listy-dlya-otdelki-sten,категория
https://metpromintex.ru/catalog/list-dlya-lestnicy,категория
https://metpromintex.ru/catalog/list-dlya-profnastila,категория
https://metpromintex.ru/catalog/list-metallicheskii-dlya-stupenei,категория
https://metpromintex.ru/catalog/list-perforirovannyi-nerzhaveyushii,категория
https://metpromintex.ru/catalog/pritopochnyy-mednyy-list,категория
https://metpromintex.ru/catalog/list-dlya-bani,категория
https://metpromintex.ru/catalog/zashchitnyy-ekran-iz-nerzhaveyushchey-stali,категория
https://metpromintex.ru/catalog/ocinkovannyy-list-dlya-bani,категория
https://metpromintex.ru/catalog/list-dlya-vorot,категория
https://metpromintex.ru/catalog/stalnye-listy-dlya-vorot,категория
https://metpromintex.ru/catalog/mednye-listy-dlya-vorot,категория
https://metpromintex.ru/catalog/list-dlya-krovli,категория
https://metpromintex.ru/catalog/krovelnaya-med,категория
https://metpromintex.ru/catalog/metallicheskie-listy-dlya-krovli,категория
https://metpromintex.ru/catalog/llist-alyuminievyy-riflenyy,категория
https://metpromintex.ru/catalog/list-dlya-zabora,категория
https://metpromintex.ru/catalog/perforirovannyi-list-dlya-zabora,категория
https://metpromintex.ru/catalog/plastikovyy-proflist-pet-dlya-zabora,категория
https://metpromintex.ru/catalog/prosechnoy-list-dlya-zabora,категория
https://metpromintex.ru/catalog/list-iz-metalloprofilya-dlya-zabora,категория
https://metpromintex.ru/catalog/list-dlya-kryshi,категория
https://metpromintex.ru/catalog/ocinkovannyi-list-dlya-kryshi,категория
https://metpromintex.ru/catalog/prozrachnyy-shifer-dlya-kryshi,категория
https://metpromintex.ru/catalog/listy-dlya-kryshi-iz-metalloprofilya,категория
https://metpromintex.ru/catalog/otsinkovannyy-profilnyy-list-dlya-kryshi,категория
https://metpromintex.ru/catalog/okozhushka,категория
https://metpromintex.ru/catalog/lyuki-i-dozhdepriemniki,категория
https://metpromintex.ru/catalog/dozhdepriemnik,категория
https://metpromintex.ru/catalog/lyuk-nerzhaveyushchiy,категория
https://metpromintex.ru/catalog/lyuk-chugunnyy-kanalizacionny,категория
https://metpromintex.ru/catalog/lyuk-kanalizacionnyy,категория
https://metpromintex.ru/catalog/metallicheskiy-poroshok,категория
https://metpromintex.ru/catalog/kobalt-poroshok,категория
https://metpromintex.ru/catalog/latunnyy-poroshok,категория
https://metpromintex.ru/catalog/molibdenovyy-poroshok,категория
https://metpromintex.ru/catalog/nikelevyy-poroshok,категория
https://metpromintex.ru/catalog/niobievyi-poroshok,категория
https://metpromintex.ru/catalog/svincovyy-poroshok,категория
https://metpromintex.ru/catalog/poroshok-hroma,категория
https://metpromintex.ru/catalog/cink-poroshok,категория
https://metpromintex.ru/catalog/alyuminievyy-poroshok,категория
https://metpromintex.ru/catalog/zheleznyy-poroshok,категория
https://metpromintex.ru/catalog/mednaya-pudra,категория
https://metpromintex.ru/catalog/mednyy-poroshok,категория
https://metpromintex.ru/catalog/bronzovyy-poroshok,категория
https://metpromintex.ru/catalog/poroshok-nerzhaveyushchiy,категория
https://metpromintex.ru/catalog/poroshok-olovyannyy,категория
https://metpromintex.ru/catalog/titanovyy-poroshok,категория
https://metpromintex.ru/catalog/vanadievyy-poroshok,категория
https://metpromintex.ru/catalog/poroshok-lantana,категория
https://metpromintex.ru/catalog/alyuminievaya-pudra,категория
https://metpromintex.ru/catalog/bronzovaya-pudra,категория
https://metpromintex.ru/catalog/oborudovanie,категория
https://metpromintex.ru/catalog/datchiki-davleniya,категория
https://metpromintex.ru/catalog/manometr-dlya-izmereniya-davleniya,категория
https://metpromintex.ru/catalog/nasosnoe-oborudovanie,категория
https://metpromintex.ru/catalog/parovoy-kotel,категория
https://metpromintex.ru/catalog/pozharnoe-oborudovanie,категория
https://metpromintex.ru/catalog/golovka-pozharnaya,категория
https://metpromintex.ru/catalog/ognetushitel,категория
https://metpromintex.ru/catalog/pozharnaya-podstavka-pod-gidrant,категория
https://metpromintex.ru/catalog/pozharnyy-stvol,категория
https://metpromintex.ru/catalog/pozharnyi-gidrant,категория
https://metpromintex.ru/catalog/pozharnyy-shkaf,категория
https://metpromintex.ru/catalog/pozharnyy-schit,категория
https://metpromintex.ru/catalog/protivopozharnoe-polotno,категория
https://metpromintex.ru/catalog/termometr,категория
https://metpromintex.ru/catalog/elevator-vodostruynyy,категория
https://metpromintex.ru/catalog/raspredelitelnyy-shchit,категория
https://metpromintex.ru/catalog/elektroprivod,категория
https://metpromintex.ru/catalog/pokovka,категория
https://metpromintex.ru/catalog/pokovka-kruglaya,категория
https://metpromintex.ru/catalog/pokovka-stalnaya,категория
https://metpromintex.ru/catalog/pokovki-iz-kvadratnyh-zagotovok,категория
https://metpromintex.ru/catalog/titanovaya-pokovka,категория
https://metpromintex.ru/catalog/provoloka,категория
https://metpromintex.ru/catalog/provoloka-dlya-svarki,категория
https://metpromintex.ru/catalog/provoloka-naplavochnaya,категория
https://metpromintex.ru/catalog/provoloka-dlya-poluavtomata,категория
https://metpromintex.ru/catalog/stalnaya-provoloka,категория
https://metpromintex.ru/catalog/koluchaya-odnoryadnaya-provoloka,категория
https://metpromintex.ru/catalog/provoloka-bimetallicheskaya,категория
https://metpromintex.ru/catalog/kontrovochnaya-provoloka,категория
https://metpromintex.ru/catalog/provoloka-bandazhnaya-luzhenaya,категория
https://metpromintex.ru/catalog/provoloka-vr-1,категория
https://metpromintex.ru/catalog/provoloka-gvozdilnaya,категория
https://metpromintex.ru/catalog/provoloka-iz-pretcizionnyh-splavov,категория
https://metpromintex.ru/catalog/provoloka-kanatnaya,категория
https://metpromintex.ru/catalog/provoloka-ocinkovannaya,категория
https://metpromintex.ru/catalog/provoloka-panch-11,категория
https://metpromintex.ru/catalog/provoloka-poligraficheskaya,категория
https://metpromintex.ru/catalog/provoloka-pruzhinnaya,категория
https://metpromintex.ru/catalog/provoloka-s-polimernym-pokrytiem,категория
https://metpromintex.ru/catalog/uglerodistaya-provoloka,категория
https://metpromintex.ru/catalog/provoloka-holodnoy-vysadki,категория
https://metpromintex.ru/catalog/provoloka-vyazalnaya,категория
https://metpromintex.ru/catalog/provoloka-dlya-pruzhinnyh-shaib,категория
https://metpromintex.ru/catalog/provoloka-iz-cvetnyh-metallov,категория
https://metpromintex.ru/catalog/alyuminievaya-provoloka,категория
https://metpromintex.ru/catalog/bronzovaya-provoloka,категория
https://metpromintex.ru/catalog/volframovaya-provoloka,категория
https://metpromintex.ru/catalog/kolyuchaya-provoloka-oks,категория
https://metpromintex.ru/catalog/provoloka-nerzhaveyushchaya,категория
https://metpromintex.ru/catalog/latunnaya-provoloka,категория
https://metpromintex.ru/catalog/mednaya-provoloka,категория
https://metpromintex.ru/catalog/nikelevaya-provoloka,категория
https://metpromintex.ru/catalog/nihromovaya-provoloka,категория
https://metpromintex.ru/catalog/olovyannaya-provoloka,категория
https://metpromintex.ru/catalog/provoloka-svincovaya,категория
https://metpromintex.ru/catalog/provoloka-termoelektrodnaya,категория
https://metpromintex.ru/catalog/titanovaya-provoloka,категория
https://metpromintex.ru/catalog/cinkovaya-provoloka,категория
https://metpromintex.ru/catalog/provoloka-dlya-armatury,категория
https://metpromintex.ru/catalog/provoloka-dlya-vyazki,категория
https://metpromintex.ru/catalog/provoloka-dlya-gvozdei,категория
https://metpromintex.ru/catalog/provoloka-dlya-kabelya,категория
https://metpromintex.ru/catalog/provoloka-dlya-prochistki-trub,категория
https://metpromintex.ru/catalog/provoloka-dlya-pruzhin,категория
https://metpromintex.ru/catalog/kolyuchaya-provoloka,категория
https://metpromintex.ru/catalog/radiatory-otopleniya,категория
https://metpromintex.ru/catalog/bimetallicheskie-radiatory-otopleniya,категория
https://metpromintex.ru/catalog/probki-radiatornye,категория
https://metpromintex.ru/catalog/stalnye-radiatory-otopleniya,категория
https://metpromintex.ru/catalog/chugunnye-radiatory-otopleniya,категория
https://metpromintex.ru/catalog/komplektuyushchie-dlya-radiatorov-otopleniya,категория
https://metpromintex.ru/catalog/rels,категория
https://metpromintex.ru/catalog/zheleznodorozhnyi-krepezh,категория
https://metpromintex.ru/catalog/izoliruyushchiy-styk-relsov,категория
https://metpromintex.ru/catalog/kolesnye-pary,категория
https://metpromintex.ru/catalog/zheleznodorozhnye-relsy,категория
https://metpromintex.ru/catalog/kranovye-relsy,категория
https://metpromintex.ru/catalog/strelochnye-perevody,категория
https://metpromintex.ru/catalog/tramvaynye-relsy,категория
https://metpromintex.ru/catalog/shpaly,категория
https://metpromintex.ru/catalog/rti,категория
https://metpromintex.ru/catalog/val-obrezinennyy,категория
https://metpromintex.ru/catalog/vtulka-rezinovaya,категория
https://metpromintex.ru/catalog/vtulka-prohodnaya-dlya-kabelya,категория
https://metpromintex.ru/catalog/tkani,категория
https://metpromintex.ru/catalog/lenta-retsar,категория
https://metpromintex.ru/catalog/prorezinennaya-tkan,категория
https://metpromintex.ru/catalog/tkani-dlya-izgotovleniya-turisticheskogo-snaryazheniya,категория
https://metpromintex.ru/catalog/tkan-prorezinennaya,категория
https://metpromintex.ru/catalog/rezinokordovye-plity-dlya-zhd-pereezdov,категория
https://metpromintex.ru/catalog/poliizobutilen,категория
https://metpromintex.ru/catalog/rezinovyy-profil,категория
https://metpromintex.ru/catalog/prokladki-dlya-flancevyh-soedineniy,категория
https://metpromintex.ru/catalog/manzheta-rezinovaya,категория
https://metpromintex.ru/catalog/mufta-muvp,категория
https://metpromintex.ru/catalog/plastina-rti,категория
https://metpromintex.ru/catalog/tehplastina-rezinovaya,категория
https://metpromintex.ru/catalog/uplotnitel-rezinovyy,категория
https://metpromintex.ru/catalog/remni-rezinovye-privodnye,категория
https://metpromintex.ru/catalog/privodnoy-remen,категория
https://metpromintex.ru/catalog/rukav-rezinovyy,категория
https://metpromintex.ru/catalog/rezinovye-smesi,категория
https://metpromintex.ru/catalog/formovye-izdeliya,категория
https://metpromintex.ru/catalog/brizol,категория
https://metpromintex.ru/catalog/diafragma,категория
https://metpromintex.ru/catalog/membrana-tormoznoy-kamery,категория
https://metpromintex.ru/catalog/membrana-dlya-nasosa,категория
https://metpromintex.ru/catalog/diafragma-dlya-truboprovodnoi-armatury,категория
https://metpromintex.ru/catalog/rezinovoe-pokrytie,категория
https://metpromintex.ru/catalog/rezinovoe-pokrytie-dlya-pola,категория
https://metpromintex.ru/catalog/shlang,категория
https://metpromintex.ru/catalog/rezinovaya-konveyernaya-lenta,категория
https://metpromintex.ru/catalog/rezinovaya-kroshka,категория
https://metpromintex.ru/catalog/kolca-rezinovye,категория
https://metpromintex.ru/catalog/rezinovyy-shnur,категория
https://metpromintex.ru/catalog/polosa-nabivochnaya-layon,категория
https://metpromintex.ru/catalog/rezinovye-trubki,категория
https://metpromintex.ru/catalog/toplivnaya-trubka,категория
https://metpromintex.ru/catalog/termousadochnye-trubki,категория
https://metpromintex.ru/catalog/gryazesemnik-shtoka,категория
https://metpromintex.ru/catalog/germetiki-klei-mastiki,категория
https://metpromintex.ru/catalog/kompaund-dlya-elektroniki,категория
https://metpromintex.ru/catalog/kley-dlya-reziny,категория
https://metpromintex.ru/catalog/mastika-bitumnaya-gidroizolyacionnaya,категория
https://metpromintex.ru/catalog/saiding,категория
https://metpromintex.ru/catalog/sayding-dlya-naruzhnoy-otdelki-doma,категория
https://metpromintex.ru/catalog/sayding-dlya-vnutrenney-otdelki-sten,категория
https://metpromintex.ru/catalog/planki-dlya-saydinga,категория
https://metpromintex.ru/catalog/sayding-dlya-otdelki,категория
https://metpromintex.ru/catalog/setka,категория
https://metpromintex.ru/catalog/setka-dlya-filtra-skvazhiny,категория
https://metpromintex.ru/catalog/ploskoe-kolyuchee-lentochnoe-zagrazhdenie-pklz,категория
https://metpromintex.ru/catalog/reshetchatyy-nastil,категория
https://metpromintex.ru/catalog/setki,категория
https://metpromintex.ru/catalog/setka-dlya-shtukaturki,категория
https://metpromintex.ru/catalog/gabionnaya-setka,категория
https://metpromintex.ru/catalog/setka-mednaya,категория
https://metpromintex.ru/catalog/setka-bronzovaya,категория
https://metpromintex.ru/catalog/setka-mane,категория
https://metpromintex.ru/catalog/setka-nihromovaya,категория
https://metpromintex.ru/catalog/setka-riflenaya,категория
https://metpromintex.ru/catalog/setka-tkanaya,категория
https://metpromintex.ru/catalog/setka-cpvs,категория
https://metpromintex.ru/catalog/setka-sharnirnaya,категория
https://metpromintex.ru/catalog/setka-rabica,категория
https://metpromintex.ru/catalog/rukav-setchatyy,категория
https://metpromintex.ru/catalog/setka-latunnaya,категория
https://metpromintex.ru/catalog/sistemy-ograzhdeniy,категория
https://metpromintex.ru/catalog/setka-shtukaturnaya,категория
https://metpromintex.ru/catalog/setka-fasadnaya,категория
https://metpromintex.ru/catalog/setka-svarnaya,категория
https://metpromintex.ru/catalog/kompozitnaya-setka,категория
https://metpromintex.ru/catalog/setka-dlya-stroitelstva,категория
https://metpromintex.ru/catalog/setka-dlya-styazhki,категория
https://metpromintex.ru/catalog/setka-dlya-teplogo-pola,категория
https://metpromintex.ru/catalog/setka-kladochnaya,категория
https://metpromintex.ru/catalog/setka-dlya-otmostki,категория
https://metpromintex.ru/catalog/setka-dlya-teploizolyacii-trub,категория
https://metpromintex.ru/catalog/setka-dlya-kletok,категория
https://metpromintex.ru/catalog/setka-dlya-volera,категория
https://metpromintex.ru/catalog/setka-dlya-ograzhdenii,категория
https://metpromintex.ru/catalog/setka-dlya-gabionov,категория
https://metpromintex.ru/catalog/setka-dlya-zabora,категория
https://metpromintex.ru/catalog/sortovoy-prokat,категория
https://metpromintex.ru/catalog/kvadrat-metallicheskiy,категория
https://metpromintex.ru/catalog/kvadrat-alyuminievyy,категория
https://metpromintex.ru/catalog/kvadrat-bronzovyy,категория
https://metpromintex.ru/catalog/kvadrat-bu,категория
https://metpromintex.ru/catalog/mednyy-kvadrat,категория
https://metpromintex.ru/catalog/kvadrat-nerzhaveyushchiy,категория
https://metpromintex.ru/catalog/kvadrat-latunnyi-i-mednyi-dlya-elektrotekhnicheskikh-detalei,категория
https://metpromintex.ru/catalog/kvadrat-stalnoy,категория
https://metpromintex.ru/catalog/kvadrat-chugunnyy,категория
https://metpromintex.ru/catalog/kvadrat-latunnyy,категория
https://metpromintex.ru/catalog/kvadrat-nihromovyi,категория
https://metpromintex.ru/catalog/kvadrat-titanovyy,категория
https://metpromintex.ru/catalog/krug,категория
https://metpromintex.ru/catalog/volframovyy-prutok,категория
https://metpromintex.ru/catalog/krug-alyuminievyy,категория
https://metpromintex.ru/catalog/bronzovyy-krug,категория
https://metpromintex.ru/catalog/titanovyy-krug,категория
https://metpromintex.ru/catalog/krug-stalnoy-dlya-lopatok-parovyh-turbin,категория
https://metpromintex.ru/catalog/krug-bu,категория
https://metpromintex.ru/catalog/krug-latunnyy,категория
https://metpromintex.ru/catalog/mednyy-krug,категория
https://metpromintex.ru/catalog/krug-titanovyy-dlya-kriogennoy-tehniki,категория
https://metpromintex.ru/catalog/krug-chugunnyy,категория
https://metpromintex.ru/catalog/krug-nerzhaveyushii,категория
https://metpromintex.ru/catalog/krug-prutok-nihromovyi,категория
https://metpromintex.ru/catalog/krug-stalnoy,категория
https://metpromintex.ru/catalog/prutok-olovyannyy,категория
https://metpromintex.ru/catalog/prutok-svincovyy,категория
https://metpromintex.ru/catalog/prutok-cinkovyy,категория
https://metpromintex.ru/catalog/polosa,категория
https://metpromintex.ru/catalog/alyuminievaya-polosa,категория
https://metpromintex.ru/catalog/polosa-mednaya-dlya-sozdaniya-provodnikovykh-materialov,категория
https://metpromintex.ru/catalog/polosa-stalnaya-dlya-ograzhdenii-i-zaborov,категория
https://metpromintex.ru/catalog/polosa-stalnaya-dlya-proizvodstva-rezhushego-instrumenta,категория
https://metpromintex.ru/catalog/polosa-titanovaya-dlya-medicinskikh-instrumentov,категория
https://metpromintex.ru/catalog/polosa-titanovaya-v-mashinostroenii,категория
https://metpromintex.ru/catalog/mednaya-shina-elektrotehnicheskaya,категория
https://metpromintex.ru/catalog/shina-zazemleniya,категория
https://metpromintex.ru/catalog/polosa-bimetallicheskaya,категория
https://metpromintex.ru/catalog/bronzovaya-polosa,категория
https://metpromintex.ru/catalog/volframovaya-polosa,категория
https://metpromintex.ru/catalog/polosa-latunnaya,категория
https://metpromintex.ru/catalog/nihromovaya-polosa,категория
https://metpromintex.ru/catalog/polosa-mednaya,категория
https://metpromintex.ru/catalog/polosa-stalnaya,категория
https://metpromintex.ru/catalog/polosa-nerzhaveyushaya,категория
https://metpromintex.ru/catalog/polosa-perforirovannaya,категория
https://metpromintex.ru/catalog/titanovaya-polosa,категория
https://metpromintex.ru/catalog/chugunnaya-polosa,категория
https://metpromintex.ru/catalog/prutok,категория
https://metpromintex.ru/catalog/prutok-latunnyi-dlya-pechatnoi-promyshlennosti,категория
https://metpromintex.ru/catalog/prutok-latunnyi-dlya-chasovoi-promyshlennosti,категория
https://metpromintex.ru/catalog/trubnye-zagotovki-stalnye,категория
https://metpromintex.ru/catalog/krug-konstrukcionnyy,категория
https://metpromintex.ru/catalog/titan-medicinskiy,категория
https://metpromintex.ru/catalog/prutok-metallicheskiy-dlya-izgotovleniya-metizov,категория
https://metpromintex.ru/catalog/prutok-metallicheskiy-dlya-mebelnoy-furnitury,категория
https://metpromintex.ru/catalog/prutok-metallicheskiy-dlya-promyshlennoy-furnitury,категория
https://metpromintex.ru/catalog/prutok-stalnoy-dlya-izgotovleniya-bytovyh-predmetov,категория
https://metpromintex.ru/catalog/bronzovyy-prutok,категория
https://metpromintex.ru/catalog/mednyy-prutok,категория
https://metpromintex.ru/catalog/prutok-alyuminievyi,категория
https://metpromintex.ru/catalog/prutok-latunnyi,категория
https://metpromintex.ru/catalog/prutok-stalnoi,категория
https://metpromintex.ru/catalog/prutok-chugunnyy,категория
https://metpromintex.ru/catalog/prutok-titanovyi,категория
https://metpromintex.ru/catalog/shestigrannik,категория
https://metpromintex.ru/catalog/latunnyy-shestigrannik,категория
https://metpromintex.ru/catalog/mednyy-shestigrannik,категория
https://metpromintex.ru/catalog/shestigrannik-alyuminievyy,категория
https://metpromintex.ru/catalog/shestigrannik-bronzovyy,категория
https://metpromintex.ru/catalog/shestigrannik-bu,категория
https://metpromintex.ru/catalog/shestigrannik-nerzhaveyushchiy,категория
https://metpromintex.ru/catalog/shestigrannik-stalnoy,категория
https://metpromintex.ru/catalog/shestigrannik-titanovyy,категория
https://metpromintex.ru/catalog/roliki-promyshlennye,категория
https://metpromintex.ru/catalog/polosobulb,категория
https://metpromintex.ru/catalog/melyushchie-shary,категория
https://metpromintex.ru/catalog/stroitelnye-materialy,категория
https://metpromintex.ru/catalog/kirpich,категория
https://metpromintex.ru/catalog/listovye-materialy-iz-dereva,категория
https://metpromintex.ru/catalog/gipsovoloknistyy-list,категория
https://metpromintex.ru/catalog/dvp,категория
https://metpromintex.ru/catalog/dsp,категория
https://metpromintex.ru/catalog/ldsp,категория
https://metpromintex.ru/catalog/paneli-mdf,категория
https://metpromintex.ru/catalog/mebelnyy-schit,категория
https://metpromintex.ru/catalog/osb-plita,категория
https://metpromintex.ru/catalog/fanera,категория
https://metpromintex.ru/catalog/hdf,категория
https://metpromintex.ru/catalog/tssp,категория
https://metpromintex.ru/catalog/pilomaterialy,категория
https://metpromintex.ru/catalog/derevyannyy-brus,категория
https://metpromintex.ru/catalog/doska-obreznaya,категория
https://metpromintex.ru/catalog/doska-neobreznaya,категория
https://metpromintex.ru/catalog/polovaya-doska,категория
https://metpromintex.ru/catalog/plitka-i-keramogranit,категория
https://metpromintex.ru/catalog/keramogranit,категория
https://metpromintex.ru/catalog/plitka-oblicovochnaya,категория
https://metpromintex.ru/catalog/rulonnaya-krovlya,категория
https://metpromintex.ru/catalog/aksessuary-k-mansardnym-oknam,категория
https://metpromintex.ru/catalog/stroitelnye-bloki,категория
https://metpromintex.ru/catalog/sypuchie-stroymaterialy-i-rastvory,категория
https://metpromintex.ru/catalog/beton,категория
https://metpromintex.ru/catalog/suhie-stroitelnye-smesi,категория
https://metpromintex.ru/catalog/gips-stroitelnyy,категория
https://metpromintex.ru/catalog/dobavki-v-beton,категория
https://metpromintex.ru/catalog/zhidkie-stroymaterialy,категория
https://metpromintex.ru/catalog/izvestkovyy-rastvor,категория
https://metpromintex.ru/catalog/inekcionnaya-gidroizolyaciya,категория
https://metpromintex.ru/catalog/keramzit,категория
https://metpromintex.ru/catalog/pesok,категория
https://metpromintex.ru/catalog/pronikayuschaya-gidroizolyatsiya,категория
https://metpromintex.ru/catalog/fibrovolokno,категория
https://metpromintex.ru/catalog/cement-optom,категория
https://metpromintex.ru/catalog/scheben,категория
https://metpromintex.ru/catalog/sendvich-paneli,категория
https://metpromintex.ru/catalog/akusticheskie-paneli,категория
https://metpromintex.ru/catalog/dvuhsloynye-sendvich-paneli,категория
https://metpromintex.ru/catalog/krovelnye-sendvich-paneli,категория
https://metpromintex.ru/catalog/sendvich-paneli-s-minvatoy,категория
https://metpromintex.ru/catalog/nachalnaya-sendvich-panel,категория
https://metpromintex.ru/catalog/panel,категория
https://metpromintex.ru/catalog/sendvich-paneli-stenovye,категория
https://metpromintex.ru/catalog/uglovye-sendvich-paneli,категория
https://metpromintex.ru/catalog/fasadnye-sendvich-paneli,категория
https://metpromintex.ru/catalog/georeshetka,категория
https://metpromintex.ru/catalog/geotekstil,категория
https://metpromintex.ru/catalog/trotuarnaya-plitka,категория
https://metpromintex.ru/catalog/fasadnye-paneli,категория
https://metpromintex.ru/catalog/mramor,категория
https://metpromintex.ru/catalog/takelazh,категория
https://metpromintex.ru/catalog/kanat,категория
https://metpromintex.ru/catalog/trosy-kanaty-stalnye,категория
https://metpromintex.ru/catalog/kanat-dlya-promyshlennosti,категория
https://metpromintex.ru/catalog/kanat-dekorativnyy,категория
https://metpromintex.ru/catalog/aviacionnye-kanaty,категория
https://metpromintex.ru/catalog/kanaty-polimernye-dlya-gruzopodemnyh-mehanizmov,категория
https://metpromintex.ru/catalog/korabelnyy-kanat,категория
https://metpromintex.ru/catalog/kanat-gruzovoy-stalnoy,категория
https://metpromintex.ru/catalog/kanat-dzhutovyy,категория
https://metpromintex.ru/catalog/kanat-poliamidnyy,категория
https://metpromintex.ru/catalog/kanat-polipropilenovyy,категория
https://metpromintex.ru/catalog/penkovaya-verevka,категория
https://metpromintex.ru/catalog/sizalevaya-verevka,категория
https://metpromintex.ru/catalog/tros-nerzhaveyushchiy,категория
https://metpromintex.ru/catalog/tros,категория
https://metpromintex.ru/catalog/tros-poliamidnyy,категория
https://metpromintex.ru/catalog/tros-polipropilenovyy,категория
https://metpromintex.ru/catalog/sizalevyy-tros,категория
https://metpromintex.ru/catalog/penkovyy-tros,категория
https://metpromintex.ru/catalog/tros-dzhutovyy,категория
https://metpromintex.ru/catalog/tros-dlya-lebedki-stalnoy,категория
https://metpromintex.ru/catalog/tros-nerzhaveyushii-dlya-skvazhinnogo-nasosa,категория
https://metpromintex.ru/catalog/tros-dlya-tali,категория
https://metpromintex.ru/catalog/stropy-gruzopodemnye,категория
https://metpromintex.ru/catalog/stropy-kanatnye,категория
https://metpromintex.ru/catalog/stropy-tekstilnye,категория
https://metpromintex.ru/catalog/stropy-tsepnye,категория
https://metpromintex.ru/catalog/styazhnye-remni-dlya-krepleniya-gruza,категория
https://metpromintex.ru/catalog/talrepy,категория
https://metpromintex.ru/catalog/cep-gruzovaya,категория
https://metpromintex.ru/catalog/tsep-transporternaya,категория
https://metpromintex.ru/catalog/tsepi-gruzopodemnye,категория
https://metpromintex.ru/catalog/tsepi-tyagovye,категория
https://metpromintex.ru/catalog/tsep-vitaya,категория
https://metpromintex.ru/catalog/tsep-gruzovaya,категория
https://metpromintex.ru/catalog/tsep-dlinnozvennaya,категория
https://metpromintex.ru/catalog/tsep-korotkozvennaya,категория
https://metpromintex.ru/catalog/tsep-kruglozvennaya,категория
https://metpromintex.ru/catalog/tsep-privodnaya,категория
https://metpromintex.ru/catalog/yakornaya-tsep,категория
https://metpromintex.ru/catalog/truba,категория
https://metpromintex.ru/catalog/truba-alyuminievaya,категория
https://metpromintex.ru/catalog/truba-alyuminievaya-kruglaya,категория
https://metpromintex.ru/catalog/truba-profilnaya-alyuminievaya,категория
https://metpromintex.ru/catalog/truba-bronzovaya,категория
https://metpromintex.ru/catalog/drugaya-truba,категория
https://metpromintex.ru/catalog/bimetallicheskie-truby,категория
https://metpromintex.ru/catalog/truba-volframovaya,категория
https://metpromintex.ru/catalog/kvarcevaya-trubka,категория
https://metpromintex.ru/catalog/steklotekstolitovaya-truba,категория
https://metpromintex.ru/catalog/truba-vodostochnaya-tsink-titan,категория
https://metpromintex.ru/catalog/truba-kotelnaya-plavnikovaya,категория
https://metpromintex.ru/catalog/treugolnaya-truba,категория
https://metpromintex.ru/catalog/truba-latunnaya,категория
https://metpromintex.ru/catalog/truba-kruglaya-latunnaya,категория
https://metpromintex.ru/catalog/latunnaya-profilnaya-truba,категория
https://metpromintex.ru/catalog/truba-mednaya,категория
https://metpromintex.ru/catalog/truba-vodostochnaya-mednaya,категория
https://metpromintex.ru/catalog/truba-kapillyarnaya-mednaya,категория
https://metpromintex.ru/catalog/profilnaya-mednaya-truba,категория
https://metpromintex.ru/catalog/mednye-truby,категория
https://metpromintex.ru/catalog/truba-metallicheskaya,категория
https://metpromintex.ru/catalog/truba-dlya-dymohoda-s-drosselem,категория
https://metpromintex.ru/catalog/truba-kotelnaya,категория
https://metpromintex.ru/catalog/truba-krekingovaya,категория
https://metpromintex.ru/catalog/truba-magistralnaya,категория
https://metpromintex.ru/catalog/truba-ploskoovalnaya,категория
https://metpromintex.ru/catalog/truba-predizolirovannaya,категория
https://metpromintex.ru/catalog/obsadnye-truby-dlya-skvazhin,категория
https://metpromintex.ru/catalog/spiralnovitye-gofrirovannye-truby,категория
https://metpromintex.ru/catalog/stalnaya-vodostochnaya-truba,категория
https://metpromintex.ru/catalog/truba-goryachedeformirovannaya,категория
https://metpromintex.ru/catalog/truba-vgp,категория
https://metpromintex.ru/catalog/truba-nkt,категория
https://metpromintex.ru/catalog/truba-ocinkovannaya,категория
https://metpromintex.ru/catalog/truba-profilnaya,категория
https://metpromintex.ru/catalog/truba-soedinitelnaya,категория
https://metpromintex.ru/catalog/burilnye-truby,категория
https://metpromintex.ru/catalog/truba-holodnodeformirovannaya,категория
https://metpromintex.ru/catalog/truba-elektrosvarnaya,категория
https://metpromintex.ru/catalog/truby-iz-nerzhaveyuschey-stali,категория
https://metpromintex.ru/catalog/gofrirovannaya-nerzhaveyushchaya-truba,категория
https://metpromintex.ru/catalog/trubka-kapillyarnaya-nerzhaveyushchaya,категория
https://metpromintex.ru/catalog/truba-nerzhaveyushchaya,категория
https://metpromintex.ru/catalog/truba-profilnaya-nerzhaveyushchaya,категория
https://metpromintex.ru/catalog/truba-dlya-dachnogo-uchastka,категория
https://metpromintex.ru/catalog/metallicheskie-truby-dlya-teplicy,категория
https://metpromintex.ru/catalog/plastikovye-truby-dlya-teplicy,категория
https://metpromintex.ru/catalog/profilnaya-truba-dlya-besedki,категория
https://metpromintex.ru/catalog/truba-iz-nerzhaveyushchey-stali-dlya-peril,категория
https://metpromintex.ru/catalog/truby-dlya-kachelei-gorok-i-turnikov,категория
https://metpromintex.ru/catalog/truba-mebelnaya,категория
https://metpromintex.ru/catalog/truba-profilnaya-dlya-navesa,категория
https://metpromintex.ru/catalog/truba-dlya-dymokhoda,категория
https://metpromintex.ru/catalog/ocinkovannaya-truba-dlya-dymohoda,категория
https://metpromintex.ru/catalog/truba-dlya-bani,категория
https://metpromintex.ru/catalog/truba-dlya-dymohoda-gazovogo-kotla,категория
https://metpromintex.ru/catalog/truba-dlya-gazosnabzheniya,категория
https://metpromintex.ru/catalog/stalnoy-futlyar-dlya-trub,категория
https://metpromintex.ru/catalog/truba-dlya-kabelya,категория
https://metpromintex.ru/catalog/truba-dlya-kanalizacii,категория
https://metpromintex.ru/catalog/asbestocementnye-truby-dlya-kanalizacii,категория
https://metpromintex.ru/catalog/ventilyacionnyy-vyhod-na-kryshu,категория
https://metpromintex.ru/catalog/kanalizacionnye-truby-pvh-dlya-naruzhnoy-kanalizacii,категория
https://metpromintex.ru/catalog/truby-kanalizacionnye-dlya-vnutrenney-kanalizacii,категория
https://metpromintex.ru/catalog/neftyanye-truby,категория
https://metpromintex.ru/catalog/truby-dlya-otopleniya,категория
https://metpromintex.ru/catalog/mednye-truby-dlya-otopleniya,категория
https://metpromintex.ru/catalog/plastikovye-truby-dlya-otopleniya,категория
https://metpromintex.ru/catalog/stalnye-truby-dlya-otopleniya,категория
https://metpromintex.ru/catalog/truba-dlya-sistemy-poliva,категория
https://metpromintex.ru/catalog/truba-dlya-skvazhiny,категория
https://metpromintex.ru/catalog/plastikovye-obsadnye-truby-pvh,категория
https://metpromintex.ru/catalog/truby-stalnye-obsadnye,категория
https://metpromintex.ru/catalog/truba-dlya-teplogo-pola,категория
https://metpromintex.ru/catalog/gofrirovannye-nerzhaveyushie-truby-dlya-tyoplogo-pola,категория
https://metpromintex.ru/catalog/mednye-truby-dlya-teplogo-pola,категория
https://metpromintex.ru/catalog/plastikovye-truby-dlya-teplogo-pola,категория
https://metpromintex.ru/catalog/truby-dlya-teplogo-plintusa,категория
https://metpromintex.ru/catalog/truba-dlya-vodoprovoda,категория
https://metpromintex.ru/catalog/plastikovye-truby-dlya-vodoprovoda,категория
https://metpromintex.ru/catalog/truby-dlya-vnutrennego-vodoprovoda,категория
https://metpromintex.ru/catalog/truba-pvh-npvh,категория
https://metpromintex.ru/catalog/vodostochnaya-truba-plastikovaya,категория
https://metpromintex.ru/catalog/obsadnye-truby-pvh,категория
https://metpromintex.ru/catalog/truba-pvh,категория
https://metpromintex.ru/catalog/truba-pp-polipropilenovaya,категория
https://metpromintex.ru/catalog/polipropilenovye-truby,категория
https://metpromintex.ru/catalog/drenazhnaya-truba-dlya-otvoda-gruntovyh-vod,категория
https://metpromintex.ru/catalog/truby-pnd,категория
https://metpromintex.ru/catalog/obsadnaya-truba-pnd,категория
https://metpromintex.ru/catalog/pnd-truba,категория
https://metpromintex.ru/catalog/drenazhnye-truby,категория
https://metpromintex.ru/catalog/stekloplastikovye-truby,категория
https://metpromintex.ru/catalog/stekloplastikovaya-profilnaya-truba,категория
https://metpromintex.ru/catalog/truba-stekloplastikovaya-kruglaya,категория
https://metpromintex.ru/catalog/truba-bu,категория
https://metpromintex.ru/catalog/truba-kruglaya-bu,категория
https://metpromintex.ru/catalog/profilnaya-truba-bu,категория
https://metpromintex.ru/catalog/truba-dlya-zabora,категория
https://metpromintex.ru/catalog/metalloplastikovaya-truba,категория
https://metpromintex.ru/catalog/metallorukav,категория
https://metpromintex.ru/catalog/nozhevaya-sektsiya-obsadnoy-truby,категория
https://metpromintex.ru/catalog/opory-truboprovodov,категория
https://metpromintex.ru/catalog/polibutenovaya-truba,категория
https://metpromintex.ru/catalog/titanovaya-truba,категория
https://metpromintex.ru/catalog/truba-iz-orgstekla,категория
https://metpromintex.ru/catalog/truba-polikarbonatnaya,категория
https://metpromintex.ru/catalog/medno-nikelevye-truby,категория
https://metpromintex.ru/catalog/truba-molibdenovaya,категория
https://metpromintex.ru/catalog/truboshpunt,категория
https://metpromintex.ru/catalog/chugunnye-truby,категория
https://metpromintex.ru/catalog/truboprovodnaya-armatura,категория
https://metpromintex.ru/catalog/nippel-santehnicheskiy,категория
https://metpromintex.ru/catalog/mufta-amerikanka,категория
https://metpromintex.ru/catalog/ugolnik-dlya-trub,категория
https://metpromintex.ru/catalog/zaglushka-dlya-truby,категория
https://metpromintex.ru/catalog/zatvor-diskovyy-povorotnyy,категория
https://metpromintex.ru/catalog/soedinitel-trubnyy,категория
https://metpromintex.ru/catalog/sedelka-na-trubu,категория
https://metpromintex.ru/catalog/trap-kanalizacionnyy,категория
https://metpromintex.ru/catalog/trapy-iz-nerzhaveyushchey-stali,категория
https://metpromintex.ru/catalog/trap-plastikovyy,категория
https://metpromintex.ru/catalog/trap-chugunnyy,категория
https://metpromintex.ru/catalog/troynik,категория
https://metpromintex.ru/catalog/troynik-kanalizacionnyy,категория
https://metpromintex.ru/catalog/troynik-bronzovyy,категория
https://metpromintex.ru/catalog/troynik-latunnyy,категория
https://metpromintex.ru/catalog/troynik-mednyy,категория
https://metpromintex.ru/catalog/troynik-nerzhaveyushchiy,категория
https://metpromintex.ru/catalog/troynik-plastikovyy,категория
https://metpromintex.ru/catalog/troynik-polipropilenovyy,категория
https://metpromintex.ru/catalog/troynik-polietilenovyy,категория
https://metpromintex.ru/catalog/troynik-stalnoy,категория
https://metpromintex.ru/catalog/titanovyy-troynik,категория
https://metpromintex.ru/catalog/troynik-chugunnyy,категория
https://metpromintex.ru/catalog/flanec-dlya-truby,категория
https://metpromintex.ru/catalog/flanec-latunnyy,категория
https://metpromintex.ru/catalog/prokladka-pod-flanets,категория
https://metpromintex.ru/catalog/flancy-titanovye,категория
https://metpromintex.ru/catalog/alyuminievye-flancy,категория
https://metpromintex.ru/catalog/flanec-nerzhaveyushchiy,категория
https://metpromintex.ru/catalog/flanec-plastikovyy,категория
https://metpromintex.ru/catalog/flanec-stalnoy,категория
https://metpromintex.ru/catalog/flanec-chugunnyy,категория
https://metpromintex.ru/catalog/bobyshka,категория
https://metpromintex.ru/catalog/bochonok-santehnicheskiy,категория
https://metpromintex.ru/catalog/ventil-zapornyy-klapan,категория
https://metpromintex.ru/catalog/ventil-bronzovyy,категория
https://metpromintex.ru/catalog/ventil-latunnyy,категория
https://metpromintex.ru/catalog/ventil-nerzhaveyushchiy,категория
https://metpromintex.ru/catalog/ventil-plastikovyy,категория
https://metpromintex.ru/catalog/ventil-polipropilenovyy,категория
https://metpromintex.ru/catalog/ventil-stalnoy,категория
https://metpromintex.ru/catalog/ventil-titanovyy,категория
https://metpromintex.ru/catalog/ventil-chugunnyy,категория
https://metpromintex.ru/catalog/vtulka-metallicheskaya,категория
https://metpromintex.ru/catalog/vtulka-bronzovaya,категория
https://metpromintex.ru/catalog/vtulka-latunnaya,категория
https://metpromintex.ru/catalog/vtulka-mednaya,категория
https://metpromintex.ru/catalog/vtulka-pod-flanec,категория
https://metpromintex.ru/catalog/vtulka-plastikovaya,категория
https://metpromintex.ru/catalog/vtulka-polipropilenovaya,категория
https://metpromintex.ru/catalog/vtulka-pe,категория
https://metpromintex.ru/catalog/vtulka-chugunnaya,категория
https://metpromintex.ru/catalog/gryazevik-dlya-sistemy-otopleniya,категория
https://metpromintex.ru/catalog/dvoynoy-rastrub,категория
https://metpromintex.ru/catalog/dnishche-ellipticheskoe,категория
https://metpromintex.ru/catalog/zaglushka,категория
https://metpromintex.ru/catalog/zaglushka-alyuminievaya-dlya-trub,категория
https://metpromintex.ru/catalog/zaglushka-latunnaya,категория
https://metpromintex.ru/catalog/zaglushka-mednaya-pod-payku,категория
https://metpromintex.ru/catalog/zaglushka-iz-nerzhaveyushchey-stali,категория
https://metpromintex.ru/catalog/zaglushka-plastikovaya,категория
https://metpromintex.ru/catalog/zaglushki-dlya-polipropilenovyh-trub,категория
https://metpromintex.ru/catalog/zaglushka-polietilenovaya,категория
https://metpromintex.ru/catalog/zaglushka-stalnaya,категория
https://metpromintex.ru/catalog/zaglushka-chugunnaya,категория
https://metpromintex.ru/catalog/zaglushki-dlya-trub-plastikovye,категория
https://metpromintex.ru/catalog/titanovaya-zaglushka,категория
https://metpromintex.ru/catalog/zadvizhka,категория
https://metpromintex.ru/catalog/zadvizhki,категория
https://metpromintex.ru/catalog/zadvizhki-chugunnye,категория
https://metpromintex.ru/catalog/zadvizhki-latunnye,категория
https://metpromintex.ru/catalog/zadvizhka-nerzhaveyushchaya,категория
https://metpromintex.ru/catalog/zadvizhki-stalnye,категория
https://metpromintex.ru/catalog/zatvor,категория
https://metpromintex.ru/catalog/izoliruyushchee-flancevoe-soedinenie,категория
https://metpromintex.ru/catalog/kesson-dlya-skvazhiny,категория
https://metpromintex.ru/catalog/klapan-dlya-trub,категория
https://metpromintex.ru/catalog/klapan-bronzovyy,категория
https://metpromintex.ru/catalog/klapan-nerzhaveyushchiy,категория
https://metpromintex.ru/catalog/klapan-plastikovyy,категория
https://metpromintex.ru/catalog/klapany-stalnye,категория
https://metpromintex.ru/catalog/klapan-chugunnyy,категория
https://metpromintex.ru/catalog/klapan-latunnyy,категория
https://metpromintex.ru/catalog/obratnyy-klapan-dlya-kanalizacii,категория
https://metpromintex.ru/catalog/kover-gazovyy,категория
https://metpromintex.ru/catalog/kover-gazovyy-polimerno-peschanyy,категория
https://metpromintex.ru/catalog/kover-gazovyy-chugunnyy,категория
https://metpromintex.ru/catalog/koleno-santehnicheskoe,категория
https://metpromintex.ru/catalog/koleno-chugunnoe-dlya-kanalizacii,категория
https://metpromintex.ru/catalog/koleno-pvh,категория
https://metpromintex.ru/catalog/plastikovye-koltsa,категория
https://metpromintex.ru/catalog/kolco-flanca-uplotnitelnoe,категория
https://metpromintex.ru/catalog/kompensator,категория
https://metpromintex.ru/catalog/kondensatootvodchik,категория
https://metpromintex.ru/catalog/kran-dlya-trub,категория
https://metpromintex.ru/catalog/kran-metallicheskiy,категория
https://metpromintex.ru/catalog/plastikovyy-kran,категория
https://metpromintex.ru/catalog/krestovina-kanalizacionnaya,категория
https://metpromintex.ru/catalog/krestovina-nerzhaveyushchaya,категория
https://metpromintex.ru/catalog/krestoviny-plastikovye-dlya-trub,категория
https://metpromintex.ru/catalog/krestovina-polipropilenovaya,категория
https://metpromintex.ru/catalog/krestovina-pnd,категория
https://metpromintex.ru/catalog/krestovina-stalnaya-dlya-trub,категория
https://metpromintex.ru/catalog/krestovina-chugunnaya-kanalizacionnaya,категория
https://metpromintex.ru/catalog/krestovina-latunnaya,категория
https://metpromintex.ru/catalog/mufta-dlya-trub,категория
https://metpromintex.ru/catalog/mufta-soedinitelnaya-dlya-trub,категория
https://metpromintex.ru/catalog/mufta-soedinitelnaya,категория
https://metpromintex.ru/catalog/mufta-nkt,категория
https://metpromintex.ru/catalog/mufta-dlya-obsadnoj-truby,категория
https://metpromintex.ru/catalog/soedinenie-amerikanka,категория
https://metpromintex.ru/catalog/mufty-dlya-polipropilenovyh-trub,категория
https://metpromintex.ru/catalog/mufta-soedinitelnaya-dlya-trub-metallicheskih,категория
https://metpromintex.ru/catalog/oporno-napravlyayuschie-koltsa,категория
https://metpromintex.ru/catalog/otvod-dlya-trub,категория
https://metpromintex.ru/catalog/otvod-kanalizacionnyy,категория
https://metpromintex.ru/catalog/otvod-pvh,категория
https://metpromintex.ru/catalog/otvod-plastikovyy,категория
https://metpromintex.ru/catalog/otvod-polipropilenovyy,категория
https://metpromintex.ru/catalog/otvod-polietilenovyy,категория
https://metpromintex.ru/catalog/otvod-stalnoy,категория
https://metpromintex.ru/catalog/otvod-bu,категория
https://metpromintex.ru/catalog/otvody-alyuminievye,категория
https://metpromintex.ru/catalog/otvod-bronzovyy,категория
https://metpromintex.ru/catalog/otvod-latunnyy,категория
https://metpromintex.ru/catalog/otvod-mednyy,категория
https://metpromintex.ru/catalog/otvod-nerzhaveyushchiy,категория
https://metpromintex.ru/catalog/otvod-ocinkovannyy,категория
https://metpromintex.ru/catalog/otvody-stalnye,категория
https://metpromintex.ru/catalog/otvody-titanovye,категория
https://metpromintex.ru/catalog/otvod-chugunnyy,категория
https://metpromintex.ru/catalog/perekhodnik-dlya-trub,категория
https://metpromintex.ru/catalog/perekhod-dlya-plastikovykh-trub,категория
https://metpromintex.ru/catalog/perehod-dlya-stalnyh-trub,категория
https://metpromintex.ru/catalog/perehodnik-latunnyy,категория
https://metpromintex.ru/catalog/mednyy-perehod,категория
https://metpromintex.ru/catalog/perehod-nerzhaveyushchiy,категория
https://metpromintex.ru/catalog/perehod-pvh,категория
https://metpromintex.ru/catalog/perehodnik-polipropilenovyy-dlya-trub,категория
https://metpromintex.ru/catalog/perehod-pe,категория
https://metpromintex.ru/catalog/perehod-stalnoy,категория
https://metpromintex.ru/catalog/perehod-iz-titana,категория
https://metpromintex.ru/catalog/perehod-chugunnyy,категория
https://metpromintex.ru/catalog/reviziya-kanalizacionnaya,категория
https://metpromintex.ru/catalog/rezba-stalnaya,категория
https://metpromintex.ru/catalog/rezba-gost-6357-81,категория
https://metpromintex.ru/catalog/rezbovye-fitingi-gost-8965-75,категория
https://metpromintex.ru/catalog/rezba-stalnaya-gost-8967-75,категория
https://metpromintex.ru/catalog/rezba-stalnaya-gost-8969-75,категория
https://metpromintex.ru/catalog/santehnicheskiy-patrubok,категория
https://metpromintex.ru/catalog/filtr-gruboy-ochistki-dlya-vody,категория
https://metpromintex.ru/catalog/futorka,категория
https://metpromintex.ru/catalog/shtucer-stalnoy,категория
https://metpromintex.ru/catalog/sgony-dlya-trub,категория
https://metpromintex.ru/catalog/fasonnyy-prokat,категория
https://metpromintex.ru/catalog/profil-mayachkovyy,категория
https://metpromintex.ru/catalog/mayachkovyi-profil-dlya-styazhki-pola,категория
https://metpromintex.ru/catalog/profil-dlya-zabora,категория
https://metpromintex.ru/catalog/profil-dlya-gipsokartona,категория
https://metpromintex.ru/catalog/profil-dlya-plitki,категория
https://metpromintex.ru/catalog/metallicheskiy-profil-dlya-obreshetki,категория
https://metpromintex.ru/catalog/profil-dlya-obvyazki-fundamenta,категория
https://metpromintex.ru/catalog/profil-dlya-shtukaturki,категория
https://metpromintex.ru/catalog/fasadnyy-profil,категория
https://metpromintex.ru/catalog/sh-obraznyi-profil,категория
https://metpromintex.ru/catalog/profil-sh-obraznyy-dlya-razdvizhnyh-stekol,категория
https://metpromintex.ru/catalog/alyuminievyy-profil-dlya-reklamnyh-konstrukciy,категория
https://metpromintex.ru/catalog/balka-tavr,категория
https://metpromintex.ru/catalog/balki-bu,категория
https://metpromintex.ru/catalog/monorelsovye-balki,категория
https://metpromintex.ru/catalog/tavrovaya-balka,категория
https://metpromintex.ru/catalog/tavr-alyuminievyy,категория
https://metpromintex.ru/catalog/tavr-nerzhaveyuschiy,категория
https://metpromintex.ru/catalog/dvutavrovaya-balka,категория
https://metpromintex.ru/catalog/dvutavr,категория
https://metpromintex.ru/catalog/dvutavr-nerzhaveyushchiy,категория
https://metpromintex.ru/catalog/dvutavr-dlya-telfera,категория
https://metpromintex.ru/catalog/metallicheskaya-balka-dlya-perekrytiya,категория
https://metpromintex.ru/catalog/profil,категория
https://metpromintex.ru/catalog/sigma-profil,категория
https://metpromintex.ru/catalog/alyuminievyy-profil,категория
https://metpromintex.ru/catalog/gnutyy-profil-metallicheskiy,категория
https://metpromintex.ru/catalog/montazhnyy-profil,категория
https://metpromintex.ru/catalog/latunnyy-profil,категория
https://metpromintex.ru/catalog/mednyy-profil,категория
https://metpromintex.ru/catalog/shpunt-larsena,категория
https://metpromintex.ru/catalog/ugolok,категория
https://metpromintex.ru/catalog/stalnoi-ugolok-dlya-peremychek,категория
https://metpromintex.ru/catalog/vertikalnyy-zazemlitel,категория
https://metpromintex.ru/catalog/metallicheskiy-ugolok-dlya-kosourov,категория
https://metpromintex.ru/catalog/ugolok-stekloplastikovyy,категория
https://metpromintex.ru/catalog/ugolok-alyuminievyy,категория
https://metpromintex.ru/catalog/ugolok-goryachekatanyy-stalnoy,категория
https://metpromintex.ru/catalog/ugolok-nerzhaveyushchiy,категория
https://metpromintex.ru/catalog/latunnyy-ugolok,категория
https://metpromintex.ru/catalog/metallicheskiy-ugolok-bu,категория
https://metpromintex.ru/catalog/ugolok-titanovyi,категория
https://metpromintex.ru/catalog/ugolok-holodnokatanyy,категория
https://metpromintex.ru/catalog/shveller,категория
https://metpromintex.ru/catalog/shveller-dlya-pandusa,категория
https://metpromintex.ru/catalog/shveller-dlya-dvernogo-proema,категория
https://metpromintex.ru/catalog/shveller-dlya-kolonn,категория
https://metpromintex.ru/catalog/shveller-dlya-otkatnykh-vorot,категория
https://metpromintex.ru/catalog/shveller-dlya-vintovyh-svay,категория
https://metpromintex.ru/catalog/profil-dlya-svetodiodnoy-lenty,категория
https://metpromintex.ru/catalog/shveller-dlya-perekrytii,категория
https://metpromintex.ru/catalog/shveller-dlya-zabora,категория
https://metpromintex.ru/catalog/kosoury-dlya-lestnic-iz-metalla,категория
https://metpromintex.ru/catalog/shveller-alyuminievyy,категория
https://metpromintex.ru/catalog/shveller-bu,категория
https://metpromintex.ru/catalog/shveller-gnutyy-holodnokatanyy,категория
https://metpromintex.ru/catalog/shveller-goryachekatanyy,категория
https://metpromintex.ru/catalog/shveller-nerzhaveyushchiy,категория
https://metpromintex.ru/catalog/folga,категория
https://metpromintex.ru/catalog/svincovaya-folga,категория
https://metpromintex.ru/catalog/volframovaya-folga,категория
https://metpromintex.ru/catalog/latunnaya-folga,категория
https://metpromintex.ru/catalog/monelevaya-folga,категория
https://metpromintex.ru/catalog/niobievaya-folga,категория
https://metpromintex.ru/catalog/nihromovaya-folga,категория
https://metpromintex.ru/catalog/folga-tantalovaya,категория
https://metpromintex.ru/catalog/titanovaya-folga,категория
https://metpromintex.ru/catalog/folga-bronzovaya,категория
https://metpromintex.ru/catalog/folga-molibdenovaya,категория
https://metpromintex.ru/catalog/folga-nerzhaveyushchaya,категория
https://metpromintex.ru/catalog/nikelevaya-folga,категория
https://metpromintex.ru/catalog/folga-fehralevaya,категория
https://metpromintex.ru/catalog/cirkonievaya-folga,категория
https://metpromintex.ru/catalog/folga-vanadievaya,категория
https://metpromintex.ru/catalog/folga-mednaya,категория
https://metpromintex.ru/catalog/mednaya-folga-dlya-pechatnyh-plat,категория
https://metpromintex.ru/catalog/folgoizol,категория
https://metpromintex.ru/catalog/folga-alyuminievaya,категория
https://metpromintex.ru/catalog/folgirovannyy-uteplitel,категория
https://metpromintex.ru/catalog/folga-alyuminievaya-pischevaya,категория
https://metpromintex.ru/catalog/upakovochnaya-folga,категория
https://metpromintex.ru/catalog/metally-i-splavy,категория
https://metpromintex.ru/catalog/affinirovannye-metally,категория
https://metpromintex.ru/catalog/tehnicheskoe-zoloto,категория
https://metpromintex.ru/catalog/platina,категория
https://metpromintex.ru/catalog/serebro,категория
https://metpromintex.ru/catalog/drugie-splavy,категория
https://metpromintex.ru/catalog/ligatura,категория
https://metpromintex.ru/catalog/nitinol,категория
https://metpromintex.ru/catalog/permalloy,категория
https://metpromintex.ru/catalog/renievye-splavy,категория
https://metpromintex.ru/catalog/splav-volfram-nikel-zhelezo,категория
https://metpromintex.ru/catalog/splav-volfram-nikel-med,категория
https://metpromintex.ru/catalog/ferrosplavy,категория
https://metpromintex.ru/catalog/medno-nikelevyy-splav,категория
https://metpromintex.ru/catalog/alyumel,категория
https://metpromintex.ru/catalog/konstantan,категория
https://metpromintex.ru/catalog/kopel,категория
https://metpromintex.ru/catalog/kunial,категория
https://metpromintex.ru/catalog/manganin,категория
https://metpromintex.ru/catalog/melhior,категория
https://metpromintex.ru/catalog/monel,категория
https://metpromintex.ru/catalog/neyzilber,категория
https://metpromintex.ru/catalog/hromel,категория
https://metpromintex.ru/catalog/metallurgicheskoe-syre,категория
https://metpromintex.ru/catalog/berilliy,категория
https://metpromintex.ru/catalog/vanadiy,категория
https://metpromintex.ru/catalog/vismut,категория
https://metpromintex.ru/catalog/gafniy,категория
https://metpromintex.ru/catalog/germaniy,категория
https://metpromintex.ru/catalog/stalnaya-drob,категория
https://metpromintex.ru/catalog/evropiy,категория
https://metpromintex.ru/catalog/indiy,категория
https://metpromintex.ru/catalog/inkonel,категория
https://metpromintex.ru/catalog/ittriy-metallicheskiy,категория
https://metpromintex.ru/catalog/kadmiy,категория
https://metpromintex.ru/catalog/kobalt,категория
https://metpromintex.ru/catalog/kremniy,категория
https://metpromintex.ru/catalog/lantan,категория
https://metpromintex.ru/catalog/magniy,категория
https://metpromintex.ru/catalog/marganec-metallicheskiy,категория
https://metpromintex.ru/catalog/metallicheskiy-hrom,категория
https://metpromintex.ru/catalog/molibden,категория
https://metpromintex.ru/catalog/nikel,категория
https://metpromintex.ru/catalog/niobiy,категория
https://metpromintex.ru/catalog/rafinirovannyi-svinetc,категория
https://metpromintex.ru/catalog/reniy,категория
https://metpromintex.ru/catalog/selen,категория
https://metpromintex.ru/catalog/surma,категория
https://metpromintex.ru/catalog/metall-tantal,категория
https://metpromintex.ru/catalog/cink,категория
https://metpromintex.ru/catalog/metallicheskiy-cirkoniy,категория
https://metpromintex.ru/catalog/otlivka,категория
https://metpromintex.ru/catalog/mednye-otlivki,категория
https://metpromintex.ru/catalog/otlivka-iz-bronzy,категория
https://metpromintex.ru/catalog/otlivka-chugunnaya,категория
https://metpromintex.ru/catalog/pripoy,категория
https://metpromintex.ru/catalog/gutri,категория
https://metpromintex.ru/catalog/pripoy-dlya-payki,категория
https://metpromintex.ru/catalog/splav-nyutona,категория
https://metpromintex.ru/catalog/flyus-dlya-payki,категория
https://metpromintex.ru/catalog/splav-cam,категория
https://metpromintex.ru/catalog/splav-devarda,категория
https://metpromintex.ru/catalog/silumin,категория
https://metpromintex.ru/catalog/splav-vuda,категория
https://metpromintex.ru/catalog/splav-roze,категория
https://metpromintex.ru/catalog/fehral,категория
https://metpromintex.ru/catalog/chushka-metallicheskaya,категория
https://metpromintex.ru/catalog/babbit-v-chushkah,категория
https://metpromintex.ru/catalog/zagotovka-nerzhaveyushchaya,категория
https://metpromintex.ru/catalog/chushka-latunnaya,категория
https://metpromintex.ru/catalog/mednaya-chushka,категория
https://metpromintex.ru/catalog/olovo-v-chushkah,категория
https://metpromintex.ru/catalog/chushka-svincovaya,категория
https://metpromintex.ru/catalog/titan-v-chushkah,категория
https://metpromintex.ru/catalog/cinkovaya-chushka,категория
https://metpromintex.ru/catalog/chushka-alyuminievaya,категория
https://metpromintex.ru/catalog/bronzovaya-chushka,категория
https://metpromintex.ru/catalog/chushka-vismut,категория
https://metpromintex.ru/catalog/chushka-chugunnaya,категория
https://metpromintex.ru/catalog/chushka-surma,категория
https://metpromintex.ru/catalog/polimernye-sterzhni,категория
https://metpromintex.ru/catalog/ebonitovyy-sterzhen,категория
https://metpromintex.ru/catalog/abs-plastik,категория
https://metpromintex.ru/catalog/kaprolon-sterzhnevoy,категория
https://metpromintex.ru/catalog/poliacetal-sterzhen,категория
https://metpromintex.ru/catalog/polikarbonat-sterzhen,категория
https://metpromintex.ru/catalog/poliuretanovyy-sterzhen,категория
https://metpromintex.ru/catalog/plastikovyy-sterzhen,категория
https://metpromintex.ru/catalog/ftoroplast-sterzhen,категория
https://metpromintex.ru/catalog/elektrody,категория
https://metpromintex.ru/catalog/elektrody-dlya-svarki-uglerodistyh-i-nizkolegirovannyh-staley,категория
https://metpromintex.ru/catalog/elektrody-dlya-podvodnoi-svarki,категория
https://metpromintex.ru/catalog/elektrody-dlya-svarki-armatury,категория
https://metpromintex.ru/catalog/elektrody-po-chugunu,категория
https://metpromintex.ru/catalog/elektrody-dlya-naplavki,категория
https://metpromintex.ru/catalog/elektrody-po-alyuminiyu,категория
https://metpromintex.ru/catalog/elektrody-po-nerzhaveyke,категория
https://metpromintex.ru/catalog/elektrody-uoni,категория
https://metpromintex.ru/catalog/elektroizolyatsionnye-materialy,категория
https://metpromintex.ru/catalog/getinaks-listovoy,категория
https://metpromintex.ru/catalog/lakotkan-elektroizolyacionnaya,категория
https://metpromintex.ru/catalog/mikanit-listovoy,категория
https://metpromintex.ru/catalog/steklovolokno,категория
https://metpromintex.ru/catalog/steklotekstolit-listovoy,категория
https://metpromintex.ru/catalog/steklotekstolit-sterzhen,категория
https://metpromintex.ru/catalog/steklotkan,категория
https://metpromintex.ru/catalog/sterzhen-tekstolitovyy,категория
https://metpromintex.ru/catalog/tekstolit-listovoy,категория
https://metpromintex.ru/catalog/truba-getinaks,категория
https://metpromintex.ru/catalog/izolenta,категория
https://metpromintex.ru/catalog/trubka-elektroizolyatsionnaya,категория
https://metpromintex.ru/catalog/elektrokarton,категория
https://metpromintex.ru/catalog/armatura-dlya-vyazki-fundamenta,тег
https://metpromintex.ru/catalog/bronzovaya-lenta-brb2,тег
https://metpromintex.ru/catalog/tugie-bronzovye-lenty,тег
https://metpromintex.ru/catalog/brb2-gost-1789-70,тег
https://metpromintex.ru/catalog/pudra-bronzovaya-dlya-kraski,тег
https://metpromintex.ru/catalog/brus-100h100,тег
https://metpromintex.ru/catalog/brus-150h150-mm,тег
https://metpromintex.ru/catalog/brus-150h150h6000,тег
https://metpromintex.ru/catalog/brus-6-metrov,тег
https://metpromintex.ru/catalog/brus-strogannyy,тег
https://metpromintex.ru/catalog/sayding-dlya-otdelki-metallprofil,тег
https://metpromintex.ru/catalog/sayding-dlya-otdelki-0-d-5-mm,тег
https://metpromintex.ru/catalog/sayding-dlya-otdelki-poliester,тег
https://metpromintex.ru/catalog/sayding-dlya-otdelki-0-d-45-mm,тег
https://metpromintex.ru/catalog/sayding-dlya-otdelki-tehnonikol,тег
https://metpromintex.ru/catalog/sayding-dlya-otdelki-3-d-05-mm,тег
https://metpromintex.ru/catalog/sayding-dlya-otdelki-vox,тег
https://metpromintex.ru/catalog/sayding-dlya-otdelki-woodstock,тег
https://metpromintex.ru/catalog/sayding-dlya-otdelki-3-mm,тег
https://metpromintex.ru/catalog/sayding-dlya-otdelki-0-d-4-mm,тег
https://metpromintex.ru/catalog/sayding-dlya-otdelki-korichnevyy,тег
https://metpromintex.ru/catalog/sayding-dlya-otdelki-seryy,тег
https://metpromintex.ru/catalog/sayding-dlya-otdelki-purman,тег
https://metpromintex.ru/catalog/sayding-dlya-otdelki-ecosteel,тег
https://metpromintex.ru/catalog/sayding-dlya-otdelki-belyy,тег
https://metpromintex.ru/catalog/sayding-dlya-otdelki-6-mm,тег
https://metpromintex.ru/catalog/sayding-dlya-otdelki-zelenyy,тег
https://metpromintex.ru/catalog/sayding-dlya-otdelki-krasnyy,тег
https://metpromintex.ru/catalog/medno-nikelevyy-splav-prutok,тег
https://metpromintex.ru/catalog/medno-nikelevyy-splav-lenta,тег
https://metpromintex.ru/catalog/medno-nikelevyy-splav-mn19,тег
https://metpromintex.ru/catalog/medno-nikelevyy-splav-mnts15-20,тег
https://metpromintex.ru/catalog/medno-nikelevyy-splav-polosa,тег
https://metpromintex.ru/catalog/truba-dlya-futlyara-10704-91,тег
https://metpromintex.ru/catalog/truba-dlya-futlyara-325-mm,тег
https://metpromintex.ru/catalog/provoloka-dlya-svarki-1-d-6-mm,тег
https://metpromintex.ru/catalog/provoloka-dlya-svarki-katushka,тег
https://metpromintex.ru/catalog/provoloka-dlya-svarki-5-kg,тег
https://metpromintex.ru/catalog/provoloka-dlya-svarki-2-mm,тег
https://metpromintex.ru/catalog/provoloka-dlya-svarki-1-kg,тег
https://metpromintex.ru/catalog/provoloka-dlya-svarki-0-d-3-mm,тег
https://metpromintex.ru/catalog/provoloka-dlya-svarki-0-d-5-mm,тег
https://metpromintex.ru/catalog/provoloka-dlya-svarki-0-d-6-mm,тег
https://metpromintex.ru/catalog/provoloka-dlya-svarki-0-d-8-5kg,тег
https://metpromintex.ru/catalog/deflektor-na-dymohod-200-mm,тег
https://metpromintex.ru/catalog/deflektor-na-dymohod-800-mm,тег
https://metpromintex.ru/catalog/deflektor-na-dymohod-100-mm,тег
https://metpromintex.ru/catalog/deflektor-na-dymohod-150-mm,тег
https://metpromintex.ru/catalog/deflektor-na-dymohod-400-mm,тег
https://metpromintex.ru/catalog/profilnaya-truba-20h20,тег
https://metpromintex.ru/catalog/truba-profilnaya-40-40,тег
https://metpromintex.ru/catalog/profilnaya-truba-60h60,тег
https://metpromintex.ru/catalog/truba-profilnaya-kvadratnaya,тег
https://metpromintex.ru/catalog/truba-profilnaya-pryamougolnaya,тег
https://metpromintex.ru/catalog/truba-profilnaya-gnutaya,тег
https://metpromintex.ru/catalog/truba-profilnaya-tolstostennaya,тег
https://metpromintex.ru/catalog/truba-profilnaya-tonkostennaya,тег
https://metpromintex.ru/catalog/truba-profilnaya-elektrosvarnaya,тег
https://metpromintex.ru/catalog/truba-profilnaya-holodnokatanaya,тег
https://metpromintex.ru/catalog/truba-profilnaya-goryachekatanaya,тег
https://metpromintex.ru/catalog/profilnaya-truba-20h40,тег
https://metpromintex.ru/catalog/truba-profilnaya-40h20h2,тег
https://metpromintex.ru/catalog/truba-profilnaya-1,тег
https://metpromintex.ru/catalog/truba-profilnaya-3,тег
https://metpromintex.ru/catalog/truba-profilnaya-usilennaya,тег
https://metpromintex.ru/catalog/truba-profilnaya-zabornaya,тег
https://metpromintex.ru/catalog/truba-profilnaya-bolshaya,тег
https://metpromintex.ru/catalog/truba-profilnaya-pryamaya,тег
https://metpromintex.ru/catalog/konek-metallicheskiy-krovelnyy,тег
https://metpromintex.ru/catalog/metallocherepitsa-monterrey,тег
https://metpromintex.ru/catalog/metallocherepitsa-korichnevaya,тег
https://metpromintex.ru/catalog/metallocherepitsa-grafit,тег
https://metpromintex.ru/catalog/list-metallocherepitsy,тег
https://metpromintex.ru/catalog/metallocherepitsa-supermonterrey,тег
https://metpromintex.ru/catalog/metallocherepitsa-shokolad,тег
https://metpromintex.ru/catalog/metallocherepitsa-zelenaya,тег
https://metpromintex.ru/catalog/metallocherepitsa-modulnaya,тег
https://metpromintex.ru/catalog/metallocherepitsa-krasnaya,тег
https://metpromintex.ru/catalog/metallocherepitsa-chernaya,тег
https://metpromintex.ru/catalog/metallocherepitsa-8017,тег
https://metpromintex.ru/catalog/metallocherepitsa-zelenyy-moh,тег
https://metpromintex.ru/catalog/metallocherepitsa-krasnoe-vino,тег
https://metpromintex.ru/catalog/metallocherepitsa-otsinkovannaya,тег
https://metpromintex.ru/catalog/metallocherepitsa-7024,тег
https://metpromintex.ru/catalog/metallocherepitsa-klassik,тег
https://metpromintex.ru/catalog/setka-rabitsa-otsinkovannaya,тег
https://metpromintex.ru/catalog/setka-rabitsa-rulon,тег
https://metpromintex.ru/catalog/setka-rabitsa-zelenaya,тег
https://metpromintex.ru/catalog/setka-rabitsa-polimernaya,тег
https://metpromintex.ru/catalog/setka-rabitsa-pvh,тег
https://metpromintex.ru/catalog/setka-rabitsa-s-polimernym-pokrytiem,тег
https://metpromintex.ru/catalog/setka-rabitsa-10-10,тег
https://metpromintex.ru/catalog/setka-rabitsa-melkaya-yacheyka,тег
https://metpromintex.ru/catalog/setka-rabitsa-50h50,тег
https://metpromintex.ru/catalog/setka-rabitsa-plastikovaya,тег
https://metpromintex.ru/catalog/setka-rabitsa-korichnevaya,тег
https://metpromintex.ru/catalog/setka-rabitsa-dekorativnaya,тег
https://metpromintex.ru/catalog/list-s-polimernym-pokrytiem-ral,тег
https://metpromintex.ru/catalog/stalnoy-list-s-polimernym-pokrytiem,тег
https://metpromintex.ru/catalog/list-profilirovannyy-s-polimernym-pokrytiem,тег
https://metpromintex.ru/catalog/list-s-polimernym-pokrytiem-0-5,тег
https://metpromintex.ru/catalog/list-s-polimernym-pokrytiem-0-d-7,тег
https://metpromintex.ru/catalog/list-0-8-s-polimernym-pokrytiem,тег
https://metpromintex.ru/catalog/setka-tkanaya-bez-pokrytiya,тег
https://metpromintex.ru/catalog/setka-tkanaya-nerzhaveyuschaya,тег
https://metpromintex.ru/catalog/setka-tkanaya-kvadratnaya,тег
https://metpromintex.ru/catalog/setka-tkanaya-filtrovaya,тег
https://metpromintex.ru/catalog/setka-tkanaya-otsinkovannaya,тег
https://metpromintex.ru/catalog/setka-tkanaya-shtukaturnaya,тег
https://metpromintex.ru/catalog/setka-tkanaya-1-1,тег
https://metpromintex.ru/catalog/setka-tkanaya-2-2,тег
https://metpromintex.ru/catalog/setka-tkanaya-5-5,тег
https://metpromintex.ru/catalog/setka-tkanaya-6-6,тег
https://metpromintex.ru/catalog/setka-tkanaya-05,тег
https://metpromintex.ru/catalog/tkanaya-setka-1-mm,тег
https://metpromintex.ru/catalog/setka-stalnaya-tkanaya,тег
https://metpromintex.ru/catalog/setka-tkanaya-melkaya-yacheyka,тег
https://metpromintex.ru/catalog/setka-tkanaya-gost-3826,тег
https://metpromintex.ru/catalog/setka-tkanaya-0-25,тег
https://metpromintex.ru/catalog/ankernyy-bolt,тег
https://metpromintex.ru/catalog/rym-bolt,тег
https://metpromintex.ru/catalog/bolt-m8,тег
https://metpromintex.ru/catalog/bolt-mebelnyy,тег
https://metpromintex.ru/catalog/bolt-m6,тег
https://metpromintex.ru/catalog/bolt-m10,тег
https://metpromintex.ru/catalog/bolt-i-gayka,тег
https://metpromintex.ru/catalog/bolty-fundamentnye,тег
https://metpromintex.ru/catalog/bolty-vysokoprochnye,тег
https://metpromintex.ru/catalog/bolt-s-koltsom,тег
https://metpromintex.ru/catalog/bolt-shestigrannyy,тег
https://metpromintex.ru/catalog/bolt-s-vnutrennim-shestigrannikom,тег
https://metpromintex.ru/catalog/bolt-krepleniya,тег
https://metpromintex.ru/catalog/bolt-lemeshnyy,тег
https://metpromintex.ru/catalog/bolt-s-nepolnoy-rezboy,тег
https://metpromintex.ru/catalog/bolt-raspornyy,тег
https://metpromintex.ru/catalog/bolt-s-polukrugloy-golovkoy,тег
https://metpromintex.ru/catalog/bolt-noriynyy,тег
https://metpromintex.ru/catalog/bolt-otsinkovannyy,тег
https://metpromintex.ru/catalog/bolt-s-kvadratnym-podgolovnikom,тег
https://metpromintex.ru/catalog/bolt-nerzhaveyuschiy,тег
https://metpromintex.ru/catalog/bolty-dlinnye,тег
https://metpromintex.ru/catalog/dyuymovye-bolty,тег
https://metpromintex.ru/catalog/bolt-s-polnoy-rezboy,тег
https://metpromintex.ru/catalog/bolt-samoankeruyuschiysya,тег
https://metpromintex.ru/catalog/bolt-s-rezboy,тег
https://metpromintex.ru/catalog/kryuk-bolt,тег
https://metpromintex.ru/catalog/bolt-5,тег
https://metpromintex.ru/catalog/bolt-styazhka,тег
https://metpromintex.ru/catalog/bolt-s-melkoy-rezboy,тег
https://metpromintex.ru/catalog/bolty-metallicheskie,тег
https://metpromintex.ru/catalog/bolt-transporternyy,тег
https://metpromintex.ru/catalog/bolty-polnorezbovye,тег
https://metpromintex.ru/catalog/bolt-korotkiy,тег
https://metpromintex.ru/catalog/bolt-dorozhnyy,тег
https://metpromintex.ru/catalog/bolt-universalnyy,тег
https://metpromintex.ru/catalog/bolt-mashinostroitelnyy,тег
https://metpromintex.ru/catalog/bolt-1,тег
https://metpromintex.ru/catalog/bolt-70,тег
https://metpromintex.ru/catalog/gayki-m8,тег
https://metpromintex.ru/catalog/rym-gayka,тег
https://metpromintex.ru/catalog/gayki-m10,тег
https://metpromintex.ru/catalog/gayka-samokontryaschayasya,тег
https://metpromintex.ru/catalog/gayka-m6,тег
https://metpromintex.ru/catalog/gayki-m12,тег
https://metpromintex.ru/catalog/gayka-eriksona,тег
https://metpromintex.ru/catalog/gayka-zakladnaya,тег
https://metpromintex.ru/catalog/nakidnaya-gayka,тег
https://metpromintex.ru/catalog/gayka-kolpachkovaya,тег
https://metpromintex.ru/catalog/gayka-koronchataya,тег
https://metpromintex.ru/catalog/gayka-barashkovaya,тег
https://metpromintex.ru/catalog/gayka-mebelnaya,тег
https://metpromintex.ru/catalog/gayka-shlitsevaya,тег
https://metpromintex.ru/catalog/gayka-kvadratnaya,тег
https://metpromintex.ru/catalog/gayka-shestigrannaya,тег
https://metpromintex.ru/catalog/gayka-12,тег
https://metpromintex.ru/catalog/gayka-s-shayboy,тег
https://metpromintex.ru/catalog/gayka-vysokaya,тег
https://metpromintex.ru/catalog/gayka-zapressovochnaya,тег
https://metpromintex.ru/catalog/gayka-koltso,тег
https://metpromintex.ru/catalog/gayka-s-nasechkoy,тег
https://metpromintex.ru/catalog/gayka-bochonok,тег
https://metpromintex.ru/catalog/gayka-t-obraznaya,тег
https://metpromintex.ru/catalog/gayka-tsilindricheskaya,тег
https://metpromintex.ru/catalog/gayka-latunnaya,тег
https://metpromintex.ru/catalog/gayka-potaynaya,тег
https://metpromintex.ru/catalog/gayka-prizhimnaya,тег
https://metpromintex.ru/catalog/gayka-s-burtikom,тег
https://metpromintex.ru/catalog/gayka-plastmassovaya,тег
https://metpromintex.ru/catalog/gayka-stalnaya,тег
https://metpromintex.ru/catalog/gayka-otsinkovannaya,тег
https://metpromintex.ru/catalog/gayka-nerzhaveyuschaya,тег
https://metpromintex.ru/catalog/gayki-krepleniya,тег
https://metpromintex.ru/catalog/gayki-1,тег
https://metpromintex.ru/catalog/lyuk-chugunnyy-dozhdepriemnyy,тег
https://metpromintex.ru/catalog/gayka-2,тег
https://metpromintex.ru/catalog/lyuk-chugunnyy-sredniy,тег
https://metpromintex.ru/catalog/gayki-5,тег
https://metpromintex.ru/catalog/chugunnyy-lyuk-dlya-kolodtsa,тег
https://metpromintex.ru/catalog/lyuk-chugunnyy-tyazhelyy,тег
https://metpromintex.ru/catalog/lyuk-chugunnyy-gost-3634,тег
https://metpromintex.ru/catalog/lyuk-chugunnyy-kruglyy,тег
https://metpromintex.ru/catalog/lyuk-chugunnyy-livnevyy,тег
https://metpromintex.ru/catalog/lyuk-chugunnyy-plavayuschiy,тег
https://metpromintex.ru/catalog/lyuk-chugunnyy-s250,тег
https://metpromintex.ru/catalog/lyuk-chugunnyy-magistralnyy,тег
https://metpromintex.ru/catalog/lyuk-chugunnyy-legkiy,тег
https://metpromintex.ru/catalog/lyuk-chugunnyy-kvadratnyy,тег
https://metpromintex.ru/catalog/lyuk-chugunnyy-tip-s,тег
https://metpromintex.ru/catalog/lyuk-chugunnyy-vodoprovodnyy,тег
https://metpromintex.ru/catalog/lyuk-smotrovoy-chugunnyy,тег
https://metpromintex.ru/catalog/lyuk-chugunnyy-usilennyy,тег
https://metpromintex.ru/catalog/lyuk-chugunnyy-zapornyy,тег
https://metpromintex.ru/catalog/lyuk-chugunnyy-gost,тег
https://metpromintex.ru/catalog/gost-lyuki-chugunnye-3634-2019,тег
https://metpromintex.ru/catalog/lyuk-chugunnyy-600,тег
https://metpromintex.ru/catalog/spiralnaya-kolyuchaya-provoloka,тег
https://metpromintex.ru/catalog/truba-asbestotsementnaya-150-mm,тег
https://metpromintex.ru/catalog/truba-asbestotsementnaya-200-mm,тег
https://metpromintex.ru/catalog/truba-asbestotsementnaya-beznapornaya,тег
https://metpromintex.ru/catalog/alyuminievyy-ugolok-10h10,тег
https://metpromintex.ru/catalog/alyuminievyy-ugolok-15h15,тег
https://metpromintex.ru/catalog/ugolok-alyuminievyy-40h40,тег
https://metpromintex.ru/catalog/ugolok-alyuminievyy-raznopolochnyy,тег
https://metpromintex.ru/catalog/ugolok-alyuminievyy-stroitelnyy,тег
https://metpromintex.ru/catalog/ugolok-alyuminievyy-profilnyy,тег
https://metpromintex.ru/catalog/ugolok-alyuminievyy-stykovochnyy,тег
https://metpromintex.ru/catalog/ugolok-alyuminievyy-oblitsovochnyy,тег
https://metpromintex.ru/catalog/ugolok-alyuminievyy-arochnyy,тег
https://metpromintex.ru/catalog/zaklepka-vytyazhnaya,тег
https://metpromintex.ru/catalog/rezbovye-zaklepki,тег
https://metpromintex.ru/catalog/zaklepki-s-golovkoy,тег
https://metpromintex.ru/catalog/zaklepki-s-bortikom,тег
https://metpromintex.ru/catalog/zaklepki-pod-molotok,тег
https://metpromintex.ru/catalog/zaklepki-alyuminievye,тег
https://metpromintex.ru/catalog/zaklepki-nerzhaveyka,тег
https://metpromintex.ru/catalog/zaklepki-kombinirovannaya,тег
https://metpromintex.ru/catalog/zaklepka-4,тег
https://metpromintex.ru/catalog/zaklepki-mednaya,тег
https://metpromintex.ru/catalog/zaklepki-polukruglye,тег
https://metpromintex.ru/catalog/zaklepki-stalnye,тег
https://metpromintex.ru/catalog/zaklepki-tsilindricheskaya,тег
https://metpromintex.ru/catalog/zaklepki-shestigrannaya,тег
https://metpromintex.ru/catalog/zaklepki-zakrytaya,тег
https://metpromintex.ru/catalog/zaklepki-lepestkovaya,тег
https://metpromintex.ru/catalog/zaklepka-3,тег
https://metpromintex.ru/catalog/zaklepki-pustotelaya,тег
https://metpromintex.ru/catalog/zaklepka-vytyazhnaya-alyuminievaya,тег
https://metpromintex.ru/catalog/zaklepki-2,тег
https://metpromintex.ru/catalog/zaklepka-5,тег
https://metpromintex.ru/catalog/zaklepka-potaynaya,тег
https://metpromintex.ru/catalog/zaklepka-4-d-8,тег
https://metpromintex.ru/catalog/zaklepki-polupustotelaya,тег
https://metpromintex.ru/catalog/zaklepki-latunnaya,тег
https://metpromintex.ru/catalog/zaklepki-raspornaya,тег
https://metpromintex.ru/catalog/zaklepki-s-ploskoy-golovkoy,тег
https://metpromintex.ru/catalog/zaklepki-s-polimernym-pokrytiem,тег
https://metpromintex.ru/catalog/zaklepki-otsinkovannaya,тег
https://metpromintex.ru/catalog/mednyy-pripoy,тег
https://metpromintex.ru/catalog/pripoy-s-flyusom,тег
https://metpromintex.ru/catalog/pripoy-s-kanifolyu,тег
https://metpromintex.ru/catalog/pripoy-pos,тег
https://metpromintex.ru/catalog/pripoy-2,тег
https://metpromintex.ru/catalog/pripoy-5,тег
https://metpromintex.ru/catalog/serebryanyy-pripoy,тег
https://metpromintex.ru/catalog/pripoy-castolin,тег
https://metpromintex.ru/catalog/vtulka-bronzovaya-gost-613-79,тег
https://metpromintex.ru/catalog/vtulka-bronzovaya-25-mm,тег
https://metpromintex.ru/catalog/vtulka-bronzovaya-80-mm,тег
https://metpromintex.ru/catalog/vtulka-bronzovaya-60-mm,тег
https://metpromintex.ru/catalog/vtulki-bronzovye-8-mm,тег
https://metpromintex.ru/catalog/niobiy-3-mm,тег
https://metpromintex.ru/catalog/niobiy-5-mm,тег
https://metpromintex.ru/catalog/niobiy-4-mm,тег
https://metpromintex.ru/catalog/bronzovye-vtulki-skolzheniya,тег
https://metpromintex.ru/catalog/vtulka-bronzovaya-10-mm,тег
https://metpromintex.ru/catalog/vtulka-bronzovaya-50-mm,тег
https://metpromintex.ru/catalog/vtulki-bronzovye-perforirovannye,тег
https://metpromintex.ru/catalog/krovelnye-samorezy,тег
https://metpromintex.ru/catalog/samorezy-po-metallu,тег
https://metpromintex.ru/catalog/samorezy-po-derevu,тег
https://metpromintex.ru/catalog/samorez-s-pressshayboy,тег
https://metpromintex.ru/catalog/samorezy-klopy,тег
https://metpromintex.ru/catalog/samorezy-po-metallu-so-sverlom,тег
https://metpromintex.ru/catalog/samorez-konstruktsionnyy,тег
https://metpromintex.ru/catalog/samorez-dlya-gipsokartona,тег
https://metpromintex.ru/catalog/samorez-gluhar,тег
https://metpromintex.ru/catalog/samorezy-semechki,тег
https://metpromintex.ru/catalog/samorez-dlya-polikarbonata,тег
https://metpromintex.ru/catalog/samorez-so-sverlom,тег
https://metpromintex.ru/catalog/samorez-chernyy,тег
https://metpromintex.ru/catalog/samorez-dlya-profilya,тег
https://metpromintex.ru/catalog/samorez-zheltyy,тег
https://metpromintex.ru/catalog/camorez-dlya-proflista,тег
https://metpromintex.ru/catalog/camorez-otsinkovannyy,тег
https://metpromintex.ru/catalog/camorez-nerzhaveyuschiy,тег
https://metpromintex.ru/catalog/samorez-s-burom,тег
https://metpromintex.ru/catalog/samorez-universalnyy,тег
https://metpromintex.ru/catalog/armatura-16,тег
https://metpromintex.ru/catalog/samorezy-belye,тег
https://metpromintex.ru/catalog/armatura-riflenaya,тег
https://metpromintex.ru/catalog/armatura-gladkaya,тег
https://metpromintex.ru/catalog/armatura-zhelezobetonnaya,тег
https://metpromintex.ru/catalog/samorez-pod-klyuch,тег
https://metpromintex.ru/catalog/armatura-poperechnaya,тег
https://metpromintex.ru/catalog/armatura-stroitelnaya,тег
https://metpromintex.ru/catalog/samorez-malenkiy,тег
https://metpromintex.ru/catalog/armatura-fundamentnaya,тег
https://metpromintex.ru/catalog/armatura-napryagaemaya,тег
https://metpromintex.ru/catalog/armatura-otsinkovannaya,тег
https://metpromintex.ru/catalog/armatura-nenapryagaemaya,тег
https://metpromintex.ru/catalog/armatura-holodnodeformirovannaya,тег
https://metpromintex.ru/catalog/samorez-dlya-zabora,тег
https://metpromintex.ru/catalog/armatura-12,тег
https://metpromintex.ru/catalog/armatura-10,тег
https://metpromintex.ru/catalog/samorez-dlinnyy,тег
https://metpromintex.ru/catalog/armatura-1-metr,тег
https://metpromintex.ru/catalog/armatura-8,тег
https://metpromintex.ru/catalog/armatura-a500s,тег
https://metpromintex.ru/catalog/samorezy-korichnevye,тег
https://metpromintex.ru/catalog/samorez-potaynoy,тег
https://metpromintex.ru/catalog/samorez-shestigrannyy,тег
https://metpromintex.ru/catalog/samorez-5-mm,тег
https://metpromintex.ru/catalog/samorez-3-d-5-mm,тег
https://metpromintex.ru/catalog/samorez-3-mm,тег
https://metpromintex.ru/catalog/samorez-4-mm,тег
https://metpromintex.ru/catalog/samorez-4-d-2-mm,тег
https://metpromintex.ru/catalog/samorez-2-mm,тег
https://metpromintex.ru/catalog/samorez-usilennyy,тег
https://metpromintex.ru/catalog/samorez-metallicheskiy,тег
https://metpromintex.ru/catalog/samorezy-dlya-krepleniya,тег
https://metpromintex.ru/catalog/samorez-dlya-sendvich-paneley,тег
https://metpromintex.ru/catalog/samorez-ostryy,тег
https://metpromintex.ru/catalog/samorezy-tsink,тег
https://metpromintex.ru/catalog/samorez-grafit,тег
https://metpromintex.ru/catalog/samorez-tarelchatyy,тег
https://metpromintex.ru/catalog/samorez-s-rezinovoy-prokladkoy,тег
https://metpromintex.ru/catalog/samorez-siniy,тег
https://metpromintex.ru/catalog/camorez-stalnoy,тег
https://metpromintex.ru/catalog/troynik-pnd,тег
https://metpromintex.ru/catalog/troynik-pnd-32-mm,тег
https://metpromintex.ru/catalog/troynik-pnd-25-mm,тег
https://metpromintex.ru/catalog/troynik-pnd-20-mm,тег
https://metpromintex.ru/catalog/troynik-pnd-50-mm,тег
https://metpromintex.ru/catalog/shtutser-s-gaykoy,тег
https://metpromintex.ru/catalog/shtutser-dlya-trubki,тег
https://metpromintex.ru/catalog/shtutser-toplivnyy,тег
https://metpromintex.ru/catalog/troynik-pe-100-sdr-17,тег
https://metpromintex.ru/catalog/shtutser-uglovoy,тег
https://metpromintex.ru/catalog/shtutser-perehodnik,тег
https://metpromintex.ru/catalog/shtutser-elochka,тег
https://metpromintex.ru/catalog/troynik-pe-100-sdr-11,тег
https://metpromintex.ru/catalog/pnd-troynik-12,тег
https://metpromintex.ru/catalog/shtutser-plastikovyy,тег
https://metpromintex.ru/catalog/troynik-pe-110,тег
https://metpromintex.ru/catalog/troynik-dlya-trub-iz-sshitogo-polietilena,тег
https://metpromintex.ru/catalog/troynik-1-pnd,тег
https://metpromintex.ru/catalog/shtutser-latunnyy,тег
https://metpromintex.ru/catalog/troynik-polipropilen-20,тег
https://metpromintex.ru/catalog/troynik-polipropilenovyy-32-mm,тег
https://metpromintex.ru/catalog/troynik-polipropilen-25-mm,тег
https://metpromintex.ru/catalog/troynik-polipropilenovyy-dvuhploskostnoy,тег
https://metpromintex.ru/catalog/troynik-polipropilen-s-rezboy,тег
https://metpromintex.ru/catalog/troynik-pp-50-mm,тег
https://metpromintex.ru/catalog/troynik-12-polipropilen,тег
https://metpromintex.ru/catalog/troynik-pp-110-mm,тег
https://metpromintex.ru/catalog/troynik-perehodnoy-polipropilenovyy,тег
https://metpromintex.ru/catalog/troynik-polipropilen-40-mm,тег
https://metpromintex.ru/catalog/troynik-polipropilen-45-mm,тег
https://metpromintex.ru/catalog/troynik-pp-90,тег
https://metpromintex.ru/catalog/troyniki-pvh-kosye,тег
https://metpromintex.ru/catalog/troynik-obzhimnoy-pnd,тег
https://metpromintex.ru/catalog/shtutser-s-rezboy,тег
https://metpromintex.ru/catalog/shtutser-soedinitelnyy,тег
https://metpromintex.ru/catalog/shtutser-dlya-kompressora,тег
https://metpromintex.ru/catalog/shtutser-privarnoy,тег
https://metpromintex.ru/catalog/shtutser-pryamoy,тег
https://metpromintex.ru/catalog/shtutser-pod-shlang,тег
https://metpromintex.ru/catalog/shtutser-dlya-schetchika,тег
https://metpromintex.ru/catalog/shtutser-dlya-truboprovodov,тег
https://metpromintex.ru/catalog/shpilka-m8,тег
https://metpromintex.ru/catalog/shpilka-m10,тег
https://metpromintex.ru/catalog/shpilka-m12,тег
https://metpromintex.ru/catalog/shpilka-m16,тег
https://metpromintex.ru/catalog/shtutser-vnutrenniy,тег
https://metpromintex.ru/catalog/shpilka-m6,тег
https://metpromintex.ru/catalog/shtutser-mednyy,тег
https://metpromintex.ru/catalog/shpilka-dlya-krepleniya,тег
https://metpromintex.ru/catalog/shpilka-20-mm,тег
https://metpromintex.ru/catalog/shpilki-2,тег
https://metpromintex.ru/catalog/shtutser-nerzhaveyuschiy,тег
https://metpromintex.ru/catalog/shpilki-3-mm,тег
https://metpromintex.ru/catalog/shpilki-1,тег
https://metpromintex.ru/catalog/shpilka-din-975,тег
https://metpromintex.ru/catalog/shtutser-tsangovyy,тег
https://metpromintex.ru/catalog/shpilki-5-mm,тег
https://metpromintex.ru/catalog/shpilka-rezbovaya-otsinkovannaya,тег
https://metpromintex.ru/catalog/shpilka-rezbovaya-gost-22042-76,тег
https://metpromintex.ru/catalog/shtutser-metallicheskiy,тег
https://metpromintex.ru/catalog/shtutser-stalnoy,тег
https://metpromintex.ru/catalog/shtutser-vvertnoy,тег
https://metpromintex.ru/catalog/radiator-chugunnyy-ms-140,тег
https://metpromintex.ru/catalog/chugunnye-radiatory-konner,тег
https://metpromintex.ru/catalog/radiatory-chugunnye-300-mm,тег
https://metpromintex.ru/catalog/radiator-chugunnyy-500,тег
https://metpromintex.ru/catalog/radiator-chugunnyy-7-sektsiy,тег
https://metpromintex.ru/catalog/radiator-chugunnyy-10-sektsiy,тег
https://metpromintex.ru/catalog/shtutser-konicheskiy,тег
https://metpromintex.ru/catalog/shtutser-prohodnoy,тег
https://metpromintex.ru/catalog/zatvor-diskovyy,тег
https://metpromintex.ru/catalog/shibernyy-zatvor,тег
https://metpromintex.ru/catalog/zatvor-diskovyy-mezhflantsevyy,тег
https://metpromintex.ru/catalog/zatvor-diskovyy-povorotnyy-mezhflantsevyy,тег
https://metpromintex.ru/catalog/shtutser-razemnyy,тег
https://metpromintex.ru/catalog/shtutser-dvoynoy,тег
https://metpromintex.ru/catalog/zatvor-obratnyy,тег
https://metpromintex.ru/catalog/zatvor-s-elektroprivodom,тег
https://metpromintex.ru/catalog/shtutser-polipropilenovyy,тег
https://metpromintex.ru/catalog/zatvor-chugunnyy,тег
https://metpromintex.ru/catalog/zatvor-s-pnevmoprivodom,тег
https://metpromintex.ru/catalog/zatvor-s-reduktorom,тег
https://metpromintex.ru/catalog/zatvor-100-mm,тег
https://metpromintex.ru/catalog/zatvor-privarnoy,тег
https://metpromintex.ru/catalog/shtutser-tsilindricheskiy,тег
https://metpromintex.ru/catalog/zatvor-dlya-kanalizatsii,тег
https://metpromintex.ru/catalog/zatvor-ruchnoy,тег
https://metpromintex.ru/catalog/zatvor-stalnoy,тег
https://metpromintex.ru/catalog/zatvor-s-rukoyatkoy,тег
https://metpromintex.ru/catalog/zatvor-rezbovoy,тег
https://metpromintex.ru/catalog/zatvor-so-shturvalom,тег
https://metpromintex.ru/catalog/povorotnyy-zatvor-ru16,тег
https://metpromintex.ru/catalog/nikel-katod,тег
https://metpromintex.ru/catalog/nikel-metallicheskiy,тег
https://metpromintex.ru/catalog/nikel-pervichnyy,тег
https://metpromintex.ru/catalog/nikel-list,тег
https://metpromintex.ru/catalog/nikel-truby,тег
https://metpromintex.ru/catalog/nikel-polosy,тег
https://metpromintex.ru/catalog/nikel-plastiny,тег
https://metpromintex.ru/catalog/nikel-n3-granuly,тег
https://metpromintex.ru/catalog/nikel-trubka,тег
https://metpromintex.ru/catalog/setka-nikel,тег
https://metpromintex.ru/catalog/nikel-granula,тег
https://metpromintex.ru/catalog/nikel-lenta,тег
https://metpromintex.ru/catalog/alyuminievyy-list-matovyy,тег
https://metpromintex.ru/catalog/alyuminievyy-list-1,тег
https://metpromintex.ru/catalog/alyuminievyy-list-2,тег
https://metpromintex.ru/catalog/alyuminievyy-list-3,тег
https://metpromintex.ru/catalog/alyuminievyy-list-d16,тег
https://metpromintex.ru/catalog/alyuminievyy-list-amg6,тег
https://metpromintex.ru/catalog/alyuminievyy-list-gost-21631-76,тег
https://metpromintex.ru/catalog/alyuminievye-listy-5,тег
https://metpromintex.ru/catalog/list-alyuminievyy-gladkiy,тег
https://metpromintex.ru/catalog/list-alyuminievyy-1-d-5,тег
https://metpromintex.ru/catalog/alyuminievyy-list-4,тег
https://metpromintex.ru/catalog/list-nerzhaveyuschiy-304,тег
https://metpromintex.ru/catalog/alyuminievye-riflenye-listy-1,тег
https://metpromintex.ru/catalog/alyuminievyy-list-tisnenyy,тег
https://metpromintex.ru/catalog/alyuminievyy-list-shlifovannyy,тег
https://metpromintex.ru/catalog/alyuminievyy-list-teksturirovannyy,тег
https://metpromintex.ru/catalog/alyuminievyy-list-pischevoy,тег
https://metpromintex.ru/catalog/alyuminievaya-plita,тег
https://metpromintex.ru/catalog/alyuminievyy-list-dekorativnyy,тег
https://metpromintex.ru/catalog/alyuminievyy-list-okrashennyy,тег
https://metpromintex.ru/catalog/alyuminievyy-list-tonkiy,тег
https://metpromintex.ru/catalog/nerzhaveyuschiy-list-aisi-430,тег
https://metpromintex.ru/catalog/list-nerzhaveyuschiy-shlifovannyy,тег
https://metpromintex.ru/catalog/list-nerzhaveyuschiy-1-mm,тег
https://metpromintex.ru/catalog/list-nerzhaveyuschiy-dekorativnyy,тег
https://metpromintex.ru/catalog/list-nerzhaveyuschiy-pischevoy,тег
https://metpromintex.ru/catalog/list-nerzhaveyuschiy-riflenyy,тег
https://metpromintex.ru/catalog/list-nerzhaveyuschiy-zerkalnyy,тег
https://metpromintex.ru/catalog/list-nerzhaveyuschiy-matovyy,тег
https://metpromintex.ru/catalog/list-nerzhaveyuschiy-chechevitsa,тег
https://metpromintex.ru/catalog/list-nerzhaveyuschiy-12h18n10t,тег
https://metpromintex.ru/catalog/list-nerzhaveyuschiy-2-mm,тег
https://metpromintex.ru/catalog/list-nerzhaveyuschiy-goryachekatanyy,тег
https://metpromintex.ru/catalog/list-nerzhaveyuschiy-3-mm,тег
https://metpromintex.ru/catalog/list-nerzhaveyuschiy-5-mm,тег
https://metpromintex.ru/catalog/list-nerzhaveyuschiy-aisi-321,тег
https://metpromintex.ru/catalog/list-nerzhaveyuschiy-polirovannyy,тег
https://metpromintex.ru/catalog/list-nerzhaveyuschiy-holodnokatanyy,тег
https://metpromintex.ru/catalog/list-nerzhaveyuschiy-zoloto,тег
https://metpromintex.ru/catalog/list-nerzhaveyuschiy-gladkiy,тег
https://metpromintex.ru/catalog/list-nerzhaveyuschiy-tsvetnoy,тег
https://metpromintex.ru/catalog/list-nerzhaveyuschiy-zaschitnyy,тег
https://metpromintex.ru/catalog/list-nerzhaveyuschiy-nikelsoderzhaschiy,тег
https://metpromintex.ru/catalog/list-otsinkovannyy-0-d-5-h1250h2500,тег
https://metpromintex.ru/catalog/list-otsinkovannyy-1-mm,тег
https://metpromintex.ru/catalog/list-otsinkovannyy-metallicheskiy,тег
https://metpromintex.ru/catalog/list-5-otsinkovannyy,тег
https://metpromintex.ru/catalog/list-otsinkovannyy-0-d-7,тег
https://metpromintex.ru/catalog/list-otsinkovannyy-2,тег
https://metpromintex.ru/catalog/list-otsinkovannyy-holodnokatannyy,тег
https://metpromintex.ru/catalog/list-otsinkovannyy-goryachekatanyy,тег
https://metpromintex.ru/catalog/list-otsinkovannyy-gost,тег
https://metpromintex.ru/catalog/list-otsinkovannyy-1h1250h2500,тег
https://metpromintex.ru/catalog/list-otsinkovannyy-0-25,тег
https://metpromintex.ru/catalog/list-otsinkovannyy-08ps,тег
https://metpromintex.ru/catalog/list-otsinkovannyy-gladkiy,тег
https://metpromintex.ru/catalog/truba-pnd-32-mm,тег
https://metpromintex.ru/catalog/truba-pnd-20-mm,тег
https://metpromintex.ru/catalog/truba-pnd-25-mm,тег
https://metpromintex.ru/catalog/truba-pnd-50-mm,тег
https://metpromintex.ru/catalog/truba-pnd-110-mm,тег
https://metpromintex.ru/catalog/truba-gofrirovannaya-pnd,тег
https://metpromintex.ru/catalog/truby-polietilenovye-dlya-vodoprovoda,тег
https://metpromintex.ru/catalog/truba-pnd-dvustennaya,тег
https://metpromintex.ru/catalog/truba-polietilenovaya-110-mm,тег
https://metpromintex.ru/catalog/truba-polietilenovaya-dlya-otopleniya,тег
https://metpromintex.ru/catalog/truba-polietilenovaya-napornaya,тег
https://metpromintex.ru/catalog/truba-polietilenovaya-dlya-gaza,тег
https://metpromintex.ru/catalog/truba-polietilenovaya-gofrirovannaya,тег
https://metpromintex.ru/catalog/truba-polietilenovaya-sshitaya,тег
https://metpromintex.ru/catalog/truba-polietilenovaya-dlya-goryachey-vody,тег
https://metpromintex.ru/catalog/truba-pe-sdr-11,тег
https://metpromintex.ru/catalog/truba-polietilenovaya-pe-100-sdr-17,тег
https://metpromintex.ru/catalog/truba-polietilenovaya-dlya-teplogo-pola,тег
https://metpromintex.ru/catalog/truba-polietilenovaya-tehnicheskaya,тег
https://metpromintex.ru/catalog/truba-polietilenovaya-vysokoy-plotnosti,тег
https://metpromintex.ru/catalog/truba-polietilenovaya-pe-100-sdr-136,тег
https://metpromintex.ru/catalog/truba-polietilenovaya-beznapornaya,тег
https://metpromintex.ru/catalog/truby-polietilenovye-vysokogo-davleniya,тег
https://metpromintex.ru/catalog/truby-polietilenovye-spiralnovitaya,тег
https://metpromintex.ru/catalog/truba-polietilenovaya-zaschitnaya,тег
https://metpromintex.ru/catalog/truba-polietilenovaya-nizkogo-davleniya,тег
https://metpromintex.ru/catalog/truba-polietilenovaya-livnevaya,тег
https://metpromintex.ru/catalog/truba-polietilenovaya-dlya-teplovyh-setey,тег
https://metpromintex.ru/catalog/truba-polietilenovaya-dlya-prokladki-kabelya,тег
https://metpromintex.ru/catalog/truba-polietilenovaya-gibkaya,тег
https://metpromintex.ru/catalog/truba-polietilenovaya-krasnaya,тег
https://metpromintex.ru/catalog/truba-polietilenovaya-belaya,тег
https://metpromintex.ru/catalog/truba-polietilenovaya-termostoykaya,тег
https://metpromintex.ru/catalog/truba-polietilenovaya-rastrubnaya,тег
https://metpromintex.ru/catalog/truba-polietilenovaya-dlya-vodootvedeniya,тег
https://metpromintex.ru/catalog/truba-polietilenovaya-mnogosloynaya,тег
https://metpromintex.ru/catalog/truba-polietilenovaya-sinyaya,тег
https://metpromintex.ru/catalog/truba-polietilenovaya-bolshogo-diametra,тег
https://metpromintex.ru/catalog/truba-alyuminievaya-kvadratnaya,тег
https://metpromintex.ru/catalog/truba-alyuminievaya-pryamougolnaya,тег
https://metpromintex.ru/catalog/kompensatory-silfonnyy,тег
https://metpromintex.ru/catalog/truba-alyuminievaya-tolstostennaya,тег
https://metpromintex.ru/catalog/kompensatory-polipropilenovyy,тег
https://metpromintex.ru/catalog/truba-alyuminievaya-tonkostennaya,тег
https://metpromintex.ru/catalog/truba-alyuminievaya-anodirovannaya,тег
https://metpromintex.ru/catalog/kompensatory-davleniya,тег
https://metpromintex.ru/catalog/kompensatory-antivibratsionnyy,тег
https://metpromintex.ru/catalog/kompensatory-stalnoy,тег
https://metpromintex.ru/catalog/rezinovyy-kompensator,тег
https://metpromintex.ru/catalog/truba-alyuminievaya-ad31t1,тег
https://metpromintex.ru/catalog/truba-alyuminievaya-20-mm,тег
https://metpromintex.ru/catalog/truba-alyuminievaya-50-mm,тег
https://metpromintex.ru/catalog/kompensator-2,тег
https://metpromintex.ru/catalog/kompensator-silfonnyy-osevoy,тег
https://metpromintex.ru/catalog/salnikovyy-kompensator,тег
https://metpromintex.ru/catalog/kompensatory-otsinkovannyy,тег
https://metpromintex.ru/catalog/kompensatory-muftovyy,тег
https://metpromintex.ru/catalog/truba-alyuminievaya-30-mm,тег
https://metpromintex.ru/catalog/kompensatory-nerzhaveyuschiy,тег
https://metpromintex.ru/catalog/kompensatory-universalnyy,тег
https://metpromintex.ru/catalog/kompensatory-vozdushnyy,тег
https://metpromintex.ru/catalog/kompensatory-plastikovyy,тег
https://metpromintex.ru/catalog/alyuminievye-besshovnye-truby,тег
https://metpromintex.ru/catalog/truba-alyuminievaya-pressovannaya,тег
https://metpromintex.ru/catalog/kompensatory-chugunnyy,тег
https://metpromintex.ru/catalog/truba-otsinkovannaya-profilnaya,тег
https://metpromintex.ru/catalog/truba-otsinkovannaya-25-mm,тег
https://metpromintex.ru/catalog/truba-otsinkovannaya-32-mm,тег
https://metpromintex.ru/catalog/truba-otsinkovannaya-50-mm,тег
https://metpromintex.ru/catalog/truba-otsinkovannaya-besshovnaya,тег
https://metpromintex.ru/catalog/kran-sharovoy,тег
https://metpromintex.ru/catalog/truba-otsinkovannaya-vodogazoprovodnaya,тег
https://metpromintex.ru/catalog/truba-otsinkovannaya-elektrosvarnaya,тег
https://metpromintex.ru/catalog/kran-dlya-vody,тег
https://metpromintex.ru/catalog/3-kran,тег
https://metpromintex.ru/catalog/kran-sharovoy-1,тег
https://metpromintex.ru/catalog/kran-3-4,тег
https://metpromintex.ru/catalog/sharovoy-kran-2,тег
https://metpromintex.ru/catalog/kran-sharovoy-1-2,тег
https://metpromintex.ru/catalog/pozharnyy-kran,тег
https://metpromintex.ru/catalog/kran-uglovoy,тег
https://metpromintex.ru/catalog/truba-otsinkovannaya-kruglaya,тег
https://metpromintex.ru/catalog/truba-nkt-73,тег
https://metpromintex.ru/catalog/truba-nkt-60,тег
https://metpromintex.ru/catalog/truba-otsinkovannaya-tonkostennaya,тег
https://metpromintex.ru/catalog/truba-nkt-89,тег
https://metpromintex.ru/catalog/truba-nkt-73-5-5,тег
https://metpromintex.ru/catalog/truba-nkt-48,тег
https://metpromintex.ru/catalog/truba-otsinkovannaya-dlya-dorozhnyh-znakov,тег
https://metpromintex.ru/catalog/linzovyy-kompensator,тег
https://metpromintex.ru/catalog/kompensator-kso,тег
https://metpromintex.ru/catalog/truba-otsinkovannaya-tolstostennaya,тег
https://metpromintex.ru/catalog/truba-otsinkovannaya-gidravlicheskaya,тег
https://metpromintex.ru/catalog/truba-otsinkovannaya-svarnaya,тег
https://metpromintex.ru/catalog/truba-otsinkovannaya-1-metr,тег
https://metpromintex.ru/catalog/truba-otsinkovannaya-gazovaya,тег
https://metpromintex.ru/catalog/truba-otsinkovannaya-santehnicheskaya,тег
https://metpromintex.ru/catalog/truba-otsinkovannaya-2-mm,тег
https://metpromintex.ru/catalog/truba-otsinkovannaya-3-mm,тег
https://metpromintex.ru/catalog/truba-otsinkovannaya-gnutaya,тег
https://metpromintex.ru/catalog/truba-otsinkovannaya-75-mm,тег
https://metpromintex.ru/catalog/truba-otsinkovannaya-usilennaya,тег
https://metpromintex.ru/catalog/shifer-dlya-gryadok,тег
https://metpromintex.ru/catalog/trehsloynye-sendvich-paneli,тег
https://metpromintex.ru/catalog/metallicheskie-sendvich-paneli,тег
https://metpromintex.ru/catalog/sendvich-paneli-penopolistirol,тег
https://metpromintex.ru/catalog/sendvich-panel-belaya,тег
https://metpromintex.ru/catalog/sendvich-paneli-mineralnaya-vata,тег
https://metpromintex.ru/catalog/ploskiy-shifer,тег
https://metpromintex.ru/catalog/sendvich-paneli-penopoliuretan,тег
https://metpromintex.ru/catalog/sendvich-paneli-100-mm,тег
https://metpromintex.ru/catalog/shifer-volnovoy,тег
https://metpromintex.ru/catalog/shifer-pressovannyy,тег
https://metpromintex.ru/catalog/uteplennye-sendvich-paneli,тег
https://metpromintex.ru/catalog/sendvich-paneli-150-mm,тег
https://metpromintex.ru/catalog/shifer-krashenyy,тег
https://metpromintex.ru/catalog/sendvich-paneli-otsinkovannye,тег
https://metpromintex.ru/catalog/sendvich-paneli-penopoliizotsianurat,тег
https://metpromintex.ru/catalog/shifer-shestivolnovoy,тег
https://metpromintex.ru/catalog/sendvich-panel-10-mm,тег
https://metpromintex.ru/catalog/sendvich-paneli-poliester,тег
https://metpromintex.ru/catalog/sendvich-paneli-polimernye,тег
https://metpromintex.ru/catalog/sendvich-panel-5-sm,тег
https://metpromintex.ru/catalog/marganets-mn95,тег
https://metpromintex.ru/catalog/marganets-mn998,тег
https://metpromintex.ru/catalog/melhiorovaya-truba,тег
https://metpromintex.ru/catalog/melhior-list,тег
https://metpromintex.ru/catalog/melhiorovaya-provoloka,тег
https://metpromintex.ru/catalog/melhior-mn19,тег
https://metpromintex.ru/catalog/truba-bu-dlya-zabora,тег
https://metpromintex.ru/catalog/truba-plastikovaya-bu,тег
https://metpromintex.ru/catalog/truba-bu-530-mm,тег
https://metpromintex.ru/catalog/truba-bu-219-mm,тег
https://metpromintex.ru/catalog/truba-bu-159-mm,тег
https://metpromintex.ru/catalog/truba-kanalizatsionnaya-bu,тег
https://metpromintex.ru/catalog/truba-nerzhaveyuschaya-besshovnaya,тег
https://metpromintex.ru/catalog/truba-nerzhaveyuschaya-dlya-otopleniya,тег
https://metpromintex.ru/catalog/truba-nerzhaveyuschaya-12h18n10t,тег
https://metpromintex.ru/catalog/kompensatory-gazovyy,тег
https://metpromintex.ru/catalog/shifer-8-volnovoy,тег
https://metpromintex.ru/catalog/andulinovyy-shifer,тег
https://metpromintex.ru/catalog/zhelob-dlya-otvoda-vody,тег
https://metpromintex.ru/catalog/metallicheskiy-zhelob,тег
https://metpromintex.ru/catalog/zhelob-plastikovyy,тег
https://metpromintex.ru/catalog/zhelob-dlya-kryshi,тег
https://metpromintex.ru/catalog/zhelob-125,тег
https://metpromintex.ru/catalog/zhelob-otsinkovannyy,тег
https://metpromintex.ru/catalog/zhelob-truby,тег
https://metpromintex.ru/catalog/zhelob-1,тег
https://metpromintex.ru/catalog/zhelob-90,тег
https://metpromintex.ru/catalog/truba-nerzhaveyuschaya-tolstostennaya,тег
https://metpromintex.ru/catalog/zhelob-100,тег
https://metpromintex.ru/catalog/zhelob-150,тег
https://metpromintex.ru/catalog/truba-nerzhaveyuschaya-elektrosvarnaya,тег
https://metpromintex.ru/catalog/truba-nerzhaveyuschaya-perforirovannaya,тег
https://metpromintex.ru/catalog/list-prosechno-vytyazhnoy-pvl-406,тег
https://metpromintex.ru/catalog/list-prosechno-vytyazhnoy-pvl-306,тег
https://metpromintex.ru/catalog/prosechno-vytyazhnoy-list-nerzhaveyuschiy,тег
https://metpromintex.ru/catalog/list-prosechno-vytyazhnoy-pvl-506,тег
https://metpromintex.ru/catalog/prosechno-vytyazhnoy-list-otsinkovannyy,тег
https://metpromintex.ru/catalog/list-prosechno-vytyazhnoy-pvl-508,тег
https://metpromintex.ru/catalog/list-stalnoy-prosechno-vytyazhnoy-pvl,тег
https://metpromintex.ru/catalog/prosechno-vytyazhnoy-list-pvl-510,тег
https://metpromintex.ru/catalog/truba-nerzhaveyuschaya-tonkostennaya,тег
https://metpromintex.ru/catalog/list-prosechno-vytyazhnoy-pvl-408,тег
https://metpromintex.ru/catalog/truba-nerzhaveyuschaya-pryamougolnaya,тег
https://metpromintex.ru/catalog/truba-nerzhaveyuschaya-dlya-peril,тег
https://metpromintex.ru/catalog/truba-nerzhaveyuschaya-50-mm,тег
https://metpromintex.ru/catalog/truba-nerzhaveyuschaya-shlifovannaya,тег
https://metpromintex.ru/catalog/truba-nerzhaveyuschaya-bolshogo-dametra,тег
https://metpromintex.ru/catalog/truba-nerzhaveyuschaya-aisi-304,тег
https://metpromintex.ru/catalog/truba-nerzhaveyuschaya-aisi-316,тег
https://metpromintex.ru/catalog/truba-nerzhaveyuschaya-aisi-201,тег
https://metpromintex.ru/catalog/truba-nerzhaveyuschaya-pischevaya,тег
https://metpromintex.ru/catalog/truba-nerzhaveyuschaya-zerkalnaya,тег
https://metpromintex.ru/catalog/truba-nerzhaveyuschaya-matovaya,тег
https://metpromintex.ru/catalog/truba-nerzhaveyuschaya-polirovannaya,тег
https://metpromintex.ru/catalog/truba-nerzhaveyuschaya-svarnaya,тег
https://metpromintex.ru/catalog/truba-nerzhaveyuschaya-pretsizionnaya,тег
https://metpromintex.ru/catalog/truba-nerzhaveyuschaya-shovnaya,тег
https://metpromintex.ru/catalog/truba-nerzhaveyuschaya-2-mm,тег
https://metpromintex.ru/catalog/list-prosechno-vytyazhnoy-pvl-610,тег
https://metpromintex.ru/catalog/truba-nerzhaveyuschaya-holodnodeformirovannaya,тег
https://metpromintex.ru/catalog/truba-nerzhaveyuschaya-chernaya,тег
https://metpromintex.ru/catalog/zhelob-mednyy,тег
https://metpromintex.ru/catalog/truba-nerzhaveyuschaya-pod-svarku,тег
https://metpromintex.ru/catalog/truba-nerzhaveyuschaya-vyhlopnaya,тег
https://metpromintex.ru/catalog/truba-nerzhaveyuschaya-1-mm,тег
https://metpromintex.ru/catalog/truba-nerzhaveyuschaya-3-mm,тег
https://metpromintex.ru/catalog/truba-nerzhaveyuschaya-tehnicheskaya,тег
https://metpromintex.ru/catalog/mufta-polipropilenovaya,тег
https://metpromintex.ru/catalog/mufta-1,тег
https://metpromintex.ru/catalog/mufta-elektrosvarnaya,тег
https://metpromintex.ru/catalog/splav-roze-dlya-payki,тег
https://metpromintex.ru/catalog/mufta-s-naruzhnoy-rezboy,тег
https://metpromintex.ru/catalog/polosa-stalnaya-40h4-mm,тег
https://metpromintex.ru/catalog/polosa-stalnaya-50h5-mm,тег
https://metpromintex.ru/catalog/mufta-razemnaya,тег
https://metpromintex.ru/catalog/polosa-stalnaya-otsinkovannaya-40h4-mm,тег
https://metpromintex.ru/catalog/polosa-stalnaya-40h5-mm,тег
https://metpromintex.ru/catalog/polosa-stalnaya-25h4-mm,тег
https://metpromintex.ru/catalog/mufta-2,тег
https://metpromintex.ru/catalog/polosa-stalnaya-4h40-mm,тег
https://metpromintex.ru/catalog/polosa-stalnaya-otsinkovannaya,тег
https://metpromintex.ru/catalog/mufta-s-vnutrenney-rezboy,тег
https://metpromintex.ru/catalog/polosa-stalnaya-dlya-zazemleniya,тег
https://metpromintex.ru/catalog/polosa-stalnaya-goryachekatanaya,тег
https://metpromintex.ru/catalog/polosa-stalnaya-40-mm,тег
https://metpromintex.ru/catalog/mufta-protivopozharnaya,тег
https://metpromintex.ru/catalog/polosa-stalnaya-2-mm,тег
https://metpromintex.ru/catalog/mufta-kompressionnaya,тег
https://metpromintex.ru/catalog/mufta-remontnaya,тег
https://metpromintex.ru/catalog/mufta-4,тег
https://metpromintex.ru/catalog/mufta-obzhimnaya,тег
https://metpromintex.ru/catalog/paronit-dlya-prokladok,тег
https://metpromintex.ru/catalog/mufta-kanalizatsionnaya,тег
https://metpromintex.ru/catalog/paronit-pon-b,тег
https://metpromintex.ru/catalog/mufta-pvh,тег
https://metpromintex.ru/catalog/paronit-pmb,тег
https://metpromintex.ru/catalog/mufta-termousazhivaemaya,тег
https://metpromintex.ru/catalog/paronit-armirovannyy,тег
https://metpromintex.ru/catalog/paronit-2-mm,тег
https://metpromintex.ru/catalog/paronit-3-mm,тег
https://metpromintex.ru/catalog/paronit-5-mm,тег
https://metpromintex.ru/catalog/paronit-4-mm,тег
https://metpromintex.ru/catalog/paronit-pmb-1,тег
https://metpromintex.ru/catalog/paronit-kislotostoykiy,тег
https://metpromintex.ru/catalog/paronit-termostoykiy,тег
https://metpromintex.ru/catalog/mufta-gayka,тег
https://metpromintex.ru/catalog/mufta-plastikovaya,тег
https://metpromintex.ru/catalog/sgon-12,тег
https://metpromintex.ru/catalog/sgon-34,тег
https://metpromintex.ru/catalog/sgon-1-14,тег
https://metpromintex.ru/catalog/mufta-v-sbore,тег
https://metpromintex.ru/catalog/sgon-nerzhaveyuschiy,тег
https://metpromintex.ru/catalog/sgon-25-mm,тег
https://metpromintex.ru/catalog/mufta-3,тег
https://metpromintex.ru/catalog/sgon-1-dyuym,тег
https://metpromintex.ru/catalog/sgon-pryamoy,тег
https://metpromintex.ru/catalog/sgon-razemnyy,тег
https://metpromintex.ru/catalog/sgon-latunnyy,тег
https://metpromintex.ru/catalog/sgon-uglovoy,тег
https://metpromintex.ru/catalog/sgon-s-nakidnoy-gaykoy,тег
https://metpromintex.ru/catalog/sgon-metallicheskiy,тег
https://metpromintex.ru/catalog/sgon-otsinkovannyy,тег
https://metpromintex.ru/catalog/mufta-perehodnaya,тег
https://metpromintex.ru/catalog/sgon-s-rezboy,тег
https://metpromintex.ru/catalog/mufta-metallicheskaya,тег
https://metpromintex.ru/catalog/sgon-2,тег
https://metpromintex.ru/catalog/sgon-privarnoy,тег
https://metpromintex.ru/catalog/sgon-chernyy,тег
https://metpromintex.ru/catalog/sgon-chugunnyy,тег
https://metpromintex.ru/catalog/sgon-3-dyuyma,тег
https://metpromintex.ru/catalog/mufta-pnd,тег
https://metpromintex.ru/catalog/sgon-4,тег
https://metpromintex.ru/catalog/sgon-udlinennyy,тег
https://metpromintex.ru/catalog/sgon-mednyy,тег
https://metpromintex.ru/catalog/mufta-gofrirovannaya,тег
https://metpromintex.ru/catalog/sgon-nikelirovannyy,тег
https://metpromintex.ru/catalog/sgon-bronzovyy,тег
https://metpromintex.ru/catalog/sgon-konicheskiy,тег
https://metpromintex.ru/catalog/sgon-hromirovannyy,тег
https://metpromintex.ru/catalog/sgon-75-mm,тег
https://metpromintex.ru/catalog/mufta-latunnaya,тег
https://metpromintex.ru/catalog/mufta-25,тег
https://metpromintex.ru/catalog/sgon-razbornyy,тег
https://metpromintex.ru/catalog/mufta-rezbovaya,тег
https://metpromintex.ru/catalog/sgon-dvoynoy,тег
https://metpromintex.ru/catalog/mufta-belaya,тег
https://metpromintex.ru/catalog/sgon-muftovyy,тег
https://metpromintex.ru/catalog/sgon-dlya-otopleniya,тег
https://metpromintex.ru/catalog/mufta-chugunnaya,тег
https://metpromintex.ru/catalog/mufta-zaschitnaya,тег
https://metpromintex.ru/catalog/mufta-pryamaya,тег
https://metpromintex.ru/catalog/mufta-20,тег
https://metpromintex.ru/catalog/mufta-nakidnaya,тег
https://metpromintex.ru/catalog/mufta-polietilenovaya,тег
https://metpromintex.ru/catalog/mufta-uglovaya,тег
https://metpromintex.ru/catalog/mufta-kombinirovannaya,тег
https://metpromintex.ru/catalog/mufta-razbornaya,тег
https://metpromintex.ru/catalog/sgon-dlya-vody,тег
https://metpromintex.ru/catalog/truba-pvh-20-mm,тег
https://metpromintex.ru/catalog/truba-pvh-25-mm,тег
https://metpromintex.ru/catalog/truby-kanalizatsionnye-pvh,тег
https://metpromintex.ru/catalog/truba-pvh-gofrirovannaya,тег
https://metpromintex.ru/catalog/truba-pvh-kleevaya,тег
https://metpromintex.ru/catalog/truba-pvh-zhestkaya,тег
https://metpromintex.ru/catalog/truba-pvh-dlya-basseyna,тег
https://metpromintex.ru/catalog/truba-pvh-gladkaya,тег
https://metpromintex.ru/catalog/truba-pvh-chernaya,тег
https://metpromintex.ru/catalog/truba-pvh-prozrachnaya,тег
https://metpromintex.ru/catalog/truba-pvh-napornaya,тег
https://metpromintex.ru/catalog/trubka-pvh-dlya-opalubki,тег
https://metpromintex.ru/catalog/truba-pvh-belaya,тег
https://metpromintex.ru/catalog/truba-pvh-seraya,тег
https://metpromintex.ru/catalog/truba-pvh-santehnicheskaya,тег
https://metpromintex.ru/catalog/truba-pvh-dlya-skvazhin,тег
https://metpromintex.ru/catalog/truba-pvh-elektrotehnicheskaya,тег
https://metpromintex.ru/catalog/truba-pvh-tolstostennaya,тег
https://metpromintex.ru/catalog/truba-pvh-negoryuchaya,тег
https://metpromintex.ru/catalog/truba-pvh-sinyaya,тег
https://metpromintex.ru/catalog/truba-pvh-s-zondom,тег
https://metpromintex.ru/catalog/truba-pvh-korichnevaya,тег
https://metpromintex.ru/catalog/truba-pvh-pryamougolnaya,тег
https://metpromintex.ru/catalog/truba-pvh-zelenaya,тег
https://metpromintex.ru/catalog/truba-pvh-tyazhelaya,тег
https://metpromintex.ru/catalog/truba-pvh-rastrubnaya,тег
https://metpromintex.ru/catalog/truba-pvh-kabelnaya,тег
https://metpromintex.ru/catalog/truba-pvh-s-protyazhkoy,тег
https://metpromintex.ru/catalog/truba-pvh-ognestoykaya,тег
https://metpromintex.ru/catalog/truba-pvh-naruzhnaya,тег
https://metpromintex.ru/catalog/truba-pvh-atmosferostoykaya,тег
https://metpromintex.ru/catalog/truba-pvh-krasnaya,тег
https://metpromintex.ru/catalog/truba-pvh-tehnicheskaya,тег
https://metpromintex.ru/catalog/truba-pvh-beznapornaya,тег
https://metpromintex.ru/catalog/truba-pvh-montazhnaya,тег
https://metpromintex.ru/catalog/truba-pvh-stroitelnaya,тег
https://metpromintex.ru/catalog/truba-pvh-livnevaya,тег
https://metpromintex.ru/catalog/truba-pvh-legkaya,тег
https://metpromintex.ru/catalog/metall-silumin,тег
https://metpromintex.ru/catalog/silumin-ak12,тег
https://metpromintex.ru/catalog/shayba-stopornaya,тег
https://metpromintex.ru/catalog/shayba-grover,тег
https://metpromintex.ru/catalog/shayba-pruzhinnaya,тег
https://metpromintex.ru/catalog/shayba-m8,тег
https://metpromintex.ru/catalog/shayba-regulirovochnaya,тег
https://metpromintex.ru/catalog/shayba-m10,тег
https://metpromintex.ru/catalog/shayba-dlya-polikarbonata,тег
https://metpromintex.ru/catalog/shayba-m6,тег
https://metpromintex.ru/catalog/shayba-mednaya,тег
https://metpromintex.ru/catalog/shayba-tarelchataya,тег
https://metpromintex.ru/catalog/mufta-mednaya,тег
https://metpromintex.ru/catalog/termoshayba,тег
https://metpromintex.ru/catalog/shayba-uvelichennaya,тег
https://metpromintex.ru/catalog/shayba-metallicheskaya,тег
https://metpromintex.ru/catalog/shayba-usilennaya,тег
https://metpromintex.ru/catalog/shayba-ploskaya,тег
https://metpromintex.ru/catalog/shayba-krovelnaya,тег
https://metpromintex.ru/catalog/shayba-upornaya,тег
https://metpromintex.ru/catalog/shayba-zubchataya,тег
https://metpromintex.ru/catalog/shayba-kosaya,тег
https://metpromintex.ru/catalog/shayba-kvadratnaya,тег
https://metpromintex.ru/catalog/mufta-vnutrennyaya,тег
https://metpromintex.ru/catalog/shayba-uplotnitelnaya,тег
https://metpromintex.ru/catalog/shayba-otsinkovannaya,тег
https://metpromintex.ru/catalog/shayba-razreznaya,тег
https://metpromintex.ru/catalog/shayba-sfericheskaya,тег
https://metpromintex.ru/catalog/shayba-gost-11371-78,тег
https://metpromintex.ru/catalog/shayba-opornaya,тег
https://metpromintex.ru/catalog/shayba-konicheskaya,тег
https://metpromintex.ru/catalog/mufta-dlya-sshitogo-polietilena,тег
https://metpromintex.ru/catalog/shayba-nerzhaveyuschaya,тег
https://metpromintex.ru/catalog/shayba-zazhimnaya,тег
https://metpromintex.ru/catalog/shayba-mebelnaya,тег
https://metpromintex.ru/catalog/shayba-s-nasechkami,тег
https://metpromintex.ru/catalog/shayba-kontaktnaya,тег
https://metpromintex.ru/catalog/shayba-bronzovaya,тег
https://metpromintex.ru/catalog/shayba-vysokoprochnaya,тег
https://metpromintex.ru/catalog/shayba-dlya-teploizolyatsii,тег
https://metpromintex.ru/catalog/mufta-dlya-vody,тег
https://metpromintex.ru/catalog/mufta-nerzhaveyuschaya,тег
https://metpromintex.ru/catalog/mufta-universalnaya,тег
https://metpromintex.ru/catalog/shayba-krepezhnaya,тег
https://metpromintex.ru/catalog/shayba-samokontryaschayasya,тег
https://metpromintex.ru/catalog/shayba-stalnaya,тег
https://metpromintex.ru/catalog/shayba-5-mm,тег
https://metpromintex.ru/catalog/mufta-dielektricheskaya,тег
https://metpromintex.ru/catalog/shayba-antivibratsionnaya,тег
https://metpromintex.ru/catalog/shayba-chernaya,тег
https://metpromintex.ru/catalog/mufta-zhestkaya,тег
https://metpromintex.ru/catalog/mufta-privarnaya,тег
https://metpromintex.ru/catalog/mufta-otsinkovannaya,тег
https://metpromintex.ru/catalog/mufta-perehodnik,тег
https://metpromintex.ru/catalog/shayba-figurnaya,тег
https://metpromintex.ru/catalog/shayba-s-lapkoy,тег
https://metpromintex.ru/catalog/mufta-uplotnitelnaya,тег
https://metpromintex.ru/catalog/shayba-dlya-vintov,тег
https://metpromintex.ru/catalog/shayba-kruglaya,тег
https://metpromintex.ru/catalog/shayba-podgonochnaya,тег
https://metpromintex.ru/catalog/shayba-2-mm,тег
https://metpromintex.ru/catalog/shayba-4-mm,тег
https://metpromintex.ru/catalog/shayba-poliamidnaya,тег
https://metpromintex.ru/catalog/shayba-izognutaya,тег
https://metpromintex.ru/catalog/shayba-latunnaya,тег
https://metpromintex.ru/catalog/shayba-s-faskoy,тег
https://metpromintex.ru/catalog/shayba-s-prokladkoy,тег
https://metpromintex.ru/catalog/shayba-plastikovaya,тег
https://metpromintex.ru/catalog/shayba-s-vystupom,тег
https://metpromintex.ru/catalog/shayba-dlya-dereva,тег
https://metpromintex.ru/catalog/mufta-gibkaya,тег
https://metpromintex.ru/catalog/mufta-drenazhnaya,тег
https://metpromintex.ru/catalog/shayba-polimernaya,тег
https://metpromintex.ru/catalog/shayba-tsink,тег
https://metpromintex.ru/catalog/mufta-seraya,тег
https://metpromintex.ru/catalog/shayba-dlya-profilya,тег
https://metpromintex.ru/catalog/rezinovye-shayby,тег
https://metpromintex.ru/catalog/shayba-polipropilen,тег
https://metpromintex.ru/catalog/mufta-shtutser,тег
https://metpromintex.ru/catalog/mufta-chernaya,тег
https://metpromintex.ru/catalog/shayba-kuzovnaya,тег
https://metpromintex.ru/catalog/mufta-reduktsionnaya,тег
https://metpromintex.ru/catalog/shayba-umenshennaya,тег
https://metpromintex.ru/catalog/mufta-zazhimnaya,тег
https://metpromintex.ru/catalog/mufta-nadvizhnaya,тег
https://metpromintex.ru/catalog/mufta-usilennaya,тег
https://metpromintex.ru/catalog/stropa-kanatnaya-petlevaya,тег
https://metpromintex.ru/catalog/stropy-kanatnye-4ssk,тег
https://metpromintex.ru/catalog/stropy-kanatnye-usk1,тег
https://metpromintex.ru/catalog/stropy-kanatnye-pauki,тег
https://metpromintex.ru/catalog/mufta-pod-payku,тег
https://metpromintex.ru/catalog/mufta-dvuhrastrubnaya,тег
https://metpromintex.ru/catalog/mufta-asbestotsementnaya,тег
https://metpromintex.ru/catalog/profilnaya-alyuminievaya-truba-40h40-mm,тег
https://metpromintex.ru/catalog/alyuminievaya-profilnaya-truba-20h20-mm,тег
https://metpromintex.ru/catalog/truba-profilnaya-alyuminievaya-40h20h2-mm,тег
https://metpromintex.ru/catalog/truba-profilnaya-20h40-alyuminievaya,тег
https://metpromintex.ru/catalog/mufta-korotkaya,тег
https://metpromintex.ru/catalog/mufta-tsangovaya,тег
https://metpromintex.ru/catalog/mufta-kleevaya,тег
https://metpromintex.ru/catalog/mufta-dlya-metalloplastikovyh-trub,тег
https://metpromintex.ru/catalog/ugolok-nerzhaveyuschiy-gnutyy,тег
https://metpromintex.ru/catalog/ugolok-nerzhaveyuschiy-polirovannyy,тег
https://metpromintex.ru/catalog/ugolok-nerzhaveyuschiy-aisi-304,тег
https://metpromintex.ru/catalog/ugolok-nerzhaveyuschiy-ravnopolochnyy,тег
https://metpromintex.ru/catalog/nerzhaveyuschiy-ugolok-20h20-mm,тег
https://metpromintex.ru/catalog/nerzhaveyuschiy-ugolok-50h50-mm,тег
https://metpromintex.ru/catalog/nerzhaveyuschiy-ugolok-40h40-mm,тег
https://metpromintex.ru/catalog/ugolok-nerzhaveyuschiy-zerkalnyy,тег
https://metpromintex.ru/catalog/ugolok-nerzhaveyuschiy-dekorativnyy,тег
https://metpromintex.ru/catalog/mufta-skolzyaschaya,тег
https://metpromintex.ru/catalog/mufta-regulirovochnaya,тег
https://metpromintex.ru/catalog/mufta-nikelirovannaya,тег
https://metpromintex.ru/catalog/mufta-dlinnaya,тег
https://metpromintex.ru/catalog/mufta-ravnoprohodnaya,тег
https://metpromintex.ru/catalog/list-stalnoy-goryachekatanyy,тег
https://metpromintex.ru/catalog/list-goryachekatanyy-4-mm,тег
https://metpromintex.ru/catalog/list-goryachekatanyy-3-mm,тег
https://metpromintex.ru/catalog/list-goryachekatanyy-1-mm,тег
https://metpromintex.ru/catalog/list-goryachekatanyy-2-mm,тег
https://metpromintex.ru/catalog/mufta-konusnaya,тег
https://metpromintex.ru/catalog/list-goryachekatanyy-3h1250h2500-mm,тег
https://metpromintex.ru/catalog/mufta-rastrubnaya,тег
https://metpromintex.ru/catalog/list-goryachekatanyy-nizkolegirovannyy,тег
https://metpromintex.ru/catalog/mufta-bronza,тег
https://metpromintex.ru/catalog/mednaya-shina-zazemleniya-19,тег
https://metpromintex.ru/catalog/mednaya-polosa-dlya-zazemleniya,тег
https://metpromintex.ru/catalog/mufta-napornaya,тег
https://metpromintex.ru/catalog/shina-mednaya-m1t,тег
https://metpromintex.ru/catalog/mednaya-polosa-40h4-mm,тег
https://metpromintex.ru/catalog/shina-mednaya-20-mm,тег
https://metpromintex.ru/catalog/polosa-mednaya-1-mm,тег
https://metpromintex.ru/catalog/dyubel-gvozd,тег
https://metpromintex.ru/catalog/dyubel-plastikovyy,тег
https://metpromintex.ru/catalog/dyubel-dlya-teploizolyatsii,тег
https://metpromintex.ru/catalog/dyubel-molli,тег
https://metpromintex.ru/catalog/dyubel-dlya-kabelya,тег
https://metpromintex.ru/catalog/dyubel-dlya-kirpicha,тег
https://metpromintex.ru/catalog/dyubel-metallicheskiy,тег
https://metpromintex.ru/catalog/dyubel-6h40,тег
https://metpromintex.ru/catalog/dyubel-neylonovyy,тег
https://metpromintex.ru/catalog/dyubel-homut,тег
https://metpromintex.ru/catalog/dyubel-samorez,тег
https://metpromintex.ru/catalog/polosa-mednaya-30h3-mm,тег
https://metpromintex.ru/catalog/shina-mednaya-10-mm,тег
https://metpromintex.ru/catalog/polosa-nerzhaveyuschaya-40h4-mm,тег
https://metpromintex.ru/catalog/polosa-nerzhaveyuschaya-20h2-mm,тег
https://metpromintex.ru/catalog/polosa-nerzhaveyuschaya-1-mm,тег
https://metpromintex.ru/catalog/polosa-nerzhaveyuschaya-aisi-304,тег
https://metpromintex.ru/catalog/polosa-nerzhaveyuschaya-polirovannaya,тег
https://metpromintex.ru/catalog/polosa-nerzhaveyuschaya-3-mm,тег
https://metpromintex.ru/catalog/flyus-dlya-payki-alyuminiya,тег
https://metpromintex.ru/catalog/flyus-svarochnyy,тег
https://metpromintex.ru/catalog/flyus-gel-dlya-payki,тег
https://metpromintex.ru/catalog/flyus-bezotmyvochnyy,тег
https://metpromintex.ru/catalog/flyus-dlya-svarki,тег
https://metpromintex.ru/catalog/flyus-bura,тег
https://metpromintex.ru/catalog/flyus-dlya-nerzhaveyki,тег
https://metpromintex.ru/catalog/flyus-dlya-stali,тег
https://metpromintex.ru/catalog/flyus-lti-120,тег
https://metpromintex.ru/catalog/flyus-dlya-kuznechnoy-svarki,тег
https://metpromintex.ru/catalog/flyus-lti-1,тег
https://metpromintex.ru/catalog/flyus-zil-2,тег
https://metpromintex.ru/catalog/flanets-stalnoy-privarnoy,тег
https://metpromintex.ru/catalog/flanets-stalnoy-ploskiy,тег
https://metpromintex.ru/catalog/flanets-stalnoy-svobodnyy,тег
https://metpromintex.ru/catalog/flanets-stalnoy-gost-33259-2015,тег
https://metpromintex.ru/catalog/flanets-stalnoy-prizhimnoy,тег
https://metpromintex.ru/catalog/flanets-stalnoy-dlya-trub,тег
https://metpromintex.ru/catalog/flanets-stalnoy-vorotnikovyy,тег
https://metpromintex.ru/catalog/flanets-stalnoy-pod-vtulku,тег
https://metpromintex.ru/catalog/flanets-stalnoy-100-mm,тег
https://metpromintex.ru/catalog/flantsy-stalnye-gost-12820-80,тег
https://metpromintex.ru/catalog/flanets-stalnoy-80-mm,тег
https://metpromintex.ru/catalog/flanets-stalnoy-nakidnoy,тег
https://metpromintex.ru/catalog/flanets-stalnoy-rezbovoy,тег
https://metpromintex.ru/catalog/flanets-stalnoy-rastochennyy,тег
https://metpromintex.ru/catalog/flanets-stalnoy-otsinkovannyy,тег
https://metpromintex.ru/catalog/flanets-stalnoy-du-50,тег
https://metpromintex.ru/catalog/flanets-stalnoy-kruglyy,тег
https://metpromintex.ru/catalog/flanets-stalnoy-perehodnoy,тег
https://metpromintex.ru/catalog/flantsy-stalnye-otvetnye,тег
https://metpromintex.ru/catalog/stalnye-flantsy-ru-16,тег
https://metpromintex.ru/catalog/flanets-stalnoy-gluhoy,тег
https://metpromintex.ru/catalog/dyubel-ramnyy,тег
https://metpromintex.ru/catalog/dyubel-stroitelnyy,тег
https://metpromintex.ru/catalog/dyubel-dlya-gipsokartona,тег
https://metpromintex.ru/catalog/dyubel-potaynoy,тег
https://metpromintex.ru/catalog/dyubel-polipropilen,тег
https://metpromintex.ru/catalog/dyubel-stalnoy,тег
https://metpromintex.ru/catalog/dyubel-fisher,тег
https://metpromintex.ru/catalog/dyubel-fasadnyy,тег
https://metpromintex.ru/catalog/dyubel-vintovoy,тег
https://metpromintex.ru/catalog/dyubel-dlya-gazobetona,тег
https://metpromintex.ru/catalog/dyubel-kryuk,тег
https://metpromintex.ru/catalog/dyubel-s-termogolovkoy,тег
https://metpromintex.ru/catalog/dyubel-raspornyy,тег
https://metpromintex.ru/catalog/dyubel-driva,тег
https://metpromintex.ru/catalog/dyubelya-dlya-krepleniya,тег
https://metpromintex.ru/catalog/dyubel-10,тег
https://metpromintex.ru/catalog/dyubel-s-bortikom,тег
https://metpromintex.ru/catalog/dyubel-s-shurupom,тег
https://metpromintex.ru/catalog/dyubel-tarelchatyy-dyubel,тег
https://metpromintex.ru/catalog/dyubel-babochka,тег
https://metpromintex.ru/catalog/dyubel-dlya-betona,тег
https://metpromintex.ru/catalog/dyubel-100,тег
https://metpromintex.ru/catalog/dyubel-universalnyy,тег
https://metpromintex.ru/catalog/list-stalnoy-riflenyy,тег
https://metpromintex.ru/catalog/list-riflenyy-chechevitsa,тег
https://metpromintex.ru/catalog/dyubel-zabivnoy,тег
https://metpromintex.ru/catalog/list-riflenyy-otsinkovannyy,тег
https://metpromintex.ru/catalog/list-riflenyy-rombicheskiy,тег
https://metpromintex.ru/catalog/dyubel-otsinkovannyy,тег
https://metpromintex.ru/catalog/list-riflenyy-kvintet,тег
https://metpromintex.ru/catalog/list-riflenyy-3-mm,тег
https://metpromintex.ru/catalog/list-riflenyy-4-mm,тег
https://metpromintex.ru/catalog/list-riflenyy-5-mm,тег
https://metpromintex.ru/catalog/list-riflenyy-2-mm,тег
https://metpromintex.ru/catalog/filtr-setchatyy,тег
https://metpromintex.ru/catalog/filtr-gazovyy,тег
https://metpromintex.ru/catalog/filtr-magnitnyy,тег
https://metpromintex.ru/catalog/filtr-polipropilenovyy,тег
https://metpromintex.ru/catalog/dyubel-usilennyy,тег
https://metpromintex.ru/catalog/filtr-12,тег
https://metpromintex.ru/catalog/filtr-flantsevyy,тег
https://metpromintex.ru/catalog/filtr-latunnyy,тег
https://metpromintex.ru/catalog/filtr-fmf,тег
https://metpromintex.ru/catalog/filtr-1,тег
https://metpromintex.ru/catalog/filtr-fmm,тег
https://metpromintex.ru/catalog/filtr-fsf,тег
https://metpromintex.ru/catalog/filtr-10-mm,тег
https://metpromintex.ru/catalog/filtr-fs,тег
https://metpromintex.ru/catalog/filtr-muftovyy,тег
https://metpromintex.ru/catalog/filtr-nerzhaveyuschiy,тег
https://metpromintex.ru/catalog/filtr-chugunnyy,тег
https://metpromintex.ru/catalog/filtr-3,тег
https://metpromintex.ru/catalog/filtr-fgs,тег
https://metpromintex.ru/catalog/dyubel-ezhik,тег
https://metpromintex.ru/catalog/filtr-2,тег
https://metpromintex.ru/catalog/filtr-fg,тег
https://metpromintex.ru/catalog/filtr-fsm,тег
https://metpromintex.ru/catalog/filtr-stalnoy,тег
https://metpromintex.ru/catalog/filtr-4,тег
https://metpromintex.ru/catalog/filtr-volosyanoy,тег
https://metpromintex.ru/catalog/filtr-rezbovoy,тег
https://metpromintex.ru/catalog/filtr-pod-payku,тег
https://metpromintex.ru/catalog/filtr-fmu,тег
https://metpromintex.ru/catalog/filtr-8,тег
https://metpromintex.ru/catalog/filtr-pp-r,тег
https://metpromintex.ru/catalog/filtr-privarnoy,тег
https://metpromintex.ru/catalog/mednaya-luzhenaya-provoloka,тег
https://metpromintex.ru/catalog/mednaya-provoloka-5-mm,тег
https://metpromintex.ru/catalog/dyubel-zontik,тег
https://metpromintex.ru/catalog/dyubel-morkovka,тег
https://metpromintex.ru/catalog/dyubel-tip-u,тег
https://metpromintex.ru/catalog/dyubel-s-nasazhennymi-shaybami,тег
https://metpromintex.ru/catalog/dyubel-tip-s,тег
https://metpromintex.ru/catalog/dyubel-udarnyy,тег
https://metpromintex.ru/catalog/dyubel-tip-n,тег
https://metpromintex.ru/catalog/dyubel-tip-t,тег
https://metpromintex.ru/catalog/dyubel-trehraspornyy,тег
https://metpromintex.ru/catalog/dyubel-s-vnutrenney-rezboy,тег
https://metpromintex.ru/catalog/dyubel-trehlepestkovyy,тег
https://metpromintex.ru/catalog/dyubel-gvozd-s-shestigrannoy-golovkoy,тег
https://metpromintex.ru/catalog/dyubel-dlya-tonkostennyh-materialov,тег
https://metpromintex.ru/catalog/nippel-1,тег
https://metpromintex.ru/catalog/nippel-2,тег
https://metpromintex.ru/catalog/nippel-perehodnik,тег
https://metpromintex.ru/catalog/nippel-1-2,тег
https://metpromintex.ru/catalog/mednaya-provoloka-tolstaya,тег
https://metpromintex.ru/catalog/nippel-s-naruzhnoy-rezboy,тег
https://metpromintex.ru/catalog/nippel-privarnoy,тег
https://metpromintex.ru/catalog/medno-kremnievaya-provoloka,тег
https://metpromintex.ru/catalog/nippel-3-4,тег
https://metpromintex.ru/catalog/nippel-1-1-4,тег
https://metpromintex.ru/catalog/nippel-rezbovoy,тег
https://metpromintex.ru/catalog/nippel-perehodnoy,тег
https://metpromintex.ru/catalog/nippel-pryamoy,тег
https://metpromintex.ru/catalog/nippel-latunnyy,тег
https://metpromintex.ru/catalog/nippel-stalnoy,тег
https://metpromintex.ru/catalog/mednaya-provoloka-tonkaya,тег
https://metpromintex.ru/catalog/mednaya-provoloka-pryamougolnaya,тег
https://metpromintex.ru/catalog/provoloka-mednaya-0-d-5-mm,тег
https://metpromintex.ru/catalog/nippel-metallicheskiy,тег
https://metpromintex.ru/catalog/mednaya-provoloka-lakirovannaya,тег
https://metpromintex.ru/catalog/nippeli-otsinkovannyy,тег
https://metpromintex.ru/catalog/nippel-dvoynoy,тег
https://metpromintex.ru/catalog/mednaya-provoloka-buhta,тег
https://metpromintex.ru/catalog/nippel-8,тег
https://metpromintex.ru/catalog/mednaya-provoloka-dlya-elektrodvigateley,тег
https://metpromintex.ru/catalog/nippel-radiatornyy,тег
https://metpromintex.ru/catalog/mednaya-provoloka-kruglaya,тег
https://metpromintex.ru/catalog/mednaya-provoloka-3-mm,тег
https://metpromintex.ru/catalog/provoloka-mednaya-4-mm,тег
https://metpromintex.ru/catalog/mednaya-provoloka-yuvelirnaya,тег
https://metpromintex.ru/catalog/mednaya-provoloka-2-mm,тег
https://metpromintex.ru/catalog/mednaya-provoloka-elektrotehnicheskaya,тег
https://metpromintex.ru/catalog/mednaya-provoloka-1-d-2-mm,тег
https://metpromintex.ru/catalog/mednaya-provoloka-10-mm,тег
https://metpromintex.ru/catalog/mednaya-provoloka-0-d-1-mm,тег
https://metpromintex.ru/catalog/mednaya-provoloka-1-d-5-mm,тег
https://metpromintex.ru/catalog/mednaya-provoloka-6-mm,тег
https://metpromintex.ru/catalog/mednaya-provoloka-8-mm,тег
https://metpromintex.ru/catalog/mednaya-provoloka-zhestkaya,тег
https://metpromintex.ru/catalog/homut-shlanga,тег
https://metpromintex.ru/catalog/katushka-mednoy-provoloki,тег
https://metpromintex.ru/catalog/homut-lentochnyy,тег
https://metpromintex.ru/catalog/homut-stalnoy,тег
https://metpromintex.ru/catalog/mednaya-provoloka-dlya-namotki,тег
https://metpromintex.ru/catalog/mednaya-provoloka-myagkaya,тег
https://metpromintex.ru/catalog/homut-dlya-patrubkov,тег
https://metpromintex.ru/catalog/homut-obzhimnoy,тег
https://metpromintex.ru/catalog/homut-neylonovyy,тег
https://metpromintex.ru/catalog/homut-pruzhinnyy,тег
https://metpromintex.ru/catalog/homut-dlya-trub,тег
https://metpromintex.ru/catalog/homut-chernyy,тег
https://metpromintex.ru/catalog/homut-s-gaykoy,тег
https://metpromintex.ru/catalog/homut-nerzhaveyuschiy,тег
https://metpromintex.ru/catalog/homut-usilennyy,тег
https://metpromintex.ru/catalog/homut-belyy,тег
https://metpromintex.ru/catalog/homut-otsinkovannyy,тег
https://metpromintex.ru/catalog/neyzilber-provoloka,тег
https://metpromintex.ru/catalog/neyzilber-list,тег
https://metpromintex.ru/catalog/neyzilber-mnts15-20,тег
https://metpromintex.ru/catalog/shurup-po-betonu,тег
https://metpromintex.ru/catalog/homut-shpilka,тег
https://metpromintex.ru/catalog/shurup-koltso,тег
https://metpromintex.ru/catalog/homut-metallicheskiy,тег
https://metpromintex.ru/catalog/mebelnye-shurupy,тег
https://metpromintex.ru/catalog/shurup-shpilka,тег
https://metpromintex.ru/catalog/anker-shurup,тег
https://metpromintex.ru/catalog/shurup-kostyl,тег
https://metpromintex.ru/catalog/homut-plastikovyy,тег
https://metpromintex.ru/catalog/homut-1,тег
https://metpromintex.ru/catalog/shurup-s-pressshayboy,тег
https://metpromintex.ru/catalog/shurup-g-obraznyy,тег
https://metpromintex.ru/catalog/shurup-petlya,тег
https://metpromintex.ru/catalog/homut-2,тег
https://metpromintex.ru/catalog/homut-universalnyy,тег
https://metpromintex.ru/catalog/shurup-samosverlyaschiy,тег
https://metpromintex.ru/catalog/shurup-nerzhaveyuschiy,тег
https://metpromintex.ru/catalog/shurup-shestigrannyy,тег
https://metpromintex.ru/catalog/shurup-potaynoy,тег
https://metpromintex.ru/catalog/shurupy-otsinkovannye,тег
https://metpromintex.ru/catalog/shurup-6-mm,тег
https://metpromintex.ru/catalog/homut-chervyachnyy,тег
https://metpromintex.ru/catalog/shurup-4-mm,тег
https://metpromintex.ru/catalog/shurup-10-mm,тег
https://metpromintex.ru/catalog/shurup-2-mm,тег
https://metpromintex.ru/catalog/homut-vrezka,тег
https://metpromintex.ru/catalog/homut-4,тег
https://metpromintex.ru/catalog/shurup-fasadnyy,тег
https://metpromintex.ru/catalog/shurupy-shlits,тег
https://metpromintex.ru/catalog/shurup-sverlokonechnyy,тег
https://metpromintex.ru/catalog/shurup-dlya-krepleniya,тег
https://metpromintex.ru/catalog/shurup-ploskiy,тег
https://metpromintex.ru/catalog/shurup-s-golovkoy,тег
https://metpromintex.ru/catalog/shurup-dvoynoy,тег
https://metpromintex.ru/catalog/tupoy-shurup,тег
https://metpromintex.ru/catalog/shurup-s-polusfericheskoy-golovkoy,тег
https://metpromintex.ru/catalog/shurup-s-polupotaynoy-golovkoy,тег
https://metpromintex.ru/catalog/shurup-polukruglyy,тег
https://metpromintex.ru/catalog/shurup-ostryy,тег
https://metpromintex.ru/catalog/shurup-polukoltso,тег
https://metpromintex.ru/catalog/derzhatel-zheloba-karniznyy,тег
https://metpromintex.ru/catalog/derzhatel-zheloba-125-mm,тег
https://metpromintex.ru/catalog/derzhatel-zheloba-120h86-mm,тег
https://metpromintex.ru/catalog/derzhatel-zheloba-d125h280,тег
https://metpromintex.ru/catalog/derzhatel-zheloba-metallicheskiy,тег
https://metpromintex.ru/catalog/homut-s-prokladkoy,тег
https://metpromintex.ru/catalog/homut-u-obraznyy,тег
https://metpromintex.ru/catalog/homut-kanalizatsionnyy,тег
https://metpromintex.ru/catalog/homut-3,тег
https://metpromintex.ru/catalog/homut-100,тег
https://metpromintex.ru/catalog/homut-stal,тег
https://metpromintex.ru/catalog/gnutyy-shveller-gost-8278-83,тег
https://metpromintex.ru/catalog/homut-dlya-provodov,тег
https://metpromintex.ru/catalog/homut-25,тег
https://metpromintex.ru/catalog/shveller-gnutyy-120h60h4-mm,тег
https://metpromintex.ru/catalog/homut-kabelnyy,тег
https://metpromintex.ru/catalog/homut-50,тег
https://metpromintex.ru/catalog/shveller-gnutyy-80h40h3-mm,тег
https://metpromintex.ru/catalog/homut-montazhnyy,тег
https://metpromintex.ru/catalog/shveller-gnutyy-100h50h4-mm,тег
https://metpromintex.ru/catalog/shveller-gnutyy-160h80h4-mm,тег
https://metpromintex.ru/catalog/shveller-gnutyy-80h60h4-mm,тег
https://metpromintex.ru/catalog/homut-standartnyy,тег
https://metpromintex.ru/catalog/shveller-gnutyy-140h60h5-mm,тег
https://metpromintex.ru/catalog/homut-s-rezinovym-uplotnitelem,тег
https://metpromintex.ru/catalog/shveller-12-gnutyy,тег
https://metpromintex.ru/catalog/shveller-100-gnutyy,тег
https://metpromintex.ru/catalog/homut-zazhimnyy,тег
https://metpromintex.ru/catalog/dvoynoy-homut,тег
https://metpromintex.ru/catalog/shveller-gnutyy-50h50-mm,тег
https://metpromintex.ru/catalog/shveller-gnutyy-5-mm,тег
https://metpromintex.ru/catalog/shveller-gnutyy-80-mm,тег
https://metpromintex.ru/catalog/homut-odnoboltovyy,тег
https://metpromintex.ru/catalog/shveller-gnutyy-09g2s,тег
https://metpromintex.ru/catalog/shveller-gnutyy-ravnopolochnyy,тег
https://metpromintex.ru/catalog/homut-gibkiy,тег
https://metpromintex.ru/catalog/tsep-metallicheskaya,тег
https://metpromintex.ru/catalog/tsep-chernaya,тег
https://metpromintex.ru/catalog/homut-provolochnyy,тег
https://metpromintex.ru/catalog/tsep-8-mm,тег
https://metpromintex.ru/catalog/tsep-3-mm,тег
https://metpromintex.ru/catalog/tsep-4-mm,тег
https://metpromintex.ru/catalog/homut-sharnirnyy,тег
https://metpromintex.ru/catalog/homut-sprinklernyy,тег
https://metpromintex.ru/catalog/tsep-korotkaya,тег
https://metpromintex.ru/catalog/homut-shirokiy,тег
https://metpromintex.ru/catalog/homut-bystrosemnyy,тег
https://metpromintex.ru/catalog/homut-s-shurupom,тег
https://metpromintex.ru/catalog/berilliy-1,тег
https://metpromintex.ru/catalog/berilliy-2,тег
https://metpromintex.ru/catalog/obratnyy-klapan,тег
https://metpromintex.ru/catalog/drossel-klapan-s-ruchnym-privodom,тег
https://metpromintex.ru/catalog/drossel-klapany-iz-otsinkovannoy-stali,тег
https://metpromintex.ru/catalog/drossel-klapan-iz-nerzhaveyuschey-stali,тег
https://metpromintex.ru/catalog/drossel-klapan-pryamougolnogo-secheniya,тег
https://metpromintex.ru/catalog/klapan-1,тег
https://metpromintex.ru/catalog/klapan-ventilyatsii,тег
https://metpromintex.ru/catalog/klapan-reguliruyuschiy,тег
https://metpromintex.ru/catalog/chushka-alyuminievaya-a7,тег
https://metpromintex.ru/catalog/nihromovaya-provoloka-1-mm,тег
https://metpromintex.ru/catalog/nihromovaya-provoloka-0-d-8-mm,тег
https://metpromintex.ru/catalog/nihromovaya-provoloka-0-d-5-mm,тег
https://metpromintex.ru/catalog/nihromovaya-provoloka-1-d-2-mm,тег
https://metpromintex.ru/catalog/katushka-nihromovoy-provoloki,тег
https://metpromintex.ru/catalog/nihromovaya-provoloka-dlya-vyzhigatelya,тег
https://metpromintex.ru/catalog/nihromovaya-provoloka-5-mm,тег
https://metpromintex.ru/catalog/nihromovaya-nagrevatelnaya-provoloka,тег
https://metpromintex.ru/catalog/provoloka-nihromovaya-3-mm,тег
https://metpromintex.ru/catalog/provoloka-nihromovaya-2-mm,тег
https://metpromintex.ru/catalog/10-m-nihromovoy-provoloki,тег
https://metpromintex.ru/catalog/nihromovaya-provoloka-dlya-pechey,тег
https://metpromintex.ru/catalog/nihromovaya-provoloka-0-d-1,тег
https://metpromintex.ru/catalog/molibden-reniy,тег
https://metpromintex.ru/catalog/remen-privodnoy-klinovoy,тег
https://metpromintex.ru/catalog/ploskiy-privodnyy-remen,тег
https://metpromintex.ru/catalog/zubchatyy-privodnoy-remen,тег
https://metpromintex.ru/catalog/privodnoy-remen-generatora,тег
https://metpromintex.ru/catalog/privodnoy-remen-dlya-stiralnoy-mashiny,тег
https://metpromintex.ru/catalog/privodnoy-remen-ventilyatora,тег
https://metpromintex.ru/catalog/remni-privodnye-mnogoruchevye,тег
https://metpromintex.ru/catalog/avtomobilnye-privodnye-remni,тег
https://metpromintex.ru/catalog/homut-pvh,тег
https://metpromintex.ru/catalog/talrep-dlya-natyazhki-trosa,тег
https://metpromintex.ru/catalog/talrep-kryuk-kryuk,тег
https://metpromintex.ru/catalog/talrep-koltso-koltso,тег
https://metpromintex.ru/catalog/talrep-kryuk-koltso,тег
https://metpromintex.ru/catalog/talrep-vilka-vilka,тег
https://metpromintex.ru/catalog/homut-dvuhboltovyy,тег
https://metpromintex.ru/catalog/talrep-kryuk-kryuk-m10,тег
https://metpromintex.ru/catalog/talrep-koltso-koltso-m10,тег
https://metpromintex.ru/catalog/talrep-m10,тег
https://metpromintex.ru/catalog/talrep-dlya-rastyazhki,тег
https://metpromintex.ru/catalog/talrep-tsepnoy,тег
https://metpromintex.ru/catalog/talrep-s-treschetkoy,тег
https://metpromintex.ru/catalog/talrep-nerzhaveyuschiy,тег
https://metpromintex.ru/catalog/talrep-dlya-trala,тег
https://metpromintex.ru/catalog/talrep-malenkiy,тег
https://metpromintex.ru/catalog/talrep-gruzovoy,тег
https://metpromintex.ru/catalog/talrep-vintovoy,тег
https://metpromintex.ru/catalog/homut-s-rezinovym-profilem,тег
https://metpromintex.ru/catalog/homut-polipropilenovyy,тег
https://metpromintex.ru/catalog/homut-chugunnyy,тег
https://metpromintex.ru/catalog/homut-s-zaschelkoy,тег
https://metpromintex.ru/catalog/homut-kvadratnyy,тег
https://metpromintex.ru/catalog/homut-boltovyy,тег
https://metpromintex.ru/catalog/homut-vysokoy-nagruzki,тег
https://metpromintex.ru/catalog/homut-rezbovoy,тег
https://metpromintex.ru/catalog/homut-morozostoykiy,тег
https://metpromintex.ru/catalog/homut-bystrorazemnyy,тег
https://metpromintex.ru/catalog/homut-vysokogo-davleniya,тег
https://metpromintex.ru/catalog/homut-seryy,тег
https://metpromintex.ru/catalog/homut-bolshogo-diametra,тег
https://metpromintex.ru/catalog/homut-babochka,тег
https://metpromintex.ru/catalog/talrep-otsinkovannyy,тег
https://metpromintex.ru/catalog/talrep-petlya-petlya,тег
https://metpromintex.ru/catalog/talrep-takelazhnyy,тег
https://metpromintex.ru/catalog/talrep-vilochnyy,тег
https://metpromintex.ru/catalog/talrep-bolshoy,тег
https://metpromintex.ru/catalog/talrep-din-1480,тег
https://metpromintex.ru/catalog/talrep-otkrytyy,тег
https://metpromintex.ru/catalog/talrep-metallicheskiy,тег
https://metpromintex.ru/catalog/talrep-styazhka,тег
https://metpromintex.ru/catalog/homut-dvuhstoronniy,тег
https://metpromintex.ru/catalog/amerikanka-34,тег
https://metpromintex.ru/catalog/homut-s-barashkom,тег
https://metpromintex.ru/catalog/amerikanka-12,тег
https://metpromintex.ru/catalog/amerikanka-1,тег
https://metpromintex.ru/catalog/amerikanka-uglovaya,тег
https://metpromintex.ru/catalog/amerikanka-nerzhaveyuschaya,тег
https://metpromintex.ru/catalog/amerikanka-muftovaya,тег
https://metpromintex.ru/catalog/amerikanka-latunnaya,тег
https://metpromintex.ru/catalog/amerikanka-vrvr,тег
https://metpromintex.ru/catalog/amerikanka-polipropilenovaya,тег
https://metpromintex.ru/catalog/amerikanka-konusnaya,тег
https://metpromintex.ru/catalog/amerikanka-pryamaya,тег
https://metpromintex.ru/catalog/amerikanka-chugunnaya,тег
https://metpromintex.ru/catalog/amerikanka-2,тег
https://metpromintex.ru/catalog/amerikanka-metallicheskaya,тег
https://metpromintex.ru/catalog/amerikanka-stalnaya,тег
https://metpromintex.ru/catalog/amerikanka-razemnaya,тег
https://metpromintex.ru/catalog/homut-mednyy,тег
https://metpromintex.ru/catalog/amerikanka-3,тег
https://metpromintex.ru/catalog/homut-reguliruemyy,тег
https://metpromintex.ru/catalog/amerikanka-vnutrennyaya,тег
https://metpromintex.ru/catalog/homut-fiksiruyuschiy,тег
https://metpromintex.ru/catalog/amerikanka-4,тег
https://metpromintex.ru/catalog/amerikanka-nakidnaya,тег
https://metpromintex.ru/catalog/homut-odnostoronniy,тег
https://metpromintex.ru/catalog/amerikanka-nikelirovannaya,тег
https://metpromintex.ru/catalog/amerikanka-otsinkovannaya,тег
https://metpromintex.ru/catalog/amerikanka-hromirovannaya,тег
https://metpromintex.ru/catalog/amerikanka-naruzhnaya,тег
https://metpromintex.ru/catalog/amerikanka-soedinitelnaya,тег
https://metpromintex.ru/catalog/homut-polimernyy,тег
https://metpromintex.ru/catalog/homut-pozharnyy,тег
https://metpromintex.ru/catalog/dyubel-gvozd-6h40-mm,тег
https://metpromintex.ru/catalog/gvozdi-shifernye,тег
https://metpromintex.ru/catalog/gvozdi-mebelnye,тег
https://metpromintex.ru/catalog/gvozdi-vintovye,тег
https://metpromintex.ru/catalog/gvozdi-po-betonu,тег
https://metpromintex.ru/catalog/gvozdi-krovelnye,тег
https://metpromintex.ru/catalog/gvozdi-dlya-vagonki,тег
https://metpromintex.ru/catalog/gvozdi-reechnye,тег
https://metpromintex.ru/catalog/gvozdi-otsinkovannye,тег
https://metpromintex.ru/catalog/anker-gvozd,тег
https://metpromintex.ru/catalog/gvozdi-mednye,тег
https://metpromintex.ru/catalog/dyubel-gvozd-6-mm,тег
https://metpromintex.ru/catalog/montazhnye-gvozdi,тег
https://metpromintex.ru/catalog/gvozdi-dlinnye,тег
https://metpromintex.ru/catalog/gvozdi-chernye,тег
https://metpromintex.ru/catalog/gvozdi-90-mm,тег
https://metpromintex.ru/catalog/gvozdi-kvadratnye,тег
https://metpromintex.ru/catalog/belye-gvozdi,тег
https://metpromintex.ru/catalog/homut-s-zastezhkoy,тег
https://metpromintex.ru/catalog/gvozdi-fasadnye,тег
https://metpromintex.ru/catalog/gvozdi-koltsevye,тег
https://metpromintex.ru/catalog/homut-latunnyy,тег
https://metpromintex.ru/catalog/homut-s-metallicheskim-zamkom,тег
https://metpromintex.ru/catalog/homut-strahovochnyy,тег
https://metpromintex.ru/catalog/homut-malenkogo-diametra,тег
https://metpromintex.ru/catalog/gvozdi-melkie,тег
https://metpromintex.ru/catalog/potaynye-gvozdi,тег
https://metpromintex.ru/catalog/gvozd-zabivnoy,тег
https://metpromintex.ru/catalog/gvozdi-stalnye,тег
https://metpromintex.ru/catalog/vint-samonarezayuschiy,тег
https://metpromintex.ru/catalog/vint-mebelnyy,тег
https://metpromintex.ru/catalog/vint-potaynoy,тег
https://metpromintex.ru/catalog/vint-4,тег
https://metpromintex.ru/catalog/vint-5,тег
https://metpromintex.ru/catalog/vint-m6,тег
https://metpromintex.ru/catalog/vint-s-vnutrennim-shestigrannikom,тег
https://metpromintex.ru/catalog/vinty-dlya-krepleniya,тег
https://metpromintex.ru/catalog/vint-8,тег
https://metpromintex.ru/catalog/vint-ustanovochnyy,тег
https://metpromintex.ru/catalog/vint-polukruglyy,тег
https://metpromintex.ru/catalog/vint-pressshayba,тег
https://metpromintex.ru/catalog/vint-m3,тег
https://metpromintex.ru/catalog/vint-latunnyy,тег
https://metpromintex.ru/catalog/vint-nerzhaveyka,тег
https://metpromintex.ru/catalog/gvozd-usilennyy,тег
https://metpromintex.ru/catalog/gvozdi-dlya-kabelya,тег
https://metpromintex.ru/catalog/gvozdi-otdelochnye,тег
https://metpromintex.ru/catalog/gvozd-s-shayboy,тег
https://metpromintex.ru/catalog/gvozdi-dlya-pola,тег
https://metpromintex.ru/catalog/gvozdi-myagkie,тег
https://metpromintex.ru/catalog/gvozd-1-mm,тег
https://metpromintex.ru/catalog/gibkiy-gvozd,тег
https://metpromintex.ru/catalog/gvozdi-latun,тег
https://metpromintex.ru/catalog/gvozdi-3-mm,тег
https://metpromintex.ru/catalog/gvozdi-4-mm,тег
https://metpromintex.ru/catalog/gvozdi-6-mm,тег
https://metpromintex.ru/catalog/gvozdi-ploskie,тег
https://metpromintex.ru/catalog/gvozd-kruglyy,тег
https://metpromintex.ru/catalog/gvozdi-dlya-ruberoida,тег
https://metpromintex.ru/catalog/gvozdi-dlya-potolka,тег
https://metpromintex.ru/catalog/gvozdi-dlya-profilya,тег
https://metpromintex.ru/catalog/gvozdi-barabannye,тег
https://metpromintex.ru/catalog/metallicheskiy-gvozd,тег
https://metpromintex.ru/catalog/gvozd-2-mm,тег
https://metpromintex.ru/catalog/rezinovaya-kroshka-3-mm,тег
https://metpromintex.ru/catalog/rezinovaya-kroshka-chernaya,тег
https://metpromintex.ru/catalog/tsvetnaya-rezinovaya-kroshka,тег
https://metpromintex.ru/catalog/rezinovaya-kroshka-belaya,тег
https://metpromintex.ru/catalog/rezinovaya-kroshka-zelenaya,тег
https://metpromintex.ru/catalog/rezinovaya-kroshka-oranzhevaya,тег
https://metpromintex.ru/catalog/rezinovaya-kroshka-seraya,тег
https://metpromintex.ru/catalog/rezinovaya-kroshka-sinyaya,тег
https://metpromintex.ru/catalog/futorka-1,тег
https://metpromintex.ru/catalog/futorka-2,тег
https://metpromintex.ru/catalog/futorku-4,тег
https://metpromintex.ru/catalog/futorka-1-2,тег
https://metpromintex.ru/catalog/futorka-3-4,тег
https://metpromintex.ru/catalog/futorka-1-1-4-na-1,тег
https://metpromintex.ru/catalog/futorka-1-na-3-4,тег
https://metpromintex.ru/catalog/futorka-1-2-na-1-4,тег
https://metpromintex.ru/catalog/futorka-2-na-3-4,тег
https://metpromintex.ru/catalog/futorka-1-2-na-3-4,тег
https://metpromintex.ru/catalog/futorka-8,тег
https://metpromintex.ru/catalog/patrubok-vozdushnogo-filtra,тег
https://metpromintex.ru/catalog/silikonovye-patrubki,тег
https://metpromintex.ru/catalog/patrubok-interkulera,тег
https://metpromintex.ru/catalog/patrubok-kompensatsionnyy,тег
https://metpromintex.ru/catalog/patrubki-ohlazhdeniya,тег
https://metpromintex.ru/catalog/patrubok-stalnoy,тег
https://metpromintex.ru/catalog/patrubok-ventilyatsionnyy,тег
https://metpromintex.ru/catalog/patrubok-soedinitelnyy,тег
https://metpromintex.ru/catalog/patrubok-perehodnoy,тег
https://metpromintex.ru/catalog/patrubok-gofrirovannyy,тег
https://metpromintex.ru/catalog/patrubok-flantsevyy,тег
https://metpromintex.ru/catalog/patrubok-uglovoy,тег
https://metpromintex.ru/catalog/patrubok-metallicheskiy,тег
https://metpromintex.ru/catalog/patrubok-rezbovoy,тег
https://metpromintex.ru/catalog/patrubok-gibkiy,тег
https://metpromintex.ru/catalog/patrubok-chugunnyy,тег
https://metpromintex.ru/catalog/patrubok-rastrubnyy,тег
https://metpromintex.ru/catalog/patrubok-pryamoy,тег
https://metpromintex.ru/catalog/patrubok-otsinkovannyy,тег
https://metpromintex.ru/catalog/patrubok-nerzhaveyuschiy,тег
https://metpromintex.ru/catalog/patrubok-2,тег
https://metpromintex.ru/catalog/patrubok-1,тег
https://metpromintex.ru/catalog/strop-tekstilnyy-petlevoy,тег
https://metpromintex.ru/catalog/stropa-tekstilnaya-3t,тег
https://metpromintex.ru/catalog/stropa-tekstilnaya-5t,тег
https://metpromintex.ru/catalog/stropy-tekstilnye-kruglopryadnye,тег
https://metpromintex.ru/catalog/stropy-tekstilnye-gruzopodemnye,тег
https://metpromintex.ru/catalog/lenta-stropa-tekstilnaya,тег
https://metpromintex.ru/catalog/stropy-tekstilnye-pauki,тег
https://metpromintex.ru/catalog/strop-tekstilnyy-na-polimernoy-osnove,тег
https://metpromintex.ru/catalog/stropy-tekstilnye-stp-6-t-6-m,тег
https://metpromintex.ru/catalog/strop-tekstilnyy-petlevoy-stp-5-t,тег
https://metpromintex.ru/catalog/strop-tekstilnyy-stp-2-t,тег
https://metpromintex.ru/catalog/strop-tekstilnyy-petlevoy-stp-1-t,тег
https://metpromintex.ru/catalog/stropy-tekstilnye-lentochnye,тег
https://metpromintex.ru/catalog/konstruktsionnyy-alyuminievyy-profil,тег
https://metpromintex.ru/catalog/alyuminievyy-profil-dlya-stekla,тег
https://metpromintex.ru/catalog/truba-polipropilenovaya-armirovannaya,тег
https://metpromintex.ru/catalog/truba-polipropilenovaya-armirovannaya-steklovoloknom,тег
https://metpromintex.ru/catalog/profil-uglovoy-alyuminievyy,тег
https://metpromintex.ru/catalog/alyuminievyy-profil-n-obraznyy,тег
https://metpromintex.ru/catalog/p-profil-alyuminievyy,тег
https://metpromintex.ru/catalog/alyuminievyy-profil-fasadnyy,тег
https://metpromintex.ru/catalog/anodirovannyy-alyuminievyy-profil,тег
https://metpromintex.ru/catalog/alyuminievyy-profil-mebelnyy,тег
https://metpromintex.ru/catalog/alyuminievyy-profil-potolochnyy,тег
https://metpromintex.ru/catalog/alyuminievyy-profil-kromochnyy,тег
https://metpromintex.ru/catalog/profili-alyuminievye-10-mm,тег
https://metpromintex.ru/catalog/alyuminievyy-profil-shtapikovyy,тег
https://metpromintex.ru/catalog/alyuminievyy-profil-2-mm,тег
https://metpromintex.ru/catalog/rezba-12,тег
https://metpromintex.ru/catalog/truba-polipropilenovaya-kanalizatsionnaya,тег
https://metpromintex.ru/catalog/rezba-34,тег
https://metpromintex.ru/catalog/rezba-1,тег
https://metpromintex.ru/catalog/rezba-otsinkovannaya,тег
https://metpromintex.ru/catalog/rezba-2,тег
https://metpromintex.ru/catalog/rezba-20-mm,тег
https://metpromintex.ru/catalog/rezba-25-mm,тег
https://metpromintex.ru/catalog/rezba-3,тег
https://metpromintex.ru/catalog/rezba-4,тег
https://metpromintex.ru/catalog/rezba-udlinennaya,тег
https://metpromintex.ru/catalog/truba-polipropilenovaya-dlya-goryachey-vody,тег
https://metpromintex.ru/catalog/truba-polipropilenovaya-armirovannaya-alyuminiem,тег
https://metpromintex.ru/catalog/alyuminievaya-pudra-pap1,тег
https://metpromintex.ru/catalog/pudra-alyuminievaya-pap-2,тег
https://metpromintex.ru/catalog/polipropilenovye-truby-dlya-otopleniya,тег
https://metpromintex.ru/catalog/pudra-alyuminievaya-dlya-gazobetona,тег
https://metpromintex.ru/catalog/truba-polipropilenovaya-dlya-holodnoy-vody,тег
https://metpromintex.ru/catalog/pudra-alyuminievaya-serebryanka,тег
https://metpromintex.ru/catalog/polipropilenovaya-truba-32mm,тег
https://metpromintex.ru/catalog/truba-polipropilenovaya-vodoprovodnaya,тег
https://metpromintex.ru/catalog/alyuminievaya-pudra-pap-1-pap-2,тег
https://metpromintex.ru/catalog/truba-polipropilenovaya-gofrirovannaya,тег
https://metpromintex.ru/catalog/truba-polipropilenovaya-belaya,тег
https://metpromintex.ru/catalog/latunnaya-provoloka-dlya-payki,тег
https://metpromintex.ru/catalog/truba-polipropilenovaya-bolshogo-diametra,тег
https://metpromintex.ru/catalog/truba-polipropilenovaya-20-mm,тег
https://metpromintex.ru/catalog/truba-polipropilenovaya-chernaya,тег
https://metpromintex.ru/catalog/provoloka-latunnaya-3-mm,тег
https://metpromintex.ru/catalog/provoloka-latunnaya-l63,тег
https://metpromintex.ru/catalog/latunnaya-provoloka-svarochnaya,тег
https://metpromintex.ru/catalog/latunnaya-provoloka-1-mm,тег
https://metpromintex.ru/catalog/latunnaya-provoloka-0-d-25-mm,тег
https://metpromintex.ru/catalog/provoloka-latunnaya-4-mm,тег
https://metpromintex.ru/catalog/latunnaya-provoloka-advacut,тег
https://metpromintex.ru/catalog/latunnaya-provoloka-myagkaya,тег
https://metpromintex.ru/catalog/provoloka-latunnaya-2-mm,тег
https://metpromintex.ru/catalog/latunnaya-provoloka-tverdaya,тег
https://metpromintex.ru/catalog/truba-polipropilenovaya-25-mm,тег
https://metpromintex.ru/catalog/truba-polipropilenovaya-santehnika,тег
https://metpromintex.ru/catalog/truba-polipropilenovaya-dvuhsloynaya,тег
https://metpromintex.ru/catalog/truba-polipropilenovaya-krasnaya,тег
https://metpromintex.ru/catalog/truba-polipropilenovaya-pozharnaya,тег
https://metpromintex.ru/catalog/truba-polipropilenovaya-sinyaya,тег
https://metpromintex.ru/catalog/truba-polipropilenovaya-nearmirovannaya,тег
https://metpromintex.ru/catalog/truba-polipropilenovaya-pitevaya,тег
https://metpromintex.ru/catalog/truba-polipropilenovaya-s-vnutrennim-armirovaniem,тег
https://metpromintex.ru/catalog/truba-polipropilenovaya-tolstostennaya,тег
https://metpromintex.ru/catalog/truba-polipropilenovaya-tsvetnye,тег
https://metpromintex.ru/catalog/truba-polipropilenovaya-tonkostennaya,тег
https://metpromintex.ru/catalog/truba-polipropilenovaya-naruzhnaya,тег
https://metpromintex.ru/catalog/dozhdepriemnik-plastikovyy,тег
https://metpromintex.ru/catalog/dozhdepriemnik-pryamougolnyy,тег
https://metpromintex.ru/catalog/dozhdepriemniki-dlya-livnevoy-kanalizatsii,тег
https://metpromintex.ru/catalog/elevator-vodostruynyy-2,тег
https://metpromintex.ru/catalog/elevator-vodostruynyy-1,тег
https://metpromintex.ru/catalog/elevator-vodostruynyy-3,тег
https://metpromintex.ru/catalog/elevator-vodostruynyy-40s10bk,тег
https://metpromintex.ru/catalog/dozhdepriemnik-chugunnyy,тег
https://metpromintex.ru/catalog/dozhdepriemnik-kruglyy,тег
https://metpromintex.ru/catalog/truba-elektrosvarnaya-stalnaya,тег
https://metpromintex.ru/catalog/truba-elektrosvarnaya-pryamoshovnaya,тег
https://metpromintex.ru/catalog/dozhdepriemnik-db-2,тег
https://metpromintex.ru/catalog/truba-elektrosvarnaya-kruglaya,тег
https://metpromintex.ru/catalog/dozhdepriemnik-malyy,тег
https://metpromintex.ru/catalog/truba-elektrosvarnaya-76-mm,тег
https://metpromintex.ru/catalog/truba-elektrosvarnaya-50-mm,тег
https://metpromintex.ru/catalog/dozhdepriemnik-bokovoy,тег
https://metpromintex.ru/catalog/elektrosvarnaya-truba-20-mm,тег
https://metpromintex.ru/catalog/dozhdepriemnik-s-chugunnoy-reshetkoy,тег
https://metpromintex.ru/catalog/truba-elektrosvarnaya-tonkostennaya,тег
https://metpromintex.ru/catalog/dozhdepriemnik-dm2,тег
https://metpromintex.ru/catalog/truba-elektrosvarnaya-goryachekatanaya,тег
https://metpromintex.ru/catalog/dozhdepriemnik-200h200,тег
https://metpromintex.ru/catalog/truba-elektrosvarnaya-bolshogo-diametra,тег
https://metpromintex.ru/catalog/dozhdepriemnik-plastikovyy-300h300,тег
https://metpromintex.ru/catalog/dozhdepriemnik-dorozhnyy,тег
https://metpromintex.ru/catalog/dozhdepriemnik-magistralnyy,тег
https://metpromintex.ru/catalog/truba-elektrosvarnaya-nizkolegirovannaya,тег
https://metpromintex.ru/catalog/dozhdepriemnik-gorizontalnyy,тег
https://metpromintex.ru/catalog/dozhdepriemnik-polimerpeschanyy,тег
https://metpromintex.ru/catalog/truba-elektrosvarnaya-80-mm,тег
https://metpromintex.ru/catalog/truba-elektrosvarnaya-32-mm,тег
https://metpromintex.ru/catalog/folga-alyuminievaya-dlya-bani-i-sauny,тег
https://metpromintex.ru/catalog/folga-alyuminievaya-tehnicheskaya,тег
https://metpromintex.ru/catalog/folga-alyuminievaya-rulonnaya,тег
https://metpromintex.ru/catalog/folga-alyuminievaya-tolstaya,тег
https://metpromintex.ru/catalog/folga-alyuminievaya-stroitelnaya,тег
https://metpromintex.ru/catalog/folga-alyuminievaya-10-m,тег
https://metpromintex.ru/catalog/alyuminievaya-folga-0-1,тег
https://metpromintex.ru/catalog/folga-alyuminievaya-0-2,тег
https://metpromintex.ru/catalog/alyuminievaya-folga-dlya-teploizolyatsii,тег
https://metpromintex.ru/catalog/folga-alyuminievaya-shirokaya,тег
https://metpromintex.ru/catalog/folga-alyuminievaya-vodonepronitsaemaya,тег
https://metpromintex.ru/catalog/zadvizhka-stalnaya-flantsevaya,тег
https://metpromintex.ru/catalog/zadvizhka-stalnaya-s-elektroprivodom,тег
https://metpromintex.ru/catalog/zadvizhka-stalnaya-klinovaya,тег
https://metpromintex.ru/catalog/zadvizhka-stalnaya-litaya,тег
https://metpromintex.ru/catalog/zadvizhka-stalnaya-100,тег
https://metpromintex.ru/catalog/zadvizhka-stalnaya-30s41nzh,тег
https://metpromintex.ru/catalog/zadvizhka-stalnaya-dlya-truboprovoda,тег
https://metpromintex.ru/catalog/zadvizhka-stalnaya-100-flantsevaya,тег
https://metpromintex.ru/catalog/zadvizhka-stalnaya-klinovaya-flantsevaya,тег
https://metpromintex.ru/catalog/zadvizhka-stalnaya-s-ruchnym-privodom,тег
https://metpromintex.ru/catalog/zadvizhka-stalnaya-s-reduktorom,тег
https://metpromintex.ru/catalog/zadvizhki-stalnye-s-vydvizhnym-shpindelem,тег
https://metpromintex.ru/catalog/zadvizhka-stalnaya-shibernaya,тег
https://metpromintex.ru/catalog/zadvizhka-stalnaya-50,тег
https://metpromintex.ru/catalog/zadvizhka-stalnaya-80,тег
https://metpromintex.ru/catalog/zadvizhka-stalnaya-privarnaya,тег
https://metpromintex.ru/catalog/zadvizhka-stalnaya-gazovaya,тег
https://metpromintex.ru/catalog/zadvizhka-stalnaya-muftovaya,тег
https://metpromintex.ru/catalog/zadvizhka-stalnaya-s-nevydvizhnym-shpindelem,тег
https://metpromintex.ru/catalog/opory-truboprovodov-nepodvizhnye,тег
https://metpromintex.ru/catalog/opory-truboprovodov-skolzyaschie,тег
https://metpromintex.ru/catalog/opory-truboprovodov-stalnye,тег
https://metpromintex.ru/catalog/opory-truboprovodov-napravlyayuschie,тег
https://metpromintex.ru/catalog/opory-truboprovodov-privarnye,тег
https://metpromintex.ru/catalog/opory-truboprovodov-beskorpusnye,тег
https://metpromintex.ru/catalog/truba-elektrosvarnaya-otopleniya,тег
https://metpromintex.ru/catalog/truba-elektrosvarnaya-spiralnoshovnaya,тег
https://metpromintex.ru/catalog/truba-elektrosvarnaya-tolstostennaya,тег
https://metpromintex.ru/catalog/bochata-santehnicheskie,тег
https://metpromintex.ru/catalog/bochata-12,тег
https://metpromintex.ru/catalog/bochata-34,тег
https://metpromintex.ru/catalog/bochata-1-14,тег
https://metpromintex.ru/catalog/bochata-1-dyuym,тег
https://metpromintex.ru/catalog/bochata-otsinkovannye,тег
https://metpromintex.ru/catalog/bochata-25-mm,тег
https://metpromintex.ru/catalog/bochata-15-mm,тег
https://metpromintex.ru/catalog/bochata-20-mm,тег
https://metpromintex.ru/catalog/bochata-santehnicheskie-1,тег
https://metpromintex.ru/catalog/bochata-santehnicheskie-12,тег
https://metpromintex.ru/catalog/provoloka-pruzhinnaya-nerzhaveyuschaya,тег
https://metpromintex.ru/catalog/provoloka-nerzhaveyuschaya-0-d-8-mm,тег
https://metpromintex.ru/catalog/provoloka-nerzhaveyuschaya-poroshkovaya,тег
https://metpromintex.ru/catalog/provoloka-nerzhaveyuschaya-3-mm,тег
https://metpromintex.ru/catalog/provoloka-nerzhaveyuschaya-12h18n10t,тег
https://metpromintex.ru/catalog/provoloka-nerzhaveyuschaya-pchelovodnaya,тег
https://metpromintex.ru/catalog/provoloka-nerzhaveyuschaya-1-mm,тег
https://metpromintex.ru/catalog/provoloka-nerzhaveyuschaya-2-mm,тег
https://metpromintex.ru/catalog/provoloka-nerzhaveyuschaya-myagkaya,тег
https://metpromintex.ru/catalog/provoloka-nerzhaveyuschaya-prisadochnaya,тег
https://metpromintex.ru/catalog/provoloka-nerzhaveyuschaya-pischevaya,тег
https://metpromintex.ru/catalog/provoloka-nerzhaveyuschaya-5-mm,тег
https://metpromintex.ru/catalog/provoloka-nerzhaveyuschaya-aisi-304,тег
https://metpromintex.ru/catalog/opory-truboprovodov-dielektricheskie,тег
https://metpromintex.ru/catalog/setka-mane-otsinkovannaya,тег
https://metpromintex.ru/catalog/setka-mane-provolochnaya,тег
https://metpromintex.ru/catalog/truba-goryachedeformirovannaya-stalnaya,тег
https://metpromintex.ru/catalog/truba-besshovnaya-goryachedeformirovannaya-5-mm,тег
https://metpromintex.ru/catalog/opory-truboprovodov-katkovye,тег
https://metpromintex.ru/catalog/ugolok-gnutyy-ravnopolochnyy,тег
https://metpromintex.ru/catalog/ugolok-gnutyy-neravnopolochnyy,тег
https://metpromintex.ru/catalog/homutovye-opory-dlya-truboprovodov,тег
https://metpromintex.ru/catalog/opory-truboprovodov-korpusnye,тег
https://metpromintex.ru/catalog/opora-podvizhnaya-dlya-truboprovodov,тег
https://metpromintex.ru/catalog/opora-truboprovoda-ppu,тег
https://metpromintex.ru/catalog/opory-vertikalnyh-truboprovodov,тег
https://metpromintex.ru/catalog/opory-truboprovodov-bugelnye,тег
https://metpromintex.ru/catalog/list-metalla-holodnokatanyy,тег
https://metpromintex.ru/catalog/list-holodnokatanyy-0-d-8-mm,тег
https://metpromintex.ru/catalog/list-holodnokatanyy-1-mm,тег
https://metpromintex.ru/catalog/list-holodnokatanyy-2-mm,тег
https://metpromintex.ru/catalog/list-holodnokatanyy-08ps,тег
https://metpromintex.ru/catalog/provoloka-fehral,тег
https://metpromintex.ru/catalog/fehral-lenta,тег
https://metpromintex.ru/catalog/trap-vertikalnyy-nerzhaveyuschiy,тег
https://metpromintex.ru/catalog/trap-nerzhaveyuschiy-promyshlennyy,тег
https://metpromintex.ru/catalog/trap-nerzhaveyuschiy-gorizontalnyy,тег
https://metpromintex.ru/catalog/koltsa-rti-uplotnitelnye,тег
https://metpromintex.ru/catalog/sedelka-dlya-polietilenovyh-trub,тег
https://metpromintex.ru/catalog/sedelka-elektrosvarnaya,тег
https://metpromintex.ru/catalog/opory-truboprovodov-tavrovye,тег
https://metpromintex.ru/catalog/opory-truboprovodov-sharikovye,тег
https://metpromintex.ru/catalog/homutovaya-skolzyaschaya-opora-truboprovoda,тег
https://metpromintex.ru/catalog/sedelka-110-mm,тег
https://metpromintex.ru/catalog/sedelka-flantsevaya,тег
https://metpromintex.ru/catalog/sedelka-pe,тег
https://metpromintex.ru/catalog/sedelka-63-mm,тег
https://metpromintex.ru/catalog/sedelka-50-mm,тег
https://metpromintex.ru/catalog/sedelka-32-mm,тег
https://metpromintex.ru/catalog/sedelka-polimernaya,тег
https://metpromintex.ru/catalog/sedelka-boltovaya,тег
https://metpromintex.ru/catalog/sedelka-chugunnaya,тег
https://metpromintex.ru/catalog/sedelka-latunnaya,тег
https://metpromintex.ru/catalog/sedelka-rezbovaya,тег
https://metpromintex.ru/catalog/sedelka-pvh,тег
https://metpromintex.ru/catalog/sedelka-s-otvetnoy-chastyu,тег
https://metpromintex.ru/catalog/sedelka-muftovaya,тег
https://metpromintex.ru/catalog/sedelka-dlya-vrezki,тег
https://metpromintex.ru/catalog/sedelka-povorotnaya,тег
https://metpromintex.ru/catalog/sedelka-obzhimnaya,тег
https://metpromintex.ru/catalog/sedelka-s-vnutrenney-rezboy,тег
https://metpromintex.ru/catalog/sedelka-s-koltsom,тег
https://metpromintex.ru/catalog/sedelka-gruvlok,тег
https://metpromintex.ru/catalog/metallicheskie-sedelki,тег
https://metpromintex.ru/catalog/sedelka-homutovaya,тег
https://metpromintex.ru/catalog/shestigrannik-32,тег
https://metpromintex.ru/catalog/shestigrannik-24,тег
https://metpromintex.ru/catalog/sedelka-kanalizatsionnaya,тег
https://metpromintex.ru/catalog/shestigrannik-30,тег
https://metpromintex.ru/catalog/sedelka-plastikovaya,тег
https://metpromintex.ru/catalog/shestigrannik-10-mm,тег
https://metpromintex.ru/catalog/shestigrannik-45,тег
https://metpromintex.ru/catalog/shestigrannik-22,тег
https://metpromintex.ru/catalog/shestigrannik-kalibrovannyy,тег
https://metpromintex.ru/catalog/shestigrannik-60,тег
https://metpromintex.ru/catalog/shestigrannik-100,тег
https://metpromintex.ru/catalog/shestigrannik-80,тег
https://metpromintex.ru/catalog/sedelka-vodoprovodnaya,тег
https://metpromintex.ru/catalog/shestigrannik-goryachekatanyy,тег
https://metpromintex.ru/catalog/shestigrannik-tonkiy,тег
https://metpromintex.ru/catalog/shina-alyuminievaya-ad31t,тег
https://metpromintex.ru/catalog/shina-alyuminievaya-ad31,тег
https://metpromintex.ru/catalog/shina-alyuminievaya-50h5,тег
https://metpromintex.ru/catalog/alyuminievaya-polosa-2,тег
https://metpromintex.ru/catalog/sedelka-34,тег
https://metpromintex.ru/catalog/shina-alyuminievaya-40h4,тег
https://metpromintex.ru/catalog/sedelka-universalnaya,тег
https://metpromintex.ru/catalog/shina-alyuminievaya-100h10,тег
https://metpromintex.ru/catalog/sedelka-kompressionnaya,тег
https://metpromintex.ru/catalog/polosa-alyuminievaya-10,тег
https://metpromintex.ru/catalog/polosa-alyuminievaya-20,тег
https://metpromintex.ru/catalog/sedelka-polipropilenovaya,тег
https://metpromintex.ru/catalog/kontrgayka-stalnaya,тег
https://metpromintex.ru/catalog/kontrgayka-s-rebordoy,тег
https://metpromintex.ru/catalog/kontrgayka-1,тег
https://metpromintex.ru/catalog/kontrgayka-12,тег
https://metpromintex.ru/catalog/kontrgayka-34,тег
https://metpromintex.ru/catalog/kontrgayka-15-mm,тег
https://metpromintex.ru/catalog/kontrgayka-chugunnaya,тег
https://metpromintex.ru/catalog/kontrgayka-dlya-trub,тег
https://metpromintex.ru/catalog/kontrgayka-s-bortikom,тег
https://metpromintex.ru/catalog/kontrgayki-3,тег
https://metpromintex.ru/catalog/kontrgayka-2,тег
https://metpromintex.ru/catalog/kontrgayka-otsinkovannaya,тег
https://metpromintex.ru/catalog/kontrgayka-nikelirovannaya,тег
https://metpromintex.ru/catalog/kontrgayka-chernaya,тег
https://metpromintex.ru/catalog/kontrgayka-latun,тег
https://metpromintex.ru/catalog/kontrgayka-rezbovaya,тег
https://metpromintex.ru/catalog/alyuminievaya-kleykaya-lenta,тег
https://metpromintex.ru/catalog/lenta-alyuminievaya-armirovannaya,тег
https://metpromintex.ru/catalog/lenta-montazhnaya-alyuminievaya,тег
https://metpromintex.ru/catalog/alyuminievaya-lenta-50-mm,тег
https://metpromintex.ru/catalog/lenta-alyuminievaya-dlya-ventilyatsii,тег
https://metpromintex.ru/catalog/lenta-alyuminievaya-bandazhnaya,тег
https://metpromintex.ru/catalog/plastina-montazhnaya-perforirovannaya,тег
https://metpromintex.ru/catalog/plastina-perforirovannaya-otsinkovannaya,тег
https://metpromintex.ru/catalog/plastina-soedinitelnaya-perforirovannaya,тег
https://metpromintex.ru/catalog/armiruyuschaya-polipropilenovaya-fibra,тег
https://metpromintex.ru/catalog/truby-profilnye-nerzhaveyuschie-kvadratnye,тег
https://metpromintex.ru/catalog/volframovaya-provoloka-0-d-5-mm,тег
https://metpromintex.ru/catalog/fiksator-armatury-zvezdochka,тег
https://metpromintex.ru/catalog/fiksator-armatury-kubik,тег
https://metpromintex.ru/catalog/fiksator-armatury-vertikalnyy,тег
https://metpromintex.ru/catalog/fiksator-armatury-dlya-sypuchih-gruntov,тег
https://metpromintex.ru/catalog/fiksator-dlya-armatury-50-mm,тег
https://metpromintex.ru/catalog/fiksator-armatury-mnogourovnevyy,тег
https://metpromintex.ru/catalog/fiksator-armatury-fs,тег
https://metpromintex.ru/catalog/fiksator-dlya-stekloplastikovoy-armatury,тег
https://metpromintex.ru/catalog/fiksator-armatury-dlya-opalubki,тег
https://metpromintex.ru/catalog/fiksator-dlya-armatury-20-mm,тег
https://metpromintex.ru/catalog/fiksator-armatury-betonnyy,тег
https://metpromintex.ru/catalog/fiksator-armatury-konus,тег
https://metpromintex.ru/catalog/fiksator-armatury-40-mm,тег
https://metpromintex.ru/catalog/fiksator-armatury-kruglyy,тег
https://metpromintex.ru/catalog/fiksator-armatury-gorizontalnyy,тег
https://metpromintex.ru/catalog/fiksator-armatury-25-mm,тег
https://metpromintex.ru/catalog/fiksator-armatury-zmeyka,тег
https://metpromintex.ru/catalog/fiksator-armatury-universalnyy,тег
https://metpromintex.ru/catalog/fiksator-armatury-usilennyy,тег
https://metpromintex.ru/catalog/fiksator-armatury-35-50-mm,тег
https://metpromintex.ru/catalog/fiksator-armatury-35-mm,тег
https://metpromintex.ru/catalog/ctalnye-panelnye-radiatory,тег
https://metpromintex.ru/catalog/radiator-stalnoy-rommer,тег
https://metpromintex.ru/catalog/stalnye-radiatory-s-nizhnim-podklyucheniem,тег
https://metpromintex.ru/catalog/radiator-stalnoy-22-500h500,тег
https://metpromintex.ru/catalog/radiator-stalnoy-panelnyy-22-tip,тег
https://metpromintex.ru/catalog/radiator-stalnoy-300-mm,тег
https://metpromintex.ru/catalog/radiator-stalnoy-500-mm,тег
https://metpromintex.ru/catalog/radiator-stalnoy-11-tip,тег
https://metpromintex.ru/catalog/ctalnye-trubchatye-radiatory,тег
https://metpromintex.ru/catalog/radiator-stalnoy-kermi,тег
https://metpromintex.ru/catalog/shlang-polivochnyy,тег
https://metpromintex.ru/catalog/shveller-alyuminievyy-ad31t1,тег
https://metpromintex.ru/catalog/shveller-alyuminievyy-25h40h25h3,тег
https://metpromintex.ru/catalog/shlang-polivochnyy-34,тег
https://metpromintex.ru/catalog/shlang-12,тег
https://metpromintex.ru/catalog/shlang-armirovannyy,тег
https://metpromintex.ru/catalog/shlang-kislorodnyy,тег
https://metpromintex.ru/catalog/shlang-gofrirovannyy,тег
https://metpromintex.ru/catalog/shlang-rezinovyy,тег
https://metpromintex.ru/catalog/shlang-dlya-vody,тег
https://metpromintex.ru/catalog/shlang-maslobenzostoykiy,тег
https://metpromintex.ru/catalog/shlang-pvh,тег
https://metpromintex.ru/catalog/shlang-drenazhnyy,тег
https://metpromintex.ru/catalog/shlang-naporno-vsasyvayuschiy,тег
https://metpromintex.ru/catalog/shlang-prozrachnyy,тег
https://metpromintex.ru/catalog/shlang-dlya-nasosa,тег
https://metpromintex.ru/catalog/shlang-vakuumnyy,тег
https://metpromintex.ru/catalog/shlang-vozdushnyy,тег
https://metpromintex.ru/catalog/shlang-poliuretanovyy,тег
https://metpromintex.ru/catalog/shlang-spiralnyy,тег
https://metpromintex.ru/catalog/shlang-silfonnyy,тег
https://metpromintex.ru/catalog/shlang-santehnicheskiy,тег
https://metpromintex.ru/catalog/gibkiy-shlang,тег
https://metpromintex.ru/catalog/shlang-pischevoy,тег
https://metpromintex.ru/catalog/shlang-napornyy,тег
https://metpromintex.ru/catalog/shlang-25-mm,тег
https://metpromintex.ru/catalog/shlang-plastikovyy,тег
https://metpromintex.ru/catalog/shlang-1,тег
https://metpromintex.ru/catalog/shlang-usilennyy,тег
https://metpromintex.ru/catalog/shlang-kanalizatsionnyy,тег
https://metpromintex.ru/catalog/shlang-promyshlennyy,тег
https://metpromintex.ru/catalog/shlang-antistaticheskiy,тег
https://metpromintex.ru/catalog/shlang-2,тег
https://metpromintex.ru/catalog/shlang-ploskiy,тег
https://metpromintex.ru/catalog/shlang-zhestkiy,тег
https://metpromintex.ru/catalog/shlang-polimernyy,тег
https://metpromintex.ru/catalog/shlang-3,тег
https://metpromintex.ru/catalog/shlang-4,тег
https://metpromintex.ru/catalog/kanat-penkovyy-10-mm,тег
https://metpromintex.ru/catalog/kanat-penkovyy-16-mm,тег
https://metpromintex.ru/catalog/vtulka-rezinovaya-6-mm,тег
https://metpromintex.ru/catalog/vtulka-uplotnitelnaya-rezinovaya,тег
https://metpromintex.ru/catalog/krug-nerzhaveyuschiy-kalibrovannyy,тег
https://metpromintex.ru/catalog/krug-nerzhaveyuschiy-12h18n10t,тег
https://metpromintex.ru/catalog/krug-nerzhaveyuschiy-aisi-304,тег
https://metpromintex.ru/catalog/krug-nerzhaveyuschiy-80-mm,тег
https://metpromintex.ru/catalog/nerzhaveyuschiy-krug-aisi-321,тег
https://metpromintex.ru/catalog/krug-nerzhaveyuschiy-5-mm,тег
https://metpromintex.ru/catalog/troynik-stalnoy-flantsevyy,тег
https://metpromintex.ru/catalog/troynik-stalnoy-svarnoy,тег
https://metpromintex.ru/catalog/troynik-stalnoy-perehodnoy,тег
https://metpromintex.ru/catalog/troynik-stalnoy-privarnoy,тег
https://metpromintex.ru/catalog/troynik-stalnoy-ravnoprohodnoy,тег
https://metpromintex.ru/catalog/troynik-stalnoy-otsinkovannyy,тег
https://metpromintex.ru/catalog/troynik-stalnoy-rezbovoy,тег
https://metpromintex.ru/catalog/troynik-stalnoy-kosoy,тег
https://metpromintex.ru/catalog/troynik-stalnoy-besshovnyy,тег
https://metpromintex.ru/catalog/troynik-32-stalnoy,тег
https://metpromintex.ru/catalog/troynik-stalnoy-1,тег
https://metpromintex.ru/catalog/troynik-stalnoy-elektrosvarnoy,тег
https://metpromintex.ru/catalog/troynik-stalnoy-100-mm,тег
https://metpromintex.ru/catalog/ekran-dlya-radiatorov-metallicheskiy,тег
https://metpromintex.ru/catalog/snegozaderzhatel-dlya-metallocherepitsy,тег
https://metpromintex.ru/catalog/snegozaderzhatel-trubchatyy,тег
https://metpromintex.ru/catalog/snegozaderzhateli-borge,тег
https://metpromintex.ru/catalog/snegozaderzhatel-ugolkovyy,тег
https://metpromintex.ru/catalog/tehnicheskaya-plastina-rezinovaya,тег
https://metpromintex.ru/catalog/snegozaderzhatel-metall-profil,тег
https://metpromintex.ru/catalog/plastina-rezinovaya-tmksch,тег
https://metpromintex.ru/catalog/snegorez,тег
https://metpromintex.ru/catalog/snegozaderzhatel-otsinkovannyy,тег
https://metpromintex.ru/catalog/snegozaderzhatel-trubchatyy-universalnyy,тег
https://metpromintex.ru/catalog/plastiny-rezinovye-i-rezinotkanevye,тег
https://metpromintex.ru/catalog/plastina-rezinovaya-mbs,тег
https://metpromintex.ru/catalog/plastina-rezinovaya-rulonnaya,тег
https://metpromintex.ru/catalog/snegozaderzhatel-na-profnastil,тег
https://metpromintex.ru/catalog/rezinovye-plastiny-vulkanizirovannye,тег
https://metpromintex.ru/catalog/plastina-rezinovaya-2-mm,тег
https://metpromintex.ru/catalog/snegozaderzhatel-trubchatyy-3m,тег
https://metpromintex.ru/catalog/plastina-maslobenzostoykaya,тег
https://metpromintex.ru/catalog/snegozaderzhatel-dlya-krovli,тег
https://metpromintex.ru/catalog/plastina-rezinovaya-ams,тег
https://metpromintex.ru/catalog/universalnye-snegozaderzhateli,тег
https://metpromintex.ru/catalog/snegovoy-barer,тег
https://metpromintex.ru/catalog/plastina-rezinovaya-5-mm,тег
https://metpromintex.ru/catalog/snegozaderzhatel-faltsevoy-krovli,тег
https://metpromintex.ru/catalog/snegozaderzhatel-metallicheskiy,тег
https://metpromintex.ru/catalog/snegozaderzhateli-dlya-myagkoy-krovli,тег
https://metpromintex.ru/catalog/snegozaderzhateli-grand-line,тег
https://metpromintex.ru/catalog/zadvizhka-chugunnaya-s-obrezinennym-klinom,тег
https://metpromintex.ru/catalog/zadvizhka-chugunnaya-pechnaya,тег
https://metpromintex.ru/catalog/zadvizhka-chugunnaya-50-mm,тег
https://metpromintex.ru/catalog/zadvizhka-chugunnaya-200-mm,тег
https://metpromintex.ru/catalog/zadvizhka-chugunnaya-150-mm,тег
https://metpromintex.ru/catalog/zadvizhka-klinovaya-chugunnaya-flantsevaya,тег
https://metpromintex.ru/catalog/zadvizhka-chugunnaya-shibernaya,тег
https://metpromintex.ru/catalog/zadvizhka-chugunnaya-s-elektroprivodom,тег
https://metpromintex.ru/catalog/zadvizhka-chugunnaya-flantsevaya-100-mm,тег
https://metpromintex.ru/catalog/zadvizhka-chugunnaya-parallelnaya,тег
https://metpromintex.ru/catalog/zadvizhki-chugunnye-flantsevye-50-mm,тег
https://metpromintex.ru/catalog/zadvizhka-chugunnaya-ru16,тег
https://metpromintex.ru/catalog/zadvizhka-chugunnaya-dvuhdiskovaya,тег
https://metpromintex.ru/catalog/skoba-stroitelnaya-10,тег
https://metpromintex.ru/catalog/skoby-stroitelnye-6,тег
https://metpromintex.ru/catalog/stepler-stroitelnyy-skoba-140,тег
https://metpromintex.ru/catalog/perehod-stalnoy-kontsentricheskiy,тег
https://metpromintex.ru/catalog/perehod-stalnoy-100h50-mm,тег
https://metpromintex.ru/catalog/flantsy-iz-nerzhaveyuschey-stali,тег
https://metpromintex.ru/catalog/flanets-ploskiy-nerzhaveyuschiy,тег
https://metpromintex.ru/catalog/flanets-nerzhaveyuschiy-svobodnyy,тег
https://metpromintex.ru/catalog/perehod-stalnoy-ekstsentricheskiy,тег
https://metpromintex.ru/catalog/perehod-stalnoy-flantsevyy,тег
https://metpromintex.ru/catalog/flantsy-nerzhaveyuschie-12h18n10t,тег
https://metpromintex.ru/catalog/flanets-nerzhaveyuschiy-privarnoy,тег
https://metpromintex.ru/catalog/flanets-nerzhaveyuschiy-100,тег
https://metpromintex.ru/catalog/perehod-stalnoy-32h25-mm,тег
https://metpromintex.ru/catalog/perehod-stalnoy-rezbovoy,тег
https://metpromintex.ru/catalog/flanets-nerzhaveyuschiy-aisi,тег
https://metpromintex.ru/catalog/perehod-stalnoy-elektrosvarnoy,тег
https://metpromintex.ru/catalog/perehod-stalnoy-76-mm,тег
https://metpromintex.ru/catalog/perehod-stalnoy-otsinkovannyy,тег
https://metpromintex.ru/catalog/perehody-stalnye-kontsentricheskie-besshovnye,тег
https://metpromintex.ru/catalog/perehod-stalnoy-57-mm,тег
https://metpromintex.ru/catalog/perehod-89-stalnoy,тег
https://metpromintex.ru/catalog/provoloka-4-vr-1,тег
https://metpromintex.ru/catalog/provoloka-2-vr-1,тег
https://metpromintex.ru/catalog/provoloka-vr-1-3-mm,тег
https://metpromintex.ru/catalog/provoloka-5-vr-1-gost-6727-80,тег
https://metpromintex.ru/catalog/flanets-nerzhaveyuschiy-gluhoy,тег
https://metpromintex.ru/catalog/flanets-nerzhaveyuschiy-vorotnikovyy,тег
https://metpromintex.ru/catalog/flantsy-nerzhaveyuschie-rezbovye,тег
https://metpromintex.ru/catalog/flanets-nerzhaveyuschiy-25,тег
https://metpromintex.ru/catalog/flanets-nerzhaveyuschiy-ru16,тег
https://metpromintex.ru/catalog/stalnye-burilnye-truby,тег
https://metpromintex.ru/catalog/burilnye-truby-127-mm,тег
https://metpromintex.ru/catalog/truba-burilnaya-universalnaya,тег
https://metpromintex.ru/catalog/truba-burilnaya-89-mm,тег
https://metpromintex.ru/catalog/kondensatootvodchik-poplavkovyy,тег
https://metpromintex.ru/catalog/kondensatootvodchiki-bimetallicheskiy,тег
https://metpromintex.ru/catalog/kondensatootvodchiki-chugunnyy,тег
https://metpromintex.ru/catalog/kondensatootvodchiki-muftovyy,тег
https://metpromintex.ru/catalog/kondensatootvodchik-termodinamicheskiy,тег
https://metpromintex.ru/catalog/kondensatootvodchiki-nerzhaveyuschiy,тег
https://metpromintex.ru/catalog/kondensatootvodchik-flantsevyy,тег
https://metpromintex.ru/catalog/kondensatootvodchiki-s-perevernutym-stakanomkondensatootvodchiki-s-perevernutym-stakanom,тег
https://metpromintex.ru/catalog/kondensatootvodchik-termostaticheskiy,тег
https://metpromintex.ru/catalog/kondensatootvodchiki-rezbovoy,тег
https://metpromintex.ru/catalog/kondensatootvodchiki-stalnoy,тег
https://metpromintex.ru/catalog/kondensatootvodchik-1-2,тег
https://metpromintex.ru/catalog/prozrachnaya-truba-iz-orgstekla,тег
https://metpromintex.ru/catalog/truba-besshovnaya-holodnodeformirovannaya,тег
https://metpromintex.ru/catalog/stalnye-truby-20-mm-holodnodeformirovannye,тег
https://metpromintex.ru/catalog/treugolnye-profilnye-truby,тег
https://metpromintex.ru/catalog/shary-stalnye-pomolnye,тег
https://metpromintex.ru/catalog/gost-4986-79-nerzhaveyuschaya-lenta,тег
https://metpromintex.ru/catalog/lenta-montazhnaya-nerzhaveyuschaya,тег
https://metpromintex.ru/catalog/lenta-bandazhnaya-nerzhaveyuschaya,тег
https://metpromintex.ru/catalog/lenta-montazhnaya-nerzhaveyuschaya-s201,тег
https://metpromintex.ru/catalog/truby-chugunnye-kanalizatsionnye,тег
https://metpromintex.ru/catalog/lenta-nerzhaveyuschaya-aisi-304,тег
https://metpromintex.ru/catalog/chugunnaya-truba-100,тег
https://metpromintex.ru/catalog/truba-chugunnaya-50,тег
https://metpromintex.ru/catalog/mednaya-lenta-dlya-udaleniya-pripoya,тег
https://metpromintex.ru/catalog/mednaya-lenta-dlya-payki,тег
https://metpromintex.ru/catalog/truby-chugunnye-150,тег
https://metpromintex.ru/catalog/truby-chugunnye-200,тег
https://metpromintex.ru/catalog/mednaya-lenta-dlya-linoleuma,тег
https://metpromintex.ru/catalog/mednaya-lenta-1-mm,тег
https://metpromintex.ru/catalog/lenta-mednaya-10-mm,тег
https://metpromintex.ru/catalog/mednaya-lenta-myagkaya,тег
https://metpromintex.ru/catalog/provoloka-vyazalnaya-otsinkovannaya,тег
https://metpromintex.ru/catalog/provoloka-stalnaya-otsinkovannaya,тег
https://metpromintex.ru/catalog/provoloka-otsinkovannaya-2-mm,тег
https://metpromintex.ru/catalog/provoloka-otsinkovannaya-4-mm,тег
https://metpromintex.ru/catalog/provoloka-otsinkovannaya-3-mm,тег
https://metpromintex.ru/catalog/provoloka-otsinkovannaya-5-mm,тег
https://metpromintex.ru/catalog/provoloka-otsinkovannaya-1-mm,тег
https://metpromintex.ru/catalog/voronka-2,тег
https://metpromintex.ru/catalog/provoloka-otsinkovannaya-kanatnaya,тег
https://metpromintex.ru/catalog/provoloka-otsinkovannaya-nizkouglerodistaya,тег
https://metpromintex.ru/catalog/strelochnye-perevody-pravostoronniy,тег
https://metpromintex.ru/catalog/strelochnye-perevody-levostoronniy,тег
https://metpromintex.ru/catalog/truba-vodostochnaya-belaya,тег
https://metpromintex.ru/catalog/truba-vodostochnaya-pryamougolnaya,тег
https://metpromintex.ru/catalog/truba-vodostochnaya-otsinkovannaya,тег
https://metpromintex.ru/catalog/truba-vodostochnaya-100,тег
https://metpromintex.ru/catalog/truba-vodostochnaya-plastikovaya,тег
https://metpromintex.ru/catalog/truba-vodostochnaya-kruglaya,тег
https://metpromintex.ru/catalog/truba-vodostochnaya-150,тег
https://metpromintex.ru/catalog/truba-vodostochnaya-80,тег
https://metpromintex.ru/catalog/truba-vodostochnaya-110,тег
https://metpromintex.ru/catalog/truba-vodostochnaya-90,тег
https://metpromintex.ru/catalog/truba-vodostochnaya-docke,тег
https://metpromintex.ru/catalog/truba-vodostochnaya-stalnaya,тег
https://metpromintex.ru/catalog/truba-vodostochnaya-3-m,тег
https://metpromintex.ru/catalog/provoloka-otsinkovannaya-pruzhinnaya,тег
https://metpromintex.ru/catalog/provoloka-otsinkovannaya-v-buhtah,тег
https://metpromintex.ru/catalog/truby-metalloplastikovye-dlya-vodoprovoda,тег
https://metpromintex.ru/catalog/metalloplastikovaya-truba-16-mm,тег
https://metpromintex.ru/catalog/metalloplastikovaya-truba-20-mm,тег
https://metpromintex.ru/catalog/truba-metalloplastikovaya-dlya-otopleniya,тег
https://metpromintex.ru/catalog/truba-metalloplastikovaya-32-mm,тег
https://metpromintex.ru/catalog/truba-metalloplastikovaya-dlya-teplogo-pola,тег
https://metpromintex.ru/catalog/metalloplastikovaya-truba-valtec,тег
https://metpromintex.ru/catalog/truba-metalloplastikovaya-26-mm,тег
https://metpromintex.ru/catalog/truba-metalloplastikovaya-gazovaya,тег
https://metpromintex.ru/catalog/truba-metalloplastikovaya-besshovnaya,тег
https://metpromintex.ru/catalog/truba-metalloplastikovaya-santehnicheskaya,тег
https://metpromintex.ru/catalog/bobyshka-bobyshka-2,тег
https://metpromintex.ru/catalog/truba-metalloplastikovaya-dlya-konditsionerov,тег
https://metpromintex.ru/catalog/bobyshka-1,тег
https://metpromintex.ru/catalog/bobyshka-g1,тег
https://metpromintex.ru/catalog/bobyshka-5,тег
https://metpromintex.ru/catalog/bobyshka-g1-2,тег
https://metpromintex.ru/catalog/bobyshka-bp,тег
https://metpromintex.ru/catalog/bobyshka-pryamaya,тег
https://metpromintex.ru/catalog/lenta-konveyernaya-rezinotkanevaya,тег
https://metpromintex.ru/catalog/lenta-konveyernaya-bu,тег
https://metpromintex.ru/catalog/transporternaya-konveyernaya-lenta,тег
https://metpromintex.ru/catalog/lenta-konveyernaya-2,тег
https://metpromintex.ru/catalog/shevronnye-konveyernye-lenty,тег
https://metpromintex.ru/catalog/lenta-konveyernaya-tk-200,тег
https://metpromintex.ru/catalog/lenta-konveyernaya-2-d-2,тег
https://metpromintex.ru/catalog/bobyshka-privarnaya,тег
https://metpromintex.ru/catalog/lenta-konveyernaya-800,тег
https://metpromintex.ru/catalog/lenta-konveyernaya-500,тег
https://metpromintex.ru/catalog/bobyshka-skoshennaya,тег
https://metpromintex.ru/catalog/konveyernaya-lenta-pvh,тег
https://metpromintex.ru/catalog/shplint-pruzhinnyy,тег
https://metpromintex.ru/catalog/bobyshka-stal,тег
https://metpromintex.ru/catalog/shplint-razvodnoy,тег
https://metpromintex.ru/catalog/shplint-s-koltsom,тег
https://metpromintex.ru/catalog/shplint-otsinkovannyy,тег
https://metpromintex.ru/catalog/shplint-nerzhaveyuschiy,тег
https://metpromintex.ru/catalog/shplint-koltsevoy,тег
https://metpromintex.ru/catalog/shplint-metallicheskiy,тег
https://metpromintex.ru/catalog/shplint-art-11024,тег
https://metpromintex.ru/catalog/shplint-3-mm,тег
https://metpromintex.ru/catalog/bobyshka-nerzhaveyuschaya,тег
https://metpromintex.ru/catalog/shplint-6-mm,тег
https://metpromintex.ru/catalog/shplinty-5-mm,тег
https://metpromintex.ru/catalog/shplinty-8-mm,тег
https://metpromintex.ru/catalog/shplint-2-mm,тег
https://metpromintex.ru/catalog/shplint-10-mm,тег
https://metpromintex.ru/catalog/bobyshka-bp-g1-2,тег
https://metpromintex.ru/catalog/shplint-pryamoy,тег
https://metpromintex.ru/catalog/bobyshka-40,тег
https://metpromintex.ru/catalog/shplint-stalnoy,тег
https://metpromintex.ru/catalog/bobyshka-4,тег
https://metpromintex.ru/catalog/shplint-din-94,тег
https://metpromintex.ru/catalog/shplint-krepezhnyy,тег
https://metpromintex.ru/catalog/shplint-gost-397-79,тег
https://metpromintex.ru/catalog/otvod-nerzhaveyuschiy-krutoizognutyy,тег
https://metpromintex.ru/catalog/otvod-nerzhaveyuschiy-rezbovoy,тег
https://metpromintex.ru/catalog/otvod-nerzhaveyuschiy-1,тег
https://metpromintex.ru/catalog/otvod-nerzhaveyuschiy-besshovnyy,тег
https://metpromintex.ru/catalog/otvod-nerzhaveyuschiy-90-gradusov,тег
https://metpromintex.ru/catalog/otvody-nerzhaveyuschie-12h18n10t,тег
https://metpromintex.ru/catalog/otvod-nerzhaveyuschaya-aisi-304,тег
https://metpromintex.ru/catalog/otvod-nerzhaveyuschiy-gnutyy,тег
https://metpromintex.ru/catalog/otvod-nerzhaveyuschiy-privarnoy,тег
https://metpromintex.ru/catalog/otvod-nerzhaveyuschiy-1-2,тег
https://metpromintex.ru/catalog/otvod-nerzhaveyuschiy-45-gradusov,тег
https://metpromintex.ru/catalog/otvody-nerzhaveyuschie-50-mm,тег
https://metpromintex.ru/catalog/kompozitnaya-cherepitsa-tehnonikol,тег
https://metpromintex.ru/catalog/kompozitnaya-cherepitsa-gerard,тег
https://metpromintex.ru/catalog/kompozitnaya-cherepitsa-lyuksard,тег
https://metpromintex.ru/catalog/kompozitnaya-cherepitsa-metrotile,тег
https://metpromintex.ru/catalog/kompozitnaya-cherepitsa-aerodek,тег
https://metpromintex.ru/catalog/kvadrat-stalnoy-20h20-mm,тег
https://metpromintex.ru/catalog/kvadrat-stalnoy-goryachekatanyy,тег
https://metpromintex.ru/catalog/kvadrat-stalnoy-50h50-mm,тег
https://metpromintex.ru/catalog/kvadrat-stalnoy-40h40-mm,тег
https://metpromintex.ru/catalog/kvadrat-stalnoy-5h5-mm,тег
https://metpromintex.ru/catalog/kvadrat-stalnoy-8-mm,тег
https://metpromintex.ru/catalog/kvadrat-stalnoy-10-mm,тег
https://metpromintex.ru/catalog/kvadrat-kalibrovannyy-stalnoy,тег
https://metpromintex.ru/catalog/kranovyy-rels-kr70,тег
https://metpromintex.ru/catalog/gost-4121-96-relsy-kranovye,тег
https://metpromintex.ru/catalog/nitinolovaya-provoloka,тег
https://metpromintex.ru/catalog/nihromovaya-nit-dlya-rezki,тег
https://metpromintex.ru/catalog/stropa-tsepnaya-4sts,тег
https://metpromintex.ru/catalog/stropa-tsepnaya-chetyrehvetvevaya,тег
https://metpromintex.ru/catalog/stropa-tsepnaya-pauk,тег
https://metpromintex.ru/catalog/strop-tsepnoy-kryuk-kryuk,тег
https://metpromintex.ru/catalog/stropa-tsepnye-2sts,тег
https://metpromintex.ru/catalog/stropy-tsepnye-1,тег
https://metpromintex.ru/catalog/stropa-tsepnaya-dvuhvetvevaya,тег
https://metpromintex.ru/catalog/stropa-tsepnaya-odnovetvevaya,тег
https://metpromintex.ru/catalog/stropy-tsepnye-klass-8,тег
https://metpromintex.ru/catalog/ugolok-latunnyy-20h20-mm,тег
https://metpromintex.ru/catalog/strop-tsepnoy-sts,тег
https://metpromintex.ru/catalog/ugolok-latunnyy-1-mm,тег
https://metpromintex.ru/catalog/germaniy-poroshok,тег
https://metpromintex.ru/catalog/provoloka-monel,тег
https://metpromintex.ru/catalog/shpaly-derevyannye,тег
https://metpromintex.ru/catalog/shpaly-propitannye,тег
https://metpromintex.ru/catalog/shpaly-2-tipa,тег
https://metpromintex.ru/catalog/shpaly-1-tipa,тег
https://metpromintex.ru/catalog/shpala-zhelezobetonnaya,тег
https://metpromintex.ru/catalog/shpala-mostovaya,тег
https://metpromintex.ru/catalog/shpaly-bu,тег
https://metpromintex.ru/catalog/shpaly-stroitelnye,тег
https://metpromintex.ru/catalog/shpaly-v-sbore,тег
https://metpromintex.ru/catalog/shpaly-ars,тег
https://metpromintex.ru/catalog/shpaly-chelnochnye,тег
https://metpromintex.ru/catalog/truby-zhelezobetonnye-beznapornye,тег
https://metpromintex.ru/catalog/zhgut-rezinovyy,тег
https://metpromintex.ru/catalog/bentonitovyy-shnur,тег
https://metpromintex.ru/catalog/truba-vodopropusknaya-zhelezobetonnaya,тег
https://metpromintex.ru/catalog/bentonitovyy-shnur-20-mm,тег
https://metpromintex.ru/catalog/bentonitovyy-shnur-20h25-mm,тег
https://metpromintex.ru/catalog/truba-zhelezobetonnaya-400,тег
https://metpromintex.ru/catalog/bentonitovyy-shnur-10h20-mm,тег
https://metpromintex.ru/catalog/bentonitovyy-shnur-15h25-mm,тег
https://metpromintex.ru/catalog/truby-zhelezobetonnye-beznapornye-rastrubnye,тег
https://metpromintex.ru/catalog/rezinovye-santehnicheskie-uplotniteli,тег
https://metpromintex.ru/catalog/truba-zhelezobetonnaya-ts,тег
https://metpromintex.ru/catalog/uplotnitel-rezinovyy-silikonovyy,тег
https://metpromintex.ru/catalog/zhelezobetonnaya-truba-500,тег
https://metpromintex.ru/catalog/trap-plastikovyy-gorizontalnyy,тег
https://metpromintex.ru/catalog/trap-vertikalnyy-plastikovyy,тег
https://metpromintex.ru/catalog/trap-plastikovyy-50-mm,тег
https://metpromintex.ru/catalog/trap-plastikovyy-110-mm,тег
https://metpromintex.ru/catalog/trap-kanalizatsionnyy-plastikovyy,тег
https://metpromintex.ru/catalog/trap-ulichnyy-plastikovyy,тег
https://metpromintex.ru/catalog/provoloka-manganin,тег
https://metpromintex.ru/catalog/manganin-splav,тег
https://metpromintex.ru/catalog/otvod-stalnoy-krutoizognutyy,тег
https://metpromintex.ru/catalog/otvod-stalnoy-45-gradusov,тег
https://metpromintex.ru/catalog/otvody-stalnye-90-gradusov,тег
https://metpromintex.ru/catalog/otvod-stalnoy-besshovnyy,тег
https://metpromintex.ru/catalog/otvod-stalnoy-100-mm,тег
https://metpromintex.ru/catalog/otvod-stalnoy-20-mm,тег
https://metpromintex.ru/catalog/otvod-stalnoy-privarnoy,тег
https://metpromintex.ru/catalog/otvod-stalnoy-elektrosvarnoy,тег
https://metpromintex.ru/catalog/otvod-stalnoy-rezbovoy,тег
https://metpromintex.ru/catalog/otvod-stalnoy-besshovnyy-krutoizognutyy,тег
https://metpromintex.ru/catalog/otvod-stalnoy-flantsevyy,тег
https://metpromintex.ru/catalog/otvod-stalnoy-tolstostennyy,тег
https://metpromintex.ru/catalog/otvod-stalnoy-1,тег
https://metpromintex.ru/catalog/otvod-stalnoy-chernyy,тег
https://metpromintex.ru/catalog/otvod-stalnoy-udlinennyy,тег
https://metpromintex.ru/catalog/otvody-stalnye-krutoizognutye-90-gradusov,тег
https://metpromintex.ru/catalog/otvod-stalnoy-du-90,тег
https://metpromintex.ru/catalog/otvod-stalnoy-korotkiy,тег
https://metpromintex.ru/catalog/otvod-stalnoy-2,тег
https://metpromintex.ru/catalog/otvod-stalnoy-shovnyy,тег
https://metpromintex.ru/catalog/otvod-stalnoy-vodogazoprovodnoy,тег
https://metpromintex.ru/catalog/setka-mednaya-dlya-ekranirovaniya,тег
https://metpromintex.ru/catalog/titanovaya-truba-vt1-0,тег
https://metpromintex.ru/catalog/besshovnaya-titanovaya-truba,тег
https://metpromintex.ru/catalog/svintsovyy-list-dlya-rentgenkabinetov,тег
https://metpromintex.ru/catalog/list-svintsovyy-s1,тег
https://metpromintex.ru/catalog/plita-svintsovaya,тег
https://metpromintex.ru/catalog/svintsovye-listy-1-mm,тег
https://metpromintex.ru/catalog/truba-mednaya-dlya-konditsionerov,тег
https://metpromintex.ru/catalog/truba-mednaya-14,тег
https://metpromintex.ru/catalog/truba-mednaya-38,тег
https://metpromintex.ru/catalog/truba-mednaya-12,тег
https://metpromintex.ru/catalog/truba-mednaya-58,тег
https://metpromintex.ru/catalog/truba-mednaya-1-18,тег
https://metpromintex.ru/catalog/mednaya-truba-otozhzhennaya,тег
https://metpromintex.ru/catalog/truba-mednaya-15-mm,тег
https://metpromintex.ru/catalog/mednaya-truba-vodoprovodnaya,тег
https://metpromintex.ru/catalog/truba-mednaya-1,тег
https://metpromintex.ru/catalog/truba-mednaya-2-18,тег
https://metpromintex.ru/catalog/truba-mednaya-6-mm,тег
https://metpromintex.ru/catalog/mednaya-truba-tolstostennaya,тег
https://metpromintex.ru/catalog/mednaya-truba-myagkaya,тег
https://metpromintex.ru/catalog/mednaya-truba-dlya-elektroprovodki,тег
https://metpromintex.ru/catalog/truba-mednaya-9-mm,тег
https://metpromintex.ru/catalog/truba-mednaya-astm-b280,тег
https://metpromintex.ru/catalog/mednaya-truba-holodilnaya,тег
https://metpromintex.ru/catalog/mednaya-truba-tonkostennaya,тег
https://metpromintex.ru/catalog/mednye-truby-5-mm,тег
https://metpromintex.ru/catalog/mednaya-truba-gazovaya,тег
https://metpromintex.ru/catalog/mednaya-truba-dlya-kisloroda,тег
https://metpromintex.ru/catalog/mednaya-truba-tormoznaya,тег
https://metpromintex.ru/catalog/mednaya-truba-tverdaya,тег
https://metpromintex.ru/catalog/mednye-truby-8-mm,тег
https://metpromintex.ru/catalog/mednaya-truba-3-mm,тег
https://metpromintex.ru/catalog/mednaya-truba-tyanutaya,тег
https://metpromintex.ru/catalog/mednaya-truba-kruglaya,тег
https://metpromintex.ru/catalog/truba-mednaya-4-mm,тег
https://metpromintex.ru/catalog/truba-mednaya-kotelnaya,тег
https://metpromintex.ru/catalog/list-latunnyy-l63,тег
https://metpromintex.ru/catalog/troynik-dlya-kruglyh-vozduhovodov,тег
https://metpromintex.ru/catalog/troynik-pryamougolnyy-dlya-vozduhovodov,тег
https://metpromintex.ru/catalog/list-latunnyy-2-mm,тег
https://metpromintex.ru/catalog/list-latunnyy-1-mm,тег
https://metpromintex.ru/catalog/list-latunnyy-ls59,тег
https://metpromintex.ru/catalog/latunnyy-list-0-d-5,тег
https://metpromintex.ru/catalog/troynik-vozduhovoda-160-mm,тег
https://metpromintex.ru/catalog/troynik-vozduhovoda-100-mm,тег
https://metpromintex.ru/catalog/troynik-vozduhovoda-150-mm,тег
https://metpromintex.ru/catalog/troynik-vozduhovoda-200-mm,тег
https://metpromintex.ru/catalog/troynik-vozduhovoda-125-mm,тег
https://metpromintex.ru/catalog/shveller-nerzhaveyuschiy-gnutyy,тег
https://metpromintex.ru/catalog/shveller-nerzhaveyuschiy-aisi-304,тег
https://metpromintex.ru/catalog/truba-bronzovaya-brazh9-4,тег
https://metpromintex.ru/catalog/bronzovaya-truba-dlya-vtulok,тег
https://metpromintex.ru/catalog/zheleznodorozhnye-relsy-r50,тег
https://metpromintex.ru/catalog/relsy-zheleznodorozhnye-shirokoy-kolei,тег
https://metpromintex.ru/catalog/rels-zheleznodorozhnyy-r65,тег
https://metpromintex.ru/catalog/perehod-pryamougolnyy-vozduhovod,тег
https://metpromintex.ru/catalog/perehod-iz-otsinkovannoy-stali-dlya-vozduhovodovya,тег
https://metpromintex.ru/catalog/perehod-vozduhovoda-s-pryamougolnogo-secheniya-na-krugloe,тег
https://metpromintex.ru/catalog/perehod-125-vozduhovod,тег
https://metpromintex.ru/catalog/perehod-s-kruglogo-na-pryamougolnyy-vozduhovod-plastikovyy,тег
https://metpromintex.ru/catalog/perehod-dlya-plastikovogo-vozduhovoda,тег
https://metpromintex.ru/catalog/list-mednyy-m1,тег
https://metpromintex.ru/catalog/mednyy-list-0-d-5-mm,тег
https://metpromintex.ru/catalog/mednyy-list-krovelnyy,тег
https://metpromintex.ru/catalog/mednyy-list-dlya-chekanki,тег
https://metpromintex.ru/catalog/mednyy-list-2-mm,тег
https://metpromintex.ru/catalog/mednyy-list-tonkiy,тег
https://metpromintex.ru/catalog/rastrub-dvoynoy-vchshg,тег
https://metpromintex.ru/catalog/dnische-torosfericheskoe,тег
https://metpromintex.ru/catalog/reviziya-110,тег
https://metpromintex.ru/catalog/dnische-konicheskoe,тег
https://metpromintex.ru/catalog/dnische-ploskoe,тег
https://metpromintex.ru/catalog/dnischa-ellipticheskie-nerzhaveyuschie,тег
https://metpromintex.ru/catalog/reviziya-polipropilenovaya,тег
https://metpromintex.ru/catalog/dnische-shtampovannoe,тег
https://metpromintex.ru/catalog/reviziya-naruzhnaya,тег
https://metpromintex.ru/catalog/reviziya-stalnaya,тег
https://metpromintex.ru/catalog/reviziya-s-kryshkoy,тег
https://metpromintex.ru/catalog/reviziya-50,тег
https://metpromintex.ru/catalog/dnischa-metallicheskie,тег
https://metpromintex.ru/catalog/dnischa-ellipticheskie-stalnye,тег
https://metpromintex.ru/catalog/dnische-kolodeznoe,тег
https://metpromintex.ru/catalog/dnische-betonnoe,тег
https://metpromintex.ru/catalog/dnische-stalnoe,тег
https://metpromintex.ru/catalog/kran-pnd,тег
https://metpromintex.ru/catalog/kran-pnd-32-mm,тег
https://metpromintex.ru/catalog/kran-pnd-25-mm,тег
https://metpromintex.ru/catalog/kran-polipropilenovyy,тег
https://metpromintex.ru/catalog/kran-sharovoy-polipropilenovyy,тег
https://metpromintex.ru/catalog/kran-plastikovyy-sharovoy,тег
https://metpromintex.ru/catalog/kran-sharovoy-polipropilenovyy-20-mm,тег
https://metpromintex.ru/catalog/kran-pp-32-mm,тег
https://metpromintex.ru/catalog/reviziya-100,тег
https://metpromintex.ru/catalog/reviziya-chugunnaya,тег
https://metpromintex.ru/catalog/kran-sharovoy-pp,тег
https://metpromintex.ru/catalog/kran-sharovoy-polipropilenovyy-25,тег
https://metpromintex.ru/catalog/reviziya-npvh,тег
https://metpromintex.ru/catalog/reviziya-pvh,тег
https://metpromintex.ru/catalog/kran-plastikovyy-trehhodovoy,тег
https://metpromintex.ru/catalog/revizii-sml,тег
https://metpromintex.ru/catalog/trehhodovoy-kran-polipropilen,тег
https://metpromintex.ru/catalog/kran-12-polipropilen,тег
https://metpromintex.ru/catalog/polietilenovyy-sharovoy-kran,тег
https://metpromintex.ru/catalog/polietilenovyy-kran,тег
https://metpromintex.ru/catalog/uglovoy-kran-polipropilen,тег
https://metpromintex.ru/catalog/kran-34-polipropilen,тег
https://metpromintex.ru/catalog/kran-valtec-polipropilen,тег
https://metpromintex.ru/catalog/kran-plastikovyy-dlya-vodoprovoda,тег
https://metpromintex.ru/catalog/kran-plastikovyy-uglovoy,тег
https://metpromintex.ru/catalog/kran-plastikovyy-amerikanka,тег
https://metpromintex.ru/catalog/kran-otopleniya-polipropilen,тег
https://metpromintex.ru/catalog/kran-sharovyy-1-polipropilen,тег
https://metpromintex.ru/catalog/soedinitel-zheloba-125-mm,тег
https://metpromintex.ru/catalog/soedinitel-zheloba-tehnonikol,тег
https://metpromintex.ru/catalog/soedinitel-zheloba-docke,тег
https://metpromintex.ru/catalog/docke-lux-soedinitel-zhelobov,тег
https://metpromintex.ru/catalog/soedinitel-zheloba-grand-line,тег
https://metpromintex.ru/catalog/soedinitel-zheloba-pvh,тег
https://metpromintex.ru/catalog/soedinitel-zheloba-metallicheskiy,тег
https://metpromintex.ru/catalog/soedinitel-zheloba-ral8017,тег
https://metpromintex.ru/catalog/soedinitel-zheloba-ral7024,тег
https://metpromintex.ru/catalog/asbokroshka,тег
https://metpromintex.ru/catalog/asbest-hrizotilovyy-a-6k-30,тег
https://metpromintex.ru/catalog/ugolok-stalnoy-goryachekatanyy,тег
https://metpromintex.ru/catalog/ugolok-goryachekatanyy-gost-8509-93,тег
https://metpromintex.ru/catalog/ugolok-neravnopolochnyy-goryachekatanyy-gost-8510-86,тег
https://metpromintex.ru/catalog/ugolok-goryachekatanyy-40h40h4,тег
https://metpromintex.ru/catalog/nakonechnik-kabelnyy-mednyy,тег
https://metpromintex.ru/catalog/ugolok-goryachekatanyy-50h50,тег
https://metpromintex.ru/catalog/ugolok-goryachekatanyy-otsinkovannyy,тег
https://metpromintex.ru/catalog/nakonechnik-kabelnyy-tml,тег
https://metpromintex.ru/catalog/nakonechnik-kabelnyy-alyuminievyy,тег
https://metpromintex.ru/catalog/nakonechnik-kabelnyy-koltsevoy,тег
https://metpromintex.ru/catalog/nakonechnik-kabelnyy-luzhenyy,тег
https://metpromintex.ru/catalog/nakonechnik-kabelnyy-shtyrevoy,тег
https://metpromintex.ru/catalog/nakonechnik-kabelnyy-shtiftovoy,тег
https://metpromintex.ru/catalog/kabelnyy-nakonechnik-25-8-8,тег
https://metpromintex.ru/catalog/nakonechniki-kabelnye-pod-bolt,тег
https://metpromintex.ru/catalog/nakonechnik-mednyy-luzhenyy-tml-6-6-4,тег
https://metpromintex.ru/catalog/nakonechnik-kabelnyy-ploskiy,тег
https://metpromintex.ru/catalog/nakonechnik-kabelnyy-izolirovannyy,тег
https://metpromintex.ru/catalog/nakonechnik-kabelnyy-obzhimnoy,тег
https://metpromintex.ru/catalog/nakonechniki-kabelnye-mednye-luzhenye-tml-6-5-4,тег
https://metpromintex.ru/catalog/stekloplastikovaya-kvadratnaya-truba,тег
https://metpromintex.ru/catalog/stekloplastikovaya-truba-100,тег
https://metpromintex.ru/catalog/nakonechniki-kabelnye-pod-payku,тег
https://metpromintex.ru/catalog/kabelnyy-nakonechnik-tml-6-4-4,тег
https://metpromintex.ru/catalog/nakonechnik-kabelnyy-vilochnyy,тег
https://metpromintex.ru/catalog/kabelnyy-nakonechnik-tml-10-8-5,тег
https://metpromintex.ru/catalog/nakonechnik-kabelnyy-tml-70-10-13,тег
https://metpromintex.ru/catalog/kabelnyy-nakonechnik-tml-16-8-6,тег
https://metpromintex.ru/catalog/kabelnyy-nakonechnik-tml-4-6-3,тег
https://metpromintex.ru/catalog/nakonechnik-kabelnyy-soedinitelnyy,тег
https://metpromintex.ru/catalog/nakonechniki-kabelnye-tml-6-6-4,тег
https://metpromintex.ru/catalog/nakonechnik-kabelnyy-mednyy-tml-10-6-5,тег
https://metpromintex.ru/catalog/nakonechnik-kabelnyy-sryvnoy,тег
https://metpromintex.ru/catalog/shpunt-larsena-l4,тег
https://metpromintex.ru/catalog/kvadrat-alyuminievyy-16,тег
https://metpromintex.ru/catalog/alyuminievyy-kvadrat-20h20,тег
https://metpromintex.ru/catalog/kvadrat-alyuminievyy-10h10,тег
https://metpromintex.ru/catalog/alyuminievyy-kvadrat-25-mm,тег
https://metpromintex.ru/catalog/kvadrat-alyuminievyy-30h30,тег
https://metpromintex.ru/catalog/gibkaya-vstavka-flantsevaya,тег
https://metpromintex.ru/catalog/gibkaya-vstavka-50,тег
https://metpromintex.ru/catalog/gibkaya-vstavka-100,тег
https://metpromintex.ru/catalog/gibkaya-vstavka-25,тег
https://metpromintex.ru/catalog/gibkaya-vstavka-80,тег
https://metpromintex.ru/catalog/perehodnye-pozharnye-soedinitelnye-golovki,тег
https://metpromintex.ru/catalog/golovki-pozharnye-muftovye-soedinitelnye-gm-50,тег
https://metpromintex.ru/catalog/golovka-soedinitelnaya-50-pozharnaya,тег
https://metpromintex.ru/catalog/muftovaya-pozharnaya-soedinitelnaya-golovka,тег
https://metpromintex.ru/catalog/golovki-rukavnye-soedinitelnye-pozharnye,тег
https://metpromintex.ru/catalog/golovki-pozharnye-tsapkovye-soedinitelnye,тег
https://metpromintex.ru/catalog/kanat-poliamidnyy-16-mm,тег
https://metpromintex.ru/catalog/kanat-poliamidnyy-8-mm,тег
https://metpromintex.ru/catalog/kanat-poliamidnyy-12-mm,тег
https://metpromintex.ru/catalog/zaglushka-dlya-dymohoda-iz-nerzhaveyki,тег
https://metpromintex.ru/catalog/zaglushka-dymohoda-115-mm,тег
https://metpromintex.ru/catalog/zaglushka-dymohoda-120-mm,тег
https://metpromintex.ru/catalog/zaglushka-dymohod-150-mm,тег
https://metpromintex.ru/catalog/zadvizhka-latunnaya-muftovaya,тег
https://metpromintex.ru/catalog/zadvizhka-klinovaya-latunnaya,тег
https://metpromintex.ru/catalog/zadvizhka-klinovaya-latunnaya-12,тег
https://metpromintex.ru/catalog/zadvizhka-latunnaya-1,тег
https://metpromintex.ru/catalog/zadvizhka-latunnaya-2,тег
https://metpromintex.ru/catalog/zadvizhka-klinovaya-latunnaya-1,тег
https://metpromintex.ru/catalog/zadvizhka-klinovaya-latunnaya-2,тег
https://metpromintex.ru/catalog/izoliruyuschee-flantsevoe-soedinenie-ifs-50-mm,тег
https://metpromintex.ru/catalog/izoliruyuschee-flantsevoe-soedinenie-25-mm,тег
https://metpromintex.ru/catalog/izoliruyuschee-flantsevoe-soedinenie-dlya-gazoprovoda,тег
https://metpromintex.ru/catalog/polosa-montazhnaya-perforirovannaya,тег
https://metpromintex.ru/catalog/stekloplastikovaya-armatura-10-mm,тег
https://metpromintex.ru/catalog/stekloplastikovaya-armatura-8-mm,тег
https://metpromintex.ru/catalog/armatura-stekloplastikovaya-12-mm,тег
https://metpromintex.ru/catalog/armatura-stekloplastikovaya-14-mm,тег
https://metpromintex.ru/catalog/armatura-stekloplastikovaya-16-mm,тег
https://metpromintex.ru/catalog/armatura-stekloplastikovaya-4-mm,тег
https://metpromintex.ru/catalog/stekloplastikovaya-armatura-6-mm,тег
https://metpromintex.ru/catalog/armatura-kompozitnaya-stekloplastikovaya,тег
https://metpromintex.ru/catalog/stekloplastikovaya-armatura-zelenaya,тег
https://metpromintex.ru/catalog/stekloplastikovaya-armatura-buhta-50-m,тег
https://metpromintex.ru/catalog/stekloplastikovaya-armatura-ask,тег
https://metpromintex.ru/catalog/asbestotsementnyy-list-10-mm,тег
https://metpromintex.ru/catalog/list-asbestotsementnyy-pressovannyy,тег
https://metpromintex.ru/catalog/asbestotsementnyy-list-dlya-gryadok,тег
https://metpromintex.ru/catalog/ugolok-bu-100h100-mm,тег
https://metpromintex.ru/catalog/ugolok-50h50-mm-bu,тег
https://metpromintex.ru/catalog/pozharnaya-podstavka-flantsevaya,тег
https://metpromintex.ru/catalog/pozharnaya-podstavka-ppf,тег
https://metpromintex.ru/catalog/pozharnaya-podstavka-rastrubnaya,тег
https://metpromintex.ru/catalog/pozharnaya-podstavka-ppf-100-mm,тег
https://metpromintex.ru/catalog/pozharnaya-podstavka-chugunnaya,тег
https://metpromintex.ru/catalog/pozharnaya-podstavka-flantsevaya-300-mm,тег
https://metpromintex.ru/catalog/pozharnaya-podstavka-100-mm,тег
https://metpromintex.ru/catalog/pozharnaya-podstavka-stalnaya,тег
https://metpromintex.ru/catalog/pozharnaya-podstavka-200-mm,тег
https://metpromintex.ru/catalog/vchshg-pozharnaya-podstavka-flantsevaya,тег
https://metpromintex.ru/catalog/pozharnaya-podstavka-flantsevaya-150-mm,тег
https://metpromintex.ru/catalog/pozharnaya-podstavka-250-mm,тег
https://metpromintex.ru/catalog/pozharnaya-podstavka-odnostoronnyaya,тег
https://metpromintex.ru/catalog/pozharnaya-podstavka-pptf,тег
https://metpromintex.ru/catalog/zheleznyy-poroshok-pzhv2,тег
https://metpromintex.ru/catalog/truba-latunnaya-l68,тег
https://metpromintex.ru/catalog/latunnaya-truba-kvadratnaya,тег
https://metpromintex.ru/catalog/latunnaya-truba-pryamougolnaya,тег
https://metpromintex.ru/catalog/latunnaya-truba-vodoprovodnaya,тег
https://metpromintex.ru/catalog/latunnaya-truba-20-mm,тег
https://metpromintex.ru/catalog/truba-latunnaya-32-mm,тег
https://metpromintex.ru/catalog/truba-latunnaya-1-mm,тег
https://metpromintex.ru/catalog/profnastil-polimernyy-s8,тег
https://metpromintex.ru/catalog/zaglushka-vozduhovoda-pryamougolnaya,тег
https://metpromintex.ru/catalog/zaglushka-dlya-vozduhovoda-kruglaya,тег
https://metpromintex.ru/catalog/zaglushki-dlya-vozduhovodov-otsinkovannye,тег
https://metpromintex.ru/catalog/polietilenovye-listy-pnd,тег
https://metpromintex.ru/catalog/otvod-otsinkovannyy-90-gradusov,тег
https://metpromintex.ru/catalog/otvod-stalnoy-krutoizognutyy-otsinkovannyy,тег
https://metpromintex.ru/catalog/otvod-otsinkovannyy-rezbovoy,тег
https://metpromintex.ru/catalog/otvod-otsinkovannyy-100-mm,тег
https://metpromintex.ru/catalog/otvod-otsinkovannyy-besshovnyy,тег
https://metpromintex.ru/catalog/otvod-kruglyy-otsinkovannyy,тег
https://metpromintex.ru/catalog/otvod-otsinkovannyy-pryamougolnyy,тег
https://metpromintex.ru/catalog/otvod-45-otsinkovannyy,тег
https://metpromintex.ru/catalog/otvod-krutoizognutyy-otsinkovannyy-90-gradusov,тег
https://metpromintex.ru/catalog/gost-12601-76-poroshok-tsinkovyy,тег
https://metpromintex.ru/catalog/tsinkovyy-poroshok-ptsr-1,тег
https://metpromintex.ru/catalog/ptsr-0-tsinkovyy-poroshok,тег
https://metpromintex.ru/catalog/krug-stalnoy-10-mm,тег
https://metpromintex.ru/catalog/krug-stalnoy-16-mm,тег
https://metpromintex.ru/catalog/krug-stalnoy-18-mm,тег
https://metpromintex.ru/catalog/krug-stalnoy-8-mm,тег
https://metpromintex.ru/catalog/krug-stalnoy-20-mm,тег
https://metpromintex.ru/catalog/drob-1,тег
https://metpromintex.ru/catalog/drob-0,тег
https://metpromintex.ru/catalog/drob-stalnaya,тег
https://metpromintex.ru/catalog/drob-svintsovaya,тег
https://metpromintex.ru/catalog/drob-nerzhaveyuschaya,тег
https://metpromintex.ru/catalog/drob-kolotaya,тег
https://metpromintex.ru/catalog/drob-dlya-peskostruyki,тег
https://metpromintex.ru/catalog/drob-litaya,тег
https://metpromintex.ru/catalog/drob-chugunnaya,тег
https://metpromintex.ru/catalog/setka-polutompakovaya-latunnaya,тег
https://metpromintex.ru/catalog/latunnaya-setka-dlya-payki,тег
https://metpromintex.ru/catalog/setka-latunnaya-filtrovalnaya,тег
https://metpromintex.ru/catalog/prorezinennaya-tkan-dlya-tentov,тег
https://metpromintex.ru/catalog/tkan-prorezinennaya-membrannaya,тег
https://metpromintex.ru/catalog/tehnicheskaya-tkan-prorezinennaya,тег
https://metpromintex.ru/catalog/prorezinennaya-tkan-dlya-odezhdy,тег
https://metpromintex.ru/catalog/tkan-prorezinennaya-nepromokaemaya,тег
https://metpromintex.ru/catalog/polosobulb-alyuminievyy,тег
https://metpromintex.ru/catalog/kanat-polipropilenovyy-16-mm,тег
https://metpromintex.ru/catalog/kanat-polipropilenovyy-pletenyy,тег
https://metpromintex.ru/catalog/kanat-s-polipropilenovym-serdechnikom,тег
https://metpromintex.ru/catalog/kanat-polipropilenovyy-8-pryadnyy,тег
https://metpromintex.ru/catalog/kanat-polipropilenovyy-pletenyy-s-serdechnikom,тег
https://metpromintex.ru/catalog/shvartovyy-kanat-polipropilenovyy,тег
https://metpromintex.ru/catalog/kanat-polipropilenovyy-8-mm,тег
https://metpromintex.ru/catalog/provoloka-svarochnaya-bronzovaya,тег
https://metpromintex.ru/catalog/muvp-k1,тег
https://metpromintex.ru/catalog/muvp-k5,тег
https://metpromintex.ru/catalog/muvp-k3,тег
https://metpromintex.ru/catalog/muvp-k2,тег
https://metpromintex.ru/catalog/muvp-k4,тег
https://metpromintex.ru/catalog/koltso-muvp,тег
https://metpromintex.ru/catalog/otvod-chugunnyy-45-gradusov,тег
https://metpromintex.ru/catalog/otvod-chugunnyy-90-gradusov,тег
https://metpromintex.ru/catalog/otvod-chugunnyy-kanalizatsionnyy,тег
https://metpromintex.ru/catalog/otvod-chugunnyy-flantsevyy,тег
https://metpromintex.ru/catalog/otvod-chugunnyy-100-mm,тег
https://metpromintex.ru/catalog/otvod-chugunnyy-rezbovoy,тег
https://metpromintex.ru/catalog/otvod-chugunnyy-rastrubnyy,тег
https://metpromintex.ru/catalog/otvod-chugunnyy-100-mm-45,тег
https://metpromintex.ru/catalog/otvod-chugunnyy-otsinkovannyy,тег
https://metpromintex.ru/catalog/otvod-chugunnyy-150-mm,тег
https://metpromintex.ru/catalog/otvod-chugunnyy-bezrastrubnyy,тег
https://metpromintex.ru/catalog/otvod-chugunnyy-sml,тег
https://metpromintex.ru/catalog/probka-dlya-chugunnogo-radiatora,тег
https://metpromintex.ru/catalog/probka-bimetallicheskogo-radiatora,тег
https://metpromintex.ru/catalog/probka-prohodnaya-na-chugunnyy-radiator,тег
https://metpromintex.ru/catalog/probka-dlya-chugunnogo-radiatora-levaya,тег
https://metpromintex.ru/catalog/probka-radiatora-levaya,тег
https://metpromintex.ru/catalog/probka-prohodnaya-dlya-radiatora,тег
https://metpromintex.ru/catalog/probki-dlya-radiatorov-gluhie,тег
https://metpromintex.ru/catalog/probka-radiatora-34,тег
https://metpromintex.ru/catalog/probka-dlya-radiatora-1-14,тег
https://metpromintex.ru/catalog/probka-radiatora-12,тег
https://metpromintex.ru/catalog/prokladka-flantsevaya-rezinovaya,тег
https://metpromintex.ru/catalog/prokladki-dlya-flantsev-grafitovye,тег
https://metpromintex.ru/catalog/prokladka-flantsevaya-paronitovaya,тег
https://metpromintex.ru/catalog/prokladki-dlya-flantsev-spiralno-navitye,тег
https://metpromintex.ru/catalog/prokladki-dlya-flantsev-ftoroplastovye,тег
https://metpromintex.ru/catalog/prokladki-dlya-flantsev-metallicheskie,тег
https://metpromintex.ru/catalog/prokladka-paronitovaya-du-40-flantsevaya,тег
https://metpromintex.ru/catalog/prokladka-flantsevaya-40-mm,тег
https://metpromintex.ru/catalog/troynik-vodostochnyy-100-mm,тег
https://metpromintex.ru/catalog/permalloy-79nm,тег
https://metpromintex.ru/catalog/splav-permalloy,тег
https://metpromintex.ru/catalog/press-troynik,тег
https://metpromintex.ru/catalog/troynik-nerzhaveyuschiy-privarnoy,тег
https://metpromintex.ru/catalog/troynik-perehodnoy-nerzhaveyuschiy,тег
https://metpromintex.ru/catalog/troyniki-nerzhaveyuschie-12h18n10t,тег
https://metpromintex.ru/catalog/troynik-dlya-nerzhaveyuschih-trub,тег
https://metpromintex.ru/catalog/troynik-nerzhaveyuschiy-ravnoprohodnoy,тег
https://metpromintex.ru/catalog/troynik-nerzhaveyuschiy-rezbovoy,тег
https://metpromintex.ru/catalog/troynik-nerzhaveyuschiy-12,тег
https://metpromintex.ru/catalog/troynik-nerzhaveyuschiy-dlya-dymohoda,тег
https://metpromintex.ru/catalog/shveller-stalnoy-goryachekatanyy,тег
https://metpromintex.ru/catalog/shveller-goryachekatanyy-10-mm,тег
https://metpromintex.ru/catalog/shveller-goryachekatanyy-20-mm,тег
https://metpromintex.ru/catalog/shveller-goryachekatanyy-12,тег
https://metpromintex.ru/catalog/shveller-goryachekatanyy-8,тег
https://metpromintex.ru/catalog/shveller-goryachekatanyy-5,тег
https://metpromintex.ru/catalog/shveller-goryachekatanyy-16p,тег
https://metpromintex.ru/catalog/zaglushka-latunnaya-12,тег
https://metpromintex.ru/catalog/zaglushka-12-vr-latunnaya,тег
https://metpromintex.ru/catalog/zaglushka-latunnaya-1,тег
https://metpromintex.ru/catalog/zaglushka-latunnaya-s-vnutrenney-rezboy,тег
https://metpromintex.ru/catalog/zaglushka-latunnaya-14,тег
https://metpromintex.ru/catalog/zaglushka-latunnaya-rezbovaya,тег
https://metpromintex.ru/catalog/zaglushka-latunnaya-1-vr,тег
https://metpromintex.ru/catalog/smes-rezinovaya-v-14,тег
https://metpromintex.ru/catalog/smes-rezinovaya-kalandrovannaya,тег
https://metpromintex.ru/catalog/rezinovaya-smes-no-68-1-nta,тег
https://metpromintex.ru/catalog/silikonovye-rezinovye-smesi,тег
https://metpromintex.ru/catalog/smes-rezinovaya-irp-1265,тег
https://metpromintex.ru/catalog/syrye-rezinovye-smesi,тег
https://metpromintex.ru/catalog/smes-rezinovaya-tu-38-0051166-2015,тег
https://metpromintex.ru/catalog/rezinovaya-smes-nta,тег
https://metpromintex.ru/catalog/rezinovaya-smes-1068,тег
https://metpromintex.ru/catalog/troynik-latunnyy-12,тег
https://metpromintex.ru/catalog/troynik-latunnyy-34,тег
https://metpromintex.ru/catalog/troynik-latunnyy-1,тег
https://metpromintex.ru/catalog/troynik-latunnyy-dlya-shlangov,тег
https://metpromintex.ru/catalog/troynik-latunnyy-12-vr,тег
https://metpromintex.ru/catalog/troynik-latunnyy-perehodnoy,тег
https://metpromintex.ru/catalog/latunnye-troyniki-s-vnutrenney-rezboy,тег
https://metpromintex.ru/catalog/troynik-latunnyy-aksialnyy,тег
https://metpromintex.ru/catalog/troynik-latunnyy-1-vr,тег
https://metpromintex.ru/catalog/troynik-latunnyy-2,тег
https://metpromintex.ru/catalog/troynik-latunnyy-dlya-trub,тег
https://metpromintex.ru/catalog/troyniki-latunnye-rezbovye,тег
https://metpromintex.ru/catalog/troynik-latunnyy-soedinitelnyy,тег
https://metpromintex.ru/catalog/dymohod-perehod-115-na-115,тег
https://metpromintex.ru/catalog/shlifovalno-abrazivnye-materialy,тег
https://metpromintex.ru/catalog/abrazivnyy-material-shlifovalnyh-krugov,тег
https://metpromintex.ru/catalog/almaznye-abrazivnye-materialy,тег
https://metpromintex.ru/catalog/abrazivnyy-poroshok-0-d-5-2-d-5,тег
https://metpromintex.ru/catalog/provoloka-alyumel,тег
https://metpromintex.ru/catalog/alyuminievaya-provoloka-5-mm,тег
https://metpromintex.ru/catalog/provoloka-alyuminievaya-4-mm,тег
https://metpromintex.ru/catalog/alyuminievaya-provoloka-dlya-rukodeliya,тег
https://metpromintex.ru/catalog/alyuminievaya-provoloka-prisadochnaya,тег
https://metpromintex.ru/catalog/alyuminievaya-provoloka-3-mm,тег
https://metpromintex.ru/catalog/alyuminievaya-provoloka-0-d-5-mm,тег
https://metpromintex.ru/catalog/alyuminievaya-provoloka-myagkaya,тег
https://metpromintex.ru/catalog/provoloka-alyuminievaya-1-d-2-mm,тег
https://metpromintex.ru/catalog/alyuminievaya-provoloka-2-mm,тег
https://metpromintex.ru/catalog/alyuminievaya-provoloka-6-mm,тег
https://metpromintex.ru/catalog/tonkaya-alyuminievaya-provoloka,тег
https://metpromintex.ru/catalog/poroshok-alyuminievyy-asd-4,тег
https://metpromintex.ru/catalog/poroshok-alyuminievyy-pa-4,тег
https://metpromintex.ru/catalog/alyuminievyy-poroshok-apv,тег
https://metpromintex.ru/catalog/magnievo-alyuminievyy-poroshok,тег
https://metpromintex.ru/catalog/poroshok-alyuminievyy-asd-1,тег
https://metpromintex.ru/catalog/pokovka-kruglaya-280-mm,тег
https://metpromintex.ru/catalog/pokovka-kruglaya-gost-8479-70,тег
https://metpromintex.ru/catalog/anody-amf,тег
https://metpromintex.ru/catalog/anody-m1,тег
https://metpromintex.ru/catalog/anody-npa,тег
https://metpromintex.ru/catalog/anody-npan,тег
https://metpromintex.ru/catalog/anod-o1,тег
https://metpromintex.ru/catalog/anody-ts0,тег
https://metpromintex.ru/catalog/armatura-12-bu,тег
https://metpromintex.ru/catalog/armatura-10-bu,тег
https://metpromintex.ru/catalog/asbestovyy-shnur,тег
https://metpromintex.ru/catalog/shnur-asbestovyy-shaon,тег
https://metpromintex.ru/catalog/karton-asbestovyy,тег
https://metpromintex.ru/catalog/asbestovyy-shnur-dlya-pechey,тег
https://metpromintex.ru/catalog/nabivka-asbestovaya,тег
https://metpromintex.ru/catalog/karton-asbestovyy-kaon-1,тег
https://metpromintex.ru/catalog/shnur-asbestovyy-10-mm,тег
https://metpromintex.ru/catalog/karton-asbestovyy-kaon-3,тег
https://metpromintex.ru/catalog/asbestovyy-karton-3-mm,тег
https://metpromintex.ru/catalog/shnur-asbestovyy-obschego-naznacheniya,тег
https://metpromintex.ru/catalog/asbestovaya-doska,тег
https://metpromintex.ru/catalog/balka-dvutavrovaya-bu,тег
https://metpromintex.ru/catalog/beton-v25,тег
https://metpromintex.ru/catalog/zhidkiy-beton,тег
https://metpromintex.ru/catalog/stroitelnye-bloki-dlya-sten,тег
https://metpromintex.ru/catalog/stroitelnye-stenovye-bloki,тег
https://metpromintex.ru/catalog/betonnye-stroitelnye-bloki,тег
https://metpromintex.ru/catalog/blok-stroitelnyy-20h20h40,тег
https://metpromintex.ru/catalog/stroitelnye-bloki-dlya-fundamenta,тег
https://metpromintex.ru/catalog/blok-stroitelnyy-pustotelyy,тег
https://metpromintex.ru/catalog/bloki-stroitelnye-gazobetonnye,тег
https://metpromintex.ru/catalog/blok-stroitelnyy-silikatnyy,тег
https://metpromintex.ru/catalog/list-bronzovyy-gost-18175-78,тег
https://metpromintex.ru/catalog/kleenyy-brus,тег
https://metpromintex.ru/catalog/profilirovannyy-brus,тег
https://metpromintex.ru/catalog/brus-antiseptirovannyy,тег
https://metpromintex.ru/catalog/brus-sosnovyy,тег
https://metpromintex.ru/catalog/brus-perevodnoy,тег
https://metpromintex.ru/catalog/brus-kedrovyy,тег
https://metpromintex.ru/catalog/brus-dlya-teplitsy,тег
https://metpromintex.ru/catalog/brus-hvoynyy,тег
https://metpromintex.ru/catalog/brus-listvennyy,тег
https://metpromintex.ru/catalog/brus-3-m,тег
https://metpromintex.ru/catalog/bumaga-asbestovaya-bt,тег
https://metpromintex.ru/catalog/bumaga-asbestovaya-be,тег
https://metpromintex.ru/catalog/bur-sds-plus,тег
https://metpromintex.ru/catalog/bur-sds-max,тег
https://metpromintex.ru/catalog/bur-po-betonu-sds,тег
https://metpromintex.ru/catalog/slitki-vanadiya,тег
https://metpromintex.ru/catalog/oksid-vanadiya,тег
https://metpromintex.ru/catalog/vanadiy-vel-2,тег
https://metpromintex.ru/catalog/vanadiy-3,тег
https://metpromintex.ru/catalog/ventil-bronzovyy-du15,тег
https://metpromintex.ru/catalog/ventili-bronzovye-muftovye,тег
https://metpromintex.ru/catalog/ventil-latunnyy-muftovyy,тег
https://metpromintex.ru/catalog/ventil-latunnyy-12,тег
https://metpromintex.ru/catalog/ventil-latunnyy-34,тег
https://metpromintex.ru/catalog/ventil-latunnyy-15b1p,тег
https://metpromintex.ru/catalog/ventil-zapornyy-latunnyy,тег
https://metpromintex.ru/catalog/ventil-latunnyy-50-mm,тег
https://metpromintex.ru/catalog/ventil-latunnyy-uglovoy,тег
https://metpromintex.ru/catalog/ventil-pozharnyy-latunnyy,тег
https://metpromintex.ru/catalog/ventil-flantsevyy-nerzhaveyuschiy,тег
https://metpromintex.ru/catalog/ventil-nerzhaveyuschiy-muftovyy,тег
https://metpromintex.ru/catalog/ventil-igolchatyy-nerzhaveyuschiy,тег
https://metpromintex.ru/catalog/ventil-polipropilenovyy-20-mm,тег
https://metpromintex.ru/catalog/ventil-polipropilenovyy-25-mm,тег
https://metpromintex.ru/catalog/ventil-stalnoy-flantsevyy,тег
https://metpromintex.ru/catalog/ventil-stalnoy-15s65nzh,тег
https://metpromintex.ru/catalog/ventil-stalnoy-muftovyy,тег
https://metpromintex.ru/catalog/klapan-zapornyy-stalnoy-flantsevyy,тег
https://metpromintex.ru/catalog/ventil-stalnoy-15s22nzh,тег
https://metpromintex.ru/catalog/ventil-stalnoy-du50,тег
https://metpromintex.ru/catalog/ventil-chugunnyy-flantsevyy,тег
https://metpromintex.ru/catalog/ventil-chugunnyy-muftovyy,тег
https://metpromintex.ru/catalog/ventil-zapornyy-chugunnyy,тег
https://metpromintex.ru/catalog/klapan-zapornyy-chugunnyy,тег
https://metpromintex.ru/catalog/ventil-chugunnyy-du50,тег
https://metpromintex.ru/catalog/ventil-chugunnyy-15kch18p,тег
https://metpromintex.ru/catalog/chugunnyy-ventil-1,тег
https://metpromintex.ru/catalog/reshetka-ventilyatsionnaya-metallicheskaya,тег
https://metpromintex.ru/catalog/reshetka-ventilyatsionnaya-plastikovaya,тег
https://metpromintex.ru/catalog/reshetka-ventilyatsionnaya-kruglaya,тег
https://metpromintex.ru/catalog/reshetka-ventilyatsionnaya-belaya,тег
https://metpromintex.ru/catalog/reshetka-ventilyatsionnaya-reguliruemaya,тег
https://metpromintex.ru/catalog/reshetka-ventilyatsionnaya-vytyazhnaya,тег
https://metpromintex.ru/catalog/reshetka-ventilyatsionnaya-naruzhnaya,тег
https://metpromintex.ru/catalog/ventilyatsionnaya-reshetka-s-klapanom,тег
https://metpromintex.ru/catalog/reshetka-ventilyatsionnaya-pritochno-vytyazhnaya,тег
https://metpromintex.ru/catalog/reshetka-ventilyatsionnaya-kvadratnaya,тег
https://metpromintex.ru/catalog/reshetka-ventilyatsionnaya-200h200,тег
https://metpromintex.ru/catalog/reshetka-ventilyatsionnaya-alyuminievaya,тег
https://metpromintex.ru/catalog/vermikulit-vspuchennyy,тег
https://metpromintex.ru/catalog/vermikulit-dlya-rasteniy,тег
https://metpromintex.ru/catalog/vermikulit-dlya-pechi,тег
https://metpromintex.ru/catalog/vermikulit-krupnyy,тег
https://metpromintex.ru/catalog/vrezka-pryamaya-pryamougolnaya,тег
https://metpromintex.ru/catalog/vrezka-pryamaya-kruglaya,тег
https://metpromintex.ru/catalog/kruglaya-vrezka-100-mm,тег
https://metpromintex.ru/catalog/vrezka-kruglaya-160-mm,тег
https://metpromintex.ru/catalog/gibkaya-vstavka-pvh,тег
https://metpromintex.ru/catalog/vstavka-gibkaya-kvadratnaya,тег
https://metpromintex.ru/catalog/latunnaya-vtulka-skolzheniya,тег
https://metpromintex.ru/catalog/vtulka-pod-flanets-pe-100,тег
https://metpromintex.ru/catalog/vtulka-pnd-pod-flanets,тег
https://metpromintex.ru/catalog/vtulka-pod-flanets-pe-100-sdr-17,тег
https://metpromintex.ru/catalog/vtulka-pnd,тег
https://metpromintex.ru/catalog/vtulka-pod-flanets-pnd-110-mm,тег
https://metpromintex.ru/catalog/vtulka-pnd-160-mm,тег
https://metpromintex.ru/catalog/vtulka-pnd-32-mm,тег
https://metpromintex.ru/catalog/vtulka-pe-100,тег
https://metpromintex.ru/catalog/vtulka-pod-flanets-pp,тег
https://metpromintex.ru/catalog/gafniy-metallicheskiy,тег
https://metpromintex.ru/catalog/gafniy-poroshok,тег
https://metpromintex.ru/catalog/gafniy-yodidnyy,тег
https://metpromintex.ru/catalog/gvl-vlagostoykiy,тег
https://metpromintex.ru/catalog/gvl-dlya-pola,тег
https://metpromintex.ru/catalog/gvl-dlya-sten,тег
https://metpromintex.ru/catalog/gvl-12-d-5-mm,тег
https://metpromintex.ru/catalog/gvl-10-mm,тег
https://metpromintex.ru/catalog/superlist-gvl,тег
https://metpromintex.ru/catalog/georeshetka-dlya-dorozhek,тег
https://metpromintex.ru/catalog/obemnaya-georeshetka,тег
https://metpromintex.ru/catalog/georeshetka-dlya-schebnya,тег
https://metpromintex.ru/catalog/georeshetka-dlya-sklonov,тег
https://metpromintex.ru/catalog/ploskaya-georeshetka,тег
https://metpromintex.ru/catalog/georeshetka-100-mm,тег
https://metpromintex.ru/catalog/georeshetka-150-mm,тег
https://metpromintex.ru/catalog/georeshetka-210h210-mm,тег
https://metpromintex.ru/catalog/georeshetka-200-mm,тег
https://metpromintex.ru/catalog/georeshetka-40-mm,тег
https://metpromintex.ru/catalog/georeshetka-50-mm,тег
https://metpromintex.ru/catalog/gazonnaya-georeshetka,тег
https://metpromintex.ru/catalog/georeshetka-30h30-mm,тег
https://metpromintex.ru/catalog/geotekstil-pod-scheben,тег
https://metpromintex.ru/catalog/geotekstil-300,тег
https://metpromintex.ru/catalog/geotekstil-200,тег
https://metpromintex.ru/catalog/geotekstil-drenazhnyy,тег
https://metpromintex.ru/catalog/geotekstil-sadovyy,тег
https://metpromintex.ru/catalog/geotekstil-dlya-dorozhek,тег
https://metpromintex.ru/catalog/geotekstil-pod-plitku,тег
https://metpromintex.ru/catalog/geotekstil-150,тег
https://metpromintex.ru/catalog/geotekstil-110,тег
https://metpromintex.ru/catalog/geotekstil-pod-fundament,тег
https://metpromintex.ru/catalog/gips-g-16,тег
https://metpromintex.ru/catalog/gips-g-5,тег
https://metpromintex.ru/catalog/gips-dlya-zalivki-form,тег
https://metpromintex.ru/catalog/gnutyy-profil-p-obraznyy,тег
https://metpromintex.ru/catalog/gnutyy-profil-otsinkovannyy,тег
https://metpromintex.ru/catalog/testovyy,тег
https://metpromintex.ru/catalog/1234,тег
https://metpromintex.ru/catalog/gnutyy-kvadratnyy-profil,тег
https://metpromintex.ru/catalog/gnutyy-profil-perforirovannyy,тег
https://metpromintex.ru/catalog/gnutyy-pryamougolnyy-profil,тег
https://metpromintex.ru/catalog/gnutyy-profil-dlya-teplitsy,тег
https://metpromintex.ru/catalog/gryazevik-vertikalnyy,тег
https://metpromintex.ru/catalog/gryazevik-1,тег
https://metpromintex.ru/catalog/gryazevik-80-mm,тег
https://metpromintex.ru/catalog/gryazevik-100-mm,тег
https://metpromintex.ru/catalog/gryazevik-150-mm,тег
https://metpromintex.ru/catalog/gryazevik-50-mm,тег
https://metpromintex.ru/catalog/gryazevik-200-mm,тег
https://metpromintex.ru/catalog/gryazevik-400-mm,тег
https://metpromintex.ru/catalog/gryazevik-ru16,тег
https://metpromintex.ru/catalog/gryazevik-gorizontalnyy,тег
https://metpromintex.ru/catalog/gryazevik-dlya-otopleniya,тег
https://metpromintex.ru/catalog/gryazesemnik-gost-24811-81,тег
https://metpromintex.ru/catalog/gryazesemnik-armirovannyy,тег
https://metpromintex.ru/catalog/gryazesemniki-poliuretanovye,тег
https://metpromintex.ru/catalog/mufta-nkt-73-mm,тег
https://metpromintex.ru/catalog/mufta-nkt-89-mm,тег
https://metpromintex.ru/catalog/mufta-nkt-60-mm,тег
https://metpromintex.ru/catalog/mufta-nkt-114-mm,тег
https://metpromintex.ru/catalog/dvp-na-pol,тег
https://metpromintex.ru/catalog/dvp-belyy,тег
https://metpromintex.ru/catalog/orgalit,тег
https://metpromintex.ru/catalog/dvp-paneli-dlya-sten,тег
https://metpromintex.ru/catalog/dvp-dlya-mebeli,тег
https://metpromintex.ru/catalog/dvp-tverdyy,тег
https://metpromintex.ru/catalog/dvp-5-mm,тег
https://metpromintex.ru/catalog/dvp-3-mm,тег
https://metpromintex.ru/catalog/dvp-4-mm,тег
https://metpromintex.ru/catalog/dvp-3-d-2-mm,тег
https://metpromintex.ru/catalog/balka-dvutavrovaya-20,тег
https://metpromintex.ru/catalog/balka-dvutavrovaya-16,тег
https://metpromintex.ru/catalog/svarnaya-dvutavrovaya-balka,тег
https://metpromintex.ru/catalog/balka-dvutavrovaya-14,тег
https://metpromintex.ru/catalog/balka-dvutavrovaya-12,тег
https://metpromintex.ru/catalog/balka-stalnaya-dvutavrovaya,тег
https://metpromintex.ru/catalog/balka-dvutavrovaya-18,тег
https://metpromintex.ru/catalog/balka-dvutavrovaya-30,тег
https://metpromintex.ru/catalog/balka-dvutavrovaya-10,тег
https://metpromintex.ru/catalog/dvutavrovaya-balka-monorelsovaya,тег
https://metpromintex.ru/catalog/dvutavrovaya-balka-200,тег
https://metpromintex.ru/catalog/dvutavrovaya-balka-shirokopolochnaya,тег
https://metpromintex.ru/catalog/dvutavrovaya-balka-stroitelnaya,тег
https://metpromintex.ru/catalog/dvutavrovaya-balka-alyuminievaya,тег
https://metpromintex.ru/catalog/dvutavrovaya-balka-usilennaya,тег
https://metpromintex.ru/catalog/dvutavrovaya-balka-opornaya,тег
https://metpromintex.ru/catalog/balka-dvutavrovaya-gost-19425-74,тег
https://metpromintex.ru/catalog/balka-dvutavrovaya-gost-8239-89,тег
https://metpromintex.ru/catalog/truba-hrizotiltsementnaya-bnt,тег
https://metpromintex.ru/catalog/truba-hrizotiltsementnaya-100-mm,тег
https://metpromintex.ru/catalog/truba-hrizotiltsementnaya-bnt-100-mm,тег
https://metpromintex.ru/catalog/hrizotiltsementnye-truby-150-mm,тег
https://metpromintex.ru/catalog/truba-hrizotiltsementnaya-300-mm,тег
https://metpromintex.ru/catalog/truba-hrizotiltsementnaya-200-mm,тег
https://metpromintex.ru/catalog/truba-vgp-stalnaya,тег
https://metpromintex.ru/catalog/truba-vgp-kruglaya,тег
https://metpromintex.ru/catalog/truba-vgp-chernaya,тег
https://metpromintex.ru/catalog/truba-vgp-svarnaya,тег
https://metpromintex.ru/catalog/truba-vgp-usilennaya,тег
https://metpromintex.ru/catalog/truba-vgp-obyknovennaya,тег
https://metpromintex.ru/catalog/truba-vgp-legkaya,тег
https://metpromintex.ru/catalog/truba-gofrirovannaya-nerzhaveyuschaya-dlya-vodoprovoda,тег
https://metpromintex.ru/catalog/truba-gofrirovannaya-nerzhaveyuschaya-dlya-otopleniya,тег
https://metpromintex.ru/catalog/lavita-gofrirovannaya-nerzhaveyuschaya-truba,тег
https://metpromintex.ru/catalog/truba-gofrirovannaya-nerzhaveyuschaya-dlya-teploobmennika,тег
https://metpromintex.ru/catalog/truba-gofrirovannaya-nerzhaveyuschaya-dlya-gaza,тег
https://metpromintex.ru/catalog/truba-nerzhaveyuschaya-gofrirovannaya-20-mm,тег
https://metpromintex.ru/catalog/truba-gofrirovannaya-nerzhaveyuschaya-otozhzhennaya,тег
https://metpromintex.ru/catalog/truba-nerzhaveyuschaya-gofrirovannaya-20a,тег
https://metpromintex.ru/catalog/nerzhaveyuschaya-gofrirovannaya-truba-15-mm,тег
https://metpromintex.ru/catalog/truba-gofrirovannaya-nerzhaveyuschaya-dlya-teplyh-polov,тег
https://metpromintex.ru/catalog/truba-gofrirovannaya-nerzhaveyuschaya-v-obolochke,тег
https://metpromintex.ru/catalog/truba-gofrirovannaya-nerzhaveyuschaya-neotozhzhennaya,тег
https://metpromintex.ru/catalog/gofrirovannaya-nerzhaveyuschaya-truba-stahlmann,тег
https://metpromintex.ru/catalog/truba-kotelnaya-stal,тег
https://metpromintex.ru/catalog/truba-kotelnaya-nerzhaveyuschaya,тег
https://metpromintex.ru/catalog/truba-dlya-kotelnoy-metallicheskaya,тег
https://metpromintex.ru/catalog/profilnaya-truba-100h100-bu,тег
https://metpromintex.ru/catalog/truba-soedinitelnaya-otsinkovannaya,тег
https://metpromintex.ru/catalog/ugol-zheloba-naruzhnyy,тег
https://metpromintex.ru/catalog/ugol-zheloba-vnutrenniy,тег
https://metpromintex.ru/catalog/ugol-zheloba-135-gradusov,тег
https://metpromintex.ru/catalog/laminirovannaya-fanera,тег
https://metpromintex.ru/catalog/fanera-laminirovannaya-18-mm,тег
https://metpromintex.ru/catalog/fanera-vlagostoykaya,тег
https://metpromintex.ru/catalog/fanera-fs,тег
https://metpromintex.ru/catalog/list-fanery,тег
https://metpromintex.ru/catalog/fanera-fk,тег
https://metpromintex.ru/catalog/fanera-22,тег
https://metpromintex.ru/catalog/fanera-11,тег
https://metpromintex.ru/catalog/fanera-10-mm,тег
https://metpromintex.ru/catalog/fanera-shlifovannaya,тег
https://metpromintex.ru/catalog/fanera-12-mm,тег
https://metpromintex.ru/catalog/fanera-18-mm,тег
https://metpromintex.ru/catalog/fanera-stroitelnaya,тег
https://metpromintex.ru/catalog/fanera-20-mm,тег
https://metpromintex.ru/catalog/fanera-neshlifovannaya,тег
https://metpromintex.ru/catalog/fanera-1525h1525,тег
https://metpromintex.ru/catalog/fanera-1220h2440,тег
https://metpromintex.ru/catalog/fanera-4-mm,тег
https://metpromintex.ru/catalog/ugol-zheloba-90-gradusov,тег
https://metpromintex.ru/catalog/ugol-zheloba-universalnyy,тег
https://metpromintex.ru/catalog/ugol-zheloba-vnutrenniy-90-gradusov,тег
https://metpromintex.ru/catalog/ugol-zheloba-docke,тег
https://metpromintex.ru/catalog/ugol-zheloba-vneshniy-90-gradusov,тег
https://metpromintex.ru/catalog/ugol-zheloba-tehnonikol,тег
https://metpromintex.ru/catalog/ugol-zheloba-reguliruemyy,тег
https://metpromintex.ru/catalog/ugol-zheloba-125-mm,тег
https://metpromintex.ru/catalog/grand-line-ugol-zheloba,тег
https://metpromintex.ru/catalog/fankoyl-kanalnyy,тег
https://metpromintex.ru/catalog/fankoyl-kassetnyy,тег
https://metpromintex.ru/catalog/fasadnye-paneli-alta,тег
https://metpromintex.ru/catalog/fasadnye-paneli-docke,тег
https://metpromintex.ru/catalog/fasadnye-paneli-pod-kamen,тег
https://metpromintex.ru/catalog/fasadnye-paneli-grand-line,тег
https://metpromintex.ru/catalog/fasadnye-paneli-tehnonikol,тег
https://metpromintex.ru/catalog/fasadnye-paneli-fineber,тег
https://metpromintex.ru/catalog/fasadnye-paneli-s-uteplitelem,тег
https://metpromintex.ru/catalog/fasadnye-klinkernye-paneli,тег
https://metpromintex.ru/catalog/fibrotsementnye-fasadnye-paneli,тег
https://metpromintex.ru/catalog/stenovye-paneli-fasadnye,тег
https://metpromintex.ru/catalog/metallicheskie-fasadnye-paneli,тег
https://metpromintex.ru/catalog/flanets-adapter-pnd-plastikovyy,тег
https://metpromintex.ru/catalog/flanets-plastikovyy-50-mm,тег
https://metpromintex.ru/catalog/flanets-plastikovyy-125-mm,тег
https://metpromintex.ru/catalog/flanets-plastikovyy-150-mm,тег
https://metpromintex.ru/catalog/flanets-plastikovyy-200-mm,тег
https://metpromintex.ru/catalog/flanets-plastikovyy-110-mm,тег
https://metpromintex.ru/catalog/flanets-plastikovyy-kruglyy,тег
https://metpromintex.ru/catalog/flanets-ventilyatsionnyy-plastikovyy,тег
https://metpromintex.ru/catalog/flanets-plastikovyy-100-mm,тег
https://metpromintex.ru/catalog/flanets-chugunnyy-perehodnoy,тег
https://metpromintex.ru/catalog/flanets-obzhimnoy-chugunnyy,тег
https://metpromintex.ru/catalog/flanets-chugunnyy-100-mm,тег
https://metpromintex.ru/catalog/flantsy-chugunnye-rezbovye,тег
https://metpromintex.ru/catalog/folga-latunnaya-gost-2208-2007,тег
https://metpromintex.ru/catalog/sterzhen-ftoroplastovyy-f-4,тег
https://metpromintex.ru/catalog/deflektor-vozduhovoda-kruglyy,тег
https://metpromintex.ru/catalog/deflektor-ventilyatsionnyy-110-mm,тег
https://metpromintex.ru/catalog/deflektor-ventilyatsionnyy-160-mm,тег
https://metpromintex.ru/catalog/freza-po-derev,тег
https://metpromintex.ru/catalog/frez-po-metallu,тег
https://metpromintex.ru/catalog/freza-kontsevaya,тег
https://metpromintex.ru/catalog/freza-diskovaya,тег
https://metpromintex.ru/catalog/kanat-dzhutovyy-14-mm,тег
https://metpromintex.ru/catalog/kanat-dzhutovyy-10-mm,тег
https://metpromintex.ru/catalog/kanat-dzhutovyy-8-mm,тег
https://metpromintex.ru/catalog/kanat-dzhutovyy-12-mm,тег
https://metpromintex.ru/catalog/kanat-dzhutovyy-18-mm,тег
https://metpromintex.ru/catalog/kanat-dzhutovyy-22-mm,тег
https://metpromintex.ru/catalog/dzhutovyy-kanat-30-mm,тег
https://metpromintex.ru/catalog/tortsevaya-freza,тег
https://metpromintex.ru/catalog/kanat-dzhutovyy-kruchenyy,тег
https://metpromintex.ru/catalog/freza-dlya-stanka,тег
https://metpromintex.ru/catalog/freza-2,тег
https://metpromintex.ru/catalog/freza-pryamaya,тег
https://metpromintex.ru/catalog/kanat-dzhutovyy-dlya-sruba,тег
https://metpromintex.ru/catalog/disk-abrazivnyy-shlifovalnyy,тег
https://metpromintex.ru/catalog/abrazivnyy-disk-dlya-bolgarki,тег
https://metpromintex.ru/catalog/doska-neobreznaya-25-mm,тег
https://metpromintex.ru/catalog/neobreznaya-doska-25h150h6000-mm,тег
https://metpromintex.ru/catalog/disk-abrazivnyy-po-metallu,тег
https://metpromintex.ru/catalog/neobreznaya-hvoynaya-doska,тег
https://metpromintex.ru/catalog/doska-neobreznaya-50,тег
https://metpromintex.ru/catalog/doska-neobreznaya-6-metrov,тег
https://metpromintex.ru/catalog/abrazivnyy-disk-po-kamnyu,тег
https://metpromintex.ru/catalog/freza-2-mm,тег
https://metpromintex.ru/catalog/disk-abrazivnyy-125-mm,тег
https://metpromintex.ru/catalog/disk-abrazivnyy-230-mm,тег
https://metpromintex.ru/catalog/diski-abrazivnye-zachistnye,тег
https://metpromintex.ru/catalog/almaznye-abrazivnye-diski,тег
https://metpromintex.ru/catalog/abrazivnye-shlifovalnye-diski-125-mm,тег
https://metpromintex.ru/catalog/poliplast-dobavki-dlya-betona,тег
https://metpromintex.ru/catalog/dobavka-v-beton-dlya-morozostoykosti,тег
https://metpromintex.ru/catalog/dobavka-v-beton-dlya-vodonepronitsaemosti,тег
https://metpromintex.ru/catalog/dobavka-v-beton-dlya-prochnosti,тег
https://metpromintex.ru/catalog/himicheskie-dobavki-dlya-betona,тег
https://metpromintex.ru/catalog/polimernye-dobavki-dlya-betona,тег
https://metpromintex.ru/catalog/freza-8-mm,тег
https://metpromintex.ru/catalog/freza-1-mm,тег
https://metpromintex.ru/catalog/freza-6-mm,тег
https://metpromintex.ru/catalog/freza-3-mm,тег
https://metpromintex.ru/catalog/shnur-rezinovyy-kruglogo-secheniya,тег
https://metpromintex.ru/catalog/shnur-rezinovyy-5-d-5-mm,тег
https://metpromintex.ru/catalog/shnur-rezinovyy-6-mm,тег
https://metpromintex.ru/catalog/shnur-poristyy-rezinovyy,тег
https://metpromintex.ru/catalog/rezinovyy-shnur-5-mm,тег
https://metpromintex.ru/catalog/shnur-rezinovyy-8-mm,тег
https://metpromintex.ru/catalog/shnur-rezinovyy-10h10-mm,тег
https://metpromintex.ru/catalog/shnur-rezinovyy-1-4s,тег
https://metpromintex.ru/catalog/shnur-rezinovyy-1-mm,тег
https://metpromintex.ru/catalog/shnur-rezinovyy-2-mm,тег
https://metpromintex.ru/catalog/shnur-rezinovyy-10-mm,тег
https://metpromintex.ru/catalog/shnur-rezinovyy-1-1s,тег
https://metpromintex.ru/catalog/shnur-rezinovyy-pryamougolnyy,тег
https://metpromintex.ru/catalog/doska-obreznaya-50h150h6000-mm,тег
https://metpromintex.ru/catalog/doska-obreznaya-25h150h6000-mm,тег
https://metpromintex.ru/catalog/doska-obreznaya-listvennitsa,тег
https://metpromintex.ru/catalog/doska-obreznaya-2-sort,тег
https://metpromintex.ru/catalog/doska-obreznaya-strogannaya,тег
https://metpromintex.ru/catalog/doska-obreznaya-suhaya,тег
https://metpromintex.ru/catalog/doska-obreznaya-40-mm,тег
https://metpromintex.ru/catalog/doska-obreznaya-1-sort,тег
https://metpromintex.ru/catalog/obreznaya-doska-osina,тег
https://metpromintex.ru/catalog/doska-obreznaya-sosna,тег
https://metpromintex.ru/catalog/doska-obreznaya-profilirovannaya,тег
https://metpromintex.ru/catalog/doska-obreznaya-100-mm,тег
https://metpromintex.ru/catalog/doska-obreznaya-antiseptirovannaya,тег
https://metpromintex.ru/catalog/shpuntovannaya-doska-dlya-pola,тег
https://metpromintex.ru/catalog/doska-pola-listvennitsa,тег
https://metpromintex.ru/catalog/doska-pola-sosna,тег
https://metpromintex.ru/catalog/doska-pola-32-mm,тег
https://metpromintex.ru/catalog/doska-pola-20-mm,тег
https://metpromintex.ru/catalog/doska-pola-25-mm,тег
https://metpromintex.ru/catalog/truba-drenazhnaya-110-mm,тег
https://metpromintex.ru/catalog/truba-drenazhnaya-gofrirovannaya,тег
https://metpromintex.ru/catalog/drenazhnye-truby-dlya-otvoda-gruntovyh-vod,тег
https://metpromintex.ru/catalog/drenazhnaya-truba-110-v-filtre-geotekstil,тег
https://metpromintex.ru/catalog/truba-perforirovannaya-drenazhnaya,тег
https://metpromintex.ru/catalog/truba-drenazhnaya-160-mm,тег
https://metpromintex.ru/catalog/drenazhnaya-truba-dlya-septika,тег
https://metpromintex.ru/catalog/truba-drenazhnaya-dvuhsloynaya,тег
https://metpromintex.ru/catalog/drenazhnaya-truba-pod-dorogu,тег
https://metpromintex.ru/catalog/drenazhnaya-truba-bez-perforatsii,тег
https://metpromintex.ru/catalog/drenazhnaya-truba-110-mm-v-filtre,тег
https://metpromintex.ru/catalog/drenazhnaya-truba-bolshogo-diametra,тег
https://metpromintex.ru/catalog/truba-drenazhnaya-v-filtre,тег
https://metpromintex.ru/catalog/drenazhnaya-truba-bez-geotekstilya,тег
https://metpromintex.ru/catalog/drenazhnaya-truba-bez-filtra,тег
https://metpromintex.ru/catalog/drenazhnaya-truba-kanalizatsionnaya,тег
https://metpromintex.ru/catalog/drenazhnaya-truba-zhestkaya,тег
https://metpromintex.ru/catalog/drenazhnaya-truba-kokosovaya,тег
https://metpromintex.ru/catalog/drenazhnaya-truba-smotrovaya,тег
https://metpromintex.ru/catalog/drenazhnaya-truba-odnosloynaya,тег
https://metpromintex.ru/catalog/drenazhnaya-truba-300-mm,тег
https://metpromintex.ru/catalog/drenazhnaya-truba-v-geotekstile,тег
https://metpromintex.ru/catalog/drenazhnaya-truba-200-mm,тег
https://metpromintex.ru/catalog/nakladka-relsovaya,тег
https://metpromintex.ru/catalog/nakladka-stykovaya,тег
https://metpromintex.ru/catalog/nakladka-tramvaynaya,тег
https://metpromintex.ru/catalog/nakladka-perehodnaya,тег
https://metpromintex.ru/catalog/nakladka-relsovaya-dvuhgolovaya,тег
https://metpromintex.ru/catalog/nakladka-relsovaya-r65,тег
https://metpromintex.ru/catalog/dsp-vlagostoykaya,тег
https://metpromintex.ru/catalog/dsp-dlya-pola,тег
https://metpromintex.ru/catalog/dsp-dlya-mebeli,тег
https://metpromintex.ru/catalog/dsp-shpuntovannaya,тег
https://metpromintex.ru/catalog/dsp-16-mm,тег
https://metpromintex.ru/catalog/dsp-10-mm,тег
https://metpromintex.ru/catalog/dsp-shlifovannaya,тег
https://metpromintex.ru/catalog/dsp-2-sort,тег
https://metpromintex.ru/catalog/dsp-dlya-sten,тег
https://metpromintex.ru/catalog/dymosos-10,тег
https://metpromintex.ru/catalog/dymosos-d-3-d-5,тег
https://metpromintex.ru/catalog/zaglushka-ellipticheskaya-stalnaya,тег
https://metpromintex.ru/catalog/zaglushka-stalnaya-flantsevaya,тег
https://metpromintex.ru/catalog/zaglushka-dlya-stalnoy-truby,тег
https://metpromintex.ru/catalog/zaglushka-stalnaya-sfericheskaya,тег
https://metpromintex.ru/catalog/zaglushki-ploskie-stalnye,тег
https://metpromintex.ru/catalog/zaglushka-mezhflantsevaya-s-rukoyatkoy,тег
https://metpromintex.ru/catalog/zaglushka-stalnaya-25-mm,тег
https://metpromintex.ru/catalog/zaglushka-stalnaya-20-mm,тег
https://metpromintex.ru/catalog/zaglushka-stalnaya-50-mm,тег
https://metpromintex.ru/catalog/zaglushka-stalnaya-100-mm,тег
https://metpromintex.ru/catalog/zaglushka-stalnaya-150-mm,тег
https://metpromintex.ru/catalog/zaglushka-stalnaya-povorotnaya,тег
https://metpromintex.ru/catalog/zaglushka-stalnaya-kruglaya,тег
https://metpromintex.ru/catalog/zaglushka-stalnaya-otsinkovannaya,тег
https://metpromintex.ru/catalog/zaglushka-stalnaya-mezhflantsevaya,тег
https://metpromintex.ru/catalog/zaglushka-stalnaya-1,тег
https://metpromintex.ru/catalog/zaglushka-chugunnaya-flantsevaya,тег
https://metpromintex.ru/catalog/zaglushka-chugunnaya-otsinkovannaya,тег
https://metpromintex.ru/catalog/zaglushka-chugunnaya-kanalizatsionnaya,тег
https://metpromintex.ru/catalog/zaglushka-chugunnaya-50-mm,тег
https://metpromintex.ru/catalog/zadvizhka-shibernaya-nerzhaveyuschaya,тег
https://metpromintex.ru/catalog/zadvizhka-klinovaya-nerzhaveyuschaya,тег
https://metpromintex.ru/catalog/zadvizhki-nerzhaveyuschie-flantsevye,тег
https://metpromintex.ru/catalog/klemma-relsovaya,тег
https://metpromintex.ru/catalog/zheleznodorozhnaya-gayka,тег
https://metpromintex.ru/catalog/zheleznodorozhnyy-bolt,тег
https://metpromintex.ru/catalog/zheleznodorozhnyy-shurup,тег
https://metpromintex.ru/catalog/zamok-vreznoy,тег
https://metpromintex.ru/catalog/zamok-navesnoy,тег
https://metpromintex.ru/catalog/zamok-na-dver,тег
https://metpromintex.ru/catalog/metallicheskiy-zamok,тег
https://metpromintex.ru/catalog/zamki-dlya-metallicheskih-dverey,тег
https://metpromintex.ru/catalog/suvaldnyy-zamok,тег
https://metpromintex.ru/catalog/slitok-zolota,тег
https://metpromintex.ru/catalog/zont-vytyazhnoy,тег
https://metpromintex.ru/catalog/zont-otsinkovannyy,тег
https://metpromintex.ru/catalog/zont-iz-nerzhaveyuschey-stali,тег
https://metpromintex.ru/catalog/zont-s-vetrozaschitoy,тег
https://metpromintex.ru/catalog/zont-s-homutom,тег
https://metpromintex.ru/catalog/kraski,тег
https://metpromintex.ru/catalog/germetik,тег
https://metpromintex.ru/catalog/kley,тег
https://metpromintex.ru/catalog/bitum,тег
https://metpromintex.ru/catalog/poliuretanovyy-germetik,тег
https://metpromintex.ru/catalog/germetik-silikonovyy,тег
https://metpromintex.ru/catalog/gruntovka,тег
https://metpromintex.ru/catalog/mastika,тег
https://metpromintex.ru/catalog/propitka-dlya-dereva,тег
https://metpromintex.ru/catalog/gruntovka-gf-021,тег
https://metpromintex.ru/catalog/gruntovka-glubokogo-proniknoveniya,тег
https://metpromintex.ru/catalog/fasadnaya-kraska,тег
https://metpromintex.ru/catalog/grunt-emal-po-rzhavchine,тег
https://metpromintex.ru/catalog/zhidkiy-bitum,тег
https://metpromintex.ru/catalog/germetik-belyy,тег
https://metpromintex.ru/catalog/polimernaya-mastika,тег
https://metpromintex.ru/catalog/gruntovka-gf-020,тег
https://metpromintex.ru/catalog/grunt-emal-seraya,тег
https://metpromintex.ru/catalog/grunt-emal-chernaya,тег
https://metpromintex.ru/catalog/bitum-70,тег
https://metpromintex.ru/catalog/zaglushka-dekorativnaya,тег
https://metpromintex.ru/catalog/dekorativnaya-zaglushka-dlya-trub,тег
https://metpromintex.ru/catalog/dekorativnaya-zaglushka-plastikovaya,тег
https://metpromintex.ru/catalog/zaglushka-dekorativnaya-belaya,тег
https://metpromintex.ru/catalog/zaglushka-dekorativnaya-kruglaya,тег
https://metpromintex.ru/catalog/zaglushka-zheloba-levaya,тег
https://metpromintex.ru/catalog/zaglushka-zheloba-universalnaya,тег
https://metpromintex.ru/catalog/zaglushka-zheloba-pvh,тег
https://metpromintex.ru/catalog/zaglushka-zheloba-125-mm,тег
https://metpromintex.ru/catalog/zaglushka-zheloba-150-mm,тег
https://metpromintex.ru/catalog/slitok-indiya,тег
https://metpromintex.ru/catalog/inkonel-625,тег
https://metpromintex.ru/catalog/mednaya-zaglushka-pod-payku,тег
https://metpromintex.ru/catalog/zaglushka-nerzhaveyuschaya-ellipticheskaya,тег
https://metpromintex.ru/catalog/zaglushka-nerzhaveyuschaya-flantsevaya,тег
https://metpromintex.ru/catalog/zaglushka-nerzhaveyuschaya-12,тег
https://metpromintex.ru/catalog/zaglushka-nerzhaveyuschaya-sfericheskaya,тег
https://metpromintex.ru/catalog/zaglushka-nerzhaveyuschaya-privarnaya,тег
https://metpromintex.ru/catalog/zaglushka-nerzhaveyuschaya-rezbovaya,тег
https://metpromintex.ru/catalog/zaglushka-nerzhaveyuschaya-aisi-304,тег
https://metpromintex.ru/catalog/kadmiy-6,тег
https://metpromintex.ru/catalog/kamlok-1,тег
https://metpromintex.ru/catalog/kamlok-2,тег
https://metpromintex.ru/catalog/kamlok-alyuminievyy,тег
https://metpromintex.ru/catalog/kamloki-dlya-shlangov,тег
https://metpromintex.ru/catalog/kamlok-nerzhaveyuschiy,тег
https://metpromintex.ru/catalog/kamlok-4,тег
https://metpromintex.ru/catalog/kamlok-3,тег
https://metpromintex.ru/catalog/kamlok-50-mm,тег
https://metpromintex.ru/catalog/kamlok-100-mm,тег
https://metpromintex.ru/catalog/kamlok-150-mm,тег
https://metpromintex.ru/catalog/soedinenie-kamlok,тег
https://metpromintex.ru/catalog/kanat-gost-2688-80,тег
https://metpromintex.ru/catalog/kanat-dvoynoy-svivki,тег
https://metpromintex.ru/catalog/kanat-stalnoy-gost-3062-80,тег
https://metpromintex.ru/catalog/kanat-stalnoy-gost-3064-80,тег
https://metpromintex.ru/catalog/kanat-dvoynoy-svivki-lk-r,тег
https://metpromintex.ru/catalog/kanat-gost-30055-93,тег
https://metpromintex.ru/catalog/kanat-dvoynoy-svivki-lk-o,тег
https://metpromintex.ru/catalog/kanat-2-d-2-gost-2172-80,тег
https://metpromintex.ru/catalog/kanat-2-d-2-gost-3062-80,тег
https://metpromintex.ru/catalog/kanat-gost-14954-80,тег
https://metpromintex.ru/catalog/kanat-12-gost-2688-80,тег
https://metpromintex.ru/catalog/kanat-gost-3063-80,тег
https://metpromintex.ru/catalog/kanat-18-gost-2688-80,тег
https://metpromintex.ru/catalog/kanat-gost-13840-68,тег
https://metpromintex.ru/catalog/kanat-8-d-3-gost-2688-80,тег
https://metpromintex.ru/catalog/kanat-pat-gost-30055-93,тег
https://metpromintex.ru/catalog/kanat-stalnoy-gost-2172-80,тег
https://metpromintex.ru/catalog/kanat-gost-3069-80,тег
https://metpromintex.ru/catalog/zaglushka-pp,тег
https://metpromintex.ru/catalog/zaglushka-polipropilenovaya-20-mm,тег
https://metpromintex.ru/catalog/zaglushka-pp-110-mm,тег
https://metpromintex.ru/catalog/zaglushka-pp-50-mm,тег
https://metpromintex.ru/catalog/zaglushka-polipropilenovaya-25-mm,тег
https://metpromintex.ru/catalog/zaglushka-pe-110-mm,тег
https://metpromintex.ru/catalog/zaglushka-pe,тег
https://metpromintex.ru/catalog/zaglushka-polipropilenovaya-32-mm,тег
https://metpromintex.ru/catalog/zaglushka-polipropilenovaya-12,тег
https://metpromintex.ru/catalog/zaglushka-pe-100-mm,тег
https://metpromintex.ru/catalog/zaglushka-pvh-naruzhnaya,тег
https://metpromintex.ru/catalog/zaglushka-pp-1,тег
https://metpromintex.ru/catalog/zaglushka-polietilenovaya-dlya-trub,тег
https://metpromintex.ru/catalog/koltso-plastikovoe-uplotnitelnoe,тег
https://metpromintex.ru/catalog/koltsa-pp,тег
https://metpromintex.ru/catalog/uplotnitelnoe-koltso-pnd-fitinga,тег
https://metpromintex.ru/catalog/uplotnitelnye-koltsa-dlya-pnd-trub,тег
https://metpromintex.ru/catalog/kanat-stalnoy-gost-7669-80,тег
https://metpromintex.ru/catalog/kanat-gost-7668-80,тег
https://metpromintex.ru/catalog/gost-3241-91-kanaty-stalnye,тег
https://metpromintex.ru/catalog/kanat-stalnoy-gost-3077-80,тег
https://metpromintex.ru/catalog/kanat-stalnoy-gost-7667-80,тег
https://metpromintex.ru/catalog/kanat-otsinkovannyy,тег
https://metpromintex.ru/catalog/kanat-stalnoy-gost-7665-80,тег
https://metpromintex.ru/catalog/gost-3079-80-kanaty-stalnye,тег
https://metpromintex.ru/catalog/kanat-stalnoy-gost-3081-80,тег
https://metpromintex.ru/catalog/kanaty-gost-3070-88,тег
https://metpromintex.ru/catalog/kanat-stalnoy-otsinkovannyy-8-mm,тег
https://metpromintex.ru/catalog/kanat-gost-3083-80,тег
https://metpromintex.ru/catalog/kanat-gost-3088-80,тег
https://metpromintex.ru/catalog/kanat-otsinkovannyy-6-mm,тег
https://metpromintex.ru/catalog/kanat-10-d-5-gost-3077-80,тег
https://metpromintex.ru/catalog/kanat-lk-3,тег
https://metpromintex.ru/catalog/kanat-22-gost-7668-80,тег
https://metpromintex.ru/catalog/kanat-18-gost-7668-80,тег
https://metpromintex.ru/catalog/kanat-otsinkovannyy-10-mm,тег
https://metpromintex.ru/catalog/kanat-din-3064,тег
https://metpromintex.ru/catalog/kanat-din-3069,тег
https://metpromintex.ru/catalog/kaprolon-list,тег
https://metpromintex.ru/catalog/kaprolon-plita,тег
https://metpromintex.ru/catalog/kaprolon-grafitonapolnennyy,тег
https://metpromintex.ru/catalog/provoloka-katanka,тег
https://metpromintex.ru/catalog/katanka-6-mm,тег
https://metpromintex.ru/catalog/katanka-8-mm,тег
https://metpromintex.ru/catalog/katanka-6-d-5-mm,тег
https://metpromintex.ru/catalog/katanka-10-mm,тег
https://metpromintex.ru/catalog/katanka-v-buhtah,тег
https://metpromintex.ru/catalog/katanka-6-mm-6-metrov,тег
https://metpromintex.ru/catalog/katanka-v-motkah,тег
https://metpromintex.ru/catalog/katanka-5-d-5-mm,тег
https://metpromintex.ru/catalog/vspenennyy-kauchuk,тег
https://metpromintex.ru/catalog/naturalnyy-kauchuk,тег
https://metpromintex.ru/catalog/keramzit-melkiy,тег
https://metpromintex.ru/catalog/keramzit-dlya-tsvetov,тег
https://metpromintex.ru/catalog/keramzit-dlya-pola,тег
https://metpromintex.ru/catalog/keramzit-10-20,тег
https://metpromintex.ru/catalog/keramzit-5-10,тег
https://metpromintex.ru/catalog/keramzit-20-40,тег
https://metpromintex.ru/catalog/keramogranit-polirovannyy,тег
https://metpromintex.ru/catalog/keramogranit-dlya-pola,тег
https://metpromintex.ru/catalog/keramogranit-seryy,тег
https://metpromintex.ru/catalog/keramogranit-matovyy,тег
https://metpromintex.ru/catalog/keramogranit-lappatirovannyy,тег
https://metpromintex.ru/catalog/keramogranit-60x120-sm,тег
https://metpromintex.ru/catalog/keramogranit-60x60-sm,тег
https://metpromintex.ru/catalog/belyy-keramogranit,тег
https://metpromintex.ru/catalog/keramogranit-mramor,тег
https://metpromintex.ru/catalog/keramogranit-bezhevyy,тег
https://metpromintex.ru/catalog/keramogranit-derevo,тег
https://metpromintex.ru/catalog/keramogranit-shirokoformatnyy,тег
https://metpromintex.ru/catalog/keramogranit-svetlyy,тег
https://metpromintex.ru/catalog/keramogranit-nepolirovannyy,тег
https://metpromintex.ru/catalog/keramogranit-strukturnyy,тег
https://metpromintex.ru/catalog/keramogranit-antiskolzyaschiy,тег
https://metpromintex.ru/catalog/keramogranit-mnogotsvetnyy,тег
https://metpromintex.ru/catalog/keramogranit-nastennyy,тег
https://metpromintex.ru/catalog/plastikovyy-kesson,тег
https://metpromintex.ru/catalog/kesson-2,тег
https://metpromintex.ru/catalog/kesson-termit-1-1,тег
https://metpromintex.ru/catalog/kesson-termit,тег
https://metpromintex.ru/catalog/kesson-dlya-pogreba,тег
https://metpromintex.ru/catalog/kesson-dlya-vody,тег
https://metpromintex.ru/catalog/kirpich-oblitsovochnyy,тег
https://metpromintex.ru/catalog/krasnyy-kirpich,тег
https://metpromintex.ru/catalog/kirpich-polnotelyy,тег
https://metpromintex.ru/catalog/kirpich-1,тег
https://metpromintex.ru/catalog/kirpich-dlya-otdelki,тег
https://metpromintex.ru/catalog/belyy-kirpich,тег
https://metpromintex.ru/catalog/dekorativnyy-kirpich,тег
https://metpromintex.ru/catalog/silikatnyy-kirpich,тег
https://metpromintex.ru/catalog/kirpich-dlya-pechi,тег
https://metpromintex.ru/catalog/shamotnyy-kirpich,тег
https://metpromintex.ru/catalog/naruzhnyy-kirpich,тег
https://metpromintex.ru/catalog/keramicheskiy-kirpich,тег
https://metpromintex.ru/catalog/bronzovyy-obratnyy-klapan,тег
https://metpromintex.ru/catalog/klapan-obratnyy-latunnyy,тег
https://metpromintex.ru/catalog/obratnyy-klapan-12-latunnyy,тег
https://metpromintex.ru/catalog/klapan-obratnyy-latunnyy-1,тег
https://metpromintex.ru/catalog/klapan-pozharnyy-latunnyy,тег
https://metpromintex.ru/catalog/klapan-balansirovochnyy-latunnyy,тег
https://metpromintex.ru/catalog/klapan-latunnyy-predohranitelnyy,тег
https://metpromintex.ru/catalog/obratnyy-klapan-latunnyy-2,тег
https://metpromintex.ru/catalog/klapany-muftovye-latunnye,тег
https://metpromintex.ru/catalog/klapan-latunnyy-rezbovoy,тег
https://metpromintex.ru/catalog/klapan-latunnyy-mezhflantsevyy,тег
https://metpromintex.ru/catalog/klapan-obratnyy-nerzhaveyuschiy,тег
https://metpromintex.ru/catalog/klapan-predohranitelnyy-nerzhaveyuschiy,тег
https://metpromintex.ru/catalog/klapan-obratnyy-nerzhaveyuschiy-12,тег
https://metpromintex.ru/catalog/reguliruyuschie-klapany-iz-nerzhaveyuschey-stali,тег
https://metpromintex.ru/catalog/mezhflantsevye-klapany-nerzhaveyuschie,тег
https://metpromintex.ru/catalog/obratnyy-klapan-nerzhaveyuschiy-1,тег
https://metpromintex.ru/catalog/klapan-elektromagnitnyy-nerzhaveyuschiy,тег
https://metpromintex.ru/catalog/obratnyy-klapan-pnd-32-mm,тег
https://metpromintex.ru/catalog/klapan-obratnyy-polipropilenovyy,тег
https://metpromintex.ru/catalog/obratnyy-klapan-polipropilenovyy-32-mm,тег
https://metpromintex.ru/catalog/obratnyy-klapan-polipropilenovyy-20-mm,тег
https://metpromintex.ru/catalog/obratnyy-klapan-polipropilenovyy-25-mm,тег
https://metpromintex.ru/catalog/obratnyy-klapan-polipropilen-40-mm,тег
https://metpromintex.ru/catalog/obratnyy-klapan-polietilenovyy,тег
https://metpromintex.ru/catalog/klapan-stalnoy-obratnyy,тег
https://metpromintex.ru/catalog/klapan-obratnyy-stalnoy-flantsevyy,тег
https://metpromintex.ru/catalog/klapan-stalnoy-zapornyy,тег
https://metpromintex.ru/catalog/klapan-stalnoy-predohranitelnyy,тег
https://metpromintex.ru/catalog/klapan-stalnoy-balansirovochnyy,тег
https://metpromintex.ru/catalog/klapan-stalnoy-reguliruyuschiy,тег
https://metpromintex.ru/catalog/klapan-chugunnyy-obratnyy,тег
https://metpromintex.ru/catalog/klapan-obratnyy-chugunnyy-flantsevyy,тег
https://metpromintex.ru/catalog/klapan-obratnyy-chugunnyy-mezhflantsevyy,тег
https://metpromintex.ru/catalog/klapan-chugunnyy-balansirovochnyy,тег
https://metpromintex.ru/catalog/klapan-obratnyy-sharovoy-chugunnyy,тег
https://metpromintex.ru/catalog/klapan-chugunnyy-muftovyy,тег
https://metpromintex.ru/catalog/klapan-chugunnyy-pozharnyy,тег
https://metpromintex.ru/catalog/klapan-obratnyy-chugunnyy-19ch21br,тег
https://metpromintex.ru/catalog/klapan-chugunnyy-predohranitelnyy,тег
https://metpromintex.ru/catalog/klapan-chugunnyy-reguliruyuschiy,тег
https://metpromintex.ru/catalog/obratnyy-klapan-chugunnyy-100-mm,тег
https://metpromintex.ru/catalog/slitok-kobalta,тег
https://metpromintex.ru/catalog/kobalt-plastiny,тег
https://metpromintex.ru/catalog/kobalt-provoloka,тег
https://metpromintex.ru/catalog/kover-gazovyy-polimerno-peschanyy-malyy,тег
https://metpromintex.ru/catalog/koleno-polipropilenovoe,тег
https://metpromintex.ru/catalog/koleno-obvodnoe-polipropilenovoe,тег
https://metpromintex.ru/catalog/koleno-pe,тег
https://metpromintex.ru/catalog/koleno-chugunnoe-90-gradusov,тег
https://metpromintex.ru/catalog/chugunnoe-koleno-50-mm,тег
https://metpromintex.ru/catalog/ldsp-dub,тег
https://metpromintex.ru/catalog/ldsp-16-mm,тег
https://metpromintex.ru/catalog/ldsp-mebelnyy,тег
https://metpromintex.ru/catalog/lenta-stalnaya-otsinkovannaya,тег
https://metpromintex.ru/catalog/lenta-stalnaya-20-mm,тег
https://metpromintex.ru/catalog/lenta-metallicheskaya-krepezhnaya,тег
https://metpromintex.ru/catalog/perforirovannaya-lenta-metallicheskaya,тег
https://metpromintex.ru/catalog/lenta-upakovochnaya-metallicheskaya,тег
https://metpromintex.ru/catalog/konstantan-provoloka,тег
https://metpromintex.ru/catalog/elektroizolyatsionnaya-lenta-pvh,тег
https://metpromintex.ru/catalog/elektroizolyatsionnaya-tkanevaya-lenta,тег
https://metpromintex.ru/catalog/elektroizolyatsionnaya-lenta-pvh-chernaya,тег
https://metpromintex.ru/catalog/metallicheskie-ligatury,тег
https://metpromintex.ru/catalog/ligatura-alyuminiy,тег
https://metpromintex.ru/catalog/ligatura-nikel,тег
https://metpromintex.ru/catalog/ligatura-medi,тег
https://metpromintex.ru/catalog/bimetallicheskaya-plita,тег
https://metpromintex.ru/catalog/bu-listy-dlya-zabora,тег
https://metpromintex.ru/catalog/list-orgstekla-10-mm,тег
https://metpromintex.ru/catalog/list-orgstekla-2-mm,тег
https://metpromintex.ru/catalog/listy-prozrachnogo-orgstekla,тег
https://metpromintex.ru/catalog/orgsteklo-bolshie-listy,тег
https://metpromintex.ru/catalog/list-orgstekla-4-mm,тег
https://metpromintex.ru/catalog/list-orgstekla-3-mm,тег
https://metpromintex.ru/catalog/list-orgstekla-5-mm,тег
https://metpromintex.ru/catalog/tehnicheskiy-kremniy,тег
https://metpromintex.ru/catalog/kremniy-poroshok,тег
https://metpromintex.ru/catalog/kristallicheskiy-kremniy,тег
https://metpromintex.ru/catalog/monokristallicheskiy-kremniy,тег
https://metpromintex.ru/catalog/metallicheskiy-kremniy,тег
https://metpromintex.ru/catalog/kremniy-chistyy,тег
https://metpromintex.ru/catalog/tssp-12-mm,тег
https://metpromintex.ru/catalog/tssp-10-mm,тег
https://metpromintex.ru/catalog/list-tssp-20-mm,тег
https://metpromintex.ru/catalog/nihromovaya-plita,тег
https://metpromintex.ru/catalog/revizionnyy-lyuk,тег
https://metpromintex.ru/catalog/lyuk-plastikovyy,тег
https://metpromintex.ru/catalog/lyuk-dlya-kolodtsa,тег
https://metpromintex.ru/catalog/lyuk-polimernyy,тег
https://metpromintex.ru/catalog/lyuk-t,тег
https://metpromintex.ru/catalog/lyuk-nerzhaveyuschiy-dlya-emkostey,тег
https://metpromintex.ru/catalog/nerzhaveyuschie-kruglye-lyuki,тег
https://metpromintex.ru/catalog/magistralnye-truby-otopleniya,тег
https://metpromintex.ru/catalog/magistralnaya-truba-vodosnabzheniya,тег
https://metpromintex.ru/catalog/magistralnaya-gazovaya-truba,тег
https://metpromintex.ru/catalog/magistralnaya-truba-kanalizatsionnaya,тег
https://metpromintex.ru/catalog/truby-stalnye-svarnye-dlya-magistralnyh-gazonefteprovodov,тег
https://metpromintex.ru/catalog/magistralnaya-truba-elektrosvarnaya,тег
https://metpromintex.ru/catalog/podves,тег
https://metpromintex.ru/catalog/mdf-paneli,тег
https://metpromintex.ru/catalog/mdf-belyy,тег
https://metpromintex.ru/catalog/mebelnyy-schit-sosna,тег
https://metpromintex.ru/catalog/mebelnyy-schit-dub,тег
https://metpromintex.ru/catalog/mebelnyy-schit-listvennitsa,тег
https://metpromintex.ru/catalog/mebelnyy-schit-yasen,тег
https://metpromintex.ru/catalog/mebelnyy-schit-40-mm,тег
https://metpromintex.ru/catalog/mebelnyy-schit-18-mm,тег
https://metpromintex.ru/catalog/mebelnyy-schit-tselnolamelnyy,тег
https://metpromintex.ru/catalog/mebelnyy-schit-20-mm,тег
https://metpromintex.ru/catalog/schit-mebelnyy-sosna-40-mm,тег
https://metpromintex.ru/catalog/schit-mebelnyy-sosna-18-mm,тег
https://metpromintex.ru/catalog/katanka-mednaya-8-mm,тег
https://metpromintex.ru/catalog/katanka-mednaya-gost-53803-2010,тег
https://metpromintex.ru/catalog/mednaya-folga-0-d-1-mm,тег
https://metpromintex.ru/catalog/krest-stalnoy-flantsevyy,тег
https://metpromintex.ru/catalog/krest-chugunnyy-flantsevyy,тег
https://metpromintex.ru/catalog/mednyy-poroshok-pms-1,тег
https://metpromintex.ru/catalog/krestovina-dvuhploskostnaya,тег
https://metpromintex.ru/catalog/krestovina-110-mm,тег
https://metpromintex.ru/catalog/krest-metallicheskiy,тег
https://metpromintex.ru/catalog/krestovina-12,тег
https://metpromintex.ru/catalog/krestovina-dlya-trub,тег
https://metpromintex.ru/catalog/krestovina-odnoploskostnaya,тег
https://metpromintex.ru/catalog/krestovina-50-mm,тег
https://metpromintex.ru/catalog/krestovina-1,тег
https://metpromintex.ru/catalog/krestovina-45-gradusov,тег
https://metpromintex.ru/catalog/krestovina-otsinkovannaya,тег
https://metpromintex.ru/catalog/krestovina-2,тег
https://metpromintex.ru/catalog/krestovina-90-gradusov,тег
https://metpromintex.ru/catalog/krestovina-bokovaya,тег
https://metpromintex.ru/catalog/krestovina-korotkaya,тег
https://metpromintex.ru/catalog/nsps,тег
https://metpromintex.ru/catalog/nsps-pe-100,тег
https://metpromintex.ru/catalog/nsps-110-mm,тег
https://metpromintex.ru/catalog/nsps-63h57-mm,тег
https://metpromintex.ru/catalog/nsps-25h25-mm,тег
https://metpromintex.ru/catalog/nsps-32h32-mm,тег
https://metpromintex.ru/catalog/krovelnyy-list-otsinkovannyy,тег
https://metpromintex.ru/catalog/list-krovelnyy-krashenyy,тег
https://metpromintex.ru/catalog/pressovannyy-reshetchatyy-nastil,тег
https://metpromintex.ru/catalog/svarnoy-reshetchatyy-nastil,тег
https://metpromintex.ru/catalog/reshetchatyy-nastil-otsinkovannyy,тег
https://metpromintex.ru/catalog/reshetchatyy-nastil-sp,тег
https://metpromintex.ru/catalog/reshetchatyy-nastil-34h38-mm,тег
https://metpromintex.ru/catalog/reshetchatyy-nastil-30h3-mm,тег
https://metpromintex.ru/catalog/nastil-reshetchatyy-34h38-30h3-mm,тег
https://metpromintex.ru/catalog/svarnoy-reshetchatyy-nastil-34h38-mm,тег
https://metpromintex.ru/catalog/reshetchatyy-nastil-33h11-mm,тег
https://metpromintex.ru/catalog/nastil-svarnoy-reshetchatyy-otsinkovannyy,тег
https://metpromintex.ru/catalog/reshetchatyy-nastil-33h33-mm,тег
https://metpromintex.ru/catalog/nastil-reshetchatyy-pressovannyy-otsinkovannyy,тег
https://metpromintex.ru/catalog/kronshteyn-nastennyy,тег
https://metpromintex.ru/catalog/kronshteyn-p-obraznyy,тег
https://metpromintex.ru/catalog/kronshteyn-dlya-radiatora,тег
https://metpromintex.ru/catalog/kronshteyn-g-obraznyy,тег
https://metpromintex.ru/catalog/kronshteyn-usilennyy,тег
https://metpromintex.ru/catalog/kronshteyn-t-obraznyy,тег
https://metpromintex.ru/catalog/kronshteyn-metallicheskiy,тег
https://metpromintex.ru/catalog/kronshteyn-reguliruemyy,тег
https://metpromintex.ru/catalog/kronshteyn-v-obraznyy,тег
https://metpromintex.ru/catalog/kronshteyn-otsinkovannyy,тег
https://metpromintex.ru/catalog/kronshteyn-l-obraznyy,тег
https://metpromintex.ru/catalog/kronshteyn-200-mm,тег
https://metpromintex.ru/catalog/kronshteyn-stalnoy,тег
https://metpromintex.ru/catalog/kronshteyn-ploskiy,тег
https://metpromintex.ru/catalog/kronshteyn-vodostochnyy,тег
https://metpromintex.ru/catalog/kronshteyn-ulichnyy,тег
https://metpromintex.ru/catalog/kronshteyn-55-mm,тег
https://metpromintex.ru/catalog/kronshteyn-nerzhaveyuschiy,тег
https://metpromintex.ru/catalog/kronshteyn-50-mm,тег
https://metpromintex.ru/catalog/kronshteyn-32-mm,тег
https://metpromintex.ru/catalog/krug-alyuminievyy-amg6,тег
https://metpromintex.ru/catalog/krug-alyuminievyy-d16t,тег
https://metpromintex.ru/catalog/metallorukav-25-mm,тег
https://metpromintex.ru/catalog/metallorukav-v-pvh,тег
https://metpromintex.ru/catalog/metallorukav-20-mm,тег
https://metpromintex.ru/catalog/metallorukav-32-mm,тег
https://metpromintex.ru/catalog/metallorukav-s-protyazhkoy,тег
https://metpromintex.ru/catalog/metallorukav-germetichnyy,тег
https://metpromintex.ru/catalog/metallorukav-nerzhaveyuschiy,тег
https://metpromintex.ru/catalog/metallorukav-15-mm,тег
https://metpromintex.ru/catalog/metallorukav-s-flantsami,тег
https://metpromintex.ru/catalog/metallorukav-50-mm,тег
https://metpromintex.ru/catalog/metallorukav-pod-privarku,тег
https://metpromintex.ru/catalog/metallorukav-v-pvh-20-mm,тег
https://metpromintex.ru/catalog/metallorukav-morozostoykiy,тег
https://metpromintex.ru/catalog/metallorukav-r3,тег
https://metpromintex.ru/catalog/metallorukav-negoryuchiy,тег
https://metpromintex.ru/catalog/metallorukav-gazovyy,тег
https://metpromintex.ru/catalog/metallorukav-otsinkovannyy,тег
https://metpromintex.ru/catalog/metallorukav-seryy,тег
https://metpromintex.ru/catalog/metallorukav-antivandalnyy,тег
https://metpromintex.ru/catalog/metallorukav-stalnoy,тег
https://metpromintex.ru/catalog/metallorukav-negermetichnyy,тег
https://metpromintex.ru/catalog/metallorukav-gayka,тег
https://metpromintex.ru/catalog/metallorukav-rezbovoy,тег
https://metpromintex.ru/catalog/krug-latunnyy-l63,тег
https://metpromintex.ru/catalog/krug-latunnyy-ls59-1,тег
https://metpromintex.ru/catalog/chernyy-mramor,тег
https://metpromintex.ru/catalog/plitka-mramor,тег
https://metpromintex.ru/catalog/belyy-mramor,тег
https://metpromintex.ru/catalog/bezhevyy-mramor,тег
https://metpromintex.ru/catalog/zelenyy-mramor,тег
https://metpromintex.ru/catalog/ruberoid-dlya-kryshi,тег
https://metpromintex.ru/catalog/ruberoid-rkp-350,тег
https://metpromintex.ru/catalog/ruberoid-rkk-350,тег
https://metpromintex.ru/catalog/ruberoid-rpp-300,тег
https://metpromintex.ru/catalog/ruberoid-rpp,тег
https://metpromintex.ru/catalog/ruberoid-dlya-fundamenta,тег
https://metpromintex.ru/catalog/ruberoid-podkladochnyy,тег
https://metpromintex.ru/catalog/ruberoid-350,тег
https://metpromintex.ru/catalog/ruberoid-dlya-sten,тег
https://metpromintex.ru/catalog/ruberoid-dlya-garazha,тег
https://metpromintex.ru/catalog/ruberoid-krupnozernistyy,тег
https://metpromintex.ru/catalog/mufta-obsadnoy-truby-skvazhiny,тег
https://metpromintex.ru/catalog/krug-chugunnyy-sch20,тег
https://metpromintex.ru/catalog/tsinkovyy-krug,тег
https://metpromintex.ru/catalog/vozduhovod-kruglyy-plastikovyy,тег
https://metpromintex.ru/catalog/vozduhovod-kruglyy-otsinkovannyy,тег
https://metpromintex.ru/catalog/vozduhovod-kruglyy-100-mm,тег
https://metpromintex.ru/catalog/vozduhovod-kruglyy-160-mm,тег
https://metpromintex.ru/catalog/vozduhovod-kruglyy-125-mm,тег
https://metpromintex.ru/catalog/vozduhovody-kruglye-200-mm,тег
https://metpromintex.ru/catalog/vozduhovod-kruglyy-era,тег
https://metpromintex.ru/catalog/zont-vytyazhnoy-kruglyy,тег
https://metpromintex.ru/catalog/zont-kryshnyy-kruglyy,тег
https://metpromintex.ru/catalog/truby-predizolirovannye-ppu,тег
https://metpromintex.ru/catalog/pozharnyy-rukav,тег
https://metpromintex.ru/catalog/rukav-3-klass,тег
https://metpromintex.ru/catalog/rukav-napornyy,тег
https://metpromintex.ru/catalog/rukav-4-klass,тег
https://metpromintex.ru/catalog/rukav-50-mm,тег
https://metpromintex.ru/catalog/m-rukav,тег
https://metpromintex.ru/catalog/rukav-vysokogo-davleniya,тег
https://metpromintex.ru/catalog/rukav-vsasyvayuschiy,тег
https://metpromintex.ru/catalog/rukav-6-klass,тег
https://metpromintex.ru/catalog/lakotkan-lkm-105,тег
https://metpromintex.ru/catalog/teflonovaya-lakotkan,тег
https://metpromintex.ru/catalog/lakotkan-lshm-105-0-d-15-mm,тег
https://metpromintex.ru/catalog/lakotkan-f-4d-e01-b,тег
https://metpromintex.ru/catalog/lakotkan-lshm-105,тег
https://metpromintex.ru/catalog/lakotkan-lsk-155180,тег
https://metpromintex.ru/catalog/sayding-vinilovyy,тег
https://metpromintex.ru/catalog/tsokolnyy-sayding,тег
https://metpromintex.ru/catalog/fibrotsementnyy-sayding,тег
https://metpromintex.ru/catalog/metallicheskiy-sayding,тег
https://metpromintex.ru/catalog/sayding-deke,тег
https://metpromintex.ru/catalog/sayding-paneli,тег
https://metpromintex.ru/catalog/sayding-brus,тег
https://metpromintex.ru/catalog/sayding-pod-kamen,тег
https://metpromintex.ru/catalog/sayding-derevo,тег
https://metpromintex.ru/catalog/alta-sayding,тег
https://metpromintex.ru/catalog/provoloka-vyazalnaya-dlya-armatury,тег
https://metpromintex.ru/catalog/vyazalnaya-provoloka-2-d-2-mm,тег
https://metpromintex.ru/catalog/vyazalnaya-provoloka-2-mm,тег
https://metpromintex.ru/catalog/provoloka-vyazalnaya-1-d-2-mm,тег
https://metpromintex.ru/catalog/provoloka-vyazalnaya-buhta,тег
https://metpromintex.ru/catalog/latunnye-krestoviny-1,тег
https://metpromintex.ru/catalog/latunnye-krestoviny-12,тег
https://metpromintex.ru/catalog/provoloka-stalnaya-vyazalnaya,тег
https://metpromintex.ru/catalog/provoloka-vyazalnaya-3-mm,тег
https://metpromintex.ru/catalog/provoloka-vyazalnaya-otozhzhennaya,тег
https://metpromintex.ru/catalog/vyazalnaya-provoloka-6-mm,тег
https://metpromintex.ru/catalog/provoloka-vyazalnaya-prutok,тег
https://metpromintex.ru/catalog/provoloka-vyazalnaya-4-mm,тег
https://metpromintex.ru/catalog/provoloka-panch-11-dlya-poluavtomata,тег
https://metpromintex.ru/catalog/provoloka-vyazalnaya-dlya-setki,тег
https://metpromintex.ru/catalog/provoloka-vyazalnaya-motok,тег
https://metpromintex.ru/catalog/provoloka-vyazalnaya-1-mm,тег
https://metpromintex.ru/catalog/vyazalnaya-provoloka-gost-3282-74,тег
https://metpromintex.ru/catalog/provoloka-stalnaya-dlya-holodnoy-vysadki,тег
https://metpromintex.ru/catalog/provoloka-ks,тег
https://metpromintex.ru/catalog/nabivka-salnikovaya-agi,тег
https://metpromintex.ru/catalog/nabivka-salnikovaya-ap-31,тег
https://metpromintex.ru/catalog/nabivka-salnikovaya-grafitovaya,тег
https://metpromintex.ru/catalog/salnikovaya-nabivka-dlya-nasosov,тег
https://metpromintex.ru/catalog/nabivka-salnikovaya-10-mm,тег
https://metpromintex.ru/catalog/salnikovaya-nabivka-16h16-mm,тег
https://metpromintex.ru/catalog/nabivka-salnikovaya-as,тег
https://metpromintex.ru/catalog/salnikovye-nabivki-kompensatorov,тег
https://metpromintex.ru/catalog/nabivka-salnikovaya-8-mm,тег
https://metpromintex.ru/catalog/nabivka-salnikovaya-pletenaya,тег
https://metpromintex.ru/catalog/nabivka-salnikovaya-hbp,тег
https://metpromintex.ru/catalog/salnikovaya-nabivka-zapornoy-armatury,тег
https://metpromintex.ru/catalog/salnikovaya-nabivka-10h10-mm,тег
https://metpromintex.ru/catalog/nabivka-salnikovaya-ftoroplastovaya,тег
https://metpromintex.ru/catalog/lenta-latunnaya-l63,тег
https://metpromintex.ru/catalog/protivopozharnoe-polotno-pp-600,тег
https://metpromintex.ru/catalog/krepezhnyy-profil-shlyapnyy,тег
https://metpromintex.ru/catalog/protivopozharnoe-polotno-pp-1000,тег
https://metpromintex.ru/catalog/protivopozharnoe-polotno-pp-300,тег
https://metpromintex.ru/catalog/protivopozharnoe-polotno-koshma,тег
https://metpromintex.ru/catalog/protivopozharnoe-polotno-pp-1000-15h2-m,тег
https://metpromintex.ru/catalog/protivopozharnoe-polotno-pp-1200,тег
https://metpromintex.ru/catalog/profnastil-otsinkovannyy-s8,тег
https://metpromintex.ru/catalog/profnastil-otsinkovannyy-ns35,тег
https://metpromintex.ru/catalog/profnastil-otsinkovannyy-n75,тег
https://metpromintex.ru/catalog/profnastil-otsinkovannyy-n60,тег
https://metpromintex.ru/catalog/profnastil-otsinkovannyy-0-d-7-mm,тег
https://metpromintex.ru/catalog/profnastil-n75-750-otsinkovannyy,тег
https://metpromintex.ru/catalog/vozduhovod-plastikovyy-pryamougolnyy,тег
https://metpromintex.ru/catalog/vozduhovod-otsinkovannyy-pryamougolnyy,тег
https://metpromintex.ru/catalog/vozduhovod-pryamougolnyy-150h150-mm,тег
https://metpromintex.ru/catalog/radiatory-alyuminievye,тег
https://metpromintex.ru/catalog/protivopozharnoe-polotno-pp-700,тег
https://metpromintex.ru/catalog/radiator-s-nizhnim-podklyucheniem-bimetallicheskiy,тег
https://metpromintex.ru/catalog/radiator-s-nizhnim-podklyucheniem-alyuminievyy,тег
https://metpromintex.ru/catalog/radiator-bimetallicheskiy-10-sektsiy,тег
https://metpromintex.ru/catalog/radiator-alyuminievyy-vysotoy-350-mm,тег
https://metpromintex.ru/catalog/radiator-bimetallicheskiy-vysotoy-500-mm,тег
https://metpromintex.ru/catalog/radiator-alyuminievyy-10-sektsiy,тег
https://metpromintex.ru/catalog/radiator-bimetallicheskiy-12-sektsiy,тег
https://metpromintex.ru/catalog/radiator-bimetallicheskiy-8-sektsiy,тег
https://metpromintex.ru/catalog/radiator-alyuminievyy-12-sektsiy,тег
https://metpromintex.ru/catalog/radiator-bimetallicheskiy-vysotoy-350-mm,тег
https://metpromintex.ru/catalog/poroshkovaya-svarochnaya-provoloka,тег
https://metpromintex.ru/catalog/radiator-alyuminievyy-500-mm,тег
https://metpromintex.ru/catalog/svarochnaya-provoloka-alyuminievaya,тег
https://metpromintex.ru/catalog/svarochnaya-provoloka-nerzhaveyuschaya,тег
https://metpromintex.ru/catalog/svarochnaya-provoloka-mednaya,тег
https://metpromintex.ru/catalog/svarochnaya-provoloka-stalnaya,тег
https://metpromintex.ru/catalog/svarochnaya-provoloka-samozaschitnaya,тег
https://metpromintex.ru/catalog/svarochnaya-provoloka-dlya-gazosvarki,тег
https://metpromintex.ru/catalog/svarochnaya-provoloka-legirovannaya,тег
https://metpromintex.ru/catalog/svarochnaya-provoloka-sv-08a,тег
https://metpromintex.ru/catalog/rezinovoe-pokrytie-besshovnoe,тег
https://metpromintex.ru/catalog/rezinovoe-pokrytie-dlya-garazha,тег
https://metpromintex.ru/catalog/rezinovoe-pokrytie-dlya-dachi,тег
https://metpromintex.ru/catalog/svarochnaya-provoloka-sploshnaya,тег
https://metpromintex.ru/catalog/provoloka-svarochnaya-5-mm,тег
https://metpromintex.ru/catalog/svarochnaya-provoloka-vysokolegirovannaya,тег
https://metpromintex.ru/catalog/svarochnaya-provoloka-kasseta,тег
https://metpromintex.ru/catalog/rezinovoe-pokrytie-dlya-sportzala,тег
https://metpromintex.ru/catalog/svarochnaya-provoloka-nizkolegirovannye,тег
https://metpromintex.ru/catalog/svarochnaya-provoloka-v-prutkah,тег
https://metpromintex.ru/catalog/svarochnaya-provoloka-nizkouglerodistaya,тег
https://metpromintex.ru/catalog/svarochnaya-provoloka-bez-gaza,тег
https://metpromintex.ru/catalog/svarochnaya-provoloka-sv-08g2s,тег
https://metpromintex.ru/catalog/rezinovoe-pokrytie-dlya-dvora,тег
https://metpromintex.ru/catalog/sverlo-4-mm,тег
https://metpromintex.ru/catalog/sverlo-6-mm,тег
https://metpromintex.ru/catalog/sverlo-5-mm,тег
https://metpromintex.ru/catalog/sverlo-3-mm,тег
https://metpromintex.ru/catalog/sverlo-2-mm,тег
https://metpromintex.ru/catalog/sverlo-8-mm,тег
https://metpromintex.ru/catalog/rezinovoe-pokrytie-dlya-ploschadok,тег
https://metpromintex.ru/catalog/almaznoe-sverlo,тег
https://metpromintex.ru/catalog/sverlo-po-metallu,тег
https://metpromintex.ru/catalog/sverlo-po-derevu,тег
https://metpromintex.ru/catalog/sverlo-po-betonu,тег
https://metpromintex.ru/catalog/stupenchatoe-sverlo,тег
https://metpromintex.ru/catalog/sverlo-forstnera,тег
https://metpromintex.ru/catalog/spiralnoe-sverlo,тег
https://metpromintex.ru/catalog/sverlo-hss,тег
https://metpromintex.ru/catalog/provoloka-svintsovaya-3-mm,тег
https://metpromintex.ru/catalog/latunnyy-profil-p,тег
https://metpromintex.ru/catalog/profil-latunnyy-p-obraznyy,тег
https://metpromintex.ru/catalog/latunnyy-profil-t-obraznyy,тег
https://metpromintex.ru/catalog/latunnyy-profil-dlya-plitki,тег
https://metpromintex.ru/catalog/latunnyy-profil-10h10h10-mm,тег
https://metpromintex.ru/catalog/latunnyy-profil-10-mm,тег
https://metpromintex.ru/catalog/profil-latunnyy-p-obraznyy-10h10-mm,тег
https://metpromintex.ru/catalog/latunnyy-shestigrannik-ls59-1,тег
https://metpromintex.ru/catalog/hdf-belyy,тег
https://metpromintex.ru/catalog/hdf-seryy,тег
https://metpromintex.ru/catalog/hdf-laminirovannaya-3-mm,тег
https://metpromintex.ru/catalog/hdf-3-mm,тег
https://metpromintex.ru/catalog/hdf-kronoshpan,тег
https://metpromintex.ru/catalog/sulfat-natriya,тег
https://metpromintex.ru/catalog/soda-kaltsinirovannaya,тег
https://metpromintex.ru/catalog/litiy-gidroksid,тег
https://metpromintex.ru/catalog/litiy-karbonat,тег
https://metpromintex.ru/catalog/natrievaya-selitra,тег
https://metpromintex.ru/catalog/ammoniy-hloristyy,тег
https://metpromintex.ru/catalog/hdf-dub,тег
https://metpromintex.ru/catalog/hromovyy-angidrid,тег
https://metpromintex.ru/catalog/perhloretilen,тег
https://metpromintex.ru/catalog/tsink-hloristyy,тег
https://metpromintex.ru/catalog/bariy-hloristyy,тег
https://metpromintex.ru/catalog/nikel-sernokislyy,тег
https://metpromintex.ru/catalog/kislota-sulfaminovaya-tehnicheskaya,тег
https://metpromintex.ru/catalog/gidrosulfit-natriya,тег
https://metpromintex.ru/catalog/ammoniy-molibdenovokislyy,тег
https://metpromintex.ru/catalog/hdf-laminirovannaya,тег
https://metpromintex.ru/catalog/tsanga-m8,тег
https://metpromintex.ru/catalog/tsanga-m10,тег
https://metpromintex.ru/catalog/tsanga-6-mm,тег
https://metpromintex.ru/catalog/tsanga-12-mm,тег
https://metpromintex.ru/catalog/tsanga-zabivnaya,тег
https://metpromintex.ru/catalog/hromel-provoloka,тег
https://metpromintex.ru/catalog/hromel-splav,тег
https://metpromintex.ru/catalog/rezinovoe-pokrytie-v-rulonah,тег
https://metpromintex.ru/catalog/tsement-m500,тег
https://metpromintex.ru/catalog/belyy-tsement,тег
https://metpromintex.ru/catalog/meshok-tsementa,тег
https://metpromintex.ru/catalog/tssp-1,тег
https://metpromintex.ru/catalog/tssp-16-mm,тег
https://metpromintex.ru/catalog/tssp-plita-dlya-pola,тег
https://metpromintex.ru/catalog/tssp-pod-plitku,тег
https://metpromintex.ru/catalog/chugunnye-chushki-dlya-bani,тег
https://metpromintex.ru/catalog/sayding-kirpich,тег
https://metpromintex.ru/catalog/tsement-dlya-fundamenta,тег
https://metpromintex.ru/catalog/tssp-plita,тег
https://metpromintex.ru/catalog/tsirkoniy-metall,тег
https://metpromintex.ru/catalog/shveller-16-bu,тег
https://metpromintex.ru/catalog/shveller-12-bu,тег
https://metpromintex.ru/catalog/shveller-bu-10,тег
https://metpromintex.ru/catalog/shveller-20-bu,тег
https://metpromintex.ru/catalog/shveller-bu-14,тег
https://metpromintex.ru/catalog/rezinovye-pokrytiya-dlya-ulitsy,тег
https://metpromintex.ru/catalog/serebryanyy-prokat,тег
https://metpromintex.ru/catalog/otsinkovannaya-gabionnaya-setka,тег
https://metpromintex.ru/catalog/gabionnaya-setka-dlya-zabora,тег
https://metpromintex.ru/catalog/gabionnye-setki-dvoynogo-krucheniya,тег
https://metpromintex.ru/catalog/tsement-m500-meshok-50-kg,тег
https://metpromintex.ru/catalog/shiber-povorotnyy,тег
https://metpromintex.ru/catalog/tsement-50-kg,тег
https://metpromintex.ru/catalog/sayding-dlya-doma,тег
https://metpromintex.ru/catalog/tsement-pts-500,тег
https://metpromintex.ru/catalog/shiber-dlya-dymohoda-115-mm,тег
https://metpromintex.ru/catalog/shiber-150-mm,тег
https://metpromintex.ru/catalog/shiber-na-trubu,тег
https://metpromintex.ru/catalog/shiber-100-mm,тег
https://metpromintex.ru/catalog/shiber-kruglyy,тег
https://metpromintex.ru/catalog/shiber-120-mm,тег
https://metpromintex.ru/catalog/tsement-tsem-iia-sh-42-d-5-n,тег
https://metpromintex.ru/catalog/shiber-200-mm,тег
https://metpromintex.ru/catalog/shiber-otsinkovannyy,тег
https://metpromintex.ru/catalog/shiber-kanalizatsionnyy,тег
https://metpromintex.ru/catalog/shkaf-pozharnyy-shpk-320-nzk,тег
https://metpromintex.ru/catalog/shkaf-pozharnyy-navesnoy,тег
https://metpromintex.ru/catalog/shkaf-pozharnyy-vstraivaemyy,тег
https://metpromintex.ru/catalog/shkaf-pozharnyy-navesnoy-zakrytyy,тег
https://metpromintex.ru/catalog/shkaf-pozharnyy-shpk-320-navesnoy,тег
https://metpromintex.ru/catalog/shumoglushiteli-trubchatye-kruglye,тег
https://metpromintex.ru/catalog/shkaf-pozharnyy-shp-k-o-320-nz,тег
https://metpromintex.ru/catalog/shkaf-pozharnyy-shpk-320-12,тег
https://metpromintex.ru/catalog/shumoglushiteli-trubchatye-kruglye-gtk,тег
https://metpromintex.ru/catalog/pozharnyy-shkaf-shpk-310-nzk,тег
https://metpromintex.ru/catalog/shumoglushitel-kruglyy-250-mm,тег
https://metpromintex.ru/catalog/shumoglushitel-kruglyy-160-mm,тег
https://metpromintex.ru/catalog/setka-riflenaya-dlya-grohotov,тег
https://metpromintex.ru/catalog/setka-slozhno-riflenaya,тег
https://metpromintex.ru/catalog/setka-stalnaya-riflenaya,тег
https://metpromintex.ru/catalog/setka-nerzhaveyuschaya-riflenaya,тег
https://metpromintex.ru/catalog/shumoglushitel-kanalnyy-kruglyy,тег
https://metpromintex.ru/catalog/rukav-setchatyy-gofrirovannyy,тег
https://metpromintex.ru/catalog/shumoglushitel-kruglyy-200-mm,тег
https://metpromintex.ru/catalog/setka-svarnaya-dlya-zhelezobetonnyh-konstruktsiy,тег
https://metpromintex.ru/catalog/setka-svarnaya-dlya-zabora,тег
https://metpromintex.ru/catalog/setka-svarnaya-s-pvh-pokrytiem,тег
https://metpromintex.ru/catalog/setka-svarnaya-v-rulonah,тег
https://metpromintex.ru/catalog/shumoglushitel-plastinchatyy-pryamougolnyy,тег
https://metpromintex.ru/catalog/cetka-svarnaya-dorozhnaya,тег
https://metpromintex.ru/catalog/shumoglushitel-trubchatyy-pryamougolnyy-gtp,тег
https://metpromintex.ru/catalog/setka-stalnaya-svarnaya-armaturnaya,тег
https://metpromintex.ru/catalog/shumoglushiteli-dlya-kruglyh-vozduhovodov,тег
https://metpromintex.ru/catalog/setka-stalnaya-svarnaya-otsinkovannaya,тег
https://metpromintex.ru/catalog/setka-stalnaya-svarnaya-50h50h3-mm,тег
https://metpromintex.ru/catalog/setka-stalnaya-svarnaya-kladochnaya,тег
https://metpromintex.ru/catalog/shumoglushitel-dlya-pryamougolnyh-vozduhovodov,тег
https://metpromintex.ru/catalog/setka-svarnaya-kaskad,тег
https://metpromintex.ru/catalog/shtift-pruzhinnyy,тег
https://metpromintex.ru/catalog/scheben-5-20-mm,тег
https://metpromintex.ru/catalog/scheben-20-40-mm,тег
https://metpromintex.ru/catalog/scheben-granitnyy,тег
https://metpromintex.ru/catalog/scheben-graviynyy,тег
https://metpromintex.ru/catalog/scheben-izvestnyakovyy,тег
https://metpromintex.ru/catalog/scheben-40-70-mm,тег
https://metpromintex.ru/catalog/shtift-tsilindricheskiy,тег
https://metpromintex.ru/catalog/shtift-konicheskiy,тег
https://metpromintex.ru/catalog/shtift-rezbovoy,тег
https://metpromintex.ru/catalog/shtift-metallicheskiy,тег
https://metpromintex.ru/catalog/shtift-s-golovkoy,тег
https://metpromintex.ru/catalog/shtift-gost-3128-70,тег
https://metpromintex.ru/catalog/shtift-zakalennyy,тег
https://metpromintex.ru/catalog/shtift-stalnoy,тег
https://metpromintex.ru/catalog/shtift-krepezhnyy,тег
https://metpromintex.ru/catalog/shtift-spiralnyy,тег
https://metpromintex.ru/catalog/granitnyy-scheben-20-mm,тег
https://metpromintex.ru/catalog/shtifty-10-mm,тег
https://metpromintex.ru/catalog/shtifty-8-mm,тег
https://metpromintex.ru/catalog/shtift-ploskiy,тег
https://metpromintex.ru/catalog/shtift-nerzhaveyuschiy,тег
https://metpromintex.ru/catalog/shtift-6-mm,тег
https://metpromintex.ru/catalog/scheben-5-mm,тег
https://metpromintex.ru/catalog/scheben-10-mm,тег
https://metpromintex.ru/catalog/schit-pozharnyy-zakrytyy,тег
https://metpromintex.ru/catalog/schit-pozharnyy-otkrytyy,тег
https://metpromintex.ru/catalog/shtift-25-mm,тег
https://metpromintex.ru/catalog/schit-pozharnyy-metallicheskiy,тег
https://metpromintex.ru/catalog/shtift-5-mm,тег
https://metpromintex.ru/catalog/shtift-polukruglyy,тег
https://metpromintex.ru/catalog/shtift-montazhnyy,тег
https://metpromintex.ru/catalog/shtift-nezakalennyy,тег
https://metpromintex.ru/catalog/shtift-otsinkovannyy,тег
https://metpromintex.ru/catalog/schit-pozharnyy-bez-komplekta,тег
https://metpromintex.ru/catalog/kompozitnaya-setka-dlya-armirovaniya,тег
https://metpromintex.ru/catalog/kompozitnaya-kladochnaya-setka,тег
https://metpromintex.ru/catalog/setka-stekloplastikovaya-50h50-mm,тег
https://metpromintex.ru/catalog/stekloplastikovaya-setka-dlya-shtukaturki,тег
https://metpromintex.ru/catalog/setka-kompozitnaya-100h100-mm,тег
https://metpromintex.ru/catalog/bazaltoplastikovaya-setka,тег
https://metpromintex.ru/catalog/setka-kladochnaya-kompozitnaya-stekloplastikovaya,тег
https://metpromintex.ru/catalog/setka-fasadnaya-stekloplastikovaya,тег
https://metpromintex.ru/catalog/schit-raspredelitelnyy-elektricheskiy,тег
https://metpromintex.ru/catalog/elektrody-mr-3,тег
https://metpromintex.ru/catalog/elektrody-volframovye,тег
https://metpromintex.ru/catalog/elektrody-esab-28,тег
https://metpromintex.ru/catalog/rutilovye-elektrody,тег
https://metpromintex.ru/catalog/elektrody-uoni-1355,тег
https://metpromintex.ru/catalog/elektrody-3-mm,тег
https://metpromintex.ru/catalog/schit-elektricheskiy-metallicheskiy,тег
https://metpromintex.ru/catalog/schit-elektricheskiy-vstraivaemyy,тег
https://metpromintex.ru/catalog/elektrody-s-osnovnym-pokrytiem,тег
https://metpromintex.ru/catalog/elektrody-4-mm,тег
https://metpromintex.ru/catalog/schit-elektricheskiy-ulichnyy,тег
https://metpromintex.ru/catalog/elektrod-nerzhaveyuschiy,тег
https://metpromintex.ru/catalog/elektrody-kitayskie,тег
https://metpromintex.ru/catalog/elektrody-ok-46-d-00,тег
https://metpromintex.ru/catalog/elektrody-5-mm,тег
https://metpromintex.ru/catalog/elektrody-dlya-poluavtomata,тег
https://metpromintex.ru/catalog/elektrod-universalnyy,тег
https://metpromintex.ru/catalog/elektrody-metallicheskie,тег
https://metpromintex.ru/catalog/elektrody-dlya-rezki,тег
https://metpromintex.ru/catalog/elektrody-obychnye,тег
https://metpromintex.ru/catalog/elektrody-stalnye,тег
https://metpromintex.ru/catalog/elektrokarton-dlya-lekal,тег
https://metpromintex.ru/catalog/elektrokarton-0-d-5-mm,тег
https://metpromintex.ru/catalog/elektrokarton-1-mm,тег
https://metpromintex.ru/catalog/elektrokarton-ev,тег
https://metpromintex.ru/catalog/elektrokarton-pressshpan,тег
https://metpromintex.ru/catalog/elektrokarton-v-rulone,тег
https://metpromintex.ru/catalog/elektrokarton-0-d-2-mm,тег
https://metpromintex.ru/catalog/elektrody-ok-55-d-00,тег
https://metpromintex.ru/catalog/elektrody-uoni-1345,тег
https://metpromintex.ru/catalog/elektroprivod-zadvizhek,тег
https://metpromintex.ru/catalog/elektrody-nizkouglerodistye,тег
https://metpromintex.ru/catalog/elektroprivod-mnogooborotnyy,тег
https://metpromintex.ru/catalog/elektroprivod-klapana,тег
https://metpromintex.ru/catalog/elektroprivod-chetvertyoborotnyy,тег
https://metpromintex.ru/catalog/elektrody-ruchnye,тег
https://metpromintex.ru/catalog/elektroprivod-povorotnyy,тег
https://metpromintex.ru/catalog/elektroprivod-vzryvozaschischennyy,тег
https://metpromintex.ru/catalog/elektrody-bolshie,тег
https://metpromintex.ru/catalog/elektroprivod-odnooborotnyy,тег
https://metpromintex.ru/catalog/elektrody-2-mm,тег
https://metpromintex.ru/catalog/setka-tspvs-otsinkovannaya,тег
https://metpromintex.ru/catalog/setka-tspvs-ot-gryzunov,тег
https://metpromintex.ru/catalog/setka-shtukaturnaya-tspvs,тег
https://metpromintex.ru/catalog/setka-tspvs-alyuminievaya,тег
https://metpromintex.ru/catalog/setka-metallicheskaya-tspvs,тег
https://metpromintex.ru/catalog/setka-tspvs-20h20-mm,тег
https://metpromintex.ru/catalog/setka-tspvs-10h10-mm,тег
https://metpromintex.ru/catalog/setka-tspvs-0-d-5-mm,тег
https://metpromintex.ru/catalog/setka-tspvs-5h5-mm,тег
https://metpromintex.ru/catalog/setka-shtukaturnaya-fasadnaya,тег
https://metpromintex.ru/catalog/shtukaturnaya-setka-dlya-vnutrennih-rabot,тег
https://metpromintex.ru/catalog/setka-shtukaturnaya-otsinkovannaya,тег
https://metpromintex.ru/catalog/shtukaturnaya-setka-dlya-naruzhnyh-rabot,тег
https://metpromintex.ru/catalog/setka-shtukaturnaya-otsinkovannaya-10h10-mm,тег
https://metpromintex.ru/catalog/setka-shtukaturnaya-5h5-mm,тег
https://metpromintex.ru/catalog/setka-shtukaturnaya-armirovannaya,тег
https://metpromintex.ru/catalog/setka-shtukaturnaya-10h10-mm,тег
https://metpromintex.ru/catalog/setka-shtukaturnaya-stroitelnaya,тег
https://metpromintex.ru/catalog/setka-shtukaturnaya-stalnaya,тег
https://metpromintex.ru/catalog/setka-shtukaturnaya-polimernaya,тег
https://metpromintex.ru/catalog/setka-shtukaturnaya-rulon,тег
https://metpromintex.ru/catalog/malyarnyy-skotch,тег
https://metpromintex.ru/catalog/armirovannyy-skotch,тег
https://metpromintex.ru/catalog/dvuhstoronniy-skotch,тег
https://metpromintex.ru/catalog/sistema-zaschitnyh-ograzhdeniy,тег
https://metpromintex.ru/catalog/skotch-alyuminievyy,тег
https://metpromintex.ru/catalog/skotch-3m,тег
https://metpromintex.ru/catalog/skotch-stroitelnyy,тег
https://metpromintex.ru/catalog/bumazhnyy-skotch,тег
https://metpromintex.ru/catalog/skotch-dlya-paroizolyatsii,тег
https://metpromintex.ru/catalog/skotch-folgirovannyy,тег
https://metpromintex.ru/catalog/sistema-ograzhdeniya-elementov-proizvodstvennogo-oborudovaniya,тег
https://metpromintex.ru/catalog/metallicheskie-sistemy-ograzhdeniya,тег
https://metpromintex.ru/catalog/skotch-metallizirovannyy,тег
https://metpromintex.ru/catalog/skotch-prozrachnyy,тег
https://metpromintex.ru/catalog/chernyy-skotch,тег
https://metpromintex.ru/catalog/skotch-shirokiy,тег
https://metpromintex.ru/catalog/skotch-seryy,тег
https://metpromintex.ru/catalog/splav-vnm,тег
https://metpromintex.ru/catalog/skotch-termostoykiy,тег
https://metpromintex.ru/catalog/skotch-tsvetnoy,тег
https://metpromintex.ru/catalog/vspenennyy-skotch,тег
https://metpromintex.ru/catalog/stvol-pozharnyy-rs-50,тег
https://metpromintex.ru/catalog/stvol-pozharnyy-rsk-50,тег
https://metpromintex.ru/catalog/ruchnye-pozharnye-stvoly,тег
https://metpromintex.ru/catalog/lafetnyy-stvol-pozharnyy,тег
https://metpromintex.ru/catalog/skotch-pvh,тег
https://metpromintex.ru/catalog/skotch-teflonovyy,тег
https://metpromintex.ru/catalog/skotch-mednyy,тег
https://metpromintex.ru/catalog/skotch-upakovochnyy,тег
https://metpromintex.ru/catalog/skotch-dlya-ventilyatsii,тег
https://metpromintex.ru/catalog/skotch-gidroizolyatsionnyy,тег
https://metpromintex.ru/catalog/skotch-dlya-krovli,тег
https://metpromintex.ru/catalog/skotch-poliamidnyy,тег
https://metpromintex.ru/catalog/stvol-pozharnyy-rs-70,тег
https://metpromintex.ru/catalog/skotch-akrilovyy,тег
https://metpromintex.ru/catalog/skotch-odnostoronniy,тег
https://metpromintex.ru/catalog/perekryvnye-pozharnye-stvoly,тег
https://metpromintex.ru/catalog/stvol-pozharnyy-rs-50a,тег
https://metpromintex.ru/catalog/skotch-dlya-teploizolyatsii,тег
https://metpromintex.ru/catalog/skotch-dlya-elektroniki,тег
https://metpromintex.ru/catalog/skotch-usilennyy,тег
https://metpromintex.ru/catalog/stvol-pozharnyy-kombinirovannyy,тег
https://metpromintex.ru/catalog/skotch-50-mm,тег
https://metpromintex.ru/catalog/skotch-samokleyuschiysya,тег
https://metpromintex.ru/catalog/skotch-steklotkanevyy,тег
https://metpromintex.ru/catalog/rsp-stvol-pozharnyy,тег
https://metpromintex.ru/catalog/skotch-dlya-sublimatsii,тег
https://metpromintex.ru/catalog/skotch-pp,тег
https://metpromintex.ru/catalog/stvol-pozharnyy-rs-50-d-01,тег
https://metpromintex.ru/catalog/skotch-tkanevyy,тег
https://metpromintex.ru/catalog/skotch-adgezivnyy,тег
https://metpromintex.ru/catalog/stvol-pozharnyy-rsp-70,тег
https://metpromintex.ru/catalog/stroitelnye-tsementnye-smesi,тег
https://metpromintex.ru/catalog/smesi-dlya-stroitelnyh-rabot,тег
https://metpromintex.ru/catalog/smesi-suhie-stroitelnye-na-tsementnom-vyazhuschem,тег
https://metpromintex.ru/catalog/stroitelnye-smesi-dlya-pola,тег
https://metpromintex.ru/catalog/peschano-stroitelnaya-smes,тег
https://metpromintex.ru/catalog/universalnye-stroitelnye-smesi,тег
https://metpromintex.ru/catalog/kladochnaya-stroitelnaya-smes,тег
https://metpromintex.ru/catalog/stroitelnaya-gidroizolyatsionnaya-smes,тег
https://metpromintex.ru/catalog/stroitelnaya-shtukaturnaya-smes,тег
https://metpromintex.ru/catalog/splav-vuda-dlya-payki,тег
https://metpromintex.ru/catalog/stroitelnaya-gipsovaya-smes,тег
https://metpromintex.ru/catalog/okonnoe-listovoe-steklo,тег
https://metpromintex.ru/catalog/steklovolokno-2-mm,тег
https://metpromintex.ru/catalog/steklo-listovoe-5-mm,тег
https://metpromintex.ru/catalog/steklo-listovoe-bestsvetnoe,тег
https://metpromintex.ru/catalog/steklo-listovoe-4-mm,тег
https://metpromintex.ru/catalog/steklo-listovoe-6-mm,тег
https://metpromintex.ru/catalog/prozrachnoe-listovoe-steklo,тег
https://metpromintex.ru/catalog/list-steklotekstolita-stef,тег
https://metpromintex.ru/catalog/tantal-200-mm,тег
https://metpromintex.ru/catalog/tantal-splav,тег
https://metpromintex.ru/catalog/tantal-tvch,тег
https://metpromintex.ru/catalog/tantal-tv-5,тег
https://metpromintex.ru/catalog/steklotkan-ez-200,тег
https://metpromintex.ru/catalog/steklotkan-t-11,тег
https://metpromintex.ru/catalog/steklotkan-t-23,тег
https://metpromintex.ru/catalog/steklotkan-t-10,тег
https://metpromintex.ru/catalog/tantal-list,тег
https://metpromintex.ru/catalog/tantal-tn-1,тег
https://metpromintex.ru/catalog/list-tekstolita-10-mm,тег
https://metpromintex.ru/catalog/steklotkan-ez-100,тег
https://metpromintex.ru/catalog/list-tekstolita-5-mm,тег
https://metpromintex.ru/catalog/list-tekstolita-20-mm,тег
https://metpromintex.ru/catalog/listy-tekstolita-ptk,тег
https://metpromintex.ru/catalog/tekstolit-3-mm-list,тег
https://metpromintex.ru/catalog/list-tekstolita-pt,тег
https://metpromintex.ru/catalog/gost-5385-74-sterzhen-tekstolitovyy,тег
https://metpromintex.ru/catalog/provoloka-titanovaya-vt1-00,тег
https://metpromintex.ru/catalog/provoloka-titanovaya-svarochnaya,тег
https://metpromintex.ru/catalog/titanovaya-provoloka-dlya-povodkov,тег
https://metpromintex.ru/catalog/provoloka-vr5,тег
https://metpromintex.ru/catalog/list-titanovyy-vt1-0,тег
https://metpromintex.ru/catalog/titanovyy-list-2-mm,тег
https://metpromintex.ru/catalog/trap-chugunnyy-vertikalnyy,тег
https://metpromintex.ru/catalog/trap-chugunnyy-100-mm,тег
https://metpromintex.ru/catalog/trap-kanalizatsionnyy-chugunnyy,тег
https://metpromintex.ru/catalog/trap-chugunnyy-kruglyy,тег
https://metpromintex.ru/catalog/trap-chugunnyy-100-mm-vertikalnyy,тег
https://metpromintex.ru/catalog/trap-chugunnyy-gorizontalnyy,тег
https://metpromintex.ru/catalog/trap-chugunnyy-110-mm,тег
https://metpromintex.ru/catalog/troynik-bronzovyy-12,тег
https://metpromintex.ru/catalog/troynik-mednyy-perehodnoy,тег
https://metpromintex.ru/catalog/troynik-mednyy-1-18,тег
https://metpromintex.ru/catalog/troynik-mednyy-8-mm,тег
https://metpromintex.ru/catalog/troynik-mednyy-payka,тег
https://metpromintex.ru/catalog/troynik-chugunnyy-flantsevyy,тег
https://metpromintex.ru/catalog/troynik-chugunnyy-kanalizatsionnyy,тег
https://metpromintex.ru/catalog/troynik-chugunnyy-rezbovoy,тег
https://metpromintex.ru/catalog/troynik-chugunnyy-bezrastrubnyy,тег
https://metpromintex.ru/catalog/troynik-chugunnyy-rastrubnyy,тег
https://metpromintex.ru/catalog/chugunnyy-troynik-2,тег
https://metpromintex.ru/catalog/chugunnyy-troynik-1,тег
https://metpromintex.ru/catalog/troynik-chugunnyy-tf,тег
https://metpromintex.ru/catalog/troynik-chugunnyy-pryamoy,тег
https://metpromintex.ru/catalog/troynik-chugunnyy-perehodnoy,тег
https://metpromintex.ru/catalog/troynik-chugunnyy-dlya-unitaza,тег
https://metpromintex.ru/catalog/dymohod-troynik-150-mm,тег
https://metpromintex.ru/catalog/dymohod-troynik-120-mm,тег
https://metpromintex.ru/catalog/troynik-chugunnyy-kosoy,тег
https://metpromintex.ru/catalog/dymohod-troynik-45-gradusov,тег
https://metpromintex.ru/catalog/dymohod-troynik-90-gradusov,тег
https://metpromintex.ru/catalog/trotuarnaya-plitka-300h300h30,тег
https://metpromintex.ru/catalog/plitka-trotuarnaya-500h500h50,тег
https://metpromintex.ru/catalog/nikelevaya-provoloka-dkrnt-0-d-025-mm,тег
https://metpromintex.ru/catalog/trotuarnaya-plitka-dlya-dorozhek,тег
https://metpromintex.ru/catalog/provoloka-nikelevaya-np2,тег
https://metpromintex.ru/catalog/trotuarnaya-plitka-400h400h40,тег
https://metpromintex.ru/catalog/nihromovaya-lenta-h20n80,тег
https://metpromintex.ru/catalog/obsadnaya-truba-dlya-skvazhiny,тег
https://metpromintex.ru/catalog/obsadnye-truby-dlya-buronabivnyh-svay,тег
https://metpromintex.ru/catalog/obsadnaya-truba-110-mm,тег
https://metpromintex.ru/catalog/obsadnaya-truba-metallicheskaya,тег
https://metpromintex.ru/catalog/provoloka-naplavochnaya-st-30hgsa,тег
https://metpromintex.ru/catalog/obsadnaya-truba-bolshogo-diametra,тег
https://metpromintex.ru/catalog/obsadnaya-truba-neftyanaya,тег
https://metpromintex.ru/catalog/naplavochnye-svarochnye-provoloki,тег
https://metpromintex.ru/catalog/poroshkovyy-ognetushitel,тег
https://metpromintex.ru/catalog/uglekislotnyy-ognetushitel,тег
https://metpromintex.ru/catalog/ognetushitel-op-4,тег
https://metpromintex.ru/catalog/opora-pp-20-mm,тег
https://metpromintex.ru/catalog/opora-polipropilenovaya,тег
https://metpromintex.ru/catalog/ognetushitel-op-5,тег
https://metpromintex.ru/catalog/ognetushitel-avtomobilnyy,тег
https://metpromintex.ru/catalog/vozdushnyy-ognetushitel,тег
https://metpromintex.ru/catalog/pennyy-ognetushitel,тег
https://metpromintex.ru/catalog/ognetushitel-ou-5,тег
https://metpromintex.ru/catalog/ognetushitel-op-10,тег
https://metpromintex.ru/catalog/ognetushitel-ou-3,тег
https://metpromintex.ru/catalog/opora-pp-25-mm,тег
https://metpromintex.ru/catalog/ognetushitel-abce,тег
https://metpromintex.ru/catalog/ognetushitel-op-3,тег
https://metpromintex.ru/catalog/ognetushitel-ove,тег
https://metpromintex.ru/catalog/nepodvizhnaya-opora-pe,тег
https://metpromintex.ru/catalog/ognetushitel-op,тег
https://metpromintex.ru/catalog/ognetushitel-ou,тег
https://metpromintex.ru/catalog/opora-pp-16-mm,тег
https://metpromintex.ru/catalog/oporno-napravlyayuschee-koltso-onk-315,тег
https://metpromintex.ru/catalog/oporno-napravlyayuschee-koltso-onk-160,тег
https://metpromintex.ru/catalog/oporno-napravlyayuschee-koltso-onk-110,тег
https://metpromintex.ru/catalog/oporno-napravlyayuschee-koltso-onk-200,тег
https://metpromintex.ru/catalog/oporno-napravlyayuschee-koltso-onk-225,тег
https://metpromintex.ru/catalog/oporno-napravlyayuschie-koltsa-onk-325,тег
https://metpromintex.ru/catalog/oporno-napravlyayuschee-koltso-onk-219,тег
https://metpromintex.ru/catalog/koltsa-oporno-napravlyayuschie-onk-530,тег
https://metpromintex.ru/catalog/oporno-napravlyayuschee-koltso-onk-630,тег
https://metpromintex.ru/catalog/koltsa-oporno-napravlyayuschie-onk-273,тег
https://metpromintex.ru/catalog/oporno-napravlyayuschie-koltsa-onk-426,тег
https://metpromintex.ru/catalog/oporno-napravlyayuschee-koltso-onk-400,тег
https://metpromintex.ru/catalog/otvod-ventilyatsionnyy-kruglyy-90,тег
https://metpromintex.ru/catalog/otvod-ventilyatsionnyy-kruglyy-otsinkovannyy,тег
https://metpromintex.ru/catalog/otvod-pryamougolnyy-90-gradusov-otsinkovannyy-ventilyatsionnyy,тег
https://metpromintex.ru/catalog/otvod-ventilyatsionnyy-90-pryamougolnyy,тег
https://metpromintex.ru/catalog/pryamougolnyy-otvod-45-gradusov,тег
https://metpromintex.ru/catalog/otvod-pryamougolnyy-otsinkovannyy,тег
https://metpromintex.ru/catalog/alyuminievye-otvody-90-gradusov,тег
https://metpromintex.ru/catalog/otvod-latunnyy-12,тег
https://metpromintex.ru/catalog/otvod-latunnyy-34,тег
https://metpromintex.ru/catalog/latunnyy-otvod-90-gradusov,тег
https://metpromintex.ru/catalog/otvod-latunnyy-rezbovoy,тег
https://metpromintex.ru/catalog/otvod-latunnyy-12-90-gradusov,тег
https://metpromintex.ru/catalog/otvod-latunnyy-1,тег
https://metpromintex.ru/catalog/otvod-latunnyy-1-14,тег
https://metpromintex.ru/catalog/otvod-vodostochnyy-otsinkovannyy,тег
https://metpromintex.ru/catalog/otvod-mednyy-dvuhrastrubnyy,тег
https://metpromintex.ru/catalog/otvod-dlya-dymohoda-90-gradusov,тег
https://metpromintex.ru/catalog/otvod-dymohoda-45-gradusov,тег
https://metpromintex.ru/catalog/otvod-mednyy-90-gradusov,тег
https://metpromintex.ru/catalog/otvod-mednyy-1-18,тег
https://metpromintex.ru/catalog/otvod-mednyy-odnorastrubnyy,тег
https://metpromintex.ru/catalog/otvod-mednyy-22-mm,тег
https://metpromintex.ru/catalog/otvod-mednyy-58,тег
https://metpromintex.ru/catalog/mednyy-otvod-dvuhrastrubnyy-90-gradusov,тег
https://metpromintex.ru/catalog/otvod-90-mednyy-pod-payku,тег
https://metpromintex.ru/catalog/otvod-mednyy-78,тег
https://metpromintex.ru/catalog/penokarton-5-mm,тег
https://metpromintex.ru/catalog/chernyy-penokarton,тег
https://metpromintex.ru/catalog/penokarton-10-mm,тег
https://metpromintex.ru/catalog/penokarton-3-mm,тег
https://metpromintex.ru/catalog/penokarton-belyy,тег
https://metpromintex.ru/catalog/penokarton-70h100-sm,тег
https://metpromintex.ru/catalog/penoplast-fasadnyy,тег
https://metpromintex.ru/catalog/penoplast-100-mm,тег
https://metpromintex.ru/catalog/penokarton-1000h1400,тег
https://metpromintex.ru/catalog/penoplast-dlya-utepleniya,тег
https://metpromintex.ru/catalog/penopolistirol,тег
https://metpromintex.ru/catalog/penoplast-vspenennyy,тег
https://metpromintex.ru/catalog/perehod-nerzhaveyuschiy-kontsentricheskiy,тег
https://metpromintex.ru/catalog/penoplast-50-mm,тег
https://metpromintex.ru/catalog/perehod-nerzhaveyuschiy-ekstsentricheskiy,тег
https://metpromintex.ru/catalog/perehod-nerzhaveyuschiy-konicheskiy,тег
https://metpromintex.ru/catalog/perehod-latunnyy-34-na-12,тег
https://metpromintex.ru/catalog/perehod-nerzhaveyuschiy-12h18n10t,тег
https://metpromintex.ru/catalog/perehod-latunnyy-1-12,тег
https://metpromintex.ru/catalog/perehod-latunnyy-12h14,тег
https://metpromintex.ru/catalog/otvod-kanalizatsionnyy-polipropilenovyy-50-mm,тег
https://metpromintex.ru/catalog/otvod-polipropilenovyy-25-mm,тег
https://metpromintex.ru/catalog/otvod-polipropilenovyy-32-mm,тег
https://metpromintex.ru/catalog/otvod-polipropilenovyy-90-gradusov,тег
https://metpromintex.ru/catalog/otvod-polipropilenovyy-45-gradusov,тег
https://metpromintex.ru/catalog/otvod-polipropilen-90-mm,тег
https://metpromintex.ru/catalog/otvod-polipropilenovyy-50-mm,тег
https://metpromintex.ru/catalog/otvody-polipropilenovye-vodoprovodnye,тег
https://metpromintex.ru/catalog/otvod-polipropilenovyy-40-mm,тег
https://metpromintex.ru/catalog/otvod-polipropilenovyy-90-gradusov-20-mm,тег
https://metpromintex.ru/catalog/otvod-polipropilenovyy-110-mm,тег
https://metpromintex.ru/catalog/otvod-litoy-iz-polietilena,тег
https://metpromintex.ru/catalog/perehod-pnd,тег
https://metpromintex.ru/catalog/pnd-32-mm-perehod,тег
https://metpromintex.ru/catalog/perehod-pnd-25-mm,тег
https://metpromintex.ru/catalog/perehod-chugunnyy-flantsevyy,тег
https://metpromintex.ru/catalog/perehod-pnd-110-mm,тег
https://metpromintex.ru/catalog/perehod-chugunnyy-rezbovoy,тег
https://metpromintex.ru/catalog/perehod-s-32-mm-na-25-mm-polipropilen,тег
https://metpromintex.ru/catalog/perforirovannyy-list-stalnoy,тег
https://metpromintex.ru/catalog/perehod-s-25-mm-na-20-mm-polipropilen,тег
https://metpromintex.ru/catalog/perehod-pp-110-mm-na-50-mm,тег
https://metpromintex.ru/catalog/perehod-s-32-mm-na-20-mm-polipropilen,тег
https://metpromintex.ru/catalog/perehod-s-50-mm-na-32-mm-polipropilen,тег
https://metpromintex.ru/catalog/perehod-1-12-na-polipropilen,тег
https://metpromintex.ru/catalog/perforirovannyy-list-alyuminievyy,тег
https://metpromintex.ru/catalog/perehod-34-na-polipropilen,тег
https://metpromintex.ru/catalog/perehod-s-50-mm-na-40-mm-polipropilen,тег
https://metpromintex.ru/catalog/perforirovannyy-list-nerzhaveyuschiy,тег
https://metpromintex.ru/catalog/perforirovannyy-list-otsinkovannyy,тег
https://metpromintex.ru/catalog/perehod-pp-110-mm,тег
https://metpromintex.ru/catalog/perehod-pp-50-mm,тег
https://metpromintex.ru/catalog/perehod-kanalizatsionnyy-polipropilenovyy,тег
https://metpromintex.ru/catalog/metalloplastikovye-perehod,тег
https://metpromintex.ru/catalog/perforirovannyy-list-dlya-instrumenta,тег
https://metpromintex.ru/catalog/list-perforirovannyy-rv-5-8,тег
https://metpromintex.ru/catalog/list-perforirovannyy-rv-3-5,тег
https://metpromintex.ru/catalog/list-perforirovannyy-1-mm,тег
https://metpromintex.ru/catalog/perforirovannyy-list-aisi-304,тег
https://metpromintex.ru/catalog/perforirovannyy-list-2-mm,тег
https://metpromintex.ru/catalog/perforirovannyy-list-5-mm,тег
https://metpromintex.ru/catalog/perforirovannyy-list-3-mm,тег
https://metpromintex.ru/catalog/perforirovannyy-list-qg,тег
https://metpromintex.ru/catalog/slitok-platiny,тег
https://metpromintex.ru/catalog/pesok-stroitelnyy,тег
https://metpromintex.ru/catalog/pesok-v-meshkah,тег
https://metpromintex.ru/catalog/pesok-rechnoy,тег
https://metpromintex.ru/catalog/pesok-karernyy,тег
https://metpromintex.ru/catalog/pesok-dlya-basseyna,тег
https://metpromintex.ru/catalog/plenka-polietilenovaya-200-mkm,тег
https://metpromintex.ru/catalog/plenka-polietilenovaya-chernaya,тег
https://metpromintex.ru/catalog/plenka-polietilenovaya-v-rulonah,тег
https://metpromintex.ru/catalog/pesok-dlya-pesochnitsy,тег
https://metpromintex.ru/catalog/armiruyuschaya-polietilenovaya-plenka,тег
https://metpromintex.ru/catalog/plenka-polietilenovaya-tehnicheskaya,тег
https://metpromintex.ru/catalog/plenka-stroitelnaya-polietilenovaya,тег
https://metpromintex.ru/catalog/okolookonnaya-planka-dlya-saydinga,тег
https://metpromintex.ru/catalog/plenka-polietilenovaya-100-mkm,тег
https://metpromintex.ru/catalog/finishnaya-planka-dlya-saydinga,тег
https://metpromintex.ru/catalog/j-planka-dlya-saydinga,тег
https://metpromintex.ru/catalog/soedinitelnaya-planka-dlya-saydinga,тег
https://metpromintex.ru/catalog/plenka-polietilenovaya-150-mkm,тег
https://metpromintex.ru/catalog/plenka-polietilenovaya-rukav,тег
https://metpromintex.ru/catalog/startovaya-planka-dlya-saydinga,тег
https://metpromintex.ru/catalog/polietilenovaya-plenka-300-mkm,тег
https://metpromintex.ru/catalog/plitka-na-stenu,тег
https://metpromintex.ru/catalog/plenka-polietilenovaya-3h100-m,тег
https://metpromintex.ru/catalog/plitka-keramika,тег
https://metpromintex.ru/catalog/belaya-plitka,тег
https://metpromintex.ru/catalog/seraya-plitka,тег
https://metpromintex.ru/catalog/plitka-pod-kirpich,тег
https://metpromintex.ru/catalog/pklz-akatsiya,тег
https://metpromintex.ru/catalog/plitka-kvadratnaya,тег
https://metpromintex.ru/catalog/chernaya-plitka,тег
https://metpromintex.ru/catalog/napolnaya-plitka-keramika,тег
https://metpromintex.ru/catalog/poddony-derevyannye,тег
https://metpromintex.ru/catalog/poddon-100h100-sm,тег
https://metpromintex.ru/catalog/plitka-dlya-kuhni,тег
https://metpromintex.ru/catalog/plitka-dlya-vannoy-komnaty,тег
https://metpromintex.ru/catalog/poddon-pryamougolnyy,тег
https://metpromintex.ru/catalog/podkladki-kb,тег
https://metpromintex.ru/catalog/podkladki-relsovaya,тег
https://metpromintex.ru/catalog/podkladki-kd,тег
https://metpromintex.ru/catalog/podkladki-na-derevyannuyu-shpalu,тег
https://metpromintex.ru/catalog/podkladki-zhbr,тег
https://metpromintex.ru/catalog/gidrant-pozharnyy-podzemnyy,тег
https://metpromintex.ru/catalog/gidrant-pozharnyy-chugunnyy,тег
https://metpromintex.ru/catalog/podkladki-sd,тег
https://metpromintex.ru/catalog/naruzhnyy-pozharnyy-gidrant,тег
https://metpromintex.ru/catalog/gidrant-pozharnyy-1750-mm,тег
https://metpromintex.ru/catalog/pozharnye-gidranty-1500-mm,тег
https://metpromintex.ru/catalog/pozharnyy-gidrant-100-mm,тег
https://metpromintex.ru/catalog/podkladki-kostylnogo-skrepleniya,тег
https://metpromintex.ru/catalog/podkladki-sk,тег
https://metpromintex.ru/catalog/pozharnye-gidranty-gp-n,тег
https://metpromintex.ru/catalog/pozharnyy-gidrant-flantsevyy,тег
https://metpromintex.ru/catalog/pozharnyy-gidrant-1-m,тег
https://metpromintex.ru/catalog/gidrant-pozharnyy-stal,тег
https://metpromintex.ru/catalog/pozharnyy-gidrant-125-mm,тег
https://metpromintex.ru/catalog/podshipnik-6-mm,тег
https://metpromintex.ru/catalog/upornyy-podshipnik,тег
https://metpromintex.ru/catalog/pokovka-dlya-nozhey,тег
https://metpromintex.ru/catalog/rolikovyy-podshipnik,тег
https://metpromintex.ru/catalog/sharikovyy-podshipnik,тег
https://metpromintex.ru/catalog/pokovka-otsinkovannaya,тег
https://metpromintex.ru/catalog/pokovka-nerzhaveyuschaya,тег
https://metpromintex.ru/catalog/pokovka-pryamougolnaya,тег
https://metpromintex.ru/catalog/pokovka-legirovannaya,тег
https://metpromintex.ru/catalog/pokovka-kuznechnaya,тег
https://metpromintex.ru/catalog/poliatsetal-sterzhen-chernyy,тег
https://metpromintex.ru/catalog/list-monolitnogo-polikarbonata,тег
https://metpromintex.ru/catalog/list-polikarbonata-6-mm,тег
https://metpromintex.ru/catalog/list-sotovogo-polikarbonata,тег
https://metpromintex.ru/catalog/prozrachnye-listy-polikarbonata,тег
https://metpromintex.ru/catalog/listy-polikarbonata-dlya-teplitsy,тег
https://metpromintex.ru/catalog/list-polikarbonata-4-mm,тег
https://metpromintex.ru/catalog/list-polikarbonata-10-mm,тег
https://metpromintex.ru/catalog/list-polikarbonata-8-mm,тег
https://metpromintex.ru/catalog/list-polikarbonata-6-metrov,тег
https://metpromintex.ru/catalog/list-polikarbonata-monolitnyy-4-mm,тег
https://metpromintex.ru/catalog/polikarbonat-list-2-mm,тег
https://metpromintex.ru/catalog/list-polikarbonata-dlya-navesa,тег
https://metpromintex.ru/catalog/list-polikarbonata-tsvetnoy,тег
https://metpromintex.ru/catalog/poroshok-nikelevyy-karbonilnyy,тег
https://metpromintex.ru/catalog/porolon-100-mm,тег
https://metpromintex.ru/catalog/porolon-10-mm,тег
https://metpromintex.ru/catalog/porolon-dlya-sideniy,тег
https://metpromintex.ru/catalog/porolon-2-mm,тег
https://metpromintex.ru/catalog/zhestkiy-porolon,тег
https://metpromintex.ru/catalog/profnastil-bu,тег
https://metpromintex.ru/catalog/perehody-plastikovyy,тег
https://metpromintex.ru/catalog/relsy-r65-bu,тег
https://metpromintex.ru/catalog/relsy-bu,тег
https://metpromintex.ru/catalog/perehody-iz-otsinkovannoy-stali,тег
https://metpromintex.ru/catalog/perehody-kruglyy,тег
https://metpromintex.ru/catalog/otvody-kruglye-90-gradusov,тег
https://metpromintex.ru/catalog/mednyy-provod,тег
https://metpromintex.ru/catalog/klyaymer-dlya-vagonki,тег
https://metpromintex.ru/catalog/klyaymer-dlya-mdf,тег
https://metpromintex.ru/catalog/klyaymery-dlya-imitatsii-brusa,тег
https://metpromintex.ru/catalog/mednyy-provod-1-d-5,тег
https://metpromintex.ru/catalog/mednyy-provod-v-izolyatsii,тег
https://metpromintex.ru/catalog/mednyy-provod-10,тег
https://metpromintex.ru/catalog/provod-mednyy-gibkiy,тег
https://metpromintex.ru/catalog/klyaymery-dlya-paneley,тег
https://metpromintex.ru/catalog/provoloka-kopel,тег
https://metpromintex.ru/catalog/mednyy-provod-chernyy,тег
https://metpromintex.ru/catalog/montazhnyy-provod,тег
https://metpromintex.ru/catalog/mednyy-provod-soedinitelnyy,тег
https://metpromintex.ru/catalog/mednyy-provod-2-d-5,тег
https://metpromintex.ru/catalog/futorka-rezbovaya,тег
https://metpromintex.ru/catalog/futorka-latunnaya,тег
https://metpromintex.ru/catalog/futorka-metallicheskaya,тег
https://metpromintex.ru/catalog/futorka-chugunnaya,тег
https://metpromintex.ru/catalog/futorka-nikelirovannaya,тег
https://metpromintex.ru/catalog/futorka-stalnaya,тег
https://metpromintex.ru/catalog/futorka-nerzhaveyuschaya,тег
https://metpromintex.ru/catalog/futorka-2h-34,тег
https://metpromintex.ru/catalog/futorka-levaya,тег
https://metpromintex.ru/catalog/futorka-radiatornaya,тег
https://metpromintex.ru/catalog/futorki-otsinkovannaya,тег
https://metpromintex.ru/catalog/futorki-vnutrennyaya,тег
https://metpromintex.ru/catalog/futorki-pravaya,тег
https://metpromintex.ru/catalog/samorez-s-polukrugloy-golovkoy,тег
https://metpromintex.ru/catalog/panel-32-mm,тег
https://metpromintex.ru/catalog/panel-220-mm,тег
https://metpromintex.ru/catalog/paneli-belye,тег
https://metpromintex.ru/catalog/bazaltovye-sendvich-paneli,тег
https://metpromintex.ru/catalog/setka-metallicheskaya-dlya-zabora,тег
https://metpromintex.ru/catalog/koleno-dlya-kanalizatsionnyh-trub,тег
https://metpromintex.ru/catalog/koleno-vodostochnoy-truby-45-gradusov,тег
https://metpromintex.ru/catalog/koleno-vodostochnoy-truby-90-gradusov,тег
https://metpromintex.ru/catalog/koleno-truby-67-gradusov,тег
https://metpromintex.ru/catalog/koleno-truby-125-mm,тег
https://metpromintex.ru/catalog/splav-medi-s-drugimi-metallami,тег
https://metpromintex.ru/catalog/mufta-dlya-plastikovyh-trub-32-mm,тег
https://metpromintex.ru/catalog/fanovaya-truba-110-mm-dlya-kanalizatsii,тег
https://metpromintex.ru/catalog/ftoroplast-listovoy-5-mm,тег
https://metpromintex.ru/catalog/ftoroplast-listovoy-10-mm,тег
https://metpromintex.ru/catalog/ftoroplast-listovoy-1mm,тег
https://metpromintex.ru/catalog/ftoroplast-listovoy-3-mm,тег
https://metpromintex.ru/catalog/ftoroplast-listovoy-2-mm,тег
https://metpromintex.ru/catalog/ftoroplast-listovoy-f-4,тег
https://metpromintex.ru/catalog/vinilovyy-sayding-dlya-vnutrenney-otdelki,тег
https://metpromintex.ru/catalog/trubka-rezinovaya-10-mm,тег
https://metpromintex.ru/catalog/trubka-rezinovaya-5-mm,тег
https://metpromintex.ru/catalog/trubka-rezinovaya-8-mm,тег
https://metpromintex.ru/catalog/trubka-vakuumnaya-rezinovaya,тег
https://metpromintex.ru/catalog/kvadrat-metallicheskiy-100h100-mm,тег
https://metpromintex.ru/catalog/provod-samonesuschiy-sip-4-2h16,тег
https://metpromintex.ru/catalog/trubka-rezinovaya-3-mm,тег
https://metpromintex.ru/catalog/trubka-rezinovaya-4-mm,тег
https://metpromintex.ru/catalog/rezinovaya-trubka-1-mm,тег
https://metpromintex.ru/catalog/trubka-rezinovaya-6mm,тег
https://metpromintex.ru/catalog/konek-krovelnyy-otsinkovannyy-200h200h2000-mm,тег
https://metpromintex.ru/catalog/ugolok-metallicheskiy-shirokiy,тег
https://metpromintex.ru/catalog/metallicheskiy-ugolok-50h50-m,тег
https://metpromintex.ru/catalog/ugolok-metallicheskiy-30h30-mm,тег
https://metpromintex.ru/catalog/ugolok-metallicheskiy-100h100-mm,тег
https://metpromintex.ru/catalog/samonesuschiy-izolirovannyy-provod-2h16-mm,тег
https://metpromintex.ru/catalog/ugolok-metallicheskiy-40h40-mm,тег
https://metpromintex.ru/catalog/ugolok-metallicheskiy-40h40mm-4-m,тег
https://metpromintex.ru/catalog/truba-asbestotsementnaya-100-mm,тег
https://metpromintex.ru/catalog/provod-stalealyuminievyy-neizolirovannyy,тег
https://metpromintex.ru/catalog/asbestotsementnaya-truba-250-mm,тег
https://metpromintex.ru/catalog/truba-asbestotsementnaya-300-mm,тег
https://metpromintex.ru/catalog/ugolok-metallicheskiy-4-m,тег
https://metpromintex.ru/catalog/truba-asbestotsementnaya-500-mm,тег
https://metpromintex.ru/catalog/ugolki-metallicheskie-tonkie,тег
https://metpromintex.ru/catalog/ugolok-metallicheskiy-dlya-brusa-100h100,тег
https://metpromintex.ru/catalog/ugolok-metallicheskiy-1-m,тег
https://metpromintex.ru/catalog/ugolok-metallicheskiy-50h50h5-mm,тег
https://metpromintex.ru/catalog/ugolok-metallicheskiy-75-mm,тег
https://metpromintex.ru/catalog/metallicheskiy-ugolok-60h60-mm,тег
https://metpromintex.ru/catalog/troynik-kanalizatsionnyy-50-mm,тег
https://metpromintex.ru/catalog/krug-bronzovyy-brazh,тег
https://metpromintex.ru/catalog/kabel-gibkiy-1h10-mm,тег
https://metpromintex.ru/catalog/kabel-gibkiy-4h50-mm,тег
https://metpromintex.ru/catalog/kabel-gibkiy-4h1-mm,тег
https://metpromintex.ru/catalog/ugolok-metallicheskiy-75h75-mm,тег
https://metpromintex.ru/catalog/kabel-gibkiy-4h35-mm,тег
https://metpromintex.ru/catalog/ugolok-metallicheskiy-10h10-mm,тег
https://metpromintex.ru/catalog/kabel-gibkiy-1h50-mm,тег
https://metpromintex.ru/catalog/kabel-gibkiy-5h16-mm,тег
https://metpromintex.ru/catalog/kabel-2h4-mm-gibkiy,тег
https://metpromintex.ru/catalog/kabel-gibkiy-2h1-mm,тег
https://metpromintex.ru/catalog/mufta-soedinitelnaya-dlya-trub-110-mm,тег
https://metpromintex.ru/catalog/mufta-soedinitelnaya-120-mm,тег
https://metpromintex.ru/catalog/mufta-soedinitelnaya-50-mm,тег
https://metpromintex.ru/catalog/ugolok-metallicheskiy-63-mm,тег
https://metpromintex.ru/catalog/kabel-5h4-mm-gibkiy,тег
https://metpromintex.ru/catalog/mufta-soedinitelnaya-25-mm,тег
https://metpromintex.ru/catalog/ugolok-metallicheskiy-150h150-mm,тег
https://metpromintex.ru/catalog/ugolok-metallicheskiy-70h70-mm,тег
https://metpromintex.ru/catalog/ugolok-metallicheskiy-65h65-mm,тег
https://metpromintex.ru/catalog/ugolok-metallicheskiy-3-m,тег
https://metpromintex.ru/catalog/ugolok-metallicheskiy-25-mm,тег
https://metpromintex.ru/catalog/kabel-gibkiy-5h6-mm,тег
https://metpromintex.ru/catalog/kabel-gibkiy-4h25-mm,тег
https://metpromintex.ru/catalog/mufta-soedinitelnaya-dlya-trub-32-mm,тег
https://metpromintex.ru/catalog/mufty-soedinitelnye-10-mm,тег
https://metpromintex.ru/catalog/mufta-soedinitelnaya-63-mm,тег
https://metpromintex.ru/catalog/mufta-soedinitelnaya-16-mm,тег
https://metpromintex.ru/catalog/mufta-soedinitelnaya-240-mm,тег
https://metpromintex.ru/catalog/mufta-soedinitelnaya-100-mm,тег
https://metpromintex.ru/catalog/mufta-soedinitelnaya-12,тег
https://metpromintex.ru/catalog/mufta-soedinitelnaya-40-mm,тег
https://metpromintex.ru/catalog/mufta-soedinitelnaya-160-mm,тег
https://metpromintex.ru/catalog/mufta-soedinitelnaya-70-mm,тег
https://metpromintex.ru/catalog/mufta-soedinitelnaya-6-mm,тег
https://metpromintex.ru/catalog/ugolok-metallicheskiy-200h200-mm,тег
https://metpromintex.ru/catalog/prutok-stalnoy-6-mm,тег
https://metpromintex.ru/catalog/prutok-stalnoy-12-mm,тег
https://metpromintex.ru/catalog/kabel-gibkiy-4h16-mm,тег
https://metpromintex.ru/catalog/prutok-stalnoy-4-mm,тег
https://metpromintex.ru/catalog/prutok-stalnoy-8-mm,тег
https://metpromintex.ru/catalog/prutok-stalnoy-5-mm,тег
https://metpromintex.ru/catalog/prutok-stalnoy-20-mm,тег
https://metpromintex.ru/catalog/prutok-stalnoy-10-mm,тег
https://metpromintex.ru/catalog/prutok-stalnoy-16-mm,тег
https://metpromintex.ru/catalog/prutok-stalnoy-3-mm,тег
https://metpromintex.ru/catalog/ugolok-metallicheskiy-120h120-mm,тег
https://metpromintex.ru/catalog/prutok-stalnoy-14-mm,тег
https://metpromintex.ru/catalog/prutok-stalnoy-30-mm,тег
https://metpromintex.ru/catalog/prutok-stalnoy-25-mm,тег
https://metpromintex.ru/catalog/prutok-15-mm-stalnoy,тег
https://metpromintex.ru/catalog/prutok-stalnoy-40-mm,тег
https://metpromintex.ru/catalog/stalnye-prutki-2-mm,тег
https://metpromintex.ru/catalog/prutok-stalnoy-50-mm,тег
https://metpromintex.ru/catalog/prutok-stalnoy-7-mm,тег
https://metpromintex.ru/catalog/prutok-stalnoy-otsinkovannyy-10-mm,тег
https://metpromintex.ru/catalog/volframovaya-provoloka-1-mm,тег
https://metpromintex.ru/catalog/vodootvodnoy-lotok-50-mm,тег
https://metpromintex.ru/catalog/polosa-stalnaya-40h3-mm,тег
https://metpromintex.ru/catalog/lotki-betonnye-vodootvodnye-500-mm,тег
https://metpromintex.ru/catalog/lotok-vodootvodnyy-300-mm,тег
https://metpromintex.ru/catalog/lotki-vodootvodnye-100-mm,тег
https://metpromintex.ru/catalog/lotok-vodootvodnyy-200-mm,тег
https://metpromintex.ru/catalog/polosa-stalnaya-5-mm,тег
https://metpromintex.ru/catalog/polosa-stalnaya-20h4-mm,тег
https://metpromintex.ru/catalog/zaglushki-dlya-89-mm-truby,тег
https://metpromintex.ru/catalog/zaglushka-dlya-42-mm-truby,тег
https://metpromintex.ru/catalog/polosa-stalnaya-20-mm,тег
https://metpromintex.ru/catalog/zaglushka-dlya-truby-150-mm,тег
https://metpromintex.ru/catalog/zaglushki-dlya-73-mm-truby,тег
https://metpromintex.ru/catalog/zaglushka-dlya-trub-57-mm,тег
https://metpromintex.ru/catalog/zaglushki-dlya-trub-10-mm,тег
https://metpromintex.ru/catalog/polosa-stalnaya-goryacheotsinkovannaya-40h4-mm,тег
https://metpromintex.ru/catalog/polosa-stalnaya-10-mm,тег
https://metpromintex.ru/catalog/polosa-stalnaya-30h4-mm,тег
https://metpromintex.ru/catalog/molibden-42-mm,тег
https://metpromintex.ru/catalog/zaglushka-dlya-63-mm-truby,тег
https://metpromintex.ru/catalog/polosa-stalnaya-40h4-mm-gost-103-2006,тег
https://metpromintex.ru/catalog/polosa-stalnaya-100-mm,тег
https://metpromintex.ru/catalog/polosa-stalnaya-8-mm,тег
https://metpromintex.ru/catalog/zaglushka-dlya-truby-140-mm,тег
https://metpromintex.ru/catalog/zaglushka-dlya-truby-125-mm,тег
https://metpromintex.ru/catalog/polosa-stalnaya-60h5-mm,тег
https://metpromintex.ru/catalog/zaglushka-dlya-200-mm-truby,тег
https://metpromintex.ru/catalog/ventil-1-mm,тег
https://metpromintex.ru/catalog/zaglushka-dlya-truby-25-mm,тег
https://metpromintex.ru/catalog/zaglushka-dlya-truby-160-mm,тег
https://metpromintex.ru/catalog/zaglushka-dlya-trub-32-mm,тег
https://metpromintex.ru/catalog/ventil-40-mm,тег
https://metpromintex.ru/catalog/zaglushka-dlya-truby-100-mm,тег
https://metpromintex.ru/catalog/ventil-pozharnyy,тег
https://metpromintex.ru/catalog/ventil-flantsevyy,тег
https://metpromintex.ru/catalog/polosa-stalnaya-6-mm,тег
https://metpromintex.ru/catalog/polosa-stalnaya-1-mm,тег
https://metpromintex.ru/catalog/ventil-sharovyy,тег
https://metpromintex.ru/catalog/zaglushka-dlya-truby-40h60-mm,тег
https://metpromintex.ru/catalog/polosa-15-mm-stalnaya,тег
https://metpromintex.ru/catalog/polosa-stalnaya-50h3-mm,тег
https://metpromintex.ru/catalog/polosa-stalnaya-30-mm,тег
https://metpromintex.ru/catalog/zaglushki-dlya-76-mm-truby,тег
https://metpromintex.ru/catalog/zaglushka-dlya-truby-20-mm,тег
https://metpromintex.ru/catalog/shveller-1-m,тег
https://metpromintex.ru/catalog/shveller-8-m,тег
https://metpromintex.ru/catalog/shveller-200-mm,тег
https://metpromintex.ru/catalog/shveller-10-m,тег
https://metpromintex.ru/catalog/shveller-100-mm,тег
https://metpromintex.ru/catalog/shveller-120-mm,тег
https://metpromintex.ru/catalog/polosa-stalnaya-100h10-mm,тег
https://metpromintex.ru/catalog/polosa-stalnaya-4h50-mm,тег
https://metpromintex.ru/catalog/polosa-stalnaya-100h5-mm,тег
https://metpromintex.ru/catalog/polosa-stalnaya-20h3-mm,тег
https://metpromintex.ru/catalog/polosa-stalnaya-goryacheotsinkovannaya,тег
https://metpromintex.ru/catalog/truba-steklovolokno-dlya-otopleniya,тег
https://metpromintex.ru/catalog/truba-dlya-otopleniya-50-mm,тег
https://metpromintex.ru/catalog/tsep-dlinnozvennaya-10-mm,тег
https://metpromintex.ru/catalog/truba-dlya-otopleniya-alyuminiy,тег
https://metpromintex.ru/catalog/tsep-dlinnozvennaya-5-mm,тег
https://metpromintex.ru/catalog/tsep-dlinnozvennaya-3-mm,тег
https://metpromintex.ru/catalog/tsep-svarnaya-dlinnozvennaya-otsinkovannaya,тег
https://metpromintex.ru/catalog/tsep-dlinnozvennaya-2-mm,тег
https://metpromintex.ru/catalog/tsep-dlinnozvennaya-4-mm,тег
https://metpromintex.ru/catalog/tsep-svarnaya-dlinnozvennaya-763,тег
https://metpromintex.ru/catalog/tsep-dlinnozvennaya-6-mm,тег
https://metpromintex.ru/catalog/polosa-metallicheskaya-40h2-mm,тег
https://metpromintex.ru/catalog/koaksialnyy-kabel-0-d-75,тег
https://metpromintex.ru/catalog/metallicheskaya-polosa-30h3-mm,тег
https://metpromintex.ru/catalog/metallicheskaya-polosa-3-mm,тег
https://metpromintex.ru/catalog/polosa-metallicheskaya-150-mm,тег
https://metpromintex.ru/catalog/polosa-metallicheskaya-20-mm,тег
https://metpromintex.ru/catalog/polosa-metallicheskaya-200-mm,тег
https://metpromintex.ru/catalog/vtulka-metallicheskaya-8-mm,тег
https://metpromintex.ru/catalog/vtulka-metallicheskaya-10-mm,тег
https://metpromintex.ru/catalog/vtulka-metallicheskaya-5-mm,тег
https://metpromintex.ru/catalog/metallicheskaya-vtulka-s-rezboy,тег
https://metpromintex.ru/catalog/vtulka-s-flantsem-metallicheskaya,тег
https://metpromintex.ru/catalog/armirovannaya-truba-dlya-otopleniya-32-mm,тег
https://metpromintex.ru/catalog/truba-dlya-otopleniya-16-mm,тег
https://metpromintex.ru/catalog/tros-metallicheskiy-chernyy,тег
https://metpromintex.ru/catalog/tros-metallicheskiy-otsinkovannyy,тег
https://metpromintex.ru/catalog/silovoy-kabel-3x1-d-5,тег
https://metpromintex.ru/catalog/silovoy-kabel-3h4,тег
https://metpromintex.ru/catalog/silovoy-kabel-2-d-5,тег
https://metpromintex.ru/catalog/silovoy-kabel-2h2-d-5,тег
https://metpromintex.ru/catalog/silovoy-kabel-5h6,тег
https://metpromintex.ru/catalog/kabel-silovoy-4h4,тег
https://metpromintex.ru/catalog/kabel-silovoy-3h6,тег
https://metpromintex.ru/catalog/kabel-silovoy-2h1-d-5,тег
https://metpromintex.ru/catalog/kabel-silovoy-5h70,тег
https://metpromintex.ru/catalog/koaksialnyy-kabel-703,тег
https://metpromintex.ru/catalog/stenovoy-profnastil,тег
https://metpromintex.ru/catalog/krovelnaya-ventilyatsiya-dlya-metallocherepitsy,тег
https://metpromintex.ru/catalog/krovelnaya-ventilyatsiya-vilpe,тег
https://metpromintex.ru/catalog/profnastil-5-m,тег
https://metpromintex.ru/catalog/shveller-alyuminievyy-100h50h5,тег
https://metpromintex.ru/catalog/shveller-alyuminievyy-50-mm,тег
https://metpromintex.ru/catalog/shveller-alyuminievyy-20-mm,тег
https://metpromintex.ru/catalog/provoloka-stalnaya-legirovannaya,тег
https://metpromintex.ru/catalog/toplivnaya-trubka-8-mm,тег
https://metpromintex.ru/catalog/toplivnaya-trubka-10-mm,тег
https://metpromintex.ru/catalog/trubka-toplivnaya-12-mm,тег
https://metpromintex.ru/catalog/dvutavr-gost-r-57837-2017,тег
https://metpromintex.ru/catalog/dvutavr-gost-8239-89,тег
https://metpromintex.ru/catalog/profnastil-0-d-45-mm,тег
https://metpromintex.ru/catalog/dvutavr-b1,тег
https://metpromintex.ru/catalog/dvutavr-100-mm,тег
https://metpromintex.ru/catalog/profnastil-0-d-5-mm,тег
https://metpromintex.ru/catalog/pripoy-dlya-payki-latuni,тег
https://metpromintex.ru/catalog/profnastil-pod-derevo,тег
https://metpromintex.ru/catalog/truba-metallicheskaya-100-mm,тег
https://metpromintex.ru/catalog/truba-metallicheskaya-50-mm,тег
https://metpromintex.ru/catalog/truba-metallicheskaya-20-mm,тег
https://metpromintex.ru/catalog/truba-metallicheskaya-150-mm,тег
https://metpromintex.ru/catalog/truba-metallicheskaya-32-mm,тег
https://metpromintex.ru/catalog/truba-metallicheskaya-40-mm,тег
https://metpromintex.ru/catalog/truba-metallicheskaya-60-mm,тег
https://metpromintex.ru/catalog/truba-metallicheskaya-300-mm,тег
https://metpromintex.ru/catalog/truba-metallicheskaya-500-mm,тег
https://metpromintex.ru/catalog/truba-metallicheskaya-200-mm,тег
https://metpromintex.ru/catalog/truba-metallicheskaya-1000-mm,тег
https://metpromintex.ru/catalog/truba-metallicheskaya-16-mm,тег
https://metpromintex.ru/catalog/truba-metallicheskaya-5-mm,тег
https://metpromintex.ru/catalog/truba-metallicheskaya-80-mm,тег
https://metpromintex.ru/catalog/truba-metallicheskaya-57-mm,тег
https://metpromintex.ru/catalog/truba-metallicheskaya-10-mm,тег
https://metpromintex.ru/catalog/profnastil-6-metrov,тег
https://metpromintex.ru/catalog/pripoy-dlya-payki-pos61,тег
https://metpromintex.ru/catalog/alyuminievyy-pripoy-dlya-payki,тег
https://metpromintex.ru/catalog/profnastil-1150-mm,тег
https://metpromintex.ru/catalog/profnastil-2000-mm,тег
https://metpromintex.ru/catalog/profnastil-dlya-zabora-2000h1150-mm,тег
https://metpromintex.ru/catalog/truba-metallicheskaya-120-mm,тег
https://metpromintex.ru/catalog/provoloka-stalnaya-4-mm,тег
https://metpromintex.ru/catalog/truba-metallicheskaya-4-m,тег
https://metpromintex.ru/catalog/provoloka-stalnaya-obschego-naznacheniya,тег
https://metpromintex.ru/catalog/medno-fosfornyy-pripoy-dlya-payki,тег
https://metpromintex.ru/catalog/truba-metallicheskaya-160-mm,тег
https://metpromintex.ru/catalog/otvod-kanalizatsionnyy-plastikovyy-100-mm,тег
https://metpromintex.ru/catalog/truba-metallicheskaya-8-mm,тег
https://metpromintex.ru/catalog/fibra-metallicheskaya,тег
https://metpromintex.ru/catalog/mikro-fibra,тег
https://metpromintex.ru/catalog/fibra-polipropilenovaya-12-mm,тег
https://metpromintex.ru/catalog/fibra-1-kg,тег
https://metpromintex.ru/catalog/truba-metallicheskaya-15-mm,тег
https://metpromintex.ru/catalog/truba-metallicheskaya-400-mm,тег
https://metpromintex.ru/catalog/fibra-3-m,тег
https://metpromintex.ru/catalog/kanalizatsionnyy-otvod-45-gradusov,тег
https://metpromintex.ru/catalog/otvod-kanalizatsionnyy-plastikovyy-90-gradusov,тег
https://metpromintex.ru/catalog/truba-metallicheskaya-30-mm,тег
https://metpromintex.ru/catalog/otvod-kanalizatsionnyy-plastikovyy-90-mm,тег
https://metpromintex.ru/catalog/otvod-kanalizatsionnyy-plastikovyy-110-mm,тег
https://metpromintex.ru/catalog/greyuschiy-kabel-1-m,тег
https://metpromintex.ru/catalog/teplo-greyuschiy-kabel,тег
https://metpromintex.ru/catalog/greyuschiy-kabel-3-m,тег
https://metpromintex.ru/catalog/ugolok-75-mm-bu,тег
https://metpromintex.ru/catalog/greyuschiy-kabel-12-m,тег
https://metpromintex.ru/catalog/greyuschiy-kabel-20-m,тег
https://metpromintex.ru/catalog/greyuschiy-kabel-10-m,тег
https://metpromintex.ru/catalog/greyuschiy-kabel-15-m,тег
https://metpromintex.ru/catalog/greyuschiy-kabel-2-m,тег
https://metpromintex.ru/catalog/greyuschiy-kabel-4-m,тег
https://metpromintex.ru/catalog/vtulka-plastikovaya-20-mm,тег
https://metpromintex.ru/catalog/manzheta-rezinovaya-50-mm,тег
https://metpromintex.ru/catalog/manzheta-rezinovaya-50h20-mm,тег
https://metpromintex.ru/catalog/manzheta-rezinovaya-110-mm,тег
https://metpromintex.ru/catalog/manzheta-rezinovaya-50h32-mm,тег
https://metpromintex.ru/catalog/rezinovoe-uplotnitelnoe-koltso-dlya-trub,тег
https://metpromintex.ru/catalog/koltso-rezinovoe-uplotnitelnoe-110-mm,тег
https://metpromintex.ru/catalog/manzheta-rezinovaya-100-mm,тег
https://metpromintex.ru/catalog/koltso-rezinovoe-uplotnitelnoe-50-mm,тег
https://metpromintex.ru/catalog/vitaya-para-utp,тег
https://metpromintex.ru/catalog/manzheta-rezinovaya-50h40-mm,тег
https://metpromintex.ru/catalog/uplotnitelnoe-koltso-rezinovoe-8-mm,тег
https://metpromintex.ru/catalog/koltso-uplotnitelnoe-rezinovoe-5-mm,тег
https://metpromintex.ru/catalog/manzheta-rezinovaya-50h25-mm,тег
https://metpromintex.ru/catalog/uplotnitelnye-rezinovye-koltsa-100-mm,тег
https://metpromintex.ru/catalog/uplotnitelnoe-koltso-rezinovoe-40-mm,тег
https://metpromintex.ru/catalog/koltso-uplotnitelnoe-rezinovoe-160-mm,тег
https://metpromintex.ru/catalog/uplotnitelnoe-koltso-rezinovoe-60-mm,тег
https://metpromintex.ru/catalog/truba-160-mm-dlya-kanalizatsii,тег
https://metpromintex.ru/catalog/rezinovoe-koltso-uplotnitelnoe-20-mm,тег
https://metpromintex.ru/catalog/truba-dlya-kanalizatsii-50-mm,тег
https://metpromintex.ru/catalog/list-dlya-zabora-2-m,тег
https://metpromintex.ru/catalog/koltso-rezinovoe-uplotnitelnoe-55-mm,тег
https://metpromintex.ru/catalog/truba-100-mm-dlya-kanalizatsii,тег
https://metpromintex.ru/catalog/uplotnitelnoe-koltso-rezinovoe-10-mm,тег
https://metpromintex.ru/catalog/truba-dlya-kanalizatsii-150-mm,тег
https://metpromintex.ru/catalog/uplotnitelnoe-koltso-rezinovoe-7-mm,тег
https://metpromintex.ru/catalog/oranzhevaya-truba-dlya-kanalizatsii,тег
https://metpromintex.ru/catalog/truba-dlya-kanalizatsii-300-mm,тег
https://metpromintex.ru/catalog/truba-ryzhaya-dlya-kanalizatsii,тег
https://metpromintex.ru/catalog/koltso-uplotnitelnoe-rezinovoe-4-mm,тег
https://metpromintex.ru/catalog/truba-dlya-kanalizatsii-400-mm,тег
https://metpromintex.ru/catalog/truba-pp-50-mm,тег
https://metpromintex.ru/catalog/truba-dlya-kanalizatsii-75-mm,тег
https://metpromintex.ru/catalog/uplotnitelnoe-koltso-rezinovoe-3-mm,тег
https://metpromintex.ru/catalog/uplotnitelnoe-koltso-rezinovoe-6-mm,тег
https://metpromintex.ru/catalog/truba-pp-63-mm,тег
https://metpromintex.ru/catalog/truba-pp-40-mm,тег
https://metpromintex.ru/catalog/truba-pp-75-mm,тег
https://metpromintex.ru/catalog/truba-40-mm-dlya-kanalizatsii,тег
https://metpromintex.ru/catalog/truba-pp-90-mm,тег
https://metpromintex.ru/catalog/truba-pp-225-mm,тег
https://metpromintex.ru/catalog/truby-dlya-vnutrenney-kanalizatsii,тег
https://metpromintex.ru/catalog/truba-pp-armirovannaya-20-mm,тег
https://metpromintex.ru/catalog/truba-pp-16-mm,тег
https://metpromintex.ru/catalog/truba-pp-50h1-d-8-mm,тег
https://metpromintex.ru/catalog/truba-pp-steklovolokno-25-mm,тег
https://metpromintex.ru/catalog/truba-pp-160-mm,тег
https://metpromintex.ru/catalog/truba-pp-15-mm,тег
https://metpromintex.ru/catalog/truba-pp-100-mm,тег
https://metpromintex.ru/catalog/truba-pp-400-mm,тег
https://metpromintex.ru/catalog/truba-pp-500-mm,тег
https://metpromintex.ru/catalog/provoloka-dlya-poluavtomata-1-mm,тег
https://metpromintex.ru/catalog/truba-pp-150-mm,тег
https://metpromintex.ru/catalog/provoloka-dlya-poluavtomata-1-d-2-mm,тег
https://metpromintex.ru/catalog/truba-pp-300-mm,тег
https://metpromintex.ru/catalog/provoloka-dlya-poluavtomata-2-mm,тег
https://metpromintex.ru/catalog/truba-pp-315-mm,тег
https://metpromintex.ru/catalog/provoloka-dlya-poluavtomata-0-d-8-mm,тег
https://metpromintex.ru/catalog/stoechnye-i-napravlyayuschie-profili-dlya-gipsokartona,тег
https://metpromintex.ru/catalog/truba-dlya-kabelya-16-mm,тег
https://metpromintex.ru/catalog/truba-dlya-kabelya-32-mm,тег
https://metpromintex.ru/catalog/truba-dlya-kabelya-10-mm,тег
https://metpromintex.ru/catalog/truba-dlya-kabelya-50-mm,тег
https://metpromintex.ru/catalog/dymososy-dlya-kotlov,тег
https://metpromintex.ru/catalog/setka-metallicheskaya-otsinkovannaya-dlya-shtukaturki,тег
https://metpromintex.ru/catalog/truba-dlya-skvazhiny-125-mm,тег
https://metpromintex.ru/catalog/truba-dlya-skvazhiny-160-mm,тег
https://metpromintex.ru/catalog/truba-dlya-skvazhiny-25-m,тег
https://metpromintex.ru/catalog/soedinitelnaya-mufta-dlya-truby-125-mm,тег
https://metpromintex.ru/catalog/setka-dlya-zabora-metallicheskaya-otsinkovannaya,тег
https://metpromintex.ru/catalog/profil-dlya-gipsokartona-20-mm,тег
https://metpromintex.ru/catalog/truba-dlya-dymohoda-300,тег
https://metpromintex.ru/catalog/truba-dlya-dymohoda-140-mm,тег
https://metpromintex.ru/catalog/truba-dlya-dymohoda-90-mm,тег
https://metpromintex.ru/catalog/vtulka-polietilenovaya-pod-flanets-udlinennaya,тег
https://metpromintex.ru/catalog/profil-dlya-gipsokartona-50-mm,тег
https://metpromintex.ru/catalog/vtulka-pod-flanets-110-mm,тег
https://metpromintex.ru/catalog/profil-dlya-gipsokartona-3-m,тег
https://metpromintex.ru/catalog/truby-dlya-dymohodov-80-mm,тег
https://metpromintex.ru/catalog/uglovoy-profil-dlya-gipsokartona,тег
https://metpromintex.ru/catalog/vtulka-pod-flanets-160-mm,тег
https://metpromintex.ru/catalog/vtulka-pod-flanets-225-mm,тег
https://metpromintex.ru/catalog/profil-dlya-gipsokartona-4-m,тег
https://metpromintex.ru/catalog/truby-dlya-dymohoda-160-mm,тег
https://metpromintex.ru/catalog/vtulka-pod-flanets-315-mm,тег
https://metpromintex.ru/catalog/truba-180-mm-dlya-dymohoda,тег
https://metpromintex.ru/catalog/vtulka-pod-flanets-50-mm,тег
https://metpromintex.ru/catalog/truba-dlya-dymohoda-200-mm,тег
https://metpromintex.ru/catalog/truba-250-dlya-dymohoda,тег
https://metpromintex.ru/catalog/truba-dlya-dymohoda-130-mm,тег
https://metpromintex.ru/catalog/vtulka-pod-flanets-200-mm,тег
https://metpromintex.ru/catalog/vtulka-pod-flanets-90-mm,тег
https://metpromintex.ru/catalog/truba-dlya-dymohoda-100-mm,тег
https://metpromintex.ru/catalog/vtulka-pod-flanets-63-mm,тег
https://metpromintex.ru/catalog/profnastil-dlya-zabora-s20,тег
https://metpromintex.ru/catalog/vtulka-pod-flanets-250-mm,тег
https://metpromintex.ru/catalog/truba-dlya-dymohoda-110-mm,тег
https://metpromintex.ru/catalog/profnastil-dlya-zabora-s10,тег
https://metpromintex.ru/catalog/vtulka-pod-flanets-500-mm,тег
https://metpromintex.ru/catalog/setka-metallicheskaya-melkaya,тег
https://metpromintex.ru/catalog/sendvich-truba-dlya-dymohoda,тег
https://metpromintex.ru/catalog/setka-metallicheskaya-otsinkovannaya,тег
https://metpromintex.ru/catalog/profil-dlya-montazha-fasadnyh-paneley,тег
https://metpromintex.ru/catalog/setka-metallicheskaya-zelenaya,тег
https://metpromintex.ru/catalog/truba-dlya-dymohoda-115-mm,тег
https://metpromintex.ru/catalog/setka-metallicheskaya-svarnaya,тег
https://metpromintex.ru/catalog/truba-dlya-dymohoda-stal,тег
https://metpromintex.ru/catalog/profil-fasadnyy-p-obraznyy,тег
https://metpromintex.ru/catalog/truba-dlya-dymohoda-120-mm,тег
https://metpromintex.ru/catalog/setka-metallicheskaya-50h50-mm,тег
https://metpromintex.ru/catalog/list-alyuminievyy-riflenyy-1-d-5-mm,тег
https://metpromintex.ru/catalog/list-alyuminievyy-riflenyy-3-mm,тег
https://metpromintex.ru/catalog/list-alyuminievyy-riflenyy-4-mm,тег
https://metpromintex.ru/catalog/setka-dekorativnaya-metallicheskaya,тег
https://metpromintex.ru/catalog/setka-v-rulone-metallicheskaya,тег
https://metpromintex.ru/catalog/krug-goryachekatanyy,тег
https://metpromintex.ru/catalog/krug-kalibrovannyy,тег
https://metpromintex.ru/catalog/metallicheskaya-setka-100h100-mm,тег
https://metpromintex.ru/catalog/krug-kovanyy,тег
https://metpromintex.ru/catalog/krug-litoy,тег
https://metpromintex.ru/catalog/krug-pressovannyy,тег
https://metpromintex.ru/catalog/krug-tyanutyy,тег
https://metpromintex.ru/catalog/krug-holodnokatanyy,тег
https://metpromintex.ru/catalog/krug-obtochennyy,тег
https://metpromintex.ru/catalog/krug-otsinkovannyy,тег
https://metpromintex.ru/catalog/krug-serebryanka,тег
https://metpromintex.ru/catalog/krug-temnyy,тег
https://metpromintex.ru/catalog/setka-kladochnaya-metallicheskaya,тег
https://metpromintex.ru/catalog/setka-metallicheskaya-4-mm,тег
https://metpromintex.ru/catalog/setka-metallicheskaya-plastikovaya,тег
https://metpromintex.ru/catalog/t-obraznyy-profil-metallicheskiy,тег
https://metpromintex.ru/catalog/metallicheskiy-profil-50h50-mm,тег
https://metpromintex.ru/catalog/metallicheskiy-profil-6-m,тег
https://metpromintex.ru/catalog/metallicheskiy-profil-stalnoy,тег
https://metpromintex.ru/catalog/metallicheskiy-profil-4-m,тег
https://metpromintex.ru/catalog/metallicheskiy-profil-25h25-mm,тег
https://metpromintex.ru/catalog/g-profil-metallicheskiy,тег
https://metpromintex.ru/catalog/uglovoy-profil-metallicheskiy,тег
https://metpromintex.ru/catalog/metallicheskiy-profil-dlya-plitki,тег
https://metpromintex.ru/catalog/profili-metallicheskie-napravlyayuschie,тег
https://metpromintex.ru/catalog/datchik-absolyutnogo-davleniya,тег
https://metpromintex.ru/catalog/datchik-differentsialnogo-davleniya,тег
https://metpromintex.ru/catalog/podnozhnik-pzh,тег
https://metpromintex.ru/catalog/datchik-davleniya-gaza,тег
https://metpromintex.ru/catalog/setka-150h150-dlya-teplogo-pola,тег
https://metpromintex.ru/catalog/armaturnaya-setka-dlya-teplogo-pola,тег
https://metpromintex.ru/catalog/datchik-davleniya-1-d-2,тег
https://metpromintex.ru/catalog/datchik-davleniya-zhidkosti,тег
https://metpromintex.ru/catalog/perehodniki-dlya-dymohoda-150-mm,тег
https://metpromintex.ru/catalog/opornye-podushki-teploseti,тег
https://metpromintex.ru/catalog/troynik-vodostochnyy-80-mm,тег
https://metpromintex.ru/catalog/zaglushka-1-dyuym-vnutrennyaya-rezba,тег
https://metpromintex.ru/catalog/zaglushki-povorotnye-atk-26-18-5-93,тег
https://metpromintex.ru/catalog/zaglushka-dlya-profilnoy-truby,тег
https://metpromintex.ru/catalog/zaglushka-60h60,тег
https://metpromintex.ru/catalog/zaglushka-110-mm,тег
https://metpromintex.ru/catalog/zaglushka-dlya-krugloy-truby,тег
https://metpromintex.ru/catalog/alyuminievyy-prutok-6-mm,тег
https://metpromintex.ru/catalog/prutok-alyuminievyy-5-mm,тег
https://metpromintex.ru/catalog/prutok-alyuminievyy-20-mm,тег
https://metpromintex.ru/catalog/alyuminievye-prutki-d16,тег
https://metpromintex.ru/catalog/prutok-alyuminievyy-d16t,тег
https://metpromintex.ru/catalog/prutok-alyuminievyy-12-mm,тег
https://metpromintex.ru/catalog/alyuminievyy-prutok-8-mm,тег
https://metpromintex.ru/catalog/alyuminievyy-prutok-10-mm,тег
https://metpromintex.ru/catalog/prutok-mednyy-2-m,тег
https://metpromintex.ru/catalog/mednyy-prutok-20-mm,тег
https://metpromintex.ru/catalog/mednyy-prutok-10-mm,тег
https://metpromintex.ru/catalog/mednyy-prutok-6-mm,тег
https://metpromintex.ru/catalog/mednyy-prutok-8-mm,тег
https://metpromintex.ru/catalog/prutok-mednyy-5-mm,тег
https://metpromintex.ru/catalog/ventilyatsionnye-bloki-vb-1,тег
https://metpromintex.ru/catalog/ventilyatsionnyy-blok-vb,тег
https://metpromintex.ru/catalog/opornaya-plita-fundamenta,тег
https://metpromintex.ru/catalog/setka-dlya-filtra-2-mm,тег
https://metpromintex.ru/catalog/setka-dlya-kosogo-filtra-1-d-2-mm,тег
https://metpromintex.ru/catalog/setka-dlya-kosogo-filtra-1-mm,тег
https://metpromintex.ru/catalog/nerzhaveyuschaya-setka-dlya-filtra,тег
https://metpromintex.ru/catalog/plita-aerodromnaya-pag-14,тег
https://metpromintex.ru/catalog/aerodromnaya-plita-6h2-m,тег
https://metpromintex.ru/catalog/plita-aerodromnaya-pag-18,тег
https://metpromintex.ru/catalog/provod-soedinitelnyy-pvs,тег
https://metpromintex.ru/catalog/faltsevyy-list-dlya-krovli,тег
https://metpromintex.ru/catalog/zaglushka-20h40-mm,тег
https://metpromintex.ru/catalog/provod-obmotochnyy-petv-2,тег
https://metpromintex.ru/catalog/zaglushka-40h40,тег
https://metpromintex.ru/catalog/zaglushka-naruzhnaya,тег
https://metpromintex.ru/catalog/zaglushka-vneshnyaya,тег
https://metpromintex.ru/catalog/kabel-montazhnyy-0-d-75-mm,тег
https://metpromintex.ru/catalog/zaglushka-santehnicheskaya,тег
https://metpromintex.ru/catalog/zaglushka-flantsevaya,тег
https://metpromintex.ru/catalog/zaglushka-metallicheskaya,тег
https://metpromintex.ru/catalog/soedinitelnyy-kabel-dlya-kompyutera,тег
https://metpromintex.ru/catalog/zaglushka-50-mm,тег
https://metpromintex.ru/catalog/kabel-antennyy-soedinitelnyy,тег
https://metpromintex.ru/catalog/elektrody-po-nerzhaveyke-2-d-5-mm,тег
https://metpromintex.ru/catalog/zaglushka-rezbovaya,тег
https://metpromintex.ru/catalog/zaglushka-s-vnutrenney-rezboy,тег
https://metpromintex.ru/catalog/elektrody-po-nerzhaveyke-ok,тег
https://metpromintex.ru/catalog/elektrody-po-nerzhaveyke-ok-61-d-30,тег
https://metpromintex.ru/catalog/elektrody-po-nerzhaveyke-2-mm,тег
https://metpromintex.ru/catalog/elektrody-po-nerzhaveyke-3-mm,тег
https://metpromintex.ru/catalog/zaglushka-80h80,тег
https://metpromintex.ru/catalog/zaglushki-na-stolby,тег
https://metpromintex.ru/catalog/zaglushka-10-mm,тег
https://metpromintex.ru/catalog/zaglushka-8-mm,тег
https://metpromintex.ru/catalog/lotki-kabelnye-zhelezobetonnye,тег
https://metpromintex.ru/catalog/profil-mayachkovyy-10-mm-3-m,тег
https://metpromintex.ru/catalog/profil-mayachkovyy-4-mm,тег
https://metpromintex.ru/catalog/profil-mayachkovyy-3-m,тег
https://metpromintex.ru/catalog/profil-mayachkovyy-6-mm-3-m,тег
https://metpromintex.ru/catalog/kanat-poliamidnyy-22-mm,тег
https://metpromintex.ru/catalog/profil-mayachkovyy-otsinkovannyy,тег
https://metpromintex.ru/catalog/profil-mayachkovyy-3-mm,тег
https://metpromintex.ru/catalog/profil-mayachkovyy-10-mm,тег
https://metpromintex.ru/catalog/profil-mayachkovyy-knauf,тег
https://metpromintex.ru/catalog/rezinovye-profili-uplotniteli,тег
https://metpromintex.ru/catalog/kabel-akusticheskiy-2h-0-d-35,тег
https://metpromintex.ru/catalog/akusticheskiy-kabel-100-m,тег
https://metpromintex.ru/catalog/kabel-akusticheskiy-2h0-d-5-mm,тег
https://metpromintex.ru/catalog/kabel-akusticheskiy-2h0-d-75-mm,тег
https://metpromintex.ru/catalog/kabel-akusticheskiy-2h1-mm,тег
https://metpromintex.ru/catalog/kolesnaya-para-bu,тег
https://metpromintex.ru/catalog/stenka-otkosnaya-stk10,тег
https://metpromintex.ru/catalog/krestovina-polipropilenovaya-25-mm,тег
https://metpromintex.ru/catalog/krestovina-polipropilenovaya-20-mm,тег
https://metpromintex.ru/catalog/stropa-35-mm,тег
https://metpromintex.ru/catalog/stropy-20-mm,тег
https://metpromintex.ru/catalog/stropa-5-m,тег
https://metpromintex.ru/catalog/stropa-koltsevaya,тег
https://metpromintex.ru/catalog/pruzhinnaya-provoloka-5-mm,тег
https://metpromintex.ru/catalog/provoloka-pruzhinnaya-1-mm,тег
https://metpromintex.ru/catalog/provoloka-pruzhinnaya-2-mm,тег
https://metpromintex.ru/catalog/pruzhinnaya-provoloka-6-mm,тег
https://metpromintex.ru/catalog/provoloka-pruzhinnaya-3-mm,тег
https://metpromintex.ru/catalog/provoloka-pruzhinnaya-4-mm,тег
https://metpromintex.ru/catalog/klapan-1-mm,тег
https://metpromintex.ru/catalog/klapan-125-mm,тег
https://metpromintex.ru/catalog/stropy-4-m,тег
https://metpromintex.ru/catalog/stropa-1-m,тег
https://metpromintex.ru/catalog/klapan-gaza,тег
https://metpromintex.ru/catalog/klapan-75-mm,тег
https://metpromintex.ru/catalog/stropa-dvuhvetvevaya,тег
https://metpromintex.ru/catalog/klapan-valtec,тег
https://metpromintex.ru/catalog/stropa-40-mm,тег
https://metpromintex.ru/catalog/klapan-pozharnyy,тег
https://metpromintex.ru/catalog/stropa-30-mm,тег
https://metpromintex.ru/catalog/stropa-25-mm,тег
https://metpromintex.ru/catalog/rd-strop-gruzovoy,тег
https://metpromintex.ru/catalog/truby-otsinkovannye-dlya-dymohoda-150-mm,тег
https://metpromintex.ru/catalog/kover-gazovyy-bolshoy,тег
https://metpromintex.ru/catalog/krestovina-plastikovaya-dlya-kanalizatsii,тег
https://metpromintex.ru/catalog/vodostochnaya-truba-pvh-100-mm,тег
https://metpromintex.ru/catalog/ugolok-dlya-zazemleniya-50h50h5-mm,тег
https://metpromintex.ru/catalog/serye-trotuarnye-plity,тег
https://metpromintex.ru/catalog/lenta-stalnaya-upakovochnaya-gost-3560-73,тег
https://metpromintex.ru/catalog/sendvich-panel-krovelnaya-250-mm,тег
https://metpromintex.ru/catalog/krovelnye-sendvich-paneli-iz-mineralnoy-vaty,тег
https://metpromintex.ru/catalog/krovelnye-sendvich-paneli-100-mm,тег
https://metpromintex.ru/catalog/krovelnaya-sendvich-panel-150-mm,тег
https://metpromintex.ru/catalog/krovelnaya-sendvich-panel-200-mm,тег
https://metpromintex.ru/catalog/sendvich-paneli-krovelnye-120-mm,тег
https://metpromintex.ru/catalog/plita-dorozhnaya-6h2-m,тег
https://metpromintex.ru/catalog/plita-dorozhnaya-3000h1750,тег
https://metpromintex.ru/catalog/plita-dorozhnaya-3000h1500h180,тег
https://metpromintex.ru/catalog/plita-dorozhnaya-4h2-m,тег
https://metpromintex.ru/catalog/trap-50-mm,тег
https://metpromintex.ru/catalog/trap-gorizontalnyy,тег
https://metpromintex.ru/catalog/trehsloynaya-krovelnaya-sendvich-panel,тег
https://metpromintex.ru/catalog/trap-100-mm,тег
https://metpromintex.ru/catalog/trap-kvadratnyy,тег
https://metpromintex.ru/catalog/kabeli-ognestoykie-pozharnye,тег
https://metpromintex.ru/catalog/trap-150h150-mm,тег
https://metpromintex.ru/catalog/p-profil-dlya-zabora,тег
https://metpromintex.ru/catalog/polosa-perforirovannaya-40h4,тег
https://metpromintex.ru/catalog/kryshka-dlya-kolodtsa-iz-betonnyh-kolets,тег
https://metpromintex.ru/catalog/koltso-s-dnom-dlya-kolodtsa,тег
https://metpromintex.ru/catalog/skoba-20-mm,тег
https://metpromintex.ru/catalog/skoba-takelazhnaya,тег
https://metpromintex.ru/catalog/skoby-24-mm,тег
https://metpromintex.ru/catalog/koltso-dlya-kolodtsa-2-metra,тег
https://metpromintex.ru/catalog/skoba-14-mm,тег
https://metpromintex.ru/catalog/skoby-8-mm,тег
https://metpromintex.ru/catalog/skoby-32-mm,тег
https://metpromintex.ru/catalog/skoba-40-mm,тег
https://metpromintex.ru/catalog/skoba-stalnaya-otsinkovannaya,тег
https://metpromintex.ru/catalog/koltso-betonnoe-dlya-kolodtsa-1-d-5-m,тег
https://metpromintex.ru/catalog/skoba-12-mm,тег
https://metpromintex.ru/catalog/skoby-18-mm,тег
https://metpromintex.ru/catalog/skoby-10-mm,тег
https://metpromintex.ru/catalog/koltsa-dlya-kolodtsa-1-metr,тег
https://metpromintex.ru/catalog/skoba-200-mm,тег
https://metpromintex.ru/catalog/skoba-takelazhnaya-16-mm,тег
https://metpromintex.ru/catalog/skoby-300-mm,тег
https://metpromintex.ru/catalog/skoba-d16,тег
https://metpromintex.ru/catalog/skoba-nerzhaveyuschaya,тег
https://metpromintex.ru/catalog/skoba-takelazhnaya-10-mm,тег
https://metpromintex.ru/catalog/skoby-50-mm,тег
https://metpromintex.ru/catalog/skoba-80-mm,тег
https://metpromintex.ru/catalog/skoba-takelazhnaya-nerzhaveyuschaya,тег
https://metpromintex.ru/catalog/skoba-100-mm,тег
https://metpromintex.ru/catalog/lotok-teleskopicheskiy-b-7,тег
https://metpromintex.ru/catalog/skoba-11-mm,тег
https://metpromintex.ru/catalog/lotki-teleskopicheskie-seriya-3-d-503-1-66,тег
https://metpromintex.ru/catalog/lotok-teleskopicheskiy-b-6,тег
https://metpromintex.ru/catalog/tsep-korotkozvennaya-5-mm,тег
https://metpromintex.ru/catalog/tsep-korotkozvennaya-6-mm,тег
https://metpromintex.ru/catalog/kryshka-kolodtsa-1000-mm,тег
https://metpromintex.ru/catalog/vtulka-pod-flanets-polipropilenovaya,тег
https://metpromintex.ru/catalog/viniplast-listovoy-gost-9639-71,тег
https://metpromintex.ru/catalog/truby-npvh-dlya-skvazhin,тег
https://metpromintex.ru/catalog/spiral-iz-armirovannoy-kolyuchey-lenty,тег
https://metpromintex.ru/catalog/sulfat-serebra,тег
https://metpromintex.ru/catalog/slitok-serebra,тег
https://metpromintex.ru/catalog/oksid-serebra,тег
https://metpromintex.ru/catalog/azotnokisloe-serebro,тег
https://metpromintex.ru/catalog/nitrat-serebra,тег
https://metpromintex.ru/catalog/ag-serebro,тег
https://metpromintex.ru/catalog/alyuminievaya-truba-kruglaya-40-mm,тег
https://metpromintex.ru/catalog/truba-alyuminievaya-kruglaya-25-mm,тег
https://metpromintex.ru/catalog/truba-alyuminievaya-kruglaya-32-mm,тег
https://metpromintex.ru/catalog/skoby-5-mm,тег
https://metpromintex.ru/catalog/truba-stalnaya-dlya-otopleniya-25-mm,тег
https://metpromintex.ru/catalog/termometr-bimetallicheskiy-100-mm,тег
https://metpromintex.ru/catalog/beton-bst,тег
https://metpromintex.ru/catalog/pesok-dlya-betona,тег
https://metpromintex.ru/catalog/rastvor-betona,тег
https://metpromintex.ru/catalog/beton-dlya-styazhki-pola,тег
https://metpromintex.ru/catalog/smes-dlya-remonta-betona,тег
https://metpromintex.ru/catalog/dorozhnyy-fundament,тег
https://metpromintex.ru/catalog/plita-perekrytiya-pod-kolodets,тег
https://metpromintex.ru/catalog/rebristye-plity-perekrytiya,тег
https://metpromintex.ru/catalog/zaglushka-ventilyatsionnaya-kruglaya-100-mm,тег
https://metpromintex.ru/catalog/ventilyatsionnaya-zaglushka-100-mm,тег
https://metpromintex.ru/catalog/stenovye-paneli-2700-mm,тег
https://metpromintex.ru/catalog/truba-mednaya-dlya-otopleniya-22-mm,тег
https://metpromintex.ru/catalog/plastikovyy-sterzhen-10-mm,тег
https://metpromintex.ru/catalog/koleno-truby-d100,тег
https://metpromintex.ru/catalog/voronki-vodostochnye-200-mm,тег
https://metpromintex.ru/catalog/voronka-vodostochnaya-diametrom-300-mm,тег
https://metpromintex.ru/catalog/vnutrennyaya-vodostochnaya-voronka,тег
https://metpromintex.ru/catalog/voronka-vodostochnaya-vertikalnaya,тег
https://metpromintex.ru/catalog/voronka-vodostochnaya-plastikovaya,тег
https://metpromintex.ru/catalog/voronka-vodostochnaya-chugunnaya,тег
https://metpromintex.ru/catalog/voronka-vodostochnaya-150-mm,тег
https://metpromintex.ru/catalog/stalnaya-vodostochnaya-voronka,тег
https://metpromintex.ru/catalog/voronka-vodostochnaya-otsinkovannaya,тег
https://metpromintex.ru/catalog/voronka-chugunnaya-vodostochnaya-krovelnaya-vu-100,тег
https://metpromintex.ru/catalog/truba-dlya-mebeli-25-mm,тег
https://metpromintex.ru/catalog/truba-pvh-32-mm,тег
https://metpromintex.ru/catalog/lenta-homutnaya-nerzhaveyuschaya,тег
https://metpromintex.ru/catalog/truba-25-mm-dlya-vodoprovoda,тег
https://metpromintex.ru/catalog/truba-50-mm-dlya-vodoprovoda,тег
https://metpromintex.ru/catalog/med-konstantan,тег
https://metpromintex.ru/catalog/ventil-plastikovyy-12-dyuyma,тег
https://metpromintex.ru/catalog/soedinitel-vozduhovoda-125-mm,тег
https://metpromintex.ru/catalog/soedinitel-kruglyh-vozduhovodov-100-mm,тег
https://metpromintex.ru/catalog/plita-ukrepleniya-p-2,тег
https://metpromintex.ru/catalog/plita-ukrepleniya-p-1,тег
https://metpromintex.ru/catalog/kanat-dekorativnyy-dzhutovyy,тег
https://metpromintex.ru/catalog/steklotekstolit-listovoy-10-mm,тег
https://metpromintex.ru/catalog/steklotekstolit-listovoy-5-mm,тег
https://metpromintex.ru/catalog/steklotekstolit-listovoy-1-mm,тег
https://metpromintex.ru/catalog/steklotekstolit-listovoy-gost-12652-74,тег
https://metpromintex.ru/catalog/gost-8733-74-truby-stalnye-besshovnye-holodnodeformirovannye,тег
https://metpromintex.ru/catalog/kaprolon-pa-6-sterzhnevoy,тег
https://metpromintex.ru/catalog/tsepi-gruzovye-4-t,тег
https://metpromintex.ru/catalog/provod-montazhnyy-0-d-5-mm,тег
https://metpromintex.ru/catalog/provod-montazhnyy-1h1-d-5-mm,тег
https://metpromintex.ru/catalog/provod-montazhnyy-0-d-2-mm,тег
https://metpromintex.ru/catalog/provod-montazhnyy-0-d-35-mm,тег
https://metpromintex.ru/catalog/provod-montazhnyy-2-d-5-mm,тег
https://metpromintex.ru/catalog/egoza-kolyuchaya-provoloka-500-mm,тег
https://metpromintex.ru/catalog/portalnye-stenki-stk5,тег
https://metpromintex.ru/catalog/portalnaya-stenka-st-8,тег
https://metpromintex.ru/catalog/portalnaya-stenka-st-10,тег
https://metpromintex.ru/catalog/portalnaya-stenka-p10-d-14,тег
https://metpromintex.ru/catalog/portalnaya-stenka-stk1,тег
https://metpromintex.ru/catalog/strelochnyy-perevod-r43,тег
https://metpromintex.ru/catalog/strelochnyy-perevod-8365,тег
https://metpromintex.ru/catalog/blok-betonnyy-b-1-20-50,тег
https://metpromintex.ru/catalog/b-8-blok-betonnyy,тег
https://metpromintex.ru/catalog/blok-betonnyy-b-9,тег
https://metpromintex.ru/catalog/bloki-betonnye-5,тег
https://metpromintex.ru/catalog/mastika-bitumnaya-gidroizolyatsionnaya-18-kg,тег
https://metpromintex.ru/catalog/mastika-bitumnaya-gidroizolyatsionnaya-dlya-krovli,тег
https://metpromintex.ru/catalog/gidroizolyatsionnaya-mastika-tehnonikol-aquamast-bitumno-rezinovaya,тег
https://metpromintex.ru/catalog/mastika-bitumnaya-gidroizolyatsionnaya-dlya-fundamenta-tehnonikol,тег
https://metpromintex.ru/catalog/mastika-bitumnaya-gidroizolyatsionnaya-20-kg,тег
https://metpromintex.ru/catalog/internet-kabel,тег
https://metpromintex.ru/catalog/mastika-bitumnaya-gidroizolyatsionnaya-tehnonikol-mgtn,тег
https://metpromintex.ru/catalog/kabel-kontrolnyy-10h2-d-5,тег
https://metpromintex.ru/catalog/kabel-kontrolnyy-7h1-d-5,тег
https://metpromintex.ru/catalog/kabel-kontrolnyy-4h1-d-5,тег
https://metpromintex.ru/catalog/kabel-kontrolnyy-4h075,тег
https://metpromintex.ru/catalog/kabel-kontrolnyy-5h1,тег
https://metpromintex.ru/catalog/kabeli-kontrolnye-mednye,тег
https://metpromintex.ru/catalog/kabel-kontrolnyy-10h1-d-5,тег
https://metpromintex.ru/catalog/plita-perehodnaya-p-400-d-98-25,тег
https://metpromintex.ru/catalog/armirovannaya-truba-dlya-vodoprovoda,тег
https://metpromintex.ru/catalog/steklovolokno-truby-dlya-vodoprovoda,тег
https://metpromintex.ru/catalog/truby-dlya-vodoprovodov-40-mm,тег
https://metpromintex.ru/catalog/dekorativnyy-ekran-dlya-radiatora,тег
https://metpromintex.ru/catalog/kabel-16-kv-d-mm,тег
https://metpromintex.ru/catalog/kabel-50-kv-d-mm,тег
https://metpromintex.ru/catalog/kabel-6-kv-d-mm,тег
https://metpromintex.ru/catalog/kabel-10-kv-d-mm,тег
https://metpromintex.ru/catalog/kabel-3-kv-d-mm,тег
https://metpromintex.ru/catalog/kabel-4-kv-d-mm,тег
https://metpromintex.ru/catalog/kabel-1-kv-d-mm,тег
https://metpromintex.ru/catalog/kabel-2-kv-d-mm,тег
https://metpromintex.ru/catalog/32-mm-truba-dlya-vodoprovoda,тег
https://metpromintex.ru/catalog/truba-asbestotsementnaya-350-mm,тег
https://metpromintex.ru/catalog/kolyuchaya-provoloka-tipa-egoza,тег
https://metpromintex.ru/catalog/provoloka-kolyuchaya-otsinkovannaya,тег
https://metpromintex.ru/catalog/gruzopodemnaya-tsep-klassa-8,тег
https://metpromintex.ru/catalog/kabel-4h4-kv-d-mm-gibkiy,тег
https://metpromintex.ru/catalog/myagkiy-gibkiy-kabel,тег
https://metpromintex.ru/catalog/abs-plastik-listovoy,тег
https://metpromintex.ru/catalog/plastik-abs-2-mm,тег
https://metpromintex.ru/catalog/abs-plastik-granuly,тег
https://metpromintex.ru/catalog/profnastil-dlya-kryshi-0-d-5-mm,тег
https://metpromintex.ru/catalog/profnastil-dlya-kryshi-0-d-7-mm,тег
https://metpromintex.ru/catalog/obratnyy-klapan-dlya-kanalizatsii-40-mm,тег
https://metpromintex.ru/catalog/obratnyy-klapan-dlya-kanalizatsii-50-mm,тег
https://metpromintex.ru/catalog/cd-kadmiy,тег
https://metpromintex.ru/catalog/ogolovok-og-1,тег
https://metpromintex.ru/catalog/ogolovok-200h200-mm,тег
https://metpromintex.ru/catalog/ogolovok-150h150-mm,тег
https://metpromintex.ru/catalog/z-obraznyy-profil-dlya-plitki,тег
https://metpromintex.ru/catalog/profil-dlya-plitki-6-mm,тег
https://metpromintex.ru/catalog/t-profil-dlya-plitki,тег
https://metpromintex.ru/catalog/profil-dlya-plitki-12-mm,тег
https://metpromintex.ru/catalog/profil-p-dlya-plitki,тег
https://metpromintex.ru/catalog/profil-dlya-plitki-10mm,тег
https://metpromintex.ru/catalog/g-profil-dlya-plitki,тег
https://metpromintex.ru/catalog/profil-dlya-plitki-8-mm,тег
https://metpromintex.ru/catalog/kanat-gost-3066,тег
https://metpromintex.ru/catalog/s-obraznyy-profil-dlya-plitki,тег
https://metpromintex.ru/catalog/fankoyl-dlya-otopleniya,тег
https://metpromintex.ru/catalog/kanat-gost-3063,тег
https://metpromintex.ru/catalog/plita-dorozhnaya-6000h2000h140,тег
https://metpromintex.ru/catalog/kanat-gost-3071,тег
https://metpromintex.ru/catalog/kanat-gost-16853,тег
https://metpromintex.ru/catalog/kanat-20-mm,тег
https://metpromintex.ru/catalog/kanat-15-mm,тег
https://metpromintex.ru/catalog/kanat-5-mm,тег
https://metpromintex.ru/catalog/kanat-16-mm,тег
https://metpromintex.ru/catalog/koltso-stenovoe-ks-15-3,тег
https://metpromintex.ru/catalog/kanat-11-mm,тег
https://metpromintex.ru/catalog/koltso-stenovoe-ks-10-3,тег
https://metpromintex.ru/catalog/kanat-12-mm,тег
https://metpromintex.ru/catalog/kanat-4-mm,тег
https://metpromintex.ru/catalog/kanat-1-mm,тег
https://metpromintex.ru/catalog/kanat-18-mm,тег
https://metpromintex.ru/catalog/kanat-22-mm,тег
https://metpromintex.ru/catalog/kanat-3-mm,тег
https://metpromintex.ru/catalog/kanat-10-d-5-mm,тег
https://metpromintex.ru/catalog/kanat-13-mm,тег
https://metpromintex.ru/catalog/kanat-26-mm,тег
https://metpromintex.ru/catalog/kover-gazovyy-malyy,тег
https://metpromintex.ru/catalog/kanat-25-mm,тег
https://metpromintex.ru/catalog/kanat-28-mm,тег
https://metpromintex.ru/catalog/bentonit-25-kg,тег
https://metpromintex.ru/catalog/kanat-7-mm,тег
https://metpromintex.ru/catalog/bentonit-gorizont,тег
https://metpromintex.ru/catalog/bentonit-dlya-bureniya,тег
https://metpromintex.ru/catalog/manometr-4-bar,тег
https://metpromintex.ru/catalog/manometr-0-d-4,тег
https://metpromintex.ru/catalog/manometr-mp3-uf,тег
https://metpromintex.ru/catalog/manometry-tm-serii,тег
https://metpromintex.ru/catalog/manometr-63-mm,тег
https://metpromintex.ru/catalog/manometr-50-mm,тег
https://metpromintex.ru/catalog/manometr-1-bar,тег
https://metpromintex.ru/catalog/manometr-10-bar,тег
https://metpromintex.ru/catalog/kosour-kl-495-d-210,тег
https://metpromintex.ru/catalog/kosour-kl-615-d-270,тег
https://metpromintex.ru/catalog/manometr-160-mm,тег
https://metpromintex.ru/catalog/manometr-dlya-otopleniya,тег
https://metpromintex.ru/catalog/manometr-gazovyy,тег
https://metpromintex.ru/catalog/elektronnyy-manometr,тег
https://metpromintex.ru/catalog/shina-zazemleniya-40h4-mm,тег
https://metpromintex.ru/catalog/klass-tochnosti-manometra-2-d-5,тег
https://metpromintex.ru/catalog/klass-tochnosti-manometra-1-d-5,тег
https://metpromintex.ru/catalog/stroitelnye-setki-100h100-mm,тег
https://metpromintex.ru/catalog/setka-stroitelnaya-80h80-mm,тег
https://metpromintex.ru/catalog/setka-stroitelnaya-10h10-mm,тег
https://metpromintex.ru/catalog/bordyurnyy-kamen-1000h200h80-mm,тег
https://metpromintex.ru/catalog/bordyurnyy-kamen-100h30h15-mm,тег
https://metpromintex.ru/catalog/bordyurnyy-kamen-br-100-d-20-d-8,тег
https://metpromintex.ru/catalog/rigel-r1-a,тег
https://metpromintex.ru/catalog/rigel-r5,тег
https://metpromintex.ru/catalog/tsep-privodnaya-25-mm,тег
https://metpromintex.ru/catalog/truba-dlya-teplogo-pola-100-metrov,тег
https://metpromintex.ru/catalog/tsep-privodnaya-19-mm,тег
https://metpromintex.ru/catalog/truba-dlya-teplogo-pola-20-mm,тег
https://metpromintex.ru/catalog/tsep-privodnaya-15-d-875-mm,тег
https://metpromintex.ru/catalog/truba-dlya-teplogo-pola-16-mm,тег
https://metpromintex.ru/catalog/truba-dlya-zabora-40h40-mm,тег
https://metpromintex.ru/catalog/truba-dlya-zabora-3-m,тег
https://metpromintex.ru/catalog/truba-50h50-mm-dlya-zabora,тег
https://metpromintex.ru/catalog/truba-dlya-zabora-2-m,тег
https://metpromintex.ru/catalog/truby-dlya-zabora-60h60-mm,тег
https://metpromintex.ru/catalog/truba-57-mm-dlya-zabora,тег
https://metpromintex.ru/catalog/zaglushka-4-mm-vnutrennyaya-rezba,тег
https://metpromintex.ru/catalog/besshovnye-goryachedeformirovannye-truby-stal-20,тег
https://metpromintex.ru/catalog/paneli-iz-steklovolokna,тег
https://metpromintex.ru/catalog/metallicheskaya-setka-dlya-betona,тег
https://metpromintex.ru/catalog/pogruzhnoy-nasos,тег
https://metpromintex.ru/catalog/nasos-dlya-vody-elektricheskiy,тег
https://metpromintex.ru/catalog/drenazhnyy-nasos,тег
https://metpromintex.ru/catalog/tsirkulyatsionnyy-nasos,тег
https://metpromintex.ru/catalog/vakuumnyy-nasos,тег
https://metpromintex.ru/catalog/nasos-dlya-skvazhiny,тег
https://metpromintex.ru/catalog/nasos-elektricheskiy,тег
https://metpromintex.ru/catalog/poliuretan-listovoy-20-mm,тег
https://metpromintex.ru/catalog/poliuretan-listovoy-5-mm,тег
https://metpromintex.ru/catalog/poliuretan-listovoy-3-mm,тег
https://metpromintex.ru/catalog/poliuretan-listovoy-10-mm,тег
https://metpromintex.ru/catalog/opora-sv110-3-d-5,тег
https://metpromintex.ru/catalog/manometr-dlya-vozduha,тег
https://metpromintex.ru/catalog/opora-sv95-3-d-2,тег
https://metpromintex.ru/catalog/kabel-kgtp-hl-2-d-5,тег
https://metpromintex.ru/catalog/zaglushka-na-gazovuyu-trubu,тег
https://metpromintex.ru/catalog/ankernaya-plita,тег
https://metpromintex.ru/catalog/asbestotsementnye-truby-vodoprovodnye,тег
https://metpromintex.ru/catalog/zaglushka-stalnaya-gost-17373-2001,тег
https://metpromintex.ru/catalog/rolik-50-mm,тег
https://metpromintex.ru/catalog/rolik-25-mm,тег
https://metpromintex.ru/catalog/rolik-20-mm,тег
https://metpromintex.ru/catalog/rolik-100-m,тег
https://metpromintex.ru/catalog/roliki-30-mm,тег
https://metpromintex.ru/catalog/rolik-22-mm,тег
https://metpromintex.ru/catalog/rolik-150-m,тег
https://metpromintex.ru/catalog/roliki-200-m,тег
https://metpromintex.ru/catalog/rolik-160-m,тег
https://metpromintex.ru/catalog/rolik-250-m,тег
https://metpromintex.ru/catalog/rolik-300-m,тег
https://metpromintex.ru/catalog/roliki-500-m,тег
https://metpromintex.ru/catalog/roliki-76-mm,тег
https://metpromintex.ru/catalog/rolik-38-m,тег
https://metpromintex.ru/catalog/rolik-stalnoy,тег
https://metpromintex.ru/catalog/rolik-metallicheskiy,тег
https://metpromintex.ru/catalog/metallicheskie-shlifovalnye-krugi,тег
https://metpromintex.ru/catalog/otvod-kanalizatsionnyy-plastikovyy-50-mm,тег
https://metpromintex.ru/catalog/voronka-100-mm,тег
https://metpromintex.ru/catalog/voronka-110-mm,тег
https://metpromintex.ru/catalog/podkranovaya-balka-brp62-d-8-d-3,тег
https://metpromintex.ru/catalog/lestnichnaya-stupen-ls-11,тег
https://metpromintex.ru/catalog/lestnichnaya-stupen-ls-12,тег
https://metpromintex.ru/catalog/lotok-vodootvodnyy-betonnyy-400-mm,тег
https://metpromintex.ru/catalog/plita-dnischa-kolodtsa-pn-10-1,тег
https://metpromintex.ru/catalog/plita-dnischa-kolodtsa-pn-15-1,тег
https://metpromintex.ru/catalog/plita-zabornaya-po-2,тег
https://metpromintex.ru/catalog/tetrapod-t-5,тег
https://metpromintex.ru/catalog/opora-sv95-3-d-5,тег
https://metpromintex.ru/catalog/lezhni-lzh-44,тег
https://metpromintex.ru/catalog/lezhen-lzh-16,тег
https://metpromintex.ru/catalog/lezhen-lzh-28,тег
https://metpromintex.ru/catalog/elektricheskie-provoda-alyuminievye,тег
https://metpromintex.ru/catalog/provod-elektricheskiy-1h2-d-5,тег
https://metpromintex.ru/catalog/belyy-elektricheskiy-provod,тег
https://metpromintex.ru/catalog/provod-elektricheskiy-chernyy,тег
https://metpromintex.ru/catalog/provod-elektricheskiy-ploskiy,тег
https://metpromintex.ru/catalog/provoda-elektricheskie-gibkie,тег
https://metpromintex.ru/catalog/kabel-2-d-5,тег
https://metpromintex.ru/catalog/kabel-1-d-5,тег
https://metpromintex.ru/catalog/provod-elektricheskiy-silovoy,тег
https://metpromintex.ru/catalog/kabel-gibkiy-1h16-mm,тег
https://metpromintex.ru/catalog/kabel-gibkiy-3h4-mm,тег
https://metpromintex.ru/catalog/kabel-telefonnyy-20h2h0-d-4-par,тег
https://metpromintex.ru/catalog/kabeli-telefonnye-100h2h0-d-4-par,тег
https://metpromintex.ru/catalog/telefonnyy-kabel-10h2h0-d-4-par,тег
https://metpromintex.ru/catalog/provod-obmotochnyy-pet-155,тег
https://metpromintex.ru/catalog/termostoykie-provoda-2-d-5,тег
https://metpromintex.ru/catalog/provod-termostoykiy-2h1-d-5,тег
https://metpromintex.ru/catalog/opora-balki-zakrytaya,тег
https://metpromintex.ru/catalog/opora-balok-150h150-mm,тег
https://metpromintex.ru/catalog/lenta-latunnaya-gost-2208-2007,тег
https://metpromintex.ru/catalog/list-titanovyy-gost-22178-76,тег
https://metpromintex.ru/catalog/polietilen-listovoy-10-mm,тег
https://metpromintex.ru/catalog/polietilen-100-mm-listovoy,тег
https://metpromintex.ru/catalog/poroshok-zheleznyy-gost-9849-86,тег
https://metpromintex.ru/catalog/provoloka-kanatnaya-gost-7372-79,тег
https://metpromintex.ru/catalog/provoloka-kontrovochnaya-0-d-5-mm,тег
https://metpromintex.ru/catalog/ekran-dlya-radiatorov-8-sektsiy,тег
https://metpromintex.ru/catalog/trubka-rezinovaya-gost-3399-76,тег
https://metpromintex.ru/catalog/manzhet-rezinovyy-gost-14896-84,тег
https://metpromintex.ru/catalog/manzhet-rezinovyy-armirovannyy-gost-8752-79,тег
https://metpromintex.ru/catalog/manzhety-rezinovye-gost-6969-54,тег
https://metpromintex.ru/catalog/setka-dlya-styazhki-100h100-mm,тег
https://metpromintex.ru/catalog/setka-dlya-styazhki-100h100h4-mm,тег
https://metpromintex.ru/catalog/setka-dlya-styazhki-100h100h5-mm,тег
https://metpromintex.ru/catalog/kladochnaya-setka-dlya-styazhki,тег
https://metpromintex.ru/catalog/polosa-metallicheskaya-50-mm,тег
https://metpromintex.ru/catalog/polosa-stalnaya-gost-103-2006,тег
https://metpromintex.ru/catalog/kvadrat-stalnoy-goryachekatanyy-gost-2591-2006,тег
https://metpromintex.ru/catalog/kvadrat-stalnoy-30h30-mm,тег
https://metpromintex.ru/catalog/krug-gost-2590-06,тег
https://metpromintex.ru/catalog/prutok-stalnoy-gost-2590-88,тег
https://metpromintex.ru/catalog/prutki-alyuminievye-gost-21488-97,тег
https://metpromintex.ru/catalog/prutok-titanovyy-vt1-0,тег
https://metpromintex.ru/catalog/prutok-titanovyy-gost-26492-85,тег
https://metpromintex.ru/catalog/roliki-konveyernye-gost-22646-77,тег
https://metpromintex.ru/catalog/sendvich-paneli-krovelnye-50-mm,тег
https://metpromintex.ru/catalog/kanat-stalnoy-8-mm,тег
https://metpromintex.ru/catalog/kanat-stalnoy-14-mm,тег
https://metpromintex.ru/catalog/kanat-stalnoy-10-mm,тег
https://metpromintex.ru/catalog/kanat-stalnoy-12-mm,тег
https://metpromintex.ru/catalog/styazhnoy-remen-10-m,тег
https://metpromintex.ru/catalog/remen-styazhnoy-10-m-10t,тег
https://metpromintex.ru/catalog/remen-styazhnoy-5-t,тег
https://metpromintex.ru/catalog/styazhnoy-remen-50-mm,тег
https://metpromintex.ru/catalog/styazhnye-remni-3-m,тег
https://metpromintex.ru/catalog/styazhnoy-remen-2-m,тег
https://metpromintex.ru/catalog/remen-styazhnoy-1t,тег
https://metpromintex.ru/catalog/remen-styazhnoy-100-mm,тег
https://metpromintex.ru/catalog/styazhnoy-remen-12-m,тег
https://metpromintex.ru/catalog/styazhnye-remni-8-m,тег
https://metpromintex.ru/catalog/remen-styazhnoy-5-m,тег
https://metpromintex.ru/catalog/remen-styazhnoy-1-m,тег
https://metpromintex.ru/catalog/remen-styazhnoy-5t-10-m,тег
https://metpromintex.ru/catalog/styazhnoy-remen-25-mm,тег
https://metpromintex.ru/catalog/styazhnye-remni-75-mm,тег
https://metpromintex.ru/catalog/remen-styazhnoy-20-t,тег
https://metpromintex.ru/catalog/remen-styazhnoy-6-m,тег
https://metpromintex.ru/catalog/tsep-korotkozvennaya-3-mm,тег
https://metpromintex.ru/catalog/tsep-privodnaya-12-d-7-mm,тег
https://metpromintex.ru/catalog/vodostochnye-truby-200-mm,тег
https://metpromintex.ru/catalog/truba-vodostochnaya-metallicheskaya,тег
https://metpromintex.ru/catalog/truba-dymohodnaya-150-mm,тег
https://metpromintex.ru/catalog/gost-9567-75-truby-stalnye-besshovnye-holodnodeformirovannye,тег
https://metpromintex.ru/catalog/truba-polietilenovaya-dlya-kanalizatsii,тег
https://metpromintex.ru/catalog/truba-polietilenovaya-spiralnovitaya,тег
https://metpromintex.ru/catalog/truba-polietilenovaya-pe-80,тег
https://metpromintex.ru/catalog/truba-polietilenovaya-pe-63,тег
https://metpromintex.ru/catalog/perehod-pvh-110h50-mm,тег
https://metpromintex.ru/catalog/perehod-pvh-100h110-mm,тег
https://metpromintex.ru/catalog/mufty-dlya-stalnyh-trub-1,тег
https://metpromintex.ru/catalog/mufta-obzhimnaya-dlya-stalnyh-trub,тег
https://metpromintex.ru/catalog/kompressionnaya-mufta-dlya-stalnoy-truby,тег
https://metpromintex.ru/catalog/mufta-soedinitelnaya-dlya-stalnyh-trub,тег
https://metpromintex.ru/catalog/otvod-pvh-50-mm,тег
https://metpromintex.ru/catalog/otvod-pvh-45-mm,тег
https://metpromintex.ru/catalog/otvod-pvh-160-mm,тег
https://metpromintex.ru/catalog/otvod-pvh-110-mm-45-gradusov,тег
https://metpromintex.ru/catalog/otvod-90-gradusov-pvh-110-mm,тег
https://metpromintex.ru/catalog/otvod-pe-svarnoy,тег
https://metpromintex.ru/catalog/otvod-pe-45-gradusov,тег
https://metpromintex.ru/catalog/otvod-pe-100-mm-90-gradusov,тег
https://metpromintex.ru/catalog/otvod-pe-90-gradusov,тег
https://metpromintex.ru/catalog/otvod-pe-110-mm-90-gradusov,тег
https://metpromintex.ru/catalog/otvod-pe-63-gradusa,тег
https://metpromintex.ru/catalog/otvod-pe-elektrosvarnoy-63-gradusov,тег
https://metpromintex.ru/catalog/otvod-225-mm-pe,тег
https://metpromintex.ru/catalog/otvod-pe-100-mm-litoy,тег
https://metpromintex.ru/catalog/otvod-pe-100,тег
https://metpromintex.ru/catalog/otvod-pe-160-mm,тег
https://metpromintex.ru/catalog/otvod-160-mm-pe-100,тег
https://metpromintex.ru/catalog/otvod-pe-160-mm-90-gradusov,тег
https://metpromintex.ru/catalog/otvod-pe-30-gradusov,тег
https://metpromintex.ru/catalog/otvod-pe-50-gradusov,тег
https://metpromintex.ru/catalog/ventil-zapornyy-1,тег
https://metpromintex.ru/catalog/ventil-radiatornyy,тег
https://metpromintex.ru/catalog/mufta-remontnaya-100-mm,тег
https://metpromintex.ru/catalog/zaglushka-gost-17379-2001,тег
https://metpromintex.ru/catalog/zaglushka-pvh-110-mm,тег
https://metpromintex.ru/catalog/zaglushka-pvh-50-mm,тег
https://metpromintex.ru/catalog/zadvizhka-flantsevaya-50-mm,тег
https://metpromintex.ru/catalog/koleno-truby-otsinkovannoe,тег
https://metpromintex.ru/catalog/kran-metallicheskiy-32-mm,тег
https://metpromintex.ru/catalog/kran-na-50-mm-trubu-metallicheskuyu,тег
https://metpromintex.ru/catalog/profil-5-metallicheskiy,тег
https://metpromintex.ru/catalog/fibra-6-mm,тег
https://metpromintex.ru/catalog/shpunt-larsena-l5-um,тег
https://metpromintex.ru/catalog/shpunt-larsena-l7,тег
https://metpromintex.ru/catalog/shpunt-larsena-12-m,тег
https://metpromintex.ru/catalog/shpunt-larsena-vl606,тег
https://metpromintex.ru/catalog/ugolok-latunnyy-10h10,тег
https://metpromintex.ru/catalog/anker-potolochnyy-6h40,тег
https://metpromintex.ru/catalog/anker-potolochnyy-6h60,тег
https://metpromintex.ru/catalog/tros-nerzhaveyuschiy-4-mm,тег
https://metpromintex.ru/catalog/tros-nerzhaveyuschiy-3-mm,тег
https://metpromintex.ru/catalog/tros-nerzhaveyuschiy-5-mm,тег
https://metpromintex.ru/catalog/tros-nerzhaveyuschiy-8-mm,тег
https://metpromintex.ru/catalog/tros-nerzhaveyuschiy-6-mm,тег
https://metpromintex.ru/catalog/tros-nerzhaveyuschiy-10-mm,тег
https://metpromintex.ru/catalog/tros-nerzhaveyuschiy-2-mm,тег
https://metpromintex.ru/catalog/tros-nerzhaveyuschiy-12-mm,тег
https://metpromintex.ru/catalog/tros-nerzhaveyuschiy-1-mm,тег
https://metpromintex.ru/catalog/32-mm-truba-dlya-kanalizatsii,тег
https://metpromintex.ru/catalog/dvutavr-b2,тег
https://metpromintex.ru/catalog/dvutavr-gost-26020-83,тег
https://metpromintex.ru/catalog/dymosos-dn-11-d-2,тег
https://metpromintex.ru/catalog/dymosos-dn-15,тег
https://metpromintex.ru/catalog/dymosos-dn-21,тег
https://metpromintex.ru/catalog/tsentrobezhnyy-dymosos,тег
https://metpromintex.ru/catalog/dymosos-dn-9,тег
https://metpromintex.ru/catalog/koleno-vodostochnoy-truby-150-mm,тег
https://metpromintex.ru/catalog/koleno-vodostochnoy-truby-90-mm,тег
https://metpromintex.ru/catalog/koleno-vodostochnoy-truby-100-mm,тег
https://metpromintex.ru/catalog/plastikovye-truby-dlya-vodoprovoda-goryachey-vody,тег
https://metpromintex.ru/catalog/chernye-plastikovye-truby-dlya-vodoprovoda,тег
https://metpromintex.ru/catalog/plastikovaya-truba-dlya-vodoprovoda-25-mm,тег
https://metpromintex.ru/catalog/plastikovye-truby-dlya-vodoprovoda-32-mm,тег
https://metpromintex.ru/catalog/plastikovaya-truba-dlya-vodoprovoda-20-mm,тег
https://metpromintex.ru/catalog/lotki-teplotrass-seriya-3-d-006,тег
https://metpromintex.ru/catalog/armatura-6-mm,тег
https://metpromintex.ru/catalog/armatura-14-mm,тег
https://metpromintex.ru/catalog/armatura-gost-34028-2016,тег
https://metpromintex.ru/catalog/armatura-20-mm,тег
https://metpromintex.ru/catalog/armatura-gost-5781-82,тег
https://metpromintex.ru/catalog/armatura-a3,тег
https://metpromintex.ru/catalog/armatura-a1,тег
https://metpromintex.ru/catalog/kabel-gibkiy-5h2-d-5-mm,тег
https://metpromintex.ru/catalog/termostoykie-provoda-1-d-5,тег
https://metpromintex.ru/catalog/parovye-kotly-dkvr-10-13,тег
https://metpromintex.ru/catalog/stalnaya-provoloka-10-mm,тег
https://metpromintex.ru/catalog/zaglushka-dlya-vody,тег
https://metpromintex.ru/catalog/ugolok-metallicheskiy-15h15-mm,тег
https://metpromintex.ru/catalog/shveller-gost-8240-97,тег
https://metpromintex.ru/catalog/zoloto-500-mm,тег
https://metpromintex.ru/catalog/zoloto-granuly,тег
https://metpromintex.ru/catalog/zoloto-lenta,тег
https://metpromintex.ru/catalog/zoloto-polosa,тег
https://metpromintex.ru/catalog/zoloto-provoloka,тег
https://metpromintex.ru/catalog/zoloto-folga,тег
https://metpromintex.ru/catalog/zoloto-0-d-1-mm,тег
https://metpromintex.ru/catalog/zoloto-10-mm,тег
https://metpromintex.ru/catalog/zoloto-1-mm,тег
https://metpromintex.ru/catalog/zoloto-3-mm,тег
https://metpromintex.ru/catalog/truba-asbestotsementnaya-400-mm,тег
https://metpromintex.ru/catalog/truba-110-mm-metallicheskaya,тег
https://metpromintex.ru/catalog/setka-metallicheskaya-gost,тег
https://metpromintex.ru/catalog/setka-metallicheskaya-3,тег
https://metpromintex.ru/catalog/setka-5-5-mm-metallicheskaya,тег
https://metpromintex.ru/catalog/ugolok-metallicheskiy-3-mm,тег
https://metpromintex.ru/catalog/zaglushka-atk-24-d-200-d-02-90,тег
https://metpromintex.ru/catalog/zaglushka-3-4,тег
https://metpromintex.ru/catalog/zaglushka-1-2,тег
https://metpromintex.ru/catalog/monel-400,тег
https://metpromintex.ru/catalog/zaglushka-1-dyuym-naruzhnaya-rezba,тег
https://metpromintex.ru/catalog/zaglushka-1-dyuym,тег
https://metpromintex.ru/catalog/zaglushka-2-dyuyma,тег
https://metpromintex.ru/catalog/zaglushka-2-dyuyma-naruzhnaya-rezba,тег
https://metpromintex.ru/catalog/profnastil-n75-750-mm,тег
https://metpromintex.ru/catalog/profnastil-n75,тег
https://metpromintex.ru/catalog/profnastil-s21,тег
https://metpromintex.ru/catalog/profnastil-s8,тег
https://metpromintex.ru/catalog/profnastil-ns35,тег
https://metpromintex.ru/catalog/polosobulb-8,тег
https://metpromintex.ru/catalog/polosobulb-10,тег
https://metpromintex.ru/catalog/polosobulb-12,тег
https://metpromintex.ru/catalog/koltso-rezinovoe-uplotnitelnoe-gost-18829-73,тег
https://metpromintex.ru/catalog/koltso-rezinovoe-uplotnitelnoe-gost-9833-73,тег
https://metpromintex.ru/catalog/truba-asbestotsementnaya-gost-31416-2009,тег
https://metpromintex.ru/catalog/truba-hrizotiltsementnaya-vt9,тег
https://metpromintex.ru/catalog/truba-asbestotsementnaya-bnt,тег
https://metpromintex.ru/catalog/kolyuchaya-provoloka-gost285-69,тег
https://metpromintex.ru/catalog/kolyuchaya-provoloka-akl,тег
https://metpromintex.ru/catalog/kolyuchaya-provoloka-akl-500-mm,тег
https://metpromintex.ru/catalog/magniy-100,тег
https://metpromintex.ru/catalog/zadvizhka-du-100-mm,тег
https://metpromintex.ru/catalog/ventil-ru40,тег
https://metpromintex.ru/catalog/ventil-ru-16,тег
https://metpromintex.ru/catalog/ventil-ru-25,тег
https://metpromintex.ru/catalog/ventil-du-80-mm,тег
https://metpromintex.ru/catalog/ventil-du-65-mm,тег
https://metpromintex.ru/catalog/ventil-du20,тег
https://metpromintex.ru/catalog/ventil-du15,тег
https://metpromintex.ru/catalog/ventil-du32,тег
https://metpromintex.ru/catalog/ventil-du25,тег
https://metpromintex.ru/catalog/shveller-100h50h5,тег
https://metpromintex.ru/catalog/shveller-gost-535-2005,тег
https://metpromintex.ru/catalog/truba-profilnaya-nerzhaveyuschaya-40h40,тег
https://metpromintex.ru/catalog/truba-profilnaya-nerzhaveyuschaya-20h20,тег
https://metpromintex.ru/catalog/truby-metallicheskie-3-metra,тег
https://metpromintex.ru/catalog/truby-metallicheskie-2-metra,тег
https://metpromintex.ru/catalog/truba-2-mm-metallicheskaya,тег
https://metpromintex.ru/catalog/kabel-silovoy-3h2-5,тег
https://metpromintex.ru/catalog/kabel-silovoy-5h2-5,тег
https://metpromintex.ru/catalog/kabel-silovoy-vvgng-5h95,тег
https://metpromintex.ru/catalog/kabel-vitaya-para-4h2h0-52,тег
https://metpromintex.ru/catalog/vitaya-para-4h2h0-51,тег
https://metpromintex.ru/catalog/profil-dlya-gipsokartona-27h28,тег
https://metpromintex.ru/catalog/profil-100h50-dlya-gipsokartona,тег
https://metpromintex.ru/catalog/pn-profil-dlya-gipsokartona,тег
https://metpromintex.ru/catalog/profil-dlya-gipsokartona-75h50,тег
https://metpromintex.ru/catalog/profil-dlya-gipsokartona-60h27,тег
https://metpromintex.ru/catalog/profil-dlya-gipsokartona-50h40,тег
https://metpromintex.ru/catalog/truba-pp-250mm,тег
https://metpromintex.ru/catalog/truba-pp110-mm,тег
https://metpromintex.ru/catalog/abraziv-r40,тег
https://metpromintex.ru/catalog/abraziv-r60,тег
https://metpromintex.ru/catalog/list-alyuminievyy-riflenyy-2,тег
https://metpromintex.ru/catalog/koltso-opornoe-ko-5,тег
https://metpromintex.ru/catalog/koltso-opornoe-ko-2,тег
https://metpromintex.ru/catalog/opornoe-koltso-k-1a,тег
https://metpromintex.ru/catalog/koltso-opornoe-ko-7,тег
https://metpromintex.ru/catalog/koltso-opornoe-ko-10,тег
https://metpromintex.ru/catalog/koltso-opornoe-ktso-1,тег
https://metpromintex.ru/catalog/koltso-opornoe-ko-1,тег
https://metpromintex.ru/catalog/koltso-opornoe-k06,тег
https://metpromintex.ru/catalog/remen-styazhnoy-10-tonn,тег
https://metpromintex.ru/catalog/provoloka-stalnaya-3,тег
https://metpromintex.ru/catalog/provoloka-stalnaya-0-3,тег
https://metpromintex.ru/catalog/provoloka-stalnaya-2-5,тег
https://metpromintex.ru/catalog/provoloka-stalnaya-8,тег
https://metpromintex.ru/catalog/provoloka-stalnaya-5,тег
https://metpromintex.ru/catalog/provoloka-stalnaya-1-2,тег
https://metpromintex.ru/catalog/provoloka-stalnaya-0-6-mm,тег
https://metpromintex.ru/catalog/stalnaya-provoloka-0-2,тег
https://metpromintex.ru/catalog/stalnaya-provoloka-0-d-5,тег
https://metpromintex.ru/catalog/provoloka-stalnaya-1-6-mm,тег
https://metpromintex.ru/catalog/gost-2246-70-provoloka-stalnaya-svarochnaya,тег
https://metpromintex.ru/catalog/provoloka-stalnaya-0-d-4-mm,тег
https://metpromintex.ru/catalog/provoloka-stalnaya-0-1-mm,тег
https://metpromintex.ru/catalog/setka-fasadnaya-2h50,тег
https://metpromintex.ru/catalog/setka-50h50-dlya-styazhki,тег
https://metpromintex.ru/catalog/kabel-telefonnyy-10h2h0-d-5,тег
https://metpromintex.ru/catalog/kabel-koaksialnyy-rg-11,тег
https://metpromintex.ru/catalog/koaksialnyy-kabel-rk50,тег
https://metpromintex.ru/catalog/koaksialnyy-kabel-rk-75,тег
https://metpromintex.ru/catalog/koaksialnyy-kabel-1m,тег
https://metpromintex.ru/catalog/kabel-koaksialnyy-100m,тег
https://metpromintex.ru/catalog/kabel-koaksialnyy-rg-11u,тег
https://metpromintex.ru/catalog/kabel-koaksialnyy-rg-58-a-u,тег
https://metpromintex.ru/catalog/kabel-koaksialnyy-rk,тег
https://metpromintex.ru/catalog/kabel-koaksialnyy-rk-50-7-11,тег
https://metpromintex.ru/catalog/rg-59u-kabel-koaksialnyy,тег
https://metpromintex.ru/catalog/kabel-koaksialnyy-rg-59,тег
https://metpromintex.ru/catalog/kabel-koaksialnyy-sat-50,тег
https://metpromintex.ru/catalog/kabel-koaksialnyy-rg-58-c-u,тег
https://metpromintex.ru/catalog/kabel-koaksialnyy-rk-75-4-11,тег
https://metpromintex.ru/catalog/kabel-koaksialnyy-rg-8,тег
https://metpromintex.ru/catalog/kabel-koaksialnyy-rg-6-100m,тег
https://metpromintex.ru/catalog/kabel-koaksialnyy-sat-703-100m,тег
https://metpromintex.ru/catalog/tsep-dlinnozvennaya-8,тег
https://metpromintex.ru/catalog/zaglushka-dlya-truby-40,тег
https://metpromintex.ru/catalog/zaglushka-dlya-truby-16,тег
https://metpromintex.ru/catalog/zaglushka-dlya-trub-pnd-160-mm,тег
https://metpromintex.ru/catalog/prutok-bronzovyy-brazh,тег
https://metpromintex.ru/catalog/prutki-bronzovye-gost-1628-78,тег
https://metpromintex.ru/catalog/truby-bu-50-mm,тег
https://metpromintex.ru/catalog/truby-bu-120-mm,тег
https://metpromintex.ru/catalog/truby-pvh-dlya-vodoprovoda,тег
https://metpromintex.ru/catalog/fundament-1,тег
https://metpromintex.ru/catalog/kabel-gibkiy-2h-2-d-5-mm,тег
https://metpromintex.ru/catalog/kabel-gibkiy-4-6-mm,тег
https://metpromintex.ru/catalog/kabel-gibkiy-4h-2-d-5-mm,тег
https://metpromintex.ru/catalog/kabel-7h1-d-5-gibkiy,тег
https://metpromintex.ru/catalog/kabel-gibkiy-2h6-mm,тег
https://metpromintex.ru/catalog/kabel-gibkiy-4h-0-d-5-mm,тег
https://metpromintex.ru/catalog/kabel-gibkiy-1-25-mm,тег
https://metpromintex.ru/catalog/kabel-gibkiy-3h-1-d-5-mm,тег
https://metpromintex.ru/catalog/kabel-gibkiy-5-10-mm,тег
https://metpromintex.ru/catalog/kabel-gibkiy-2h-0-d-5-mm,тег
https://metpromintex.ru/catalog/kabel-gibkiy-4h-0-d-75-mm,тег
https://metpromintex.ru/catalog/kabel-3-6-mm-gibkiy,тег
https://metpromintex.ru/catalog/gibkiy-kabel-2h-0-d-75-mm,тег
https://metpromintex.ru/catalog/gibkiy-kabel-4h-1-5-mm,тег
https://metpromintex.ru/catalog/kabel-gibkiy-4h10,тег
https://metpromintex.ru/catalog/abs-plastik-3mm,тег
https://metpromintex.ru/catalog/35-opora-lep,тег
https://metpromintex.ru/catalog/zaglushka-dlya-truby-1-mm,тег
https://metpromintex.ru/catalog/shtutser-5,тег
https://metpromintex.ru/catalog/shtutser-3,тег
https://metpromintex.ru/catalog/shtutser-3-4,тег
https://metpromintex.ru/catalog/shtutser-1-4,тег
https://metpromintex.ru/catalog/shtutser-dlya-shlanga-1-2,тег
https://metpromintex.ru/catalog/shtutser-1-2,тег
https://metpromintex.ru/catalog/shtutser-1,тег
https://metpromintex.ru/catalog/shtutser-2,тег
https://metpromintex.ru/catalog/shtutser-4,тег
https://metpromintex.ru/catalog/bordyurnyy-kamen-gost-6665-91,тег
https://metpromintex.ru/catalog/bentonit-dlya-gnb,тег
https://metpromintex.ru/catalog/koltso-stenovoe-ks-20-d-9,тег
https://metpromintex.ru/catalog/koltso-stenovoe-10-d-6,тег
https://metpromintex.ru/catalog/koltso-stenovoe-10-d-9,тег
https://metpromintex.ru/catalog/koltso-stenovoe-ks-15-d-9,тег
https://metpromintex.ru/catalog/koltso-stenovoe-20-d-6,тег
https://metpromintex.ru/catalog/koltso-stenovoe-ks-7-3,тег
https://metpromintex.ru/catalog/kontrolnye-kabeli-ls,тег
https://metpromintex.ru/catalog/kontrolnyy-kabel-hf,тег
https://metpromintex.ru/catalog/kabel-kontrolnyy-kvvgng,тег
https://metpromintex.ru/catalog/b-2-20-25-blok-betonnyy,тег
https://metpromintex.ru/catalog/betonnye-bloki-b-1,тег
https://metpromintex.ru/catalog/bloki-betonnye-fbs-12-d-4-6,тег
https://metpromintex.ru/catalog/strelochnyy-perevod-r65,тег
https://metpromintex.ru/catalog/strelochnyy-perevod-r50,тег
https://metpromintex.ru/catalog/truba-stalnaya-besshovnaya-goryachedeformirovannaya-gost-8732-78,тег
https://metpromintex.ru/catalog/truba-besshovnaya-goryachedeformirovannaya-09g2s,тег
https://metpromintex.ru/catalog/kabel-montazhnyy-mkesh-3h0-75,тег
https://metpromintex.ru/catalog/kabel-montazhnyy-mkesh-2h0-75,тег
https://metpromintex.ru/catalog/montazhnyy-provod-6-mm-2-mm,тег
https://metpromintex.ru/catalog/provod-montazhnyy-nv-4,тег
https://metpromintex.ru/catalog/montazhnyy-provod-1-d-5-mm-2-mm,тег
https://metpromintex.ru/catalog/truba-chugunnaya-sml,тег
https://metpromintex.ru/catalog/fundamentnye-podushki-fl,тег
https://metpromintex.ru/catalog/truba-pvh-gibkaya-25-mm,тег
https://metpromintex.ru/catalog/truba-gofra-pvh-25-mm,тег
https://metpromintex.ru/catalog/truba-pvh-kanalizatsionnaya-110-mm,тег
https://metpromintex.ru/catalog/truba-zhestkaya-pvh-25-mm,тег
https://metpromintex.ru/catalog/truba-gofrirovannaya-pvh-32-mm,тег
https://metpromintex.ru/catalog/pvh-truba-500-mm,тег
https://metpromintex.ru/catalog/pvh-truba-125-mm,тег
https://metpromintex.ru/catalog/pvh-truba-1-mm,тег
https://metpromintex.ru/catalog/truba-pvh-zhestkaya-63mm,тег
https://metpromintex.ru/catalog/truba-pvh-sn8,тег
https://metpromintex.ru/catalog/truba-pvh-100-mm,тег
https://metpromintex.ru/catalog/truba-pvh-200-mm,тег
https://metpromintex.ru/catalog/truba-gibkaya-pvh-20-mm,тег
https://metpromintex.ru/catalog/ldsp-glyanets,тег
https://metpromintex.ru/catalog/ldsp-10-mm,тег
https://metpromintex.ru/catalog/ldsp-18-mm,тег
https://metpromintex.ru/catalog/ldsp-22-mm,тег
https://metpromintex.ru/catalog/plita-perekrytiya-p-8-8,тег
https://metpromintex.ru/catalog/plita-perekrytiya-pp-20,тег
https://metpromintex.ru/catalog/plita-perekrytiya-ktsp-3-10,тег
https://metpromintex.ru/catalog/plita-perekrytiya-pp-15,тег
https://metpromintex.ru/catalog/plita-perekrytiya-60-15-8,тег
https://metpromintex.ru/catalog/plita-perekrytiya-pp-10,тег
https://metpromintex.ru/catalog/plita-perekrytiya-pk-60-12-8,тег
https://metpromintex.ru/catalog/plita-perekrytiya-1pp15-1,тег
https://metpromintex.ru/catalog/plita-perekrytiya-1pp10,тег
https://metpromintex.ru/catalog/lestnichnyy-marsh-1lm,тег
https://metpromintex.ru/catalog/plita-osp-3,тег
https://metpromintex.ru/catalog/osp-plita-9-mm,тег
https://metpromintex.ru/catalog/plita-osp-15-mm,тег
https://metpromintex.ru/catalog/osp-plita-18-mm,тег
https://metpromintex.ru/catalog/plita-osp-22-mm,тег
https://metpromintex.ru/catalog/plita-osp-12-mm,тег
https://metpromintex.ru/catalog/osp-plita-8-mm,тег
https://metpromintex.ru/catalog/osp-plity-kalevala,тег
https://metpromintex.ru/catalog/osp-plita-11-mm,тег
https://metpromintex.ru/catalog/plity-osp-murom,тег
https://metpromintex.ru/catalog/plita-osp-3-kalevala,тег
https://metpromintex.ru/catalog/osp-plita-6-mm,тег
https://metpromintex.ru/catalog/provoloka-bimetallicheskaya-stalemednaya-bsm-1,тег
https://metpromintex.ru/catalog/provoloka-pruzhinnaya-65g,тег
https://metpromintex.ru/catalog/provoloka-pruzhinnaya-gost-14963-78,тег
https://metpromintex.ru/catalog/provoloka-pruzhinnaya-gost-9389-75,тег
https://metpromintex.ru/catalog/provoloka-pruzhinnaya-60s2a,тег
https://metpromintex.ru/catalog/klapan-du-15,тег
https://metpromintex.ru/catalog/klapan-ru-16,тег
https://metpromintex.ru/catalog/ftoroplast-sterzhen-gost-10007-80,тег
https://metpromintex.ru/catalog/ftoroplast-sterzhen-50mm,тег
https://metpromintex.ru/catalog/elektrody-po-chugunu-4,тег
https://metpromintex.ru/catalog/elektrody-po-chugunu-3,тег
https://metpromintex.ru/catalog/mdf-10-mm,тег
https://metpromintex.ru/catalog/mdf-16-mm,тег
https://metpromintex.ru/catalog/mdf-18-mm,тег
https://metpromintex.ru/catalog/mdf-6-mm,тег
https://metpromintex.ru/catalog/laminirovannyy-mdf,тег
https://metpromintex.ru/catalog/mdf-3-mm,тег
https://metpromintex.ru/catalog/mdf-12-mm,тег
https://metpromintex.ru/catalog/mdf-25-mm,тег
https://metpromintex.ru/catalog/mdf-8-mm,тег
https://metpromintex.ru/catalog/mdf-oreh,тег
https://metpromintex.ru/catalog/mdf-16-mm-belyy,тег
https://metpromintex.ru/catalog/relsy-kr-80,тег
https://metpromintex.ru/catalog/rels-kr-100,тег
https://metpromintex.ru/catalog/plita-dorozhnaya-pd-10,тег
https://metpromintex.ru/catalog/plita-dorozhnaya-2p,тег
https://metpromintex.ru/catalog/beton-v30,тег
https://metpromintex.ru/catalog/beton-w8,тег
https://metpromintex.ru/catalog/beton-w6,тег
https://metpromintex.ru/catalog/beton-v7-5,тег
https://metpromintex.ru/catalog/beton-m500,тег
https://metpromintex.ru/catalog/beton-v22-5-m300,тег
https://metpromintex.ru/catalog/beton-m250,тег
https://metpromintex.ru/catalog/beton-v20,тег
https://metpromintex.ru/catalog/beton-m300,тег
https://metpromintex.ru/catalog/beton-klassa-v15-m200,тег
https://metpromintex.ru/catalog/progon-60-d-2-5-4t,тег
https://metpromintex.ru/catalog/kryshka-kolodtsa-pp-15,тег
https://metpromintex.ru/catalog/kryshka-kolodtsa-ktsp-10,тег
https://metpromintex.ru/catalog/kryshka-kolodtsa-pp-10,тег
https://metpromintex.ru/catalog/kryshka-kolodtsa-pp-20,тег
https://metpromintex.ru/catalog/tsep-korotkozvennaya-din-766,тег
https://metpromintex.ru/catalog/koltsa-dlya-kolodtsev-ks,тег
https://metpromintex.ru/catalog/koltso-dlya-kolodtsa-700,тег
https://metpromintex.ru/catalog/kabel-ognestoykiy-1h2h0-5,тег
https://metpromintex.ru/catalog/kabel-ognestoykiy-kpsnga-frls-1h2h0-d-5-m,тег
https://metpromintex.ru/catalog/kabel-ognestoykiy-kpsenga-frls-1h2h0-d-75,тег
https://metpromintex.ru/catalog/kabel-signalnyy-ksvvng,тег
https://metpromintex.ru/catalog/kabel-signalnyy-4h0-5,тег
https://metpromintex.ru/catalog/plita-trotuarnaya-1000h1000,тег
https://metpromintex.ru/catalog/trotuarnye-plity-500h500,тег
https://metpromintex.ru/catalog/truby-kotelnye-tu-14-3r-55-2001,тег
https://metpromintex.ru/catalog/opornaya-podushka-op-1,тег
https://metpromintex.ru/catalog/opornaya-podushka-op-8,тег
https://metpromintex.ru/catalog/opornaya-podushka-op-2,тег
https://metpromintex.ru/catalog/opornaya-podushka-op-3,тег
https://metpromintex.ru/catalog/opornaya-podushka-op-5,тег
https://metpromintex.ru/catalog/opornaya-podushka-op-4,тег
https://metpromintex.ru/catalog/opornaya-podushka-op-7,тег
https://metpromintex.ru/catalog/opornaya-podushka-op-6,тег
https://metpromintex.ru/catalog/opt-1-opornaya-podushka,тег
https://metpromintex.ru/catalog/parovoy-kotel-10,тег
https://metpromintex.ru/catalog/parovye-kotly-de-10-14,тег
https://metpromintex.ru/catalog/parovoy-kotel-de-25-14,тег
https://metpromintex.ru/catalog/parovye-kotly-de-16-14,тег
https://metpromintex.ru/catalog/kotel-parovoy-dkvr-4-13,тег
https://metpromintex.ru/catalog/parovye-kotly-dkvr-20-13,тег
https://metpromintex.ru/catalog/parovye-kotly-dkvr-6d5-13,тег
https://metpromintex.ru/catalog/parovoy-kotel-e-1-d-0-0-d-9,тег
https://metpromintex.ru/catalog/rezba-15-mm-gost-6357-81,тег
https://metpromintex.ru/catalog/rezba-20-mm-gost-6357-81,тег
https://metpromintex.ru/catalog/stropy-gost-25573-82,тег
https://metpromintex.ru/catalog/strop-4st,тег
https://metpromintex.ru/catalog/stropa-1sk,тег
https://metpromintex.ru/catalog/strop-3m,тег
https://metpromintex.ru/catalog/strop-2sk,тег
https://metpromintex.ru/catalog/stropa-50,тег
https://metpromintex.ru/catalog/stropa-1sts,тег
https://metpromintex.ru/catalog/stropy-6m,тег
https://metpromintex.ru/catalog/strop-2st,тег
https://metpromintex.ru/catalog/stenka-otkosnaya-st4,тег
https://metpromintex.ru/catalog/otkosnaya-stenka-st-1,тег
https://metpromintex.ru/catalog/otkosnye-stenki-stk,тег
https://metpromintex.ru/catalog/profil-mayachkovyy-0-6-mm,тег
https://metpromintex.ru/catalog/profil-mayachkovyy-knauf-10,тег
https://metpromintex.ru/catalog/profil-mayachkovyy-pm-6,тег
https://metpromintex.ru/catalog/lotki-zhelezobetonnye-l2,тег
https://metpromintex.ru/catalog/zhelezobetonnyy-lotok-l1,тег
https://metpromintex.ru/catalog/lestnichnye-ploschadki-lp,тег
https://metpromintex.ru/catalog/elektrody-po-nerzhaveyke-tsl-11,тег
https://metpromintex.ru/catalog/plita-perekrytiya-kolodtsa-pp-20-1,тег
https://metpromintex.ru/catalog/plita-perekrytiya-kolodtsa-pp-10-1,тег
https://metpromintex.ru/catalog/peremychka-bruskovaya-2pb-13-1-p,тег
https://metpromintex.ru/catalog/peremychki-bruskovye-2pb-16-2,тег
https://metpromintex.ru/catalog/peremychki-bruskovye-seriya-1-d-038-1-1,тег
https://metpromintex.ru/catalog/opornaya-plita-kolodtsa-op-1k,тег
https://metpromintex.ru/catalog/opornaya-plita-op-1d,тег
https://metpromintex.ru/catalog/opornaya-plita-uop-6,тег
https://metpromintex.ru/catalog/opornaya-plita-op-1,тег
https://metpromintex.ru/catalog/po-10-opornaya-plita,тег
https://metpromintex.ru/catalog/provod-ustanovochnyy-pv-3,тег
https://metpromintex.ru/catalog/provod-neizolirovannyy-m,тег
https://metpromintex.ru/catalog/mg-provod-gibkiy-neizolirovannyy,тег
https://metpromintex.ru/catalog/provod-neizolirovannyy-as-120-19,тег
https://metpromintex.ru/catalog/provod-neizolirovannyy-as-50-mm,тег
https://metpromintex.ru/catalog/samonesuschiy-provod-sip-3-1h70,тег
https://metpromintex.ru/catalog/samonesuschiy-izolirovannyy-provod-4h16,тег
https://metpromintex.ru/catalog/provod-samonesuschiy-sip,тег
https://metpromintex.ru/catalog/provod-samonesuschiy-izolirovannyy-sip-2,тег
https://metpromintex.ru/catalog/provod-samonesuschiy-sip-4h25-mm,тег
https://metpromintex.ru/catalog/provod-samonesuschiy-sip-4-4h25-mm,тег
https://metpromintex.ru/catalog/mdf-2800,тег
https://metpromintex.ru/catalog/mdf-2800h2070,тег
https://metpromintex.ru/catalog/sip-panel-174,тег
https://metpromintex.ru/catalog/sip-panel,тег
https://metpromintex.ru/catalog/paneli-sip-uteplennye,тег
https://metpromintex.ru/catalog/sip-paneli-pps,тег
https://metpromintex.ru/catalog/sendvich-paneli-100-mm-penopolistirol,тег
https://metpromintex.ru/catalog/kabel-ls,тег
https://metpromintex.ru/catalog/kabel-vvg,тег
https://metpromintex.ru/catalog/kabel-utp,тег
https://metpromintex.ru/catalog/kabel-kvt,тег
https://metpromintex.ru/catalog/stoyka-sv-110-5,тег
https://metpromintex.ru/catalog/stoyka-sv-105-5,тег
https://metpromintex.ru/catalog/stoyka-sv-95,тег
https://metpromintex.ru/catalog/stoyka-zhelezobetonnaya-sv-95-3,тег
https://metpromintex.ru/catalog/stoyka-sv-105-3,тег
https://metpromintex.ru/catalog/stoyka-sv-95-5,тег
https://metpromintex.ru/catalog/provod-samonesuschiy-izolirovannyy-sip-4-4h16,тег
https://metpromintex.ru/catalog/profil-mayachkovyy-dlya-gipsokartona,тег
https://metpromintex.ru/catalog/napravlyayuschiy-profil-dlya-gipsokartona,тег
https://metpromintex.ru/catalog/zaklepki-stalnaya-s-polukrugloy-golovkoy,тег
https://metpromintex.ru/catalog/folga-alyuminievaya-100,тег
https://metpromintex.ru/catalog/otsinkovannyy-profnastil-dlya-zabora,тег
https://metpromintex.ru/catalog/tros-metallicheskiy-4-mm,тег
https://metpromintex.ru/catalog/tros-metallicheskiy-3-mm,тег
https://metpromintex.ru/catalog/tros-metallicheskiy-5-mm,тег
https://metpromintex.ru/catalog/tros-metallicheskiy-5-d-1-mm,тег
https://metpromintex.ru/catalog/tros-metallicheskiy-20-mm,тег
https://metpromintex.ru/catalog/tros-metallicheskiy-16-mm,тег
https://metpromintex.ru/catalog/tros-metallicheskiy-2-mm,тег
https://metpromintex.ru/catalog/armatura-dlya-fundamenta-chastnogo-doma,тег
https://metpromintex.ru/catalog/lenta-elektrotehnicheskaya,тег
https://metpromintex.ru/catalog/proflist-dlya-zabora-bu,тег
https://metpromintex.ru/catalog/truby-dlya-vody,тег
https://metpromintex.ru/catalog/metallicheskie-truby-dlya-elektroprovodki,тег
https://metpromintex.ru/catalog/pvh-truba-dlya-kabelya,тег
https://metpromintex.ru/catalog/gvozdi-provolochnye,тег
https://metpromintex.ru/catalog/truba-pvh-50-mm,тег
https://metpromintex.ru/catalog/shlang-gazovyy,тег
https://metpromintex.ru/catalog/stalnye-listy-dlya-zabora,тег
https://metpromintex.ru/services/setka-dlya-sklona,категория
https://metpromintex.ru/services/rezka-metalla,категория
https://metpromintex.ru/services/lazernaya-rezka-metalla,категория
https://metpromintex.ru/services/vozdushno-plazmennaya-rezka-metalla,категория
https://metpromintex.ru/services/gazovaya-rezka-metalla,категория
https://metpromintex.ru/services/gidroabrazivnaya-rezka-metalla,категория
https://metpromintex.ru/services/rubka-listovogo-metalla-gilotinoy,категория
https://metpromintex.ru/services/kislorodnaya-rezka-metalla,категория
https://metpromintex.ru/services/lentochnopilnaya-rezka-metalla,категория
https://metpromintex.ru/services/mayatnikovaya-rezka,категория
https://metpromintex.ru/services/plazmennaya-rezka-metalla,категория
https://metpromintex.ru/services/elektroerozionnaya-rezka-metalla,категория
https://metpromintex.ru/services/antikorroziinaya-izolyaciya,категория
https://metpromintex.ru/services/vus-izolyaciya,категория
https://metpromintex.ru/services/polimerno-poroshkovoe-pokrytie-metalla,категория
https://metpromintex.ru/services/cpp-izolyaciya-trub,категория
https://metpromintex.ru/services/gibka-metalla,категория
https://metpromintex.ru/services/cinkovanie-metalla,категория
https://metpromintex.ru/services/peskostruynaya-obrabotka-metalla,категория
https://metpromintex.ru/services/pokraska-metalla,категория
https://metpromintex.ru/services/razmotka-armatury-iz-buhty,категория
https://metpromintex.ru/services/teploizolyaciya,категория
https://metpromintex.ru/services/uteplitel-v-plitah,категория
https://metpromintex.ru/services/skorlupa-ppu,категория
https://metpromintex.ru/services/predizolirovannaya-truba-v-ppu-izolyacii,категория
https://metpromintex.ru/services/ugolok-dlya-krepleniya-derevyannykh-konstrukcii,категория
https://metpromintex.ru/services/setka-dlya-armirovaniya-dorozhek,категория
https://metpromintex.ru/services/setka-dlya-gazona,категория
https://metpromintex.ru/services/ugolok-dlya-mebeli,категория
https://metpromintex.ru/services/alyuminievyi-ugolok-dlya-shtukaturki,категория
https://metpromintex.ru/services/setka-dlya-lestnicy,категория
https://metpromintex.ru/services/shveller-dlya-gipsokartona,категория
https://metpromintex.ru/services/truby-dlya-bani,категория
https://metpromintex.ru/services/alyuminievyi-ugolok-dlya-lestnicy,категория
https://metpromintex.ru/services/setka-dlya-cvetov-ogurcov-i-lian,категория
https://metpromintex.ru/services/setka-dlya-stroitelnykh-lesov,категория
https://metpromintex.ru/services/ugolok-stalnoi-dlya-stroitelstva,категория
https://metpromintex.ru/services/plenka-dlya-vodoemov,категория
https://metpromintex.ru/services/pvh-truba-dlya-kabelya,категория
https://metpromintex.ru/services/truba-dlya-dymohoda-gazovogo-kotla,категория
https://metpromintex.ru/services/setka-dlya-ryby,категория
https://metpromintex.ru/services/vodopropusknye-truby,категория
https://metpromintex.ru/services/brizol-dlya-gidroizolyatsii,категория
https://metpromintex.ru/services/brizol-dlya-zaschity-trub,категория
https://metpromintex.ru/services/metalloobrabotka-na-zakaz,категория
