url,category
/akrilovoe-steklo,
/alyuminiy/alyuminievaya-polosa-30h2,/alyuminiy
/alyuminiy/alyuminievaya-polosa-anodirovannaya,/alyuminiy
/alyuminiy/alyuminievaya-profilnaya-truba-20h20-mm,/alyuminiy
/alyuminiy/alyuminievaya-provoloka-dlya-svarki,/alyuminiy
/alyuminiy/alyuminievaya-svarochnaya-provoloka-dlya-poluavtomatov,/alyuminiy
/alyuminiy/alyuminievaya-truba-15-mm,/alyuminiy
/alyuminiy/alyuminievaya-truba-15h15-mm,/alyuminiy
/alyuminiy/alyuminievaya-truba-16-mm,/alyuminiy
/alyuminiy/alyuminievye-napravlyayushchie,/alyuminiy
/alyuminiy/alyuminievye-otlivki,/alyuminiy
/alyuminiy/alyuminievyy-boks,/alyuminiy
/alyuminiy/alyuminievyy-kompozitnyy-list-3-mm,/alyuminiy
/alyuminiy/alyuminievyy-list-6-mm,/alyuminiy
/alyuminiy/alyuminievyy-list-a5n,/alyuminiy
/alyuminiy/alyuminievyy-list-ad1,/alyuminiy
/alyuminiy/alyuminievyy-list-amc,/alyuminiy
/alyuminiy/alyuminievyy-list-amcm,/alyuminiy
/alyuminiy/alyuminievyy-list-amg2n,/alyuminiy
/alyuminiy/alyuminievyy-list-amg2n2,/alyuminiy
/alyuminiy/alyuminievyy-list-amg2n2r,/alyuminiy
/alyuminiy/alyuminievyy-list-amg3m,/alyuminiy
/alyuminiy/alyuminievyy-list-riflenyy-2-mm,/alyuminiy
/alyuminiy/alyuminievyy-profil-10h20,/alyuminiy
/alyuminiy/alyuminievyy-profil-15h15,/alyuminiy
/alyuminiy/alyuminievyy-profil-20h20,/alyuminiy
/alyuminiy/alyuminievyy-profil-20h40,/alyuminiy
/alyuminiy/alyuminievyy-profil-25h25,/alyuminiy
/alyuminiy/alyuminievyy-profil-30h30,/alyuminiy
/alyuminiy/alyuminievyy-profil-40h40,/alyuminiy
/alyuminiy/alyuminievyy-profil-50h50,/alyuminiy
/alyuminiy/alyuminievyy-profil-kruglyy,/alyuminiy
/alyuminiy/alyuminievyy-prutok-12-mm,/alyuminiy
/alyuminiy/alyuminievyy-prutok-30-mm,/alyuminiy
/alyuminiy/alyuminievyy-prutok-8-mm,/alyuminiy
/alyuminiy/alyuminievyy-slitok,/alyuminiy
/alyuminiy/alyuminiyevyye-kompozitnyye-paneli,/alyuminiy
/alyuminiy/chushka-alyuminievaya,/alyuminiy
/alyuminiy/dvutavr-alyuminievyy,/alyuminiy
/alyuminiy/dvutavr-alyuminievyy-neravnopolochnyy,/alyuminiy
/alyuminiy/dvutavr-alyuminievyy-ravnopolochnyy,/alyuminiy
/alyuminiy/dyuralevyy-ugolok,/alyuminiy
/alyuminiy/folga-alyuminievaya,/alyuminiy
/alyuminiy/folga-alyuminievaya-tehnicheskaya,/alyuminiy
/alyuminiy/folga-pishchevaya-alyuminievaya,/alyuminiy
/alyuminiy/g-obraznyy-profil-alyuminievyy,/alyuminiy
/alyuminiy/kabel-alyuminievyy,/alyuminiy
/alyuminiy/katanka-alyuminievaya,/alyuminiy
/alyuminiy/kompozitnyy-alyuminiy-list,/alyuminiy
/alyuminiy/kran-alyuminievyy,/alyuminiy
/alyuminiy/krug-alyuminievyy,/alyuminiy
/alyuminiy/krug-dyuralevyy,/alyuminiy
/alyuminiy/krug-dyuralevyy-d16t,/alyuminiy
/alyuminiy/kvadrat-alyuminievyy,/alyuminiy
/alyuminiy/lenta-alyuminievaya,/alyuminiy
/alyuminiy/list-alyuminievyy-1-2-mm,/alyuminiy
/alyuminiy/list-alyuminievyy-1-5-mm,/alyuminiy
/alyuminiy/list-alyuminievyy-1-mm,/alyuminiy
/alyuminiy/list-alyuminievyy-10-mm,/alyuminiy
/alyuminiy/list-alyuminievyy-1561,/alyuminiy
/alyuminiy/list-alyuminievyy-2-mm,/alyuminiy
/alyuminiy/list-alyuminievyy-3-mm,/alyuminiy
/alyuminiy/list-alyuminievyy-4-mm,/alyuminiy
/alyuminiy/list-alyuminievyy-5-mm,/alyuminiy
/alyuminiy/list-alyuminievyy-ad,/alyuminiy
/alyuminiy/list-alyuminievyy-amg2m,/alyuminiy
/alyuminiy/list-alyuminievyy-amg5m,/alyuminiy
/alyuminiy/list-alyuminievyy-amg6m,/alyuminiy
/alyuminiy/list-alyuminievyy-anodirovannyy,/alyuminiy
/alyuminiy/list-alyuminievyy-chechevica,/alyuminiy
/alyuminiy/list-alyuminievyy-gladkiy,/alyuminiy
/alyuminiy/list-alyuminievyy-kvintet,/alyuminiy
/alyuminiy/list-alyuminievyy-perforirovannyy-v-gorode,/alyuminiy
/alyuminiy/list-alyuminievyy-prosechno-vytyazhnoy,/alyuminiy
/alyuminiy/list-alyuminievyy-riflenyy,/alyuminiy
/alyuminiy/list-alyuminievyy-riflenyy-3-mm,/alyuminiy
/alyuminiy/list-dyuralevyy-d16am,/alyuminiy
/alyuminiy/list-dyuralevyy-d16at,/alyuminiy
/alyuminiy/list-riflenyy-alyuminievyy-apelsinovaya-korka,/alyuminiy
/alyuminiy/nakonechnik-alyuminievyy-ta,/alyuminiy
/alyuminiy/p-obraznyy-profil-alyuminievyy-10h10-mm,/alyuminiy
/alyuminiy/plita-alyuminievaya,/alyuminiy
/alyuminiy/plita-alyuminievaya-amg6,/alyuminiy
/alyuminiy/plita-alyuminievaya-d16t,/alyuminiy
/alyuminiy/polosa-alyuminievaya,/alyuminiy
/alyuminiy/polosa-alyuminievaya-10-mm,/alyuminiy
/alyuminiy/polosa-alyuminievaya-100-mm,/alyuminiy
/alyuminiy/polosa-alyuminievaya-20h2-mm,/alyuminiy
/alyuminiy/polosa-alyuminievaya-3-mm,/alyuminiy
/alyuminiy/polosa-alyuminievaya-40h2,/alyuminiy
/alyuminiy/polosa-alyuminievaya-40h4,/alyuminiy
/alyuminiy/polosa-alyuminievaya-5-mm,/alyuminiy
/alyuminiy/poroshok-alyuminievyy,/alyuminiy
/alyuminiy/profil-alyuminievyy-45h45-mm,/alyuminiy
/alyuminiy/profil-alyuminievyy-amg6,/alyuminiy
/alyuminiy/profil-alyuminievyy-anodirovannyy,/alyuminiy
/alyuminiy/profil-alyuminievyy-f-obraznyy,/alyuminiy
/alyuminiy/profil-alyuminievyy-kvadratnyy,/alyuminiy
/alyuminiy/profil-alyuminievyy-n-obraznyy,/alyuminiy
/alyuminiy/profil-alyuminievyy-p-obraznyy,/alyuminiy
/alyuminiy/profil-alyuminievyy-pryamougolnyy,/alyuminiy
/alyuminiy/profil-alyuminievyy-s-polimernym-pokrytiem,/alyuminiy
/alyuminiy/profil-alyuminievyy-t-obraznyy,/alyuminiy
/alyuminiy/profil-alyuminievyy-uglovoy,/alyuminiy
/alyuminiy/provod-alyuminievyy,/alyuminiy
/alyuminiy/provoloka-alyuminievaya,/alyuminiy
/alyuminiy/provoloka-alyuminievaya-2-mm,/alyuminiy
/alyuminiy/provoloka-alyuminievaya-3-mm,/alyuminiy
/alyuminiy/provoloka-alyuminievaya-gost-16-k71-088-90,/alyuminiy
/alyuminiy/prutok-alyuminievyy,/alyuminiy
/alyuminiy/prutok-alyuminievyy-6-mm,/alyuminiy
/alyuminiy/pudra-alyuminievaya,/alyuminiy
/alyuminiy/reshetka-ventilyacionnaya-alyuminievaya,/alyuminiy
/alyuminiy/sh-obraznyy-profil-alyuminievyy,/alyuminiy
/alyuminiy/shestigrannik-alyuminievyy,/alyuminiy
/alyuminiy/shina-alyuminievaya,/alyuminiy
/alyuminiy/shina-alyuminievaya-100h10,/alyuminiy
/alyuminiy/shina-alyuminievaya-10h80-mm,/alyuminiy
/alyuminiy/shina-alyuminievaya-25h3-mm,/alyuminiy
/alyuminiy/shina-alyuminievaya-40h4,/alyuminiy
/alyuminiy/shina-alyuminievaya-50h5,/alyuminiy
/alyuminiy/shina-alyuminievaya-80h6-mm,/alyuminiy
/alyuminiy/shina-alyuminievaya-ad31,/alyuminiy
/alyuminiy/shina-alyuminievaya-ad31-4h40-mm,/alyuminiy
/alyuminiy/shina-alyuminievaya-ad31t,/alyuminiy
/alyuminiy/shveller-20h20-mm,/alyuminiy
/alyuminiy/shveller-alyuminievyy,/alyuminiy
/alyuminiy/tavr-alyuminievyy,/alyuminiy
/alyuminiy/truba-alyuminievaya-10-mm,/alyuminiy
/alyuminiy/truba-alyuminievaya-100-mm,/alyuminiy
/alyuminiy/truba-alyuminievaya-12-mm,/alyuminiy
/alyuminiy/truba-alyuminievaya-14-mm,/alyuminiy
/alyuminiy/truba-alyuminievaya-20-mm,/alyuminiy
/alyuminiy/truba-alyuminievaya-25-mm,/alyuminiy
/alyuminiy/truba-alyuminievaya-30-mm,/alyuminiy
/alyuminiy/truba-alyuminievaya-35-mm,/alyuminiy
/alyuminiy/truba-alyuminievaya-35h2-mm,/alyuminiy
/alyuminiy/truba-alyuminievaya-40-mm,/alyuminiy
/alyuminiy/truba-alyuminievaya-50-mm,/alyuminiy
/alyuminiy/truba-alyuminievaya-6-mm,/alyuminiy
/alyuminiy/truba-alyuminievaya-70-mm,/alyuminiy
/alyuminiy/truba-alyuminievaya-8-mm,/alyuminiy
/alyuminiy/truba-alyuminievaya-ad31t1,/alyuminiy
/alyuminiy/truba-alyuminievaya-anodirovannaya,/alyuminiy
/alyuminiy/truba-alyuminievaya-kruglaya,/alyuminiy
/alyuminiy/truba-alyuminievaya-kvadratnaya,/alyuminiy
/alyuminiy/truba-alyuminievaya-profilnaya,/alyuminiy
/alyuminiy/truba-alyuminievaya-profilnaya-20h10-mm,/alyuminiy
/alyuminiy/truba-alyuminievaya-profilnaya-40h20-mm,/alyuminiy
/alyuminiy/truba-alyuminievaya-profilnaya-40h20h2-mm,/alyuminiy
/alyuminiy/truba-alyuminievaya-profilnaya-40h40-mm,/alyuminiy
/alyuminiy/truba-alyuminievaya-profilnaya-boks-10h10-mm,/alyuminiy
/alyuminiy/truba-alyuminievaya-profilnaya-boks-60h40-mm,/alyuminiy
/alyuminiy/truba-alyuminievaya-profilnaya-boks-60h60-mm,/alyuminiy
/alyuminiy/truba-alyuminievaya-pryamougolnaya,/alyuminiy
/alyuminiy/truba-alyuminievaya-stal-d16t-gost-18482-79,/alyuminiy
/alyuminiy/truba-alyuminievaya-stal-v95,/alyuminiy
/alyuminiy/truba-alyuminievaya-tolshchinoy-5-mm,/alyuminiy
/alyuminiy/truba-alyuminievaya-tolstostennaya,/alyuminiy
/alyuminiy/truba-alyuminievaya-tonkostennaya,/alyuminiy
/alyuminiy/truba-d16t-dyuralevaya,/alyuminiy
/alyuminiy/truba-dyuralevaya,/alyuminiy
/alyuminiy/truba-dyuralevaya-32-mm,/alyuminiy
/alyuminiy/truba-gofrirovannaya-alyuminievaya,/alyuminiy
/alyuminiy/trubka-dyuralevaya-10-mm,/alyuminiy
/alyuminiy/truby-alyuminievye-amg2,/alyuminiy
/alyuminiy/truby-alyuminievye-amg5,/alyuminiy
/alyuminiy/truby-alyuminievye-amg6,/alyuminiy
/alyuminiy/ugolok-alyuminievyy,/alyuminiy
/alyuminiy/ugolok-alyuminievyy-100h100-mm,/alyuminiy
/alyuminiy/ugolok-alyuminievyy-100h50-mm,/alyuminiy
/alyuminiy/ugolok-alyuminievyy-10h10-mm,/alyuminiy
/alyuminiy/ugolok-alyuminievyy-12h12-mm,/alyuminiy
/alyuminiy/ugolok-alyuminievyy-15h15-mm,/alyuminiy
/alyuminiy/ugolok-alyuminievyy-18h18-mm,/alyuminiy
/alyuminiy/ugolok-alyuminievyy-2-2-mm,/alyuminiy
/alyuminiy/ugolok-alyuminievyy-20h10-mm,/alyuminiy
/alyuminiy/ugolok-alyuminievyy-20h20-mm,/alyuminiy
/alyuminiy/ugolok-alyuminievyy-20h20h2-mm,/alyuminiy
/alyuminiy/ugolok-alyuminievyy-20h20h3-mm,/alyuminiy
/alyuminiy/ugolok-alyuminievyy-25h25-mm,/alyuminiy
/alyuminiy/ugolok-alyuminievyy-30h15-mm,/alyuminiy
/alyuminiy/ugolok-alyuminievyy-30h30-mm,/alyuminiy
/alyuminiy/ugolok-alyuminievyy-30h30h2-mm,/alyuminiy
/alyuminiy/ugolok-alyuminievyy-30h30h3-mm,/alyuminiy
/alyuminiy/ugolok-alyuminievyy-35h35-mm,/alyuminiy
/alyuminiy/ugolok-alyuminievyy-40h20-mm,/alyuminiy
/alyuminiy/ugolok-alyuminievyy-40h40-mm,/alyuminiy
/alyuminiy/ugolok-alyuminievyy-40h40h2-mm,/alyuminiy
/alyuminiy/ugolok-alyuminievyy-40h40h3-mm,/alyuminiy
/alyuminiy/ugolok-alyuminievyy-5-mm,/alyuminiy
/alyuminiy/ugolok-alyuminievyy-50h20-mm,/alyuminiy
/alyuminiy/ugolok-alyuminievyy-50h30-mm,/alyuminiy
/alyuminiy/ugolok-alyuminievyy-50h50-mm,/alyuminiy
/alyuminiy/ugolok-alyuminievyy-5h5-mm,/alyuminiy
/alyuminiy/ugolok-alyuminievyy-60h60-mm,/alyuminiy
/alyuminiy/ugolok-alyuminievyy-70h70-mm,/alyuminiy
/alyuminiy/ugolok-alyuminievyy-80h80-mm,/alyuminiy
/alyuminiy/ugolok-alyuminievyy-anodirovannyy,/alyuminiy
/alyuminiy/ugolok-alyuminievyy-anodirovannyy-20h20-mm,/alyuminiy
/alyuminiy/ugolok-alyuminievyy-raznostoronniy,/alyuminiy
/alyuminiy/ugolok-alyuminievyy-riflenyy,/alyuminiy
/alyuminiy/ugolok-dyuralevyy-20h20-mm,/alyuminiy
/alyuminiy/ugolok-dyuralevyy-50h50-mm,/alyuminiy
/alyuminiy/ugolok-dyuralevyy-d16t,/alyuminiy
/alyuminiy/vozduhovod-alyuminievyy,/alyuminiy
/alyuminiy/vtulka-alyuminievaya,/alyuminiy
/alyuminiy/z-obraznyy-profil-alyuminievyy,/alyuminiy
/alyuminiy/zaglushka-alyuminievaya,/alyuminiy
/alyuminiy/zaklepka-vytyazhnaya-alyuminievaya,/alyuminiy
/alyuminiy/zaklepki-alyuminievye,/alyuminiy
/anker,
/anody/anod-cinkovyy,/anody
/anody/anod-svintcovyy,/anody
/anody/kadmiyevyy-anod,/anody
/anody/nikelevyy-anod,/anody
/anody/olovyannyy-anod,/anody
/armatura/armatura-10-mm,/armatura
/armatura/armatura-12-mm,/armatura
/armatura/armatura-14-mm,/armatura
/armatura/armatura-16-mm,/armatura
/armatura/armatura-20-mm,/armatura
/armatura/armatura-6-mm,/armatura
/armatura/armatura-8-mm,/armatura
/armatura/armatura-cena-za-metr,/armatura
/armatura/armatura-cena-za-tonnu,/armatura
/armatura/armatura-gladkaya,/armatura
/armatura/armatura-riflenaya,/armatura
/armatura/armatura-riflenaya-12-mm,/armatura
/armatura/armatura-stekloplastikovaya-10-mm,/armatura
/armatura/armatura-stekloplastikovaya-12-mm,/armatura
/asbestocement/asbestocementnye-listy,/asbestocement
/asbestocement/asbestocementnye-plity-asbestovye,/asbestocement
/asbestocement/evroshifer,/asbestocement
/asbestocement/myagkiy-shifer,/asbestocement
/asbestocement/shifer,/asbestocement
/asbestocement/shifer-6-volnovoy,/asbestocement
/asbestocement/shifer-7-volnovoy,/asbestocement
/asbestocement/shifer-8-volnovoy,/asbestocement
/asbestocement/shifer-cvetnoy,/asbestocement
/asbestocement/shifer-krasnyy,/asbestocement
/asbestocement/shifer-ploskiy,/asbestocement
/asbestocement/shifer-ploskiy-10-mm,/asbestocement
/asbestocement/shifer-ploskiy-3000h1500h10,/asbestocement
/asbestocement/shifer-ploskiy-3000h1500h8,/asbestocement
/asbestocement/shifer-ploskiy-nepressovannyy,/asbestocement
/asbestocement/shifer-ploskiy-pressovannyy,/asbestocement
/asbestocement/shifer-volnovoy,/asbestocement
/asbestocement/truba-asbestocementnaya,/asbestocement
/asbestocement/truba-asbestocementnaya-100-mm,/asbestocement
/asbestocement/truba-asbestocementnaya-150-mm,/asbestocement
/asbestocement/truba-asbestocementnaya-200-mm,/asbestocement
/asbestocement/truba-asbestocementnaya-250-mm,/asbestocement
/asbestocement/truba-asbestocementnaya-300-mm,/asbestocement
/asbestocement/truba-asbestocementnaya-400-mm,/asbestocement
/ati/aceid,/ati
/ati/asbest-hrizotilovyy,/ati
/ati/asbestovaya-bumaga,/ati
/ati/asbestovaya-kroshka,/ati
/ati/asbestovoe-polotno,/ati
/ati/hrizotilcementnyy-list-10-mm,/ati
/ati/hrizotilcementnyy-list-hcl,/ati
/ati/karton-asbestovyy,/ati
/ati/lenta-asbestovaya,/ati
/ati/lenta-tormoznaya-lat-2,/ati
/ati/lenty-asbestovye-tormoznye,/ati
/ati/nabivka-ap-31-salnikovaya,/ati
/ati/nabivka-apr-31-salnikovaya,/ati
/ati/nabivka-hbp-31-salnikovaya,/ati
/ati/nabivka-lp-31-salnikovaya,/ati
/ati/nabivka-salnikovaya-agi,/ati
/ati/nabivka-salnikovaya-ati,/ati
/ati/nabivka-salnikovaya-grafitovaya,/ati
/ati/nakladka-asbestovaya,/ati
/ati/salnikovaya-nabivka,/ati
/ati/salnikovaya-nabivka-10-mm,/ati
/ati/shnur-asbestovyy,/ati
/ati/shnur-asbestovyy-shaon-1-mm-gost-1779-73,/ati
/ati/shnur-asbestovyy-shaon-10-mm-gost-1779-73,/ati
/ati/shnur-asbestovyy-shaon-20-mm-gost-1779-73,/ati
/ati/shnur-asbestovyy-shaon-3-mm-gost-1779-73,/ati
/ati/shnur-asbestovyy-shaon-5-mm-gost-1779-73,/ati
/ati/shnur-asbestovyy-shaon-8-mm-gost-1779-73,/ati
/ati/shnur-bezasbestovyy,/ati
/ati/tkan-asbestovaya,/ati
/balka-dvutavrovaya/dvutavr-12b1,/balka-dvutavrovaya
/balka-dvutavrovaya/dvutavr-18b1,/balka-dvutavrovaya
/balka-dvutavrovaya/dvutavr-20sh1,/balka-dvutavrovaya
/balka-dvutavrovaya/dvutavr-25b1,/balka-dvutavrovaya
/balka-dvutavrovaya/dvutavr-25b2,/balka-dvutavrovaya
/balka-dvutavrovaya/dvutavr-25k1,/balka-dvutavrovaya
/balka-dvutavrovaya/dvutavr-25k2,/balka-dvutavrovaya
/balka-dvutavrovaya/dvutavr-25sh1,/balka-dvutavrovaya
/balka-dvutavrovaya/dvutavr-30b1,/balka-dvutavrovaya
/balka-dvutavrovaya/dvutavr-30b2,/balka-dvutavrovaya
/balka-dvutavrovaya/dvutavr-30k1,/balka-dvutavrovaya
/balka-dvutavrovaya/dvutavr-30k2,/balka-dvutavrovaya
/balka-dvutavrovaya/dvutavr-30sh1,/balka-dvutavrovaya
/balka-dvutavrovaya/dvutavr-30sh2,/balka-dvutavrovaya
/balka-dvutavrovaya/dvutavr-35b2,/balka-dvutavrovaya
/balka-dvutavrovaya/dvutavr-35k2,/balka-dvutavrovaya
/balka-dvutavrovaya/dvutavr-35sh1,/balka-dvutavrovaya
/balka-dvutavrovaya/dvutavr-35sh2,/balka-dvutavrovaya
/balka-dvutavrovaya/dvutavr-36m,/balka-dvutavrovaya
/balka-dvutavrovaya/dvutavr-40b1,/balka-dvutavrovaya
/balka-dvutavrovaya/dvutavr-40k,/balka-dvutavrovaya
/balka-dvutavrovaya/dvutavr-40k1,/balka-dvutavrovaya
/balka-dvutavrovaya/dvutavr-40k2,/balka-dvutavrovaya
/balka-dvutavrovaya/dvutavr-40sh1,/balka-dvutavrovaya
/balka-dvutavrovaya/dvutavr-40sh2,/balka-dvutavrovaya
/balka-dvutavrovaya/dvutavr-45m,/balka-dvutavrovaya
/balka-dvutavrovaya/dvutavr-55b1,/balka-dvutavrovaya
/balka-dvutavrovaya/dvutavr-55b2,/balka-dvutavrovaya
/balka-dvutavrovaya/dvutavr-60sh1,/balka-dvutavrovaya
/balka-dvutavrovaya/dvutavr-s245,/balka-dvutavrovaya
/bochonok-1-2-dyuyma,
/bolty/anker-bolt-10h100-mm,/bolty
/bolty/ankernyy-bolt-8h80,/bolty
/bolty/ankernyy-bolt-dlya-betona,/bolty
/bolty/ankernyy-bolt-m8,/bolty
/bolty/bolt-krepleniya,/bolty
/bolty/bolt-m10,/bolty
/bolty/bolt-m12,/bolty
/bolty/bolt-m14,/bolty
/bolty/bolt-m16,/bolty
/bolty/bolt-m18,/bolty
/bolty/bolt-m20,/bolty
/bolty/bolt-m22,/bolty
/bolty/bolt-m24,/bolty
/bolty/bolt-m25,/bolty
/bolty/bolt-m27,/bolty
/bolty/bolt-m30,/bolty
/bolty/bolt-m4,/bolty
/bolty/bolt-m6,/bolty
/bolty/bolt-m6-pod-shestigrannik,/bolty
/bolty/bolt-m6h20,/bolty
/bolty/bolt-m8,/bolty
/bolty/bolt-m8h16,/bolty
/bolty/bolt-m8h20,/bolty
/bolty/bolt-m8h25,/bolty
/bolty/bolt-m8h40-mm,/bolty
/bolty/bolt-m8h80,/bolty
/bolty/bolt-pod-shestigrannik-m10,/bolty
/bolty/bolt-pod-shestigrannik-m8,/bolty
/bolty/bolt-s-flancem-m8,/bolty
/bolty/bolt-s-gaykoy-m8,/bolty
/bolty/bolt-s-kryukom,/bolty
/bolty/bolt-s-shestigrannoy-golovkoy-m8h30,/bolty
/bolty/bolty-m6-iz-nerzhaveyushchey-stali,/bolty
/bolty/bolty-s-gaykami-i-shaybami,/bolty
/bolty/bolty-vysokoprochnye-m24,/bolty
/bolty/rym-bolt,/bolty
/bolty/santehnicheskiy-bolt,/bolty
/bolty/t-obraznye-bolty,/bolty
/bronza/bronzovyy-klapan,/bronza
/bronza/bronzovyy-list,/bronza
/bronza/bronzovyy-prutok-brb2,/bronza
/bronza/bronzovyy-slitok,/bronza
/bronza/chushka-bronzovaya,/bronza
/bronza/folga-bronzovaya,/bronza
/bronza/kran-bronzovyy,/bronza
/bronza/krug-bronzovyy,/bronza
/bronza/krug-bronzovyy-brazh-9-4,/bronza
/bronza/krug-bronzovyy-brof,/bronza
/bronza/krug-prutok-bronzovyj-gost-48-21-249-72,/bronza
/bronza/krug-prutok-bronzovyj-stal-bro5c5s5,/bronza
/bronza/kvadrat-bronzovyy,/bronza
/bronza/lenta-bronzovaya,/bronza
/bronza/lenta-bronzovaya-brb2,/bronza
/bronza/otlivka-bronzovaya,/bronza
/bronza/plita-bronzovaya,/bronza
/bronza/polosa-bronzovaya,/bronza
/bronza/poroshok-bronzovyy,/bronza
/bronza/provoloka-bronzovaya,/bronza
/bronza/prutok-bronzovyy,/bronza
/bronza/pudra-bronzovaya,/bronza
/bronza/setka-bronzovaya,/bronza
/bronza/shaiba-bronzovaya,/bronza
/bronza/shestigrannik-bronzovyy,/bronza
/bronza/troynik-bronzovyy,/bronza
/bronza/truba-bronzovaya,/bronza
/bronza/vtulka-bronzovaya,/bronza
/bronza/vtulka-bronzovaya-gost-613-79,/bronza
/bronza/zaglushka-bronzovaya,/bronza
/burt-pod-flanec,
/chernoe-orgsteklo,
/chugun/chugunnye-otlivki,/chugun
/chugun/chugunnyy-radiator-10-sekciy,/chugun
/chugun/klapan-chugunnyy,/chugun
/chugun/koleno-chugunnoe,/chugun
/chugun/kondensatootvodchik-chugunnyy,/chugun
/chugun/kontrgayka-chugunnaya,/chugun
/chugun/kran-chugunnyy,/chugun
/chugun/krestovina-chugunnaya,/chugun
/chugun/krestovina-chugunnaya-flancevaya,/chugun
/chugun/krestoviny-sml,/chugun
/chugun/krug-chugunnyy,/chugun
/chugun/krug-chugunnyy-sch20,/chugun
/chugun/kvadrat-chugunnyy,/chugun
/chugun/list-chugunnyy,/chugun
/chugun/lyuk-chugunnyy-legkiy-tip-l,/chugun
/chugun/lyuk-chugunnyy-tyazhelyy-tip-t,/chugun
/chugun/mufta-chugunnaya,/chugun
/chugun/nippel-chugunnyy,/chugun
/chugun/otvod-chugunnyy,/chugun
/chugun/patrubok-chugunnyy,/chugun
/chugun/perehodnik-chugunnyy,/chugun
/chugun/polosa-chugunnaya,/chugun
/chugun/prutok-chugunnyy,/chugun
/chugun/radiator-chugunnyy,/chugun
/chugun/radiator-chugunnyy-7-sekciy,/chugun
/chugun/sedelka-chugunnaya,/chugun
/chugun/troynik-chugunnyy,/chugun
/chugun/truba-chugunnaya,/chugun
/chugun/truba-chugunnaya-100-mm,/chugun
/chugun/truba-chugunnaya-150-mm,/chugun
/chugun/truba-chugunnaya-rastrubnaya,/chugun
/chugun/truba-chugunnaya-sml,/chugun
/chugun/truba-chugunnaya-tchk,/chugun
/chugun/truba-kanalizacionnaya-chugunnaya,/chugun
/chugun/truba-opornaya-sml,/chugun
/chugun/ugolnik-chugunnyy,/chugun
/chugun/ventil-15kch16p1-chugunnyy,/chugun
/chugun/vtulka-chugunnaya,/chugun
/chugun/zadvizhka-chugunnaya,/chugun
/chugun/zaglushka-chugunnaya,/chugun
/chushki/chushka-olovo,/chushki
/chushki/chushka-surma,/chushki
/chushki/chushka-vismut,/chushki
/chushki/cink-v-chushkakh,/chushki
/chushki/svincovaya-chushka,/chushki
/cotovyy-polikarbonat,
/derevo/fanera,/derevo
/derevo/fanera-laminirovannaya,/derevo
/derevo/list-dsp,/derevo
/derevo/list-dvp,/derevo
/derevo/list-ldsp,/derevo
/derevo/osb-18-mm,/derevo
/derevo/osb-22-mm,/derevo
/derevo/osb-8-mm,/derevo
/derevo/osb-9-mm,/derevo
/derevo/osb-kalevala,/derevo
/derevo/osb-kronoshpan,/derevo
/derevo/osb-plita,/derevo
/derevo/plita-osb-3,/derevo
/derevo/plita-osb-3-kronospan,/derevo
/dozhdepriemnik,
/dvoynoy-rastrub,
/dymohod/adaptery-kotla-dlya-dymohoda,/dymohod
/dymohod/deflektor-na-dymohod,/dymohod
/dymohod/kronshteyn-dlya-dymohoda,/dymohod
/dymohod/otvod-dymohoda,/dymohod
/dymohod/perehodniki-dlya-dymohoda,/dymohod
/dymohod/revizii-dlya-dymohodov,/dymohod
/dymohod/troynik-dymohoda,/dymohod
/dymohod/truba-dymohoda,/dymohod
/dymohod/truba-sendvich,/dymohod
/dymohod/zaglushka-dlya-dymohoda,/dymohod
/dymohod/zont-dymohoda,/dymohod
/elektrooborudovanie/elektroprivod-dlya-klapana,/elektrooborudovanie
/elektrooborudovanie/elektroprivod-dlya-krana,/elektrooborudovanie
/elektrooborudovanie/elektroprivod-dlya-zadvizhki,/elektrooborudovanie
/elektrooborudovanie/elektroprivod-dlya-zatvora,/elektrooborudovanie
/fasadnye-materialy/finishnaya-planka-dlya-saydinga,/fasadnye-materialy
/fasadnye-materialy/j-profil-dlya-saydinga,/fasadnye-materialy
/fasadnye-materialy/nalichniki,/fasadnye-materialy
/fasadnye-materialy/otlivy,/fasadnye-materialy
/fasadnye-materialy/planka-okolookonnaya,/fasadnye-materialy
/fasadnye-materialy/profil-fasadnyy,/fasadnye-materialy
/fasadnye-materialy/sofity,/fasadnye-materialy
/fasadnye-materialy/ugly-dlya-saydinga,/fasadnye-materialy
/flanec/flancy-gost-33259-2015,/flanec
/flanec/flanec-alyuminievyy,/flanec
/flanec/flanec-chugunnyy,/flanec
/flanec/flanec-du-10,/flanec
/flanec/flanec-du-100,/flanec
/flanec/flanec-du-110,/flanec
/flanec/flanec-du-125,/flanec
/flanec/flanec-du-150,/flanec
/flanec/flanec-du-200,/flanec
/flanec/flanec-du-200-ru16,/flanec
/flanec/flanec-du-25,/flanec
/flanec/flanec-du-250,/flanec
/flanec/flanec-du-250-ru16,/flanec
/flanec/flanec-du-300,/flanec
/flanec/flanec-du-32,/flanec
/flanec/flanec-du-40,/flanec
/flanec/flanec-du-400,/flanec
/flanec/flanec-du-50,/flanec
/flanec/flanec-du-50-ru16,/flanec
/flanec/flanec-du-500,/flanec
/flanec/flanec-du-65,/flanec
/flanec/flanec-du-80,/flanec
/flanec/flanec-du-80-ru16,/flanec
/flanec/flanec-latunnyy,/flanec
/flanec/flanec-ld,/flanec
/flanec/flanec-ocinkovannyy,/flanec
/flanec/flanec-ploskiy,/flanec
/flanec/flanec-polipropilenovyy,/flanec
/flanec/flanec-polipropilenovyy-63-mm,/flanec
/flanec/flanec-privarnoy,/flanec
/flanec/flanec-rezbovoy,/flanec
/flanec/flanec-stalnoy-ploskiy-privarnoy-gost-12820-80,/flanec
/flanec/flanec-tip-11,/flanec
/flanec/flanec-vorotnikovyy,/flanec
/flanec/flanec-vorotnikovyy-du-100,/flanec
/flanec/flanec-vorotnikovyy-du-200,/flanec
/flanec/flanec-vorotnikovyy-du-50,/flanec
/flanec/izoliruyushchie-flancevye-soedineniya-ifs,/flanec
/flanec/mezhflancevaya-prokladka,/flanec
/flanec/otvetnyy-flanec,/flanec
/flanec/prokladka-flancevaya-rezinovaya,/flanec
/folga-nikelevaya,
/fonar-smotrovoy,
/ftoroplast-sterzhen,
/futorka,
/futorka-1-1-4h1,
/futorka-1-2h1-4,
/futorka-1h3-4,
/futorka-2h3-4,
/gayka/gayka-1-2-dyuyma,/gayka
/gayka/gayka-1-dyuym,/gayka
/gayka/gayka-2-dyuyma,/gayka
/gayka/gayka-kolesa,/gayka
/gayka/gayka-kolpachkovaya-m8,/gayka
/gayka/gayka-m10,/gayka
/gayka/gayka-m20,/gayka
/gayka/gayka-m24,/gayka
/gayka/gayka-m25,/gayka
/gayka/gayka-m27,/gayka
/gayka/gayka-m6,/gayka
/gayka/gayka-m8,/gayka
/gayka/gayka-m8h1,/gayka
/gayka/gayka-nakidnaya,/gayka
/gayka/gayka-s-flancem-m6,/gayka
/gayka/gayka-s-flancem-m8,/gayka
/gayka/gayka-s-nasechkoy-prepyatstvuyushchey-otkruchivaniyu,/gayka
/gayka/gayka-s-shayboy,/gayka
/gayka/gayka-soedinitelnaya-m8,/gayka
/gayka/gayka-soedinitelnaya-udlinennaya,/gayka
/gayka/gayki-latunnye,/gayka
/gayka/gayki-m20h1-5,/gayka
/gayka/gayki-m22,/gayka
/gazonnye-ograzhdeniya,
/geomaterialy/georeshetka,/geomaterialy
/geomaterialy/geotekstil,/geomaterialy
/geomaterialy/geotekstil-150-g-m2,/geomaterialy
/geomaterialy/geotekstil-200-g-m2,/geomaterialy
/geomaterialy/geotekstil-300-g-m2,/geomaterialy
/geomaterialy/geotekstil-dornit,/geomaterialy
/geomaterialy/geotekstil-igloprobivnoy,/geomaterialy
/gruzopodemnoe-oborudovanie/lebedka,/gruzopodemnoe-oborudovanie
/gruzopodemnoe-oborudovanie/lebedka-elektricheskaya,/gruzopodemnoe-oborudovanie
/gruzopodemnoe-oborudovanie/lebedka-ruchnaya,/gruzopodemnoe-oborudovanie
/gruzopodemnoe-oborudovanie/lebedka-ruchnaya-barabannaya,/gruzopodemnoe-oborudovanie
/gruzopodemnoe-oborudovanie/lebedka-ruchnaya-rychazhnaya,/gruzopodemnoe-oborudovanie
/gruzopodemnoe-oborudovanie/telfer,/gruzopodemnoe-oborudovanie
/j-faska,
/kabel-precizionnyy,
/kabel-vitaya-para,
/kabelnaya-produkciya/akusticheskiy-kabel,/kabelnaya-produkciya
/kabelnaya-produkciya/chetyrehzhilnyy-kabel,/kabelnaya-produkciya
/kabelnaya-produkciya/dvuzhilnyy-kabel,/kabelnaya-produkciya
/kabelnaya-produkciya/gibkiy-kabel,/kabelnaya-produkciya
/kabelnaya-produkciya/gilzy-dlya-obzhima-provodov,/kabelnaya-produkciya
/kabelnaya-produkciya/gilzy-mednye-luzhenye-gml-pod-opressovku,/kabelnaya-produkciya
/kabelnaya-produkciya/kabel-1h10-kv-mm,/kabelnaya-produkciya
/kabelnaya-produkciya/kabel-2h2-5-kv-mm,/kabelnaya-produkciya
/kabelnaya-produkciya/kabel-2h4-kv-mm,/kabelnaya-produkciya
/kabelnaya-produkciya/kabel-3h4-kv-mm,/kabelnaya-produkciya
/kabelnaya-produkciya/kabel-5h2-5-kv-mm,/kabelnaya-produkciya
/kabelnaya-produkciya/kabel-dlya-zazemleniya,/kabelnaya-produkciya
/kabelnaya-produkciya/kabel-kg-1h25-kv-mm,/kabelnaya-produkciya
/kabelnaya-produkciya/kabel-kg-1h35-kv-mm,/kabelnaya-produkciya
/kabelnaya-produkciya/kabel-kg-2h2-5-kv-mm,/kabelnaya-produkciya
/kabelnaya-produkciya/kabel-kg-4h4-kv-mm,/kabelnaya-produkciya
/kabelnaya-produkciya/kabel-kg-4h6-kv-mm,/kabelnaya-produkciya
/kabelnaya-produkciya/kabel-kg-5h2-5-kv-mm,/kabelnaya-produkciya
/kabelnaya-produkciya/kabel-mednyy-4h10-kv-mm,/kabelnaya-produkciya
/kabelnaya-produkciya/kabel-mnogozhilnyy,/kabelnaya-produkciya
/kabelnaya-produkciya/kabel-montazhnyy,/kabelnaya-produkciya
/kabelnaya-produkciya/kabel-rpsh,/kabelnaya-produkciya
/kabelnaya-produkciya/kabel-s-secheniem-10-kv-mm,/kabelnaya-produkciya
/kabelnaya-produkciya/kabel-s-secheniem-120-kv-mm,/kabelnaya-produkciya
/kabelnaya-produkciya/kabel-s-secheniem-2-5-kv-mm,/kabelnaya-produkciya
/kabelnaya-produkciya/kabel-s-secheniem-240-kv-mm,/kabelnaya-produkciya
/kabelnaya-produkciya/kabel-s-secheniem-35-kv-mm,/kabelnaya-produkciya
/kabelnaya-produkciya/kabel-s-secheniem-50-kv-mm,/kabelnaya-produkciya
/kabelnaya-produkciya/kabel-s-secheniem-8-kv-mm,/kabelnaya-produkciya
/kabelnaya-produkciya/kabel-silovoy-5h6-kv-mm,/kabelnaya-produkciya
/kabelnaya-produkciya/kabel-vbbshv,/kabelnaya-produkciya
/kabelnaya-produkciya/kabel-vvgng-5h10-kv-mm,/kabelnaya-produkciya
/kabelnaya-produkciya/kabelnyy-lotok,/kabelnaya-produkciya
/kabelnaya-produkciya/kabelnyy-lotok-100h100-mm,/kabelnaya-produkciya
/kabelnaya-produkciya/kabelnyy-lotok-100h100h3000-mm,/kabelnaya-produkciya
/kabelnaya-produkciya/kabelnyy-lotok-100h50-mm,/kabelnaya-produkciya
/kabelnaya-produkciya/kabelnyy-lotok-150h50-mm,/kabelnaya-produkciya
/kabelnaya-produkciya/kabelnyy-lotok-200h100-mm,/kabelnaya-produkciya
/kabelnaya-produkciya/kabelnyy-lotok-400h100-mm,/kabelnaya-produkciya
/kabelnaya-produkciya/kabelnyy-lotok-50h50-mm,/kabelnaya-produkciya
/kabelnaya-produkciya/kabelnyy-lotok-50h50h3000-mm,/kabelnaya-produkciya
/kabelnaya-produkciya/kabelnyy-lotok-iz-nerzhaveyushchey-stali,/kabelnaya-produkciya
/kabelnaya-produkciya/kabelnyy-lotok-perforirovannyy,/kabelnaya-produkciya
/kabelnaya-produkciya/koaksialnyy-kabel,/kabelnaya-produkciya
/kabelnaya-produkciya/lotok-gluhoy,/kabelnaya-produkciya
/kabelnaya-produkciya/lotok-kabelnyy-ocinkovannyy,/kabelnaya-produkciya
/kabelnaya-produkciya/lotok-kabelnyy-perforirovannyy-100h50-mm,/kabelnaya-produkciya
/kabelnaya-produkciya/lotok-kabelnyy-shirina-400-mm,/kabelnaya-produkciya
/kabelnaya-produkciya/lotok-lestnichnyy,/kabelnaya-produkciya
/kabelnaya-produkciya/lotok-lestnichnyy-200h50h3000-mm,/kabelnaya-produkciya
/kabelnaya-produkciya/lotok-listovoy,/kabelnaya-produkciya
/kabelnaya-produkciya/lotok-listovoy-neperforirovannyy,/kabelnaya-produkciya
/kabelnaya-produkciya/lotok-metallicheskiy-50h50-mm,/kabelnaya-produkciya
/kabelnaya-produkciya/lotok-neperforirovannyy,/kabelnaya-produkciya
/kabelnaya-produkciya/lotok-neperforirovannyy-100h100h3000-mm,/kabelnaya-produkciya
/kabelnaya-produkciya/lotok-neperforirovannyy-200h100h3000-mm,/kabelnaya-produkciya
/kabelnaya-produkciya/lotok-neperforirovannyy-400h100h3000-mm,/kabelnaya-produkciya
/kabelnaya-produkciya/lotok-neperforirovannyy-50h50h3000-mm,/kabelnaya-produkciya
/kabelnaya-produkciya/lotok-perforirovannyy-100h100-mm,/kabelnaya-produkciya
/kabelnaya-produkciya/lotok-perforirovannyy-100h100h3000-mm,/kabelnaya-produkciya
/kabelnaya-produkciya/lotok-perforirovannyy-100h50h3000-mm,/kabelnaya-produkciya
/kabelnaya-produkciya/lotok-perforirovannyy-100h80-mm,/kabelnaya-produkciya
/kabelnaya-produkciya/lotok-perforirovannyy-150h50h3000-mm,/kabelnaya-produkciya
/kabelnaya-produkciya/lotok-perforirovannyy-200h100h3000-mm,/kabelnaya-produkciya
/kabelnaya-produkciya/lotok-perforirovannyy-200h50-mm,/kabelnaya-produkciya
/kabelnaya-produkciya/lotok-perforirovannyy-200h50h3000-mm,/kabelnaya-produkciya
/kabelnaya-produkciya/lotok-perforirovannyy-300h100h3000-mm,/kabelnaya-produkciya
/kabelnaya-produkciya/lotok-perforirovannyy-300h50h3000-mm,/kabelnaya-produkciya
/kabelnaya-produkciya/lotok-perforirovannyy-400h100h3000-mm,/kabelnaya-produkciya
/kabelnaya-produkciya/lotok-perforirovannyy-50h50-mm,/kabelnaya-produkciya
/kabelnaya-produkciya/lotok-perforirovannyy-50h50h3000-mm,/kabelnaya-produkciya
/kabelnaya-produkciya/lotok-provolochnyy,/kabelnaya-produkciya
/kabelnaya-produkciya/mikrofonnyy-kabel,/kabelnaya-produkciya
/kabelnaya-produkciya/nakonechnik-kolcevoy,/kabelnaya-produkciya
/kabelnaya-produkciya/nakonechnik-nki-kolcevoy-izolirovannyy,/kabelnaya-produkciya
/kabelnaya-produkciya/nakonechnik-shtyrevoy,/kabelnaya-produkciya
/kabelnaya-produkciya/nakonechnik-shtyrevoy-vtulochnyy-nshv,/kabelnaya-produkciya
/kabelnaya-produkciya/nakonechnik-vilochnyy-izolirovannyy-nvi,/kabelnaya-produkciya
/kabelnaya-produkciya/nakonechniki-dlya-provodov,/kabelnaya-produkciya
/kabelnaya-produkciya/nshvi-nakonechnik-shtyrevoy-vtulochnyy-izolirovannyy,/kabelnaya-produkciya
/kabelnaya-produkciya/obmotochnyy-provod-petv-2,/kabelnaya-produkciya
/kabelnaya-produkciya/opticheskiy-kabel,/kabelnaya-produkciya
/kabelnaya-produkciya/polka-kabelnaya,/kabelnaya-produkciya
/kabelnaya-produkciya/provod-1h1-5-kv-mm,/kabelnaya-produkciya
/kabelnaya-produkciya/provod-i-kabel-sip,/kabelnaya-produkciya
/kabelnaya-produkciya/provod-mg,/kabelnaya-produkciya
/kabelnaya-produkciya/provod-obmotochnyy,/kabelnaya-produkciya
/kabelnaya-produkciya/provod-pugvv,/kabelnaya-produkciya
/kabelnaya-produkciya/provod-shvvp,/kabelnaya-produkciya
/kabelnaya-produkciya/provoda-neizolirovannye,/kabelnaya-produkciya
/kabelnaya-produkciya/provoda-ustanovochnye,/kabelnaya-produkciya
/kabelnaya-produkciya/silovoy-kabel,/kabelnaya-produkciya
/kabelnaya-produkciya/stoyka-kabelnaya,/kabelnaya-produkciya
/kabelnaya-produkciya/telefonnyy-kabel,/kabelnaya-produkciya
/kabelnaya-produkciya/trehzhilnyy-kabel,/kabelnaya-produkciya
/kabelnaya-produkciya/vitoy-provod-retro,/kabelnaya-produkciya
/kanalizacionnyy-lyuk/chugunnyy-lyuk-t-s250,/kanalizacionnyy-lyuk
/kanalizacionnyy-lyuk/dorozhnyy-lyuk,/kanalizacionnyy-lyuk
/kanalizacionnyy-lyuk/l-a15-lyuk,/kanalizacionnyy-lyuk
/kanalizacionnyy-lyuk/lyuk-chugunnyy,/kanalizacionnyy-lyuk
/kanalizacionnyy-lyuk/lyuk-gts-chugunnyy-telefonnyy,/kanalizacionnyy-lyuk
/kanalizacionnyy-lyuk/lyuk-kanalizacionnyy-kvadratnyy,/kanalizacionnyy-lyuk
/kanalizacionnyy-lyuk/lyuk-kanalizacionnyy-s-zamkom,/kanalizacionnyy-lyuk
/kanalizacionnyy-lyuk/lyuk-polimerno-peschanyy,/kanalizacionnyy-lyuk
/kanalizacionnyy-lyuk/lyuk-polimernyy,/kanalizacionnyy-lyuk
/kanalizacionnyy-lyuk/lyuk-polimernyy-tyazhelyy,/kanalizacionnyy-lyuk
/kanalizacionnyy-lyuk/lyuk-tip-s,/kanalizacionnyy-lyuk
/kanalizacionnyy-lyuk/lyuk-tm-d400,/kanalizacionnyy-lyuk
/kanalizacionnyy-lyuk/lyuki-dozhdepriemnye-chugunnye,/kanalizacionnyy-lyuk
/kanalizacionnyy-lyuk/lyuki-smotrovye,/kanalizacionnyy-lyuk
/kanalizacionnyy-lyuk/plavayushchiy-lyuk,/kanalizacionnyy-lyuk
/kanalizacionnyy-lyuk/polimernyy-lyuk-kvadratnyy,/kanalizacionnyy-lyuk
/kanalizacionnyy-lyuk/s-v125-lyuk,/kanalizacionnyy-lyuk
/kanat/kanat-armaturnyy,/kanat
/kanat/kanat-dzhutovyy,/kanat
/kanat/kanat-gost-3062-80,/kanat
/kanat/kanat-gost-7669-80,/kanat
/kanat/kanat-penkovyy,/kanat
/kanat/kanat-stalnoy-gost-2688-80,/kanat
/kanat/kanat-stalnoy-gost-3063-80,/kanat
/kanat/kanat-stalnoy-gost-3077-80,/kanat
/kanat/sizalevyy-kanat,/kanat
/kaprolon-sterzhnevoy,
/katanka/katanka-5-5-mm,/katanka
/katanka/katanka-6-5-mm,/katanka
/katanka/katanka-8-mm,/katanka
/kirpich-krasnyy,
/klapan/aerator-kanalizacionnyy,/klapan
/klapan/klapan-1-2-dyuyma-15-mm,/klapan
/klapan/klapan-1-dyuym-25-mm,/klapan
/klapan/klapan-100-mm,/klapan
/klapan/klapan-110-mm,/klapan
/klapan/klapan-125-mm,/klapan
/klapan/klapan-150-mm,/klapan
/klapan/klapan-2-dyuyma-50-mm,/klapan
/klapan/klapan-3-4-dyuyma-20-mm,/klapan
/klapan/klapan-balansirovochnyy,/klapan
/klapan/klapan-elektricheskiy,/klapan
/klapan/klapan-elektromagnitnyy,/klapan
/klapan/klapan-flancevyy,/klapan
/klapan/klapan-igolchatyy,/klapan
/klapan/klapan-mezhflancevyy,/klapan
/klapan/klapan-muftovyy,/klapan
/klapan/klapan-obratnyy,/klapan
/klapan/klapan-obratnyy-polipropilenovyy,/klapan
/klapan/klapan-obratnyy-pvh,/klapan
/klapan/klapan-otsechnoy,/klapan
/klapan/klapan-pnevmaticheskiy,/klapan
/klapan/klapan-pozharnyy,/klapan
/klapan/klapan-predohranitelnyy,/klapan
/klapan/klapan-privarnoy,/klapan
/klapan/klapan-redukcionnyy,/klapan
/klapan/klapan-reguliruyushchiy,/klapan
/klapan/klapan-silfonnyy,/klapan
/klapan/klapan-smesitelnyy-chugunnyy,/klapan
/klapan/klapan-solenoidnyy,/klapan
/klapan/klapan-termostaticheskiy,/klapan
/klapan/klapan-trehhodovoy,/klapan
/klapan/klapan-uglovoy,/klapan
/klapan/klapan-vakuumnyy,/klapan
/klapan/klapan-zapornyy,/klapan
/klapan/klapany-danfoss,/klapan
/klapan/klapany-esbe,/klapan
/klapan/klapany-valtec,/klapan
/klapan/obratnyy-klapan-plastikovyy,/klapan
/kolodcy-dlya-drenazha-i-livnevoy-kanalizacii,
/kompensator-dlya-trub/salnikovye-kompensatory,/kompensator-dlya-trub
/kompensator-flancevyy,
/kompensator-linzovyy,
/kompensator-p-obraznyy,
/kompensator-rezinovyy,
/kompensator-silfonnyy,
/kompozit/armatura-kompozitnaya,/kompozit
/kompozit/armatura-stekloplastikovaya,/kompozit
/kompozit/bazaltovaya-armatura,/kompozit
/kompozit/lyuk-polimerno-kompozitnyy,/kompozit
/kompozit/provoloka-bimetallicheskaya,/kompozit
/kompozit/setka-kompozitnaya,/kompozit
/kompozit/setka-stekloplastikovaya,/kompozit
/kompozit/truba-metalloplastikovaya-16-mm,/kompozit
/kompozit/truba-metalloplastikovaya-20-mm,/kompozit
/kompozit/truba-metalloplastikovaya-26-mm,/kompozit
/kompozit/truba-metalloplastikovaya-32-mm,/kompozit
/kompozit/truba-metalloplastikovaya-cena-za-metr,/kompozit
/kompozit/truba-metalloplastikovaya-cena-za-shtuku,/kompozit
/kompozit/truba-metalloplastikovaya-henco,/kompozit
/kompozit/truba-metalloplastikovaya-kruglaya,/kompozit
/kompozit/truba-metalloplastikovaya-valtec,/kompozit
/kompozit/truba-profilnaya-stekloplastikovaya,/kompozit
/kondensatootvodchik/kondensatootvodchik-100-mm,/kondensatootvodchik
/kondensatootvodchik/kondensatootvodchik-15-mm,/kondensatootvodchik
/kondensatootvodchik/kondensatootvodchik-20-mm,/kondensatootvodchik
/kondensatootvodchik/kondensatootvodchik-25-mm,/kondensatootvodchik
/kondensatootvodchik/kondensatootvodchik-50-mm,/kondensatootvodchik
/kondensatootvodchik/kondensatootvodchik-poplavkovyy,/kondensatootvodchik
/kondensatootvodchik/kondensatootvodchik-termodinamicheskiy,/kondensatootvodchik
/kondensatootvodchik/kondensatootvodchik-termostaticheskiy,/kondensatootvodchik
/kontrgayka,
/kontrgayka-stalnaya,
/konvektor-napolnyy,
/konvektor-nastennyy,
/konvektor-vstraivaemyy,
/kover-gazovyy-chugunnyy,
/kran/gazovye-krany-sharovye,/kran
/kran/kran-1-1-2-dyuyma-40-mm,/kran
/kran/kran-1-1-4-dyuyma-32-mm,/kran
/kran/kran-1-2-dyuyma-15-mm,/kran
/kran/kran-1-2-na-3-4,/kran
/kran/kran-1-dyuym-25-mm,/kran
/kran/kran-11b18bk,/kran
/kran/kran-11b27p1,/kran
/kran/kran-2-dyuyma-50-mm,/kran
/kran/kran-3-4-dyuyma-20-mm,/kran
/kran/kran-amerikanka,/kran
/kran/kran-bugatti,/kran
/kran/kran-danfoss,/kran
/kran/kran-flancevyy,/kran
/kran/kran-ld,/kran
/kran/kran-maevskogo,/kran
/kran/kran-muftovyy,/kran
/kran/kran-nerzhaveyushchiy-aisi-304,/kran
/kran/kran-polnoprohodnoy,/kran
/kran/kran-privarnoy,/kran
/kran/kran-probkovyy,/kran
/kran/kran-pryamoy,/kran
/kran/kran-reguliruyushchiy,/kran
/kran/kran-sharovoy,/kran
/kran/kran-sharovoy-amerikanka-1-dyuym,/kran
/kran/kran-sharovoy-babochka-1-2,/kran
/kran/kran-sharovoy-baz,/kran
/kran/kran-sharovoy-celnosvarnoy,/kran
/kran/kran-sharovoy-flancevyy,/kran
/kran/kran-sharovoy-flancevyy-du-25,/kran
/kran/kran-sharovoy-latunnyy-polnoprohodnoy,/kran
/kran/kran-sharovoy-muftovyy,/kran
/kran/kran-sharovoy-polnoprohodnoy-du15,/kran
/kran/kran-sharovoy-prohodnoy,/kran
/kran/kran-sharovoy-shtucernyy,/kran
/kran/kran-sharovoy-stalnoy,/kran
/kran/kran-sharovyy-1-2,/kran
/kran/kran-sharovyy-1-4-dyuyma,/kran
/kran/kran-sharovyy-1-dyuym,/kran
/kran/kran-sharovyy-11s67p,/kran
/kran/kran-sharovyy-du150-flancevyy,/kran
/kran/kran-sharovyy-du20,/kran
/kran/kran-sharovyy-du32,/kran
/kran/kran-sharovyy-du40,/kran
/kran/kran-sharovyy-du50,/kran
/kran/kran-sharovyy-du80,/kran
/kran/kran-sharovyy-flancevyy-du50,/kran
/kran/kran-sharovyy-flancevyy-du80,/kran
/kran/kran-sharovyy-latunnyy-1-2,/kran
/kran/kran-sharovyy-polnoprohodnoy-muftovyy,/kran
/kran/kran-sharovyy-privarnoy,/kran
/kran/kran-sharovyy-reguliruyushchiy,/kran
/kran/kran-sharovyy-s-elektroprivodom,/kran
/kran/kran-sharovyy-s-reduktorom,/kran
/kran/kran-sharovyy-uglovoy,/kran
/kran/kran-slivnoy,/kran
/kran/kran-standartnoprohodnyy,/kran
/kran/kran-trehhodovoy,/kran
/kran/kran-uglovoy,/kran
/kran/kran-uglovoy-1-2,/kran
/kran/kran-valtec,/kran
/kran/kran-vodorazbornyy,/kran
/kran/krany-sharovye-polnoprohodnye-stalnye,/kran
/kran/krany-sharovye-rezbovye,/kran
/kran/sharovye-krany-iz-nerzhaveyushchey-stali,/kran
/kran/sharovyy-kran-du100-flancevyy,/kran
/krestovina-dlya-trub,
/krestovina-dvuhploskostnaya,
/krestovina-kanalizacionnaya,
/krestovina-kanalizacionnaya-110h110h50-mm,
/krestovina-latunnaya,
/krestovina-odnoploskostnaya,
/krestovina-plastikovaya,
/krestovina-stalnaya,
/kronshteyn-dlya-kondicionera,
/kronshteyn-dlya-profnastila,
/kronshteyn-dlya-radiatora,
/kronshteyn-dlya-trub,
/kronshteyn-fasadnyy,
/kronshteyn-konsolnyy,
/krovelnye-materialy/aerator-ventilyacionnyy,/krovelnye-materialy
/krovelnye-materialy/chernaya-metallocherepica,/krovelnye-materialy
/krovelnye-materialy/dvuhsloynaya-myagkaya-krovlya-shinglas,/krovelnye-materialy
/krovelnye-materialy/falcevaya-krovlya,/krovelnye-materialy
/krovelnye-materialy/kolpak-ventilyacionnyy,/krovelnye-materialy
/krovelnye-materialy/kompozitnaya-cherepica,/krovelnye-materialy
/krovelnye-materialy/konek-dlya-kryshi,/krovelnye-materialy
/krovelnye-materialy/konek-ploskiy-dlya-krovli,/krovelnye-materialy
/krovelnye-materialy/konek-polukruglyy,/krovelnye-materialy
/krovelnye-materialy/krasnaya-metallocherepica,/krovelnye-materialy
/krovelnye-materialy/krovelnyy-ventil,/krovelnye-materialy
/krovelnye-materialy/lamontera-h-metallocherepica,/krovelnye-materialy
/krovelnye-materialy/metallocherepica-0-5-mm,/krovelnye-materialy
/krovelnye-materialy/metallocherepica-finskaya,/krovelnye-materialy
/krovelnye-materialy/metallocherepica-grafit,/krovelnye-materialy
/krovelnye-materialy/metallocherepica-kameya,/krovelnye-materialy
/krovelnye-materialy/metallocherepica-kaskad,/krovelnye-materialy
/krovelnye-materialy/metallocherepica-klassik,/krovelnye-materialy
/krovelnye-materialy/metallocherepica-korichnevaya,/krovelnye-materialy
/krovelnye-materialy/metallocherepica-krasnoe-vino,/krovelnye-materialy
/krovelnye-materialy/metallocherepica-kredo,/krovelnye-materialy
/krovelnye-materialy/metallocherepica-kvinta-plyus,/krovelnye-materialy
/krovelnye-materialy/metallocherepica-lamonterra,/krovelnye-materialy
/krovelnye-materialy/metallocherepica-matovaya,/krovelnye-materialy
/krovelnye-materialy/metallocherepica-montekristo,/krovelnye-materialy
/krovelnye-materialy/metallocherepica-monterosso,/krovelnye-materialy
/krovelnye-materialy/metallocherepica-ral-6005,/krovelnye-materialy
/krovelnye-materialy/metallocherepica-ral-7024,/krovelnye-materialy
/krovelnye-materialy/metallocherepica-ral-8017,/krovelnye-materialy
/krovelnye-materialy/metallocherepica-ral-8019,/krovelnye-materialy
/krovelnye-materialy/metallocherepica-ral-9003,/krovelnye-materialy
/krovelnye-materialy/metallocherepica-rr32,/krovelnye-materialy
/krovelnye-materialy/metallocherepica-satin,/krovelnye-materialy
/krovelnye-materialy/metallocherepica-seraya,/krovelnye-materialy
/krovelnye-materialy/metallocherepica-size-0-7,/krovelnye-materialy
/krovelnye-materialy/metallocherepica-size-0-8,/krovelnye-materialy
/krovelnye-materialy/metallocherepica-zelenaya,/krovelnye-materialy
/krovelnye-materialy/metalloshifer,/krovelnye-materialy
/krovelnye-materialy/myagkaya-krovlya,/krovelnye-materialy
/krovelnye-materialy/myagkaya-krovlya-katepal,/krovelnye-materialy
/krovelnye-materialy/myagkaya-krovlya-korichnevaya,/krovelnye-materialy
/krovelnye-materialy/myagkaya-krovlya-shinglas,/krovelnye-materialy
/krovelnye-materialy/myagkaya-krovlya-shinglas-kantri,/krovelnye-materialy
/krovelnye-materialy/myagkaya-krovlya-shinglas-rancho,/krovelnye-materialy
/krovelnye-materialy/myagkaya-krovlya-tehnonikol,/krovelnye-materialy
/krovelnye-materialy/myagkaya-krovlya-zelenaya,/krovelnye-materialy
/krovelnye-materialy/ondulin,/krovelnye-materialy
/krovelnye-materialy/profnastil-ral-5005,/krovelnye-materialy
/krovelnye-materialy/profnastil-ral-8017,/krovelnye-materialy
/krovelnye-materialy/prohodnoy-element-dlya-krovli,/krovelnye-materialy
/krovelnye-materialy/shifer-metallicheskiy-ocinkovannyy,/krovelnye-materialy
/krovelnye-materialy/sinyaya-metallocherepica,/krovelnye-materialy
/krovelnye-materialy/ventilyacionnaya-truba,/krovelnye-materialy
/krovelnye-materialy/ventilyacionnyy-lyuk,/krovelnye-materialy
/krovelnye-materialy/ventilyacionnyy-vyhod,/krovelnye-materialy
/krovelnye-materialy/ventilyator-krovelnyy,/krovelnye-materialy
/krug/krug-olovyannyy,/krug
/krug/svincovyy-krug,/krug
/l-obraznyy-profil,
/latun/chushka-latunnaya,/latun
/latun/folga-latunnaya,/latun
/latun/katanka-latunnaya,/latun
/latun/klapany-latunnye,/latun
/latun/kran-latunnyy,/latun
/latun/krug-latunnyy,/latun
/latun/krug-latunnyy-ls58-3,/latun
/latun/kvadrat-latunnyy,/latun
/latun/latunnaya-profilnaya-truba,/latun
/latun/latunnyy-poroshok,/latun
/latun/latunnyy-slitok,/latun
/latun/lenta-latunnaya,/latun
/latun/list-latunnyy,/latun
/latun/list-latunnyy-1-mm,/latun
/latun/plita-latunnaya,/latun
/latun/polosa-latunnaya,/latun
/latun/provoloka-latunnaya,/latun
/latun/prutok-latunnyy,/latun
/latun/setka-latunnaya,/latun
/latun/sgon-latunnyy,/latun
/latun/shayba-latunnaya,/latun
/latun/shestigrannik-latunnyy,/latun
/latun/shtucer-latunnyy,/latun
/latun/troynik-latunnyy,/latun
/latun/truba-latunnaya,/latun
/latun/truba-latunnaya-55-mm,/latun
/latun/truba-latunnaya-stal-lamsh-77-2-0-05,/latun
/latun/truba-latunnaya-stal-lo70-1,/latun
/latun/ugolnik-latunnyy,/latun
/latun/ugolok-latunnyy,/latun
/latun/vtulka-latunnaya,/latun
/latun/zadvizhki-latunnye,/latun
/latun/zaglushka-latunnaya,/latun
/lenta/lenta-holodnokatanaya,/lenta
/lenta/lenta-stalnaya-upakovochnaya-05h20-mm,/lenta
/lenta/lenta-stalnaya-upakovochnaya-07h20-mm,/lenta
/ligatura,
/list-alyuminievyy/dyuralevyy-list,/list-alyuminievyy
/list-precizionnyy,
/list-prosechno-vytyazhnoy-pvl-406,
/list-prosechno-vytyazhnoy-pvl-506,
/list/bimetallicheskiy-list,/list
/list/dyuralevyy-list-d16t,/list
/list/gipsovoloknistyy-list-gvl,/list
/list/list-chechevica-3-mm,/list
/list/list-kovanyy,/list
/list/list-metalla-bu,/list
/list/list-ocinkovannyy-1000h2000-mm,/list
/list/list-perforirovannyy-1-5-mm,/list
/list/list-perforirovannyy-2-mm,/list
/list/list-perforirovannyy-4-mm,/list
/list/list-perforirovannyy-rv-5-8,/list
/list/list-prosechno-vytyazhnoy-4-mm,/list
/list/list-prosechno-vytyazhnoy-pvl-206,/list
/list/list-prosechno-vytyazhnoy-pvl-506-1000-mm,/list
/list/list-prosechno-vytyazhnoy-pvl-508,/list
/list/list-prosechno-vytyazhnoy-pvl-510,/list
/list/list-riflenyy-chechevica-5-mm,/list
/list/metalloasbest-list-asbostalnoy,/list
/list/prosechno-vytyazhnoy-list-pvl-408,/list
/list/prosechno-vytyazhnoy-list-pvl-608,/list
/list/prosechno-vytyazhnoy-list-pvl-610,/list
/list/svinec-listovoy,/list
/list/tekstolit-listovoy,/list
/listovye-materialy/csp,/listovye-materialy
/listovye-materialy/csp-10-mm,/listovye-materialy
/listovye-materialy/csp-12-mm,/listovye-materialy
/listovye-materialy/csp-16-mm,/listovye-materialy
/listovye-materialy/csp-20-mm,/listovye-materialy
/listovye-materialy/csp-22-mm,/listovye-materialy
/listovye-materialy/csp-8-mm,/listovye-materialy
/materialy-vsp/bolt-bashmachnyy,/materialy-vsp
/materialy-vsp/bolt-klemmnyy,/materialy-vsp
/materialy-vsp/derevyannye-shpaly,/materialy-vsp
/materialy-vsp/kostyl-zheleznodorozhnyy,/materialy-vsp
/materialy-vsp/nakladka-1r-65,/materialy-vsp
/materialy-vsp/nakladka-2p-65,/materialy-vsp
/materialy-vsp/podkladka-kb-65,/materialy-vsp
/materialy-vsp/shpala-derevyannaya-propitannaya-tip-2,/materialy-vsp
/matovoe-orgsteklo,
/med/anod-mednyy,/med
/med/folga-mednaya,/med
/med/jila-mednaya,/med
/med/kabel-bronirovannyy-mednyy,/med
/med/kabel-silovoy-mednyy,/med
/med/kabel-vvg,/med
/med/kabel-vvg-4h4-kv-mm,/med
/med/kabel-vvgng,/med
/med/kabel-vvgng-5h35-kv-mm,/med
/med/katanka-mednaya,/med
/med/katanka-mednaya-size-8,/med
/med/kran-mednyy,/med
/med/krug-mednyy,/med
/med/kvadrat-mednyy,/med
/med/lenta-mednaya,/med
/med/lenta-mednaya-gost-48-21-854-88,/med
/med/lenta-mednaya-krovelnaya,/med
/med/lenta-mednaya-m1,/med
/med/list-mednyy-0-5-mm,/med
/med/list-mednyy-1-mm,/med
/med/list-mednyy-2-mm,/med
/med/list-mednyy-gladkiy,/med
/med/list-mednyy-m1,/med
/med/list-mednyy-m1m,/med
/med/med-katodnaya,/med
/med/mednaya-chushka,/med
/med/mednaya-pryamougolnaya-truba,/med
/med/mednaya-shina-30h3-mm,/med
/med/mednaya-trubka-10-mm,/med
/med/mednaya-trubka-8-mm,/med
/med/mednye-truby-dlya-kondicionerov,/med
/med/mednyy-kabel,/med
/med/mednyy-list-3-mm,/med
/med/mednyy-slitok,/med
/med/nakonechnik-mednyy-kabelnyy,/med
/med/nakonechnik-mednyy-luzhenyy-tml,/med
/med/nakonechnik-tml,/med
/med/odnozhilnyy-mednyy-provod,/med
/med/otlivka-mednaya,/med
/med/plita-mednaya,/med
/med/polosa-mednaya,/med
/med/polosa-mednaya-2-mm,/med
/med/poroshok-mednyy,/med
/med/provod-mednyy,/med
/med/provod-mnogozhilnyy-mednyy,/med
/med/provoloka-mednaya,/med
/med/provoloka-mednaya-size-2,/med
/med/prutok-mednyy,/med
/med/pudra-mednaya,/med
/med/setka-mednaya,/med
/med/shaiba-mednaya,/med
/med/shestigrannik-mednyy,/med
/med/shina-mednaya,/med
/med/shina-mednaya-100h10-mm,/med
/med/shina-mednaya-10h120-mm,/med
/med/shina-mednaya-15h3-mm,/med
/med/shina-mednaya-20h3-mm,/med
/med/shina-mednaya-20h4-mm,/med
/med/shina-mednaya-25h3-mm,/med
/med/shina-mednaya-30h4-mm,/med
/med/shina-mednaya-40h3-mm,/med
/med/shina-mednaya-40h4-mm,/med
/med/shina-mednaya-40h5mm,/med
/med/shina-mednaya-50h4-mm,/med
/med/shina-mednaya-50h5-mm,/med
/med/shina-mednaya-60h10-mm,/med
/med/shina-mednaya-60h8-mm,/med
/med/shina-mednaya-izolirovannaya,/med
/med/truba-mednaya-1-1-2,/med
/med/truba-mednaya-1-1-4,/med
/med/truba-mednaya-1-1-8,/med
/med/truba-mednaya-1-2-dyuyma,/med
/med/truba-mednaya-1-3-8,/med
/med/truba-mednaya-1-4-dyuyma,/med
/med/truba-mednaya-12-mm,/med
/med/truba-mednaya-14-mm,/med
/med/truba-mednaya-15-mm,/med
/med/truba-mednaya-16-mm,/med
/med/truba-mednaya-18-mm,/med
/med/truba-mednaya-22-mm,/med
/med/truba-mednaya-22h1-mm,/med
/med/truba-mednaya-28-mm,/med
/med/truba-mednaya-3-4-dyuyma,/med
/med/truba-mednaya-3-8-buhta-50-m,/med
/med/truba-mednaya-3-8-dyuyma,/med
/med/truba-mednaya-3-mm,/med
/med/truba-mednaya-38-mm,/med
/med/truba-mednaya-4-mm,/med
/med/truba-mednaya-5-8-dyuyma,/med
/med/truba-mednaya-5-mm,/med
/med/truba-mednaya-6-35-mm,/med
/med/truba-mednaya-7-8,/med
/med/truba-mednaya-89-mm,/med
/med/truba-mednaya-9-mm,/med
/med/truba-mednaya-cena-za-metr,/med
/med/truba-mednaya-dkrnt,/med
/med/truba-mednaya-gost-52318-2005,/med
/med/truba-mednaya-icg,/med
/med/truba-mednaya-kruglaya,/med
/med/truba-mednaya-kvadratnaya,/med
/med/truba-mednaya-neotozhzhennaya,/med
/med/truba-mednaya-otozhzhennaya,/med
/med/truba-mednaya-profilnaya,/med
/med/truba-mednaya-r220,/med
/med/truba-mednaya-size-38-1x1-9,/med
/med/truba-mednaya-v-buhtah,/med
/med/truby-mednye-hailiang,/med
/med/ugolnik-mednyy,/med
/med/vtulka-mednaya,/med
/med/zaglushka-mednaya,/med
/med/zaklepki-mednye,/med
/metallicheskiy-shifer,
/metallocherepica,
/metallocherepica-andaluziya,
/metallocherepica-monterrey,
/metallocherepica-supermonterrey,
/metalloplastik/krestovina-metalloplastikovaya,/metalloplastik
/metalloplastik/otvod-metalloplastikovyy,/metalloplastik
/metalloplastik/perehod-metalloplastikovyy,/metalloplastik
/metalloplastik/truba-metalloplastikovaya-40-mm,/metalloplastik
/metallorukav,
/metallorukav-20-mm,
/metallorukav-25-mm,
/metallorukav-32-mm,
/metallorukav-dlya-elektroprovodki,
/metallorukav-dlya-kabelya,
/metallorukav-rz-ch,
/metallorukav-rz-cpng,
/metallorukav-s-protyazhkoy,
/metallorukav-v-pvh-izolyacii,
/metallorukav-v-pvh-izolyacii-20-mm,
/metallorukava-iz-nerzhaveyushchey-stali,
/metizy/anker-10h80-mm,/metizy
/metizy/anker-8h60-mm,/metizy
/metizy/anker-dvuhraspornyy,/metizy
/metizy/anker-potolochnyy,/metizy
/metizy/anker-ramnyy,/metizy
/metizy/anker-s-gaykoy,/metizy
/metizy/anker-s-kolcom,/metizy
/metizy/anker-s-kolcom-m10,/metizy
/metizy/anker-stalnoy,/metizy
/metizy/anker-zabivnoy-m8,/metizy
/metizy/ankernyy-bolt-12h120-mm,/metizy
/metizy/ankernyy-bolt-8h100-mm,/metizy
/metizy/ankernyy-bolt-8h65-mm,/metizy
/metizy/ankery-dlya-kirpicha,/metizy
/metizy/ankery-klinovye,/metizy
/metizy/ankery-m10,/metizy
/metizy/ankery-m12,/metizy
/metizy/ankery-m16,/metizy
/metizy/antivandalnye-vinty,/metizy
/metizy/bolt-a2-70,/metizy
/metizy/bolt-ankernyy-m6,/metizy
/metizy/bolt-bsr-samoankeruyushchiysya-raspornyy,/metizy
/metizy/bolt-din-608-s-potaynoy-golovkoy,/metizy
/metizy/bolt-din-6912-s-flancem,/metizy
/metizy/bolt-din-931,/metizy
/metizy/bolt-din-933,/metizy
/metizy/bolt-din-960,/metizy
/metizy/bolt-din-961,/metizy
/metizy/bolt-fundamentnyy-m24,/metizy
/metizy/bolt-imbus,/metizy
/metizy/bolt-klass-prochnosti-10-9,/metizy
/metizy/bolt-lemeshnyy,/metizy
/metizy/bolt-m10-s-flancem,/metizy
/metizy/bolt-m10h100,/metizy
/metizy/bolt-m10h120,/metizy
/metizy/bolt-m10h170,/metizy
/metizy/bolt-m10h20,/metizy
/metizy/bolt-m10h25,/metizy
/metizy/bolt-m10h30,/metizy
/metizy/bolt-m10h35,/metizy
/metizy/bolt-m10h40,/metizy
/metizy/bolt-m10h50,/metizy
/metizy/bolt-m10h60,/metizy
/metizy/bolt-m10h70,/metizy
/metizy/bolt-m12h1-25,/metizy
/metizy/bolt-m12h100,/metizy
/metizy/bolt-m12h30,/metizy
/metizy/bolt-m12h40,/metizy
/metizy/bolt-m12h50,/metizy
/metizy/bolt-m12h60,/metizy
/metizy/bolt-m16h120,/metizy
/metizy/bolt-m16h50,/metizy
/metizy/bolt-m16h60,/metizy
/metizy/bolt-m16h70,/metizy
/metizy/bolt-m16h80,/metizy
/metizy/bolt-m16h90,/metizy
/metizy/bolt-m2,/metizy
/metizy/bolt-m20h100,/metizy
/metizy/bolt-m20h120,/metizy
/metizy/bolt-m20h200-vysokoprochnyy,/metizy
/metizy/bolt-m20h260,/metizy
/metizy/bolt-m20h60,/metizy
/metizy/bolt-m20h80,/metizy
/metizy/bolt-m20h90,/metizy
/metizy/bolt-m24h90,/metizy
/metizy/bolt-m3,/metizy
/metizy/bolt-m36,/metizy
/metizy/bolt-m5,/metizy
/metizy/bolt-m5-pod-shestigrannik,/metizy
/metizy/bolt-m6-s-flancem,/metizy
/metizy/bolt-m6h10,/metizy
/metizy/bolt-m6h12,/metizy
/metizy/bolt-m6h120,/metizy
/metizy/bolt-m6h16,/metizy
/metizy/bolt-m6h25,/metizy
/metizy/bolt-m6h30,/metizy
/metizy/bolt-m6h40,/metizy
/metizy/bolt-m6h45,/metizy
/metizy/bolt-m8h100,/metizy
/metizy/bolt-m8h120,/metizy
/metizy/bolt-m8h30,/metizy
/metizy/bolt-m8h35,/metizy
/metizy/bolt-m8h45,/metizy
/metizy/bolt-m8h50,/metizy
/metizy/bolt-m8h60,/metizy
/metizy/bolt-m8h70,/metizy
/metizy/bolt-mebelnyy-din-603-s-polukrugloy-golovkoy,/metizy
/metizy/bolt-mebelnyy-m10,/metizy
/metizy/bolt-mebelnyy-m6,/metizy
/metizy/bolt-mebelnyy-nerzhaveyushchiy,/metizy
/metizy/bolt-mebelnyy-s-usom,/metizy
/metizy/bolt-nerzhaveyushchiy-m10,/metizy
/metizy/bolt-nerzhaveyushchiy-m12,/metizy
/metizy/bolt-nerzhaveyushchiy-m5,/metizy
/metizy/bolt-nerzhaveyushchiy-m8,/metizy
/metizy/bolt-plastikovyy,/metizy
/metizy/bolt-privarnoy-din-32501,/metizy
/metizy/bolt-s-flancem-m6h20,/metizy
/metizy/bolt-s-shestigrannoy-golovkoy,/metizy
/metizy/bolty-dyuymovye,/metizy
/metizy/bolty-klass-prochnosti-8-8,/metizy
/metizy/bolty-mebelnye,/metizy
/metizy/bolty-nerzhaveyushchie,/metizy
/metizy/bolty-noriynye,/metizy
/metizy/bolty-ocinkovannye,/metizy
/metizy/bolty-otkidnye,/metizy
/metizy/bolty-vysokoprochnye,/metizy
/metizy/bolty-vysokoprochnye-m10,/metizy
/metizy/canga,/metizy
/metizy/dyubel-babochka,/metizy
/metizy/dyubel-dlya-gipsokartona,/metizy
/metizy/dyubel-dlya-kirpichnoy-steny,/metizy
/metizy/dyubel-dlya-pustotelyh-konstrukciy,/metizy
/metizy/dyubel-fasadnyy,/metizy
/metizy/dyubel-gvozd,/metizy
/metizy/dyubel-gvozd-6h40-mm,/metizy
/metizy/dyubel-gvozd-6h60-mm,/metizy
/metizy/dyubel-gvozd-6h80-mm,/metizy
/metizy/dyubel-homut,/metizy
/metizy/dyubel-kryuchok,/metizy
/metizy/dyubel-metallicheskiy,/metizy
/metizy/dyubel-neylonovyy,/metizy
/metizy/dyubel-polipropilenovyy,/metizy
/metizy/dyubel-raspornyy,/metizy
/metizy/dyubel-stalnoy,/metizy
/metizy/fiksator-armatury,/metizy
/metizy/fiksator-armatury-stulchik,/metizy
/metizy/fiksator-dlya-armatury-zvezdochka,/metizy
/metizy/finishnye-gvozdi,/metizy
/metizy/futorka-1-2h3-4,/metizy
/metizy/gayki-iz-nerzhaveyushchey-stali,/metizy
/metizy/gvozdi,/metizy
/metizy/gvozdi-100-mm,/metizy
/metizy/gvozdi-120-mm,/metizy
/metizy/gvozdi-150-mm,/metizy
/metizy/gvozdi-20-mm,/metizy
/metizy/gvozdi-200-mm,/metizy
/metizy/gvozdi-25-mm,/metizy
/metizy/gvozdi-30-mm,/metizy
/metizy/gvozdi-300-mm,/metizy
/metizy/gvozdi-40-mm,/metizy
/metizy/gvozdi-45-mm,/metizy
/metizy/gvozdi-4h100-mm,/metizy
/metizy/gvozdi-50-mm,/metizy
/metizy/gvozdi-60-mm,/metizy
/metizy/gvozdi-70-mm,/metizy
/metizy/gvozdi-8-mm,/metizy
/metizy/gvozdi-80-mm,/metizy
/metizy/gvozdi-90-mm,/metizy
/metizy/gvozdi-barabannye,/metizy
/metizy/gvozdi-ershennye-ocinkovannye,/metizy
/metizy/gvozdi-ershenye,/metizy
/metizy/gvozdi-ocinkovannye,/metizy
/metizy/gvozdi-ocinkovannye-50-mm,/metizy
/metizy/gvozdi-shifernye,/metizy
/metizy/gvozdi-stroitelnye,/metizy
/metizy/gvozdi-tolevye,/metizy
/metizy/homut,/metizy
/metizy/homut-chervyachnyy,/metizy
/metizy/homut-krepezhnyy,/metizy
/metizy/homut-metallicheskiy-s-gaykoy,/metizy
/metizy/homut-montazhnyy,/metizy
/metizy/homut-pruzhinnyy,/metizy
/metizy/homut-remontnyy,/metizy
/metizy/homut-silovoy-odnoboltovyy,/metizy
/metizy/homut-sprinklernyy,/metizy
/metizy/homut-trubnyy,/metizy
/metizy/homut-trubnyy-s-gaykoy,/metizy
/metizy/homuty-obzhimnye-metallicheskie,/metizy
/metizy/kamlok-alyuminievyy,/metizy
/metizy/klyaymery,/metizy
/metizy/krovelnye-gvozdi,/metizy
/metizy/kryuk-shurup,/metizy
/metizy/latunnaya-shpilka,/metizy
/metizy/latunnye-bolty,/metizy
/metizy/oksidirovannyy-bolt,/metizy
/metizy/opora-brusa,/metizy
/metizy/perforirovannaya-plastina,/metizy
/metizy/plastikovye-bolty-m6,/metizy
/metizy/podves-pryamoy,/metizy
/metizy/potaynye-gvozdi,/metizy
/metizy/rezba,/metizy
/metizy/rezbovye-zaklepki,/metizy
/metizy/rym-bolt-m10,/metizy
/metizy/rym-bolt-m12,/metizy
/metizy/rym-bolt-m16,/metizy
/metizy/rym-bolt-m20,/metizy
/metizy/rym-bolt-m6,/metizy
/metizy/rym-bolt-m8,/metizy
/metizy/rym-bolt-s-povorotnoy-petley,/metizy
/metizy/rym-bolty-din-580,/metizy
/metizy/samorez-2-2-mm,/metizy
/metizy/samorez-5-5-mm,/metizy
/metizy/samorez-chernyy,/metizy
/metizy/samorez-klop,/metizy
/metizy/samorez-konstrukcionnyy,/metizy
/metizy/samorez-krovelnyy-5-5-mm,/metizy
/metizy/samorez-okonnyy,/metizy
/metizy/samorez-po-derevu-75-mm,/metizy
/metizy/samorez-po-metallu-s-pressshayboy,/metizy
/metizy/samorez-s-potaynoy-golovkoy,/metizy
/metizy/samorez-s-pressshayboy,/metizy
/metizy/samorez-s-pressshayboy-so-sverlom,/metizy
/metizy/samorez-so-sverlom,/metizy
/metizy/samorezy,/metizy
/metizy/samorezy-dlya-gipsokartona,/metizy
/metizy/samorezy-dlya-plastika,/metizy
/metizy/samorezy-dlya-proflista-po-metallu,/metizy
/metizy/samorezy-dlya-sendvich-paneley,/metizy
/metizy/samorezy-krovelnye,/metizy
/metizy/samorezy-krovelnye-po-metallu-so-sverlom,/metizy
/metizy/samorezy-ocinkovannye,/metizy
/metizy/samorezy-po-derevu,/metizy
/metizy/samorezy-po-derevu-20-mm,/metizy
/metizy/samorezy-po-derevu-dlinnye,/metizy
/metizy/samorezy-po-metallu,/metizy
/metizy/shayba-grover,/metizy
/metizy/shayba-grover-m6,/metizy
/metizy/shayba-grover-m8,/metizy
/metizy/shayba-grovernaya-m10,/metizy
/metizy/shayba-kuzovnaya,/metizy
/metizy/shayba-kuzovnaya-m10,/metizy
/metizy/shayba-kuzovnaya-m5,/metizy
/metizy/shayba-kuzovnaya-m6,/metizy
/metizy/shayba-kuzovnaya-m8,/metizy
/metizy/shayba-m10,/metizy
/metizy/shayba-m12,/metizy
/metizy/shayba-m16,/metizy
/metizy/shayba-m20,/metizy
/metizy/shayba-m22,/metizy
/metizy/shayba-m27,/metizy
/metizy/shayba-m6,/metizy
/metizy/shayba-m8,/metizy
/metizy/shayba-m8-usilennaya,/metizy
/metizy/shayba-ocinkovannaya,/metizy
/metizy/shayba-ocinkovannaya-m16,/metizy
/metizy/shayba-stopornaya,/metizy
/metizy/shayba-stopornaya-m6,/metizy
/metizy/shayba-tarelchataya,/metizy
/metizy/shayby-m24,/metizy
/metizy/shayby-metallicheskie,/metizy
/metizy/shayby-pruzhinnye-m10,/metizy
/metizy/shayby-s-rezinovoy-prokladkoy,/metizy
/metizy/shpilka-400-mm,/metizy
/metizy/shpilka-klass-prochnosti-8-8,/metizy
/metizy/shpilka-m10,/metizy
/metizy/shpilka-m10-nerzhaveyka,/metizy
/metizy/shpilka-m10h1000-mm,/metizy
/metizy/shpilka-m10h2000,/metizy
/metizy/shpilka-m12,/metizy
/metizy/shpilka-m12h1000-mm,/metizy
/metizy/shpilka-m12h2000-mm,/metizy
/metizy/shpilka-m14,/metizy
/metizy/shpilka-m16,/metizy
/metizy/shpilka-m18,/metizy
/metizy/shpilka-m20,/metizy
/metizy/shpilka-m20h1000-mm,/metizy
/metizy/shpilka-m22,/metizy
/metizy/shpilka-m24,/metizy
/metizy/shpilka-m27,/metizy
/metizy/shpilka-m3,/metizy
/metizy/shpilka-m30,/metizy
/metizy/shpilka-m30h1000-mm,/metizy
/metizy/shpilka-m36,/metizy
/metizy/shpilka-m4,/metizy
/metizy/shpilka-m5,/metizy
/metizy/shpilka-m6,/metizy
/metizy/shpilka-m8-ocinkovannaya,/metizy
/metizy/shpilka-m8-rezbovaya,/metizy
/metizy/shpilka-m8h1000-mm,/metizy
/metizy/shpilka-m8h2000-mm,/metizy
/metizy/shpilka-nerzhaveyushchaya,/metizy
/metizy/shpilka-nerzhaveyushchaya-m12,/metizy
/metizy/shpilka-nerzhaveyushchaya-m16,/metizy
/metizy/shpilka-nerzhaveyushchaya-m5,/metizy
/metizy/shpilka-nerzhaveyushchaya-m6,/metizy
/metizy/shpilka-nerzhaveyushchaya-m8,/metizy
/metizy/shpilka-perehodnaya,/metizy
/metizy/shpilka-plastikovaya,/metizy
/metizy/shpilka-polnorezbovaya,/metizy
/metizy/shpilka-privarnaya-rezbovaya,/metizy
/metizy/shpilka-rezbovaya-m8,/metizy
/metizy/shpilka-rezbovaya-m8h1000-mm,/metizy
/metizy/shpilka-rezbovaya-ocinkovannaya,/metizy
/metizy/shpilka-s-gaykoy,/metizy
/metizy/shpilka-samorez,/metizy
/metizy/shpilka-santehnicheskaya,/metizy
/metizy/shpilka-santehnicheskaya-m10,/metizy
/metizy/shpilka-santehnicheskaya-m12,/metizy
/metizy/shpilka-santehnicheskaya-m6,/metizy
/metizy/shpilka-santehnicheskaya-m8,/metizy
/metizy/shpilka-santehnicheskaya-m8h160,/metizy
/metizy/shpilka-santehnicheskaya-m8h80,/metizy
/metizy/shpilka-santehnicheskaya-ocinkovannaya,/metizy
/metizy/shpilka-usilennaya-m10,/metizy
/metizy/shpilka-usilennaya-m12,/metizy
/metizy/shpilka-usilennaya-m16,/metizy
/metizy/shpilki-09g2s,/metizy
/metizy/shpilki-dlya-flancevyh-soedineniy,/metizy
/metizy/shpilki-dlya-homutov,/metizy
/metizy/shpilki-rezbovye,/metizy
/metizy/shplint-pruzhinnyy,/metizy
/metizy/shplint-pruzhinnyy-igolchatyy,/metizy
/metizy/shplint-razvodnoy,/metizy
/metizy/shplinty,/metizy
/metizy/shtift-cilindricheskiy,/metizy
/metizy/shtift-metallicheskiy,/metizy
/metizy/shtift-pruzhinnyy,/metizy
/metizy/shurup,/metizy
/metizy/shurup-dlya-sendvich-paneley,/metizy
/metizy/shurup-gluhar,/metizy
/metizy/shurup-gluhar-s-shestigrannoy-golovkoy,/metizy
/metizy/shurup-kostyl,/metizy
/metizy/shurup-mebelnyy,/metizy
/metizy/shurup-po-betonu,/metizy
/metizy/shurup-po-betonu-s-potaynoy-golovkoy,/metizy
/metizy/shurup-putevoy,/metizy
/metizy/shurup-s-kolcom,/metizy
/metizy/shurup-s-shestigrannoy-golovkoy,/metizy
/metizy/shurup-shpilka,/metizy
/metizy/shurup-shpilka-m6,/metizy
/metizy/shurup-shpilka-m8h80,/metizy
/metizy/skoby-stroitelnye,/metizy
/metizy/styazhki-neylonovye,/metizy
/metizy/ustanovochnyy-vint-s-vnutrennim-shestigrannikom,/metizy
/metizy/vint-latunnyy,/metizy
/metizy/vint-m12,/metizy
/metizy/vint-m3,/metizy
/metizy/vint-m5h20-mm,/metizy
/metizy/vint-m6,/metizy
/metizy/vint-m6-s-potaynoy-golovkoy,/metizy
/metizy/vint-m6h12,/metizy
/metizy/vint-m6h16-mm,/metizy
/metizy/vint-m6h20-mm,/metizy
/metizy/vint-m6x30-mm,/metizy
/metizy/vint-mebelnyy,/metizy
/metizy/vint-nerzhaveyushchiy,/metizy
/metizy/vint-polusfera,/metizy
/metizy/vint-s-krestoobraznym-shlicem,/metizy
/metizy/vint-s-pressshayboy,/metizy
/metizy/vint-s-vnutrennim-shestigrannikom,/metizy
/metizy/vint-s-vnutrennim-shestigrannikom-m8,/metizy
/metizy/vint-samonarezayushchiy,/metizy
/metizy/vint-ustanovochnyy,/metizy
/metizy/vintovye-gvozdi,/metizy
/metizy/vinty,/metizy
/metizy/vinty-s-potaynoy-golovkoy,/metizy
/metizy/vysokoprochnaya-shpilka,/metizy
/metizy/zaklepka-a4,/metizy
/metizy/zaklepka-gayka,/metizy
/metizy/zaklepka-rezbovaya-m4,/metizy
/metizy/zaklepka-vytyazhnaya,/metizy
/metizy/zaklepki,/metizy
/mufta-dlya-trub/mufta-1-1-2-dyuyma,/mufta-dlya-trub
/mufta-dlya-trub/mufta-1-1-4,/mufta-dlya-trub
/mufta-dlya-trub/mufta-1-2-dyuyma,/mufta-dlya-trub
/mufta-dlya-trub/mufta-1-2-dyuyma-vnutrennyaya-rezba,/mufta-dlya-trub
/mufta-dlya-trub/mufta-1-2-h1-2,/mufta-dlya-trub
/mufta-dlya-trub/mufta-1-dyuym-stalnaya,/mufta-dlya-trub
/mufta-dlya-trub/mufta-110-mm-kanalizacionnaya,/mufta-dlya-trub
/mufta-dlya-trub/mufta-2-h1,/mufta-dlya-trub
/mufta-dlya-trub/mufta-20-mm-ppr,/mufta-dlya-trub
/mufta-dlya-trub/mufta-3-4-dyuyma,/mufta-dlya-trub
/mufta-dlya-trub/mufta-32-mm-pnd,/mufta-dlya-trub
/mufta-dlya-trub/mufta-32h1-1-2,/mufta-dlya-trub
/mufta-dlya-trub/mufta-40-mm-ppr,/mufta-dlya-trub
/mufta-dlya-trub/mufta-dlya-gofrirovannoy-truby,/mufta-dlya-trub
/mufta-dlya-trub/mufta-elektrosvarnaya,/mufta-dlya-trub
/mufta-dlya-trub/mufta-gebo,/mufta-dlya-trub
/mufta-dlya-trub/mufta-kanalizacionnaya,/mufta-dlya-trub
/mufta-dlya-trub/mufta-kombinirovannaya,/mufta-dlya-trub
/mufta-dlya-trub/mufta-kombinirovannaya-1-1-4,/mufta-dlya-trub
/mufta-dlya-trub/mufta-kompressionnaya,/mufta-dlya-trub
/mufta-dlya-trub/mufta-korsis,/mufta-dlya-trub
/mufta-dlya-trub/mufta-latunnaya,/mufta-dlya-trub
/mufta-dlya-trub/mufta-latunnaya-1-2,/mufta-dlya-trub
/mufta-dlya-trub/mufta-latunnaya-3-4,/mufta-dlya-trub
/mufta-dlya-trub/mufta-obzhimnaya,/mufta-dlya-trub
/mufta-dlya-trub/mufta-perehodnaya,/mufta-dlya-trub
/mufta-dlya-trub/mufta-perehodnaya-latunnaya,/mufta-dlya-trub
/mufta-dlya-trub/mufta-pnd,/mufta-dlya-trub
/mufta-dlya-trub/mufta-pnd-perehodnaya,/mufta-dlya-trub
/mufta-dlya-trub/mufta-pod-kleevoe-soedinenie,/mufta-dlya-trub
/mufta-dlya-trub/mufta-polipropilenovaya-ppr,/mufta-dlya-trub
/mufta-dlya-trub/mufta-protivopozharnaya,/mufta-dlya-trub
/mufta-dlya-trub/mufta-pryamaya,/mufta-dlya-trub
/mufta-dlya-trub/mufta-razemnaya,/mufta-dlya-trub
/mufta-dlya-trub/mufta-razemnaya-1-2,/mufta-dlya-trub
/mufta-dlya-trub/mufta-s-nakidnoy-gaykoy-3-4,/mufta-dlya-trub
/mufta-dlya-trub/mufta-s-naruzhnoy-rezboy,/mufta-dlya-trub
/mufta-dlya-trub/mufta-s-vnutrenney-rezboy,/mufta-dlya-trub
/mufta-dlya-trub/mufta-so-shtucerom,/mufta-dlya-trub
/mufta-dlya-trub/mufta-soedinitelnaya,/mufta-dlya-trub
/mufta-dlya-trub/mufta-soedinitelnaya-1-1-2,/mufta-dlya-trub
/mufta-dlya-trub/mufty-dlya-obsadnyh-trub,/mufta-dlya-trub
/musoroprovod-stroitelnyy,
/nakladka-relsovaya,
/nerzhaveyushchaya-stal/list-zharoprochnyy,/nerzhaveyushchaya-stal
/nerzhaveyushchaya-stal/troynik-nerzhaveyushchiy,/nerzhaveyushchaya-stal
/nerzhaveyushchaya-stal/vtulka-nerzhaveyushchaya,/nerzhaveyushchaya-stal
/nerzhaveyushchiy-metalloprokat/list-nerzhaveyuschij-gost-19904-90,/nerzhaveyushchiy-metalloprokat
/nerzhaveyushchiy-metalloprokat/list-nerzhaveyuschij-gost-5582-75,/nerzhaveyushchiy-metalloprokat
/nerzhaveyushchiy-metalloprokat/list-nerzhaveyuschij-stal-08h18n10,/nerzhaveyushchiy-metalloprokat
/nerzhaveyushchiy-metalloprokat/list-nerzhaveyuschij-stal-12h18n10t-gost-19904-90,/nerzhaveyushchiy-metalloprokat
/nerzhaveyushchiy-metalloprokat/list-nerzhaveyuschij-stal-aisi-304-gost-19903-74,/nerzhaveyushchiy-metalloprokat
/nerzhaveyushchiy-metalloprokat/truba-nerzhaveyuschaya-stal-20h23n18,/nerzhaveyushchiy-metalloprokat
/nerzhaveyushchiy-metalloprokat/truba-nerzhaveyushchaya-aisi-304-gost-9941-81,/nerzhaveyushchiy-metalloprokat
/nippel-1-1-4-dyuyma,
/nippel-1-2-dyuyma,
/nippel-1-2-dyuyma-naruzhnaya-rezba,
/nippel-1-2h1-4-dyuyma,
/nippel-3-4-20-mm,
/nippel-perehodnoy,
/nippel-privarnoy,
/nippel-stalnoy,
/nippel/nippel-1-1-4-h1,/nippel
/nippel/nippel-1-2-h3-4,/nippel
/nippel/nippel-1-2-h3-8,/nippel
/nippel/nippel-1-4,/nippel
/nippel/nippel-2-dyuyma,/nippel
/nippel/nippel-2-h2,/nippel
/nippel/nippel-3-4-h3-4,/nippel
/nippel/nippel-perehodnoy-1-2-h1-4,/nippel
/nippel/nippel-perehodnoy-1-h3-4,/nippel
/opora-dlya-truboprovoda/nepodvizhnye-opory-truboprovodov,/opora-dlya-truboprovoda
/opora-dlya-truboprovoda/opora-homutovaya-dlya-trub,/opora-dlya-truboprovoda
/opora-dlya-truboprovoda/opora-opb2,/opora-dlya-truboprovoda
/opora-podvizhnaya,
/opora-skolzyashchaya,
/orgsteklo,
/orgsteklo-10-mm,
/orgsteklo-4-mm,
/orgsteklo-5-mm,
/orgsteklo-prozrachnoe,
/otopitelnye-pribory/ekrany-dlya-radiatorov,/otopitelnye-pribory
/otopitelnye-pribory/probki-dlya-radiatorov,/otopitelnye-pribory
/otopitelnye-pribory/radiator-alyuminievyy,/otopitelnye-pribory
/otopitelnye-pribory/radiator-alyuminievyy-10-sekciy,/otopitelnye-pribory
/otopitelnye-pribory/radiator-alyuminievyy-350,/otopitelnye-pribory
/otopitelnye-pribory/radiator-alyuminievyy-500,/otopitelnye-pribory
/otopitelnye-pribory/radiator-otopleniya-12-sekciy,/otopitelnye-pribory
/otopitelnye-pribory/radiator-otopleniya-200,/otopitelnye-pribory
/otopitelnye-pribory/radiator-otopleniya-22-tipa,/otopitelnye-pribory
/otopitelnye-pribory/radiator-otopleniya-300,/otopitelnye-pribory
/otopitelnye-pribory/radiator-otopleniya-4-sekcii,/otopitelnye-pribory
/otopitelnye-pribory/radiator-otopleniya-400,/otopitelnye-pribory
/otopitelnye-pribory/radiator-otopleniya-bimetallicheskiy-10-sekciy,/otopitelnye-pribory
/otopitelnye-pribory/radiatory-s-nizhnim-podklyucheniem-alyuminievyy,/otopitelnye-pribory
/otopitelnye-pribory/sekcionnye-radiatory-otopleniya,/otopitelnye-pribory
/otvod-45-gradusov,
/otvod-60-gradusov,
/otvod-90-gradusov,
/otvod-diametrom-100-mm,
/otvod-diametrom-110-mm,
/otvod-diametrom-50-mm,
/otvod-gnutyy,
/otvod-gost-17375-2001,
/otvod-kanalizacionnyy,
/otvod-magistralnogo-truboprovoda,
/otvod-plastikovyy,
/otvod-polietilenovyy-pe,
/otvod-pvh,
/otvod-stalnoy,
/otvod-stalnoy-90-gradusov,
/otvod-v-izolyacii,
/otvod/otvod-108h4-stalnoy-45-gradusov,/otvod
/otvod/otvod-108h6-mm-stalnoy-90-gradusov,/otvod
/otvod/otvod-114-mm,/otvod
/otvod/otvod-15-gradusov-stalnoy,/otvod
/otvod/otvod-159-mm-90-gradusov,/otvod
/otvod/otvod-159h5-mm,/otvod
/otvod/otvod-168-mm,/otvod
/otvod/otvod-20-mm,/otvod
/otvod/otvod-32-mm,/otvod
/otvod/otvod-40-mm,/otvod
/otvod/otvod-45-gradusov-110-mm-npvh,/otvod
/otvod/otvod-45h3-mm,/otvod
/otvod/otvod-48-mm-90-gradusov,/otvod
/otvod/otvod-57h3-mm-90-gradusov,/otvod
/otvod/otvod-90-gradusov-76h3-5-mm,/otvod
/otvod/otvod-90-gradusov-nerzhaveyushchiy,/otvod
/otvod/otvod-bronzovyy,/otvod
/otvod/otvod-chugunnyy-135-gradusov,/otvod
/otvod/otvod-chugunnyy-90-gradusov,/otvod
/otvod/otvod-chugunnyy-flancevyy-90-gradusov,/otvod
/otvod/otvod-chugunnyy-rastrubnyy,/otvod
/otvod/otvod-chugunnyy-sml,/otvod
/otvod/otvod-du-100-mm-stalnoy-90-gradusov,/otvod
/otvod/otvod-elektrosvarnoy,/otvod
/otvod/otvod-elektrosvarnoy-110-mm,/otvod
/otvod/otvod-elektrosvarnoy-30-gradusov,/otvod
/otvod/otvod-elektrosvarnoy-45-gradusov,/otvod
/otvod/otvod-elektrosvarnoy-90-gradusov,/otvod
/otvod/otvod-flancevyy,/otvod
/otvod/otvod-kanalizacionnyy-110-mm,/otvod
/otvod/otvod-kanalizacionnyy-110-mm-15-gradusov,/otvod
/otvod/otvod-kanalizacionnyy-110-mm-30-gradusov,/otvod
/otvod/otvod-kanalizacionnyy-110-mm-45-gradusov,/otvod
/otvod/otvod-kanalizacionnyy-110-mm-67-gradusov,/otvod
/otvod/otvod-kanalizacionnyy-110-mm-90-gradusov,/otvod
/otvod/otvod-kanalizacionnyy-110h50-mm,/otvod
/otvod/otvod-kanalizacionnyy-160-mm,/otvod
/otvod/otvod-kanalizacionnyy-45-gradusov,/otvod
/otvod/otvod-kanalizacionnyy-50-mm,/otvod
/otvod/otvod-kanalizacionnyy-50-mm-45-gradusov,/otvod
/otvod/otvod-kanalizacionnyy-90-gradusov,/otvod
/otvod/otvod-kanalizacionnyy-pvh-110-mm,/otvod
/otvod/otvod-kompressionnyy,/otvod
/otvod/otvod-krutoizognutyy-90-gradusov,/otvod
/otvod/otvod-krutoizognutyy-tip-2d,/otvod
/otvod/otvod-krutoizognutyy-tip-3d,/otvod
/otvod/otvod-latunnyy,/otvod
/otvod/otvod-litoy,/otvod
/otvod/otvod-litoy-45-gradusov,/otvod
/otvod/otvod-litoy-90-gradusov,/otvod
/otvod/otvod-litoy-pe100-sdr17,/otvod
/otvod/otvod-litoy-pnd-pe-100,/otvod
/otvod/otvod-mednyy,/otvod
/otvod/otvod-mednyy-dvuhrastrubnyy,/otvod
/otvod/otvod-nerzhaveyushchiy-10h17n13m2t,/otvod
/otvod/otvod-nerzhaveyushchiy-50-mm-90-gradusov,/otvod
/otvod/otvod-nerzhaveyushchiy-aisi-304-90-gradusov,/otvod
/otvod/otvod-nerzhaveyushchiy-privarnoy,/otvod
/otvod/otvod-npvh,/otvod
/otvod/otvod-ocinkovannyy-108-mm,/otvod
/otvod/otvod-ocinkovannyy-rezbovoy,/otvod
/otvod/otvod-p90,/otvod
/otvod/otvod-pe100-sdr17,/otvod
/otvod/otvod-plastikovyy-160-mm-45-gradusov,/otvod
/otvod/otvod-plastikovyy-160-mm-90-gradusov,/otvod
/otvod/otvod-plastikovyy-25-mm-90-gradusov,/otvod
/otvod/otvod-plastikovyy-32-mm-45-gradusov,/otvod
/otvod/otvod-plastikovyy-63-mm-90-gradusov,/otvod
/otvod/otvod-plastikovyy-90-gradusov,/otvod
/otvod/otvod-pnd,/otvod
/otvod/otvod-pnd-110-mm,/otvod
/otvod/otvod-pnd-32-mm,/otvod
/otvod/otvod-pnd-45-gradusov,/otvod
/otvod/otvod-pnd-pe-100-elektrosvarnoy,/otvod
/otvod/otvod-polipropilenovyy-20-mm,/otvod
/otvod/otvod-polipropilenovyy-25-mm-90-gradusov,/otvod
/otvod/otvod-ppr,/otvod
/otvod/otvod-ppr-32-mm,/otvod
/otvod/otvod-pvh-dvuhrastrubnyy,/otvod
/otvod/otvod-segmentnyy-polietilenovyy,/otvod
/otvod/otvod-shtamposvarnoy,/otvod
/otvod/otvod-stalnoy-09g2s,/otvod
/otvod/otvod-stalnoy-108-mm,/otvod
/otvod/otvod-stalnoy-108h5-mm,/otvod
/otvod/otvod-stalnoy-108h6-mm,/otvod
/otvod/otvod-stalnoy-110-mm,/otvod
/otvod/otvod-stalnoy-125-mm,/otvod
/otvod/otvod-stalnoy-125-mm-90-gradusov,/otvod
/otvod/otvod-stalnoy-133-mm,/otvod
/otvod/otvod-stalnoy-133h4-mm,/otvod
/otvod/otvod-stalnoy-13hfa,/otvod
/otvod/otvod-stalnoy-15-mm,/otvod
/otvod/otvod-stalnoy-159-mm,/otvod
/otvod/otvod-stalnoy-159h6-mm,/otvod
/otvod/otvod-stalnoy-219-mm,/otvod
/otvod/otvod-stalnoy-219h6-mm,/otvod
/otvod/otvod-stalnoy-25-mm,/otvod
/otvod/otvod-stalnoy-273-mm,/otvod
/otvod/otvod-stalnoy-30-gradusov,/otvod
/otvod/otvod-stalnoy-32-mm-90-gradusov,/otvod
/otvod/otvod-stalnoy-325-mm,/otvod
/otvod/otvod-stalnoy-325h8-mm,/otvod
/otvod/otvod-stalnoy-40-mm,/otvod
/otvod/otvod-stalnoy-426-mm,/otvod
/otvod/otvod-stalnoy-45-gradusov,/otvod
/otvod/otvod-stalnoy-530-mm,/otvod
/otvod/otvod-stalnoy-57-mm,/otvod
/otvod/otvod-stalnoy-57h3-5-mm-90-gradusov,/otvod
/otvod/otvod-stalnoy-60-gradusov,/otvod
/otvod/otvod-stalnoy-65-mm-90-gradusov,/otvod
/otvod/otvod-stalnoy-76-mm,/otvod
/otvod/otvod-stalnoy-76-mm-90-gradusov,/otvod
/otvod/otvod-stalnoy-89-mm,/otvod
/otvod/otvod-stalnoy-89h4-mm,/otvod
/otvod/otvod-stalnoy-90-gradusov-50-mm,/otvod
/otvod/otvod-stalnoy-besshovnyy,/otvod
/otvod/otvod-stalnoy-du-50,/otvod
/otvod/otvod-stalnoy-du-65,/otvod
/otvod/otvod-stalnoy-du-80,/otvod
/otvod/otvod-stalnoy-krutoizognutyy-57h4-mm,/otvod
/otvod/otvod-stalnoy-privarnoy,/otvod
/otvod/otvod-stalnoy-s-rezboy,/otvod
/otvod/otvod-universalnyy-110-mm,/otvod
/otvod/otvody-dlya-vodogazoprovodnyh-trub,/otvod
/otvod/otvody-stalnye-krutoizognutye,/otvod
/otvody-ocinkovannye,
/otvody-svarnye,
/p-obraznyy-profil,
/paronit/paronit-armirovannyy,/paronit
/paronit/paronit-kislotostoykiy,/paronit
/paronit/paronit-listovoy,/paronit
/paronit/paronit-listovoy-armirovannyy,/paronit
/paronit/paronit-maslobenzostoykiy,/paronit
/paronit/paronit-pmb,/paronit
/paronit/paronit-pmb-1,/paronit
/paronit/paronit-pon,/paronit
/paronit/paronit-pon-b,/paronit
/paronit/paronitovaya-prokladka,/paronit
/paronit/prokladki-paronitovye-dlya-flancevyh-soedineniy,/paronit
/patrubok-dlya-trub/patrubki-chugunnye-flanec-rastrub,/patrubok-dlya-trub
/patrubok-dlya-trub/patrubok-50-mm,/patrubok-dlya-trub
/patrubok-dlya-trub/patrubok-90-mm,/patrubok-dlya-trub
/patrubok-dlya-trub/patrubok-chugunnyy-flancevyy-100-mm,/patrubok-dlya-trub
/patrubok-dlya-trub/patrubok-flancevyy-vchshg,/patrubok-dlya-trub
/patrubok-dlya-trub/patrubok-gofrirovannyy,/patrubok-dlya-trub
/patrubok-dlya-trub/patrubok-kanalizacionnyy-50-mm,/patrubok-dlya-trub
/patrubok-dlya-trub/patrubok-kompensacionnyy-50-mm,/patrubok-dlya-trub
/patrubok-dlya-trub/patrubok-konicheskiy,/patrubok-dlya-trub
/patrubok-dlya-trub/patrubok-nakladka,/patrubok-dlya-trub
/patrubok-dlya-trub/patrubok-pfg-100-mm,/patrubok-dlya-trub
/patrubok-dlya-trub/patrubok-pfg-150-mm,/patrubok-dlya-trub
/patrubok-dlya-trub/patrubok-plastikovyy,/patrubok-dlya-trub
/patrubok-dlya-trub/patrubok-rezbovoy,/patrubok-dlya-trub
/patrubok-dlya-trub/patrubok-s-flancem,/patrubok-dlya-trub
/patrubok-dlya-trub/patrubok-silikonovyy,/patrubok-dlya-trub
/patrubok-dlya-trub/patrubok-silikonovyy-45-mm,/patrubok-dlya-trub
/patrubok-dlya-trub/patrubok-silikonovyy-gofrirovannyy,/patrubok-dlya-trub
/patrubok-dlya-trub/patrubok-soedinitelnyy,/patrubok-dlya-trub
/patrubok-dlya-trub/patrubok-uglovoy,/patrubok-dlya-trub
/patrubok-flancevyy,
/patrubok-kanalizacionnyy,
/patrubok-kompensacionnyy,
/patrubok-perehodnoy,
/patrubok-stalnoy,
/penkovaya-verevka,
/perehodnik-dlya-trub/perehod-1-h1-1-4,/perehodnik-dlya-trub
/perehodnik-dlya-trub/perehod-1-h1-2,/perehodnik-dlya-trub
/perehodnik-dlya-trub/perehod-110h90-mm,/perehodnik-dlya-trub
/perehodnik-dlya-trub/perehod-159-mm,/perehodnik-dlya-trub
/perehodnik-dlya-trub/perehod-159h108-mm,/perehodnik-dlya-trub
/perehodnik-dlya-trub/perehod-200-mm,/perehodnik-dlya-trub
/perehodnik-dlya-trub/perehod-200h160-mm,/perehodnik-dlya-trub
/perehodnik-dlya-trub/perehod-20h15-mm,/perehodnik-dlya-trub
/perehodnik-dlya-trub/perehod-3-4,/perehodnik-dlya-trub
/perehodnik-dlya-trub/perehod-3-4-h1-2,/perehodnik-dlya-trub
/perehodnik-dlya-trub/perehod-50h40-mm,/perehodnik-dlya-trub
/perehodnik-dlya-trub/perehod-chugunnyy-flancevyy,/perehodnik-dlya-trub
/perehodnik-dlya-trub/perehod-elektrosvarnoy,/perehodnik-dlya-trub
/perehodnik-dlya-trub/perehod-koncentricheskiy-ocinkovannyy,/perehodnik-dlya-trub
/perehodnik-dlya-trub/perehod-mednyy,/perehodnik-dlya-trub
/perehodnik-dlya-trub/perehod-ocinkovannyy,/perehodnik-dlya-trub
/perehodnik-dlya-trub/perehod-polipropilenovyy-110h50-mm,/perehodnik-dlya-trub
/perehodnik-dlya-trub/perehod-stalnoy-09g2s,/perehodnik-dlya-trub
/perehodnik-dlya-trub/perehod-stalnoy-108h89-mm,/perehodnik-dlya-trub
/perehodnik-dlya-trub/perehod-stalnoy-20-mm,/perehodnik-dlya-trub
/perehodnik-dlya-trub/perehod-stalnoy-200h100-mm,/perehodnik-dlya-trub
/perehodnik-dlya-trub/perehod-stalnoy-25h15-mm,/perehodnik-dlya-trub
/perehodnik-dlya-trub/perehod-stalnoy-25h20-mm,/perehodnik-dlya-trub
/perehodnik-dlya-trub/perehod-stalnoy-32h25-mm,/perehodnik-dlya-trub
/perehodnik-dlya-trub/perehod-stalnoy-50h32-mm,/perehodnik-dlya-trub
/perehodnik-dlya-trub/perehod-stalnoy-ekscentricheskiy,/perehodnik-dlya-trub
/perehodnik-dlya-trub/perehod-stalnoy-flancevyy,/perehodnik-dlya-trub
/perehodnik-dlya-trub/perehod-stalnoy-privarnoy,/perehodnik-dlya-trub
/perehodnik-dlya-trub/perehodnik-1-1-2,/perehodnik-dlya-trub
/perehodnik-dlya-trub/perehodnik-1-1-2-h1,/perehodnik-dlya-trub
/perehodnik-dlya-trub/perehodnik-1-1-4,/perehodnik-dlya-trub
/perehodnik-dlya-trub/perehodnik-1-1-4-h1,/perehodnik-dlya-trub
/perehodnik-dlya-trub/perehodnik-1-2,/perehodnik-dlya-trub
/perehodnik-dlya-trub/perehodnik-1-2-h3-4,/perehodnik-dlya-trub
/perehodnik-dlya-trub/perehodnik-100-mm,/perehodnik-dlya-trub
/perehodnik-dlya-trub/perehodnik-110-mm,/perehodnik-dlya-trub
/perehodnik-dlya-trub/perehodnik-150-mm,/perehodnik-dlya-trub
/perehodnik-dlya-trub/perehodnik-20-mm,/perehodnik-dlya-trub
/perehodnik-dlya-trub/perehodnik-25-mm-1-dyuym,/perehodnik-dlya-trub
/perehodnik-dlya-trub/perehodnik-3-4-h3-4,/perehodnik-dlya-trub
/perehodnik-dlya-trub/perehodnik-32-mm,/perehodnik-dlya-trub
/perehodnik-dlya-trub/perehodnik-40-mm,/perehodnik-dlya-trub
/perehodnik-dlya-trub/perehodnik-50-mm-2-dyuyma,/perehodnik-dlya-trub
/perehodnik-dlya-trub/perehodnik-kanalizacionnyy-110h50-mm,/perehodnik-dlya-trub
/perehodnik-dlya-trub/perehodnik-rezbovoy,/perehodnik-dlya-trub
/perehodnik-dlya-trub/perehodniki-latunnye,/perehodnik-dlya-trub
/perehodnik-ekscentricheskiy,
/perehodnik-kanalizacionnyy,
/perehodnik-koncentricheskiy,
/perehodnik-plastikovyy,
/perehodnik-pryamoy,
/perehodnik-s-naruzhnoy-rezboy,
/perehodnik-stalnoy,
/plastik/abs-plastik,/plastik
/plastik/belaya-polipropilenovaya-truba,/plastik
/plastik/drenazhnaya-truba-plastikovaya,/plastik
/plastik/flanec-plastikovyy,/plastik
/plastik/flanec-pnd,/plastik
/plastik/flanec-polietilenovyy-pe,/plastik
/plastik/ftoroplast-listovoy,/plastik
/plastik/ftoroplast-listovoy-f-4,/plastik
/plastik/ftoroplastovaya-trubka,/plastik
/plastik/getinaks-listovoy,/plastik
/plastik/gofrirovannaya-pvh-truba-20-mm,/plastik
/plastik/kanat-poliamidnyy,/plastik
/plastik/kanat-polipropilenovyy,/plastik
/plastik/kaprolon-grafitonapolnennyy,/plastik
/plastik/kaprolon-listovoy,/plastik
/plastik/kaprolon-maslonapolnennyy,/plastik
/plastik/kaprolon-plita,/plastik
/plastik/klapan-plastikovyy,/plastik
/plastik/kolco-metalloplastikovoe,/plastik
/plastik/kolco-polipropilenovoe,/plastik
/plastik/kolco-pvh,/plastik
/plastik/koleno-polietilenovoe,/plastik
/plastik/koleno-polipropilenovoe,/plastik
/plastik/koleno-pvh,/plastik
/plastik/kran-plastikovyy,/plastik
/plastik/kran-polietilenovyy-pe,/plastik
/plastik/kran-polipropilenovyy,/plastik
/plastik/krestovina-pnd,/plastik
/plastik/krestovina-polietilenovaya,/plastik
/plastik/krestovina-polipropilenovaya,/plastik
/plastik/krestovina-pvh,/plastik
/plastik/krug-polietilenovyy,/plastik
/plastik/list-pnd,/plastik
/plastik/list-polipropilenovyy,/plastik
/plastik/list-pvh-10-mm,/plastik
/plastik/list-pvh-3-mm,/plastik
/plastik/list-pvh-5-mm,/plastik
/plastik/list-pvh-8-mm,/plastik
/plastik/listy-iz-orgstekla,/plastik
/plastik/metalloplastikovye-truby-dlya-otopleniya,/plastik
/plastik/metalloplastikovyy-troynik,/plastik
/plastik/mikanit-listovoy,/plastik
/plastik/monolitnyy-polikarbonat,/plastik
/plastik/monolitnyy-polikarbonat-4-mm,/plastik
/plastik/mufta-polietilenovaya-pe-pnd,/plastik
/plastik/mufta-polipropilenovaya-pp,/plastik
/plastik/mufta-pvh,/plastik
/plastik/obsadnaya-truba-npvh,/plastik
/plastik/opora-plastikovaya,/plastik
/plastik/opora-polietilenovaya,/plastik
/plastik/opora-polipropilenovaya,/plastik
/plastik/opora-pvh,/plastik
/plastik/orgsteklo-sterzhen,/plastik
/plastik/otvod-polipropilenovyy,/plastik
/plastik/perehod-polietilenovyy,/plastik
/plastik/perehod-polipropilenovyy,/plastik
/plastik/perehod-pvh,/plastik
/plastik/pet-plastik-listovoy,/plastik
/plastik/poliacetal-listovoy,/plastik
/plastik/poliamid-pa-6-sterzhen,/plastik
/plastik/polietilen-listovoy,/plastik
/plastik/polietilenovye-kolca,/plastik
/plastik/polietilenovye-truby-dlya-vodoprovoda,/plastik
/plastik/polikarbonat,/plastik
/plastik/polikarbonat-prozrachnyy-listovoy,/plastik
/plastik/polikarbonat-prozrachnyy-listovoy-monolitnyy,/plastik
/plastik/polikarbonat-sterzhen,/plastik
/plastik/polipropilenovye-truby-bolshogo-diametra,/plastik
/plastik/polipropilenovye-truby-kontur,/plastik
/plastik/polipropilenovye-truby-politek,/plastik
/plastik/poliuretan-listovoy,/plastik
/plastik/polosa-poliuretanovaya,/plastik
/plastik/profilirovannyy-polikarbonat,/plastik
/plastik/protivopozharnye-polipropilenovye-truby,/plastik
/plastik/prozrachnyy-shifer,/plastik
/plastik/pvh-trubka,/plastik
/plastik/rukav-pvh,/plastik
/plastik/sedelka-110-mm-na-polietilenovuyu-trubu,/plastik
/plastik/sedelka-32-mm-pnd,/plastik
/plastik/sedelka-dlya-truby-pnd-200-mm,/plastik
/plastik/sedelka-pnd,/plastik
/plastik/setka-sadovaya-plastikovaya,/plastik
/plastik/shtucer-plastikovyy,/plastik
/plastik/shtucer-polipropilenovyy,/plastik
/plastik/stekloplastikovaya-truba,/plastik
/plastik/steklotekstolit-listovoy,/plastik
/plastik/sterzhen-pvh,/plastik
/plastik/troynik-plastikovyy,/plastik
/plastik/troynik-pnd,/plastik
/plastik/troynik-polietilenovyy,/plastik
/plastik/troynik-polipropilenovyy,/plastik
/plastik/troynik-pvh,/plastik
/plastik/truba-drenazhnaya-pnd,/plastik
/plastik/truba-drenazhnaya-polietilenovaya,/plastik
/plastik/truba-drenazhnaya-polipropilenovaya,/plastik
/plastik/truba-drenazhnaya-pvh,/plastik
/plastik/truba-gladkaya-zhestkaya-pvh,/plastik
/plastik/truba-gofrirovannaya-pvh,/plastik
/plastik/truba-hpvh-16-mm-npvh,/plastik
/plastik/truba-hpvh-20-mm-npvh,/plastik
/plastik/truba-hpvh-25-mm-npvh,/plastik
/plastik/truba-iz-orgstekla,/plastik
/plastik/truba-iz-sshitogo-polietilena-16-mm,/plastik
/plastik/truba-iz-sshitogo-polietilena-rehau,/plastik
/plastik/truba-iz-sshitogo-polietilena-s-alyuminievym-sloem,/plastik
/plastik/truba-kanalizacionnaya-plastikovaya,/plastik
/plastik/truba-kanalizacionnaya-polietilenovaya,/plastik
/plastik/truba-kanalizacionnaya-polipropilenovaya,/plastik
/plastik/truba-kanalizacionnaya-pvh,/plastik
/plastik/truba-npvh,/plastik
/plastik/truba-npvh-125,/plastik
/plastik/truba-obsadnaya-npvh-125-mm,/plastik
/plastik/truba-pe-100,/plastik
/plastik/truba-pe-110-mm-sdr-11,/plastik
/plastik/truba-pe-160,/plastik
/plastik/truba-pe-225-mm,/plastik
/plastik/truba-pe-225h20-5-mm,/plastik
/plastik/truba-pe-63,/plastik
/plastik/truba-pe-xa-16x2-2-mm,/plastik
/plastik/truba-pe100-sdr-17,/plastik
/plastik/truba-pnd,/plastik
/plastik/truba-pnd-1-dyuym,/plastik
/plastik/truba-pnd-100-metrov,/plastik
/plastik/truba-pnd-1000-mm,/plastik
/plastik/truba-pnd-110-mm,/plastik
/plastik/truba-pnd-110h6-6-mm,/plastik
/plastik/truba-pnd-125-mm,/plastik
/plastik/truba-pnd-140-mm,/plastik
/plastik/truba-pnd-16-mm,/plastik
/plastik/truba-pnd-160-mm,/plastik
/plastik/truba-pnd-20-mm,/plastik
/plastik/truba-pnd-25-mm,/plastik
/plastik/truba-pnd-250-mm,/plastik
/plastik/truba-pnd-315-mm,/plastik
/plastik/truba-pnd-32-mm,/plastik
/plastik/truba-pnd-32-mm-gazovaya,/plastik
/plastik/truba-pnd-32h3-mm,/plastik
/plastik/truba-pnd-355-mm,/plastik
/plastik/truba-pnd-40-mm,/plastik
/plastik/truba-pnd-400-mm,/plastik
/plastik/truba-pnd-50-mm,/plastik
/plastik/truba-pnd-50-mm-50-metrov,/plastik
/plastik/truba-pnd-500-mm,/plastik
/plastik/truba-pnd-63-mm,/plastik
/plastik/truba-pnd-630-mm,/plastik
/plastik/truba-pnd-75-mm,/plastik
/plastik/truba-pnd-800-mm,/plastik
/plastik/truba-pnd-90-mm,/plastik
/plastik/truba-pnd-chernaya,/plastik
/plastik/truba-pnd-dlya-kabelya,/plastik
/plastik/truba-pnd-dlya-vody,/plastik
/plastik/truba-pnd-dvustennaya-dvuhsloynaya,/plastik
/plastik/truba-pnd-dvustennaya-gofrirovannaya,/plastik
/plastik/truba-pnd-gazovaya,/plastik
/plastik/truba-pnd-gibkaya-dvustennaya-gofrirovannaya,/plastik
/plastik/truba-pnd-gladkaya,/plastik
/plastik/truba-pnd-gofrirovannaya,/plastik
/plastik/truba-pnd-gofrirovannaya-110-mm,/plastik
/plastik/truba-pnd-krasnaya,/plastik
/plastik/truba-pnd-napornaya,/plastik
/plastik/truba-pnd-pe-100-sdr-11,/plastik
/plastik/truba-pnd-pe100-225-mm-sdr-17,/plastik
/plastik/truba-pnd-sinyaya,/plastik
/plastik/truba-pnd-zhestkaya,/plastik
/plastik/truba-polietilenovaya-pe,/plastik
/plastik/truba-polietilenovaya-pe-110-mm,/plastik
/plastik/truba-polietilenovaya-pe-50-mm,/plastik
/plastik/truba-polietilenovaya-pe-80-mm,/plastik
/plastik/truba-polietilenovaya-pe-gofrirovannaya,/plastik
/plastik/truba-polikarbonatnaya,/plastik
/plastik/truba-polipropilenovaya,/plastik
/plastik/truba-polipropilenovaya-110-mm,/plastik
/plastik/truba-polipropilenovaya-16-mm,/plastik
/plastik/truba-polipropilenovaya-20-mm,/plastik
/plastik/truba-polipropilenovaya-25-armirovannaya-alyuminiem,/plastik
/plastik/truba-polipropilenovaya-25-mm,/plastik
/plastik/truba-polipropilenovaya-32-mm,/plastik
/plastik/truba-polipropilenovaya-32-mm-4m,/plastik
/plastik/truba-polipropilenovaya-40-mm,/plastik
/plastik/truba-polipropilenovaya-40-mm-armirovannaya-alyuminiem,/plastik
/plastik/truba-polipropilenovaya-50-mm,/plastik
/plastik/truba-polipropilenovaya-63-mm,/plastik
/plastik/truba-polipropilenovaya-75-mm,/plastik
/plastik/truba-polipropilenovaya-armirovannaya,/plastik
/plastik/truba-polipropilenovaya-armirovannaya-alyuminiem,/plastik
/plastik/truba-polipropilenovaya-pn10,/plastik
/plastik/truba-polipropilenovaya-pn20,/plastik
/plastik/truba-polipropilenovaya-pn25,/plastik
/plastik/truba-polipropilenovaya-pprc,/plastik
/plastik/truba-polipropilenovaya-pprc-pn10,/plastik
/plastik/truba-polipropilenovaya-pprc-pn20,/plastik
/plastik/truba-polipropilenovaya-rosturplast,/plastik
/plastik/truba-pp-90-mm,/plastik
/plastik/truba-pvh,/plastik
/plastik/truba-pvh-100-mm,/plastik
/plastik/truba-pvh-125-mm,/plastik
/plastik/truba-pvh-150-mm,/plastik
/plastik/truba-pvh-16-mm-zhestkaya-gladkaya,/plastik
/plastik/truba-pvh-20-mm,/plastik
/plastik/truba-pvh-25-mm,/plastik
/plastik/truba-pvh-32-mm,/plastik
/plastik/truba-pvh-40-mm,/plastik
/plastik/truba-pvh-50-mm,/plastik
/plastik/truba-pvh-63-mm,/plastik
/plastik/truba-pvh-npvh-110-mm,/plastik
/plastik/truba-pvh-npvh-200-mm,/plastik
/plastik/trubka-pvh-dlya-provodov,/plastik
/plastik/truby-dlya-otopleniya,/plastik
/plastik/truby-iz-sshitogo-polietilena-2-2-mm,/plastik
/plastik/truby-iz-sshitogo-polietilena-evoh,/plastik
/plastik/truby-iz-sshitogo-polietilena-krasnye,/plastik
/plastik/truby-iz-sshitogo-polietilena-pe-rt,/plastik
/plastik/truby-iz-sshitogo-polietilena-pe-x-serye,/plastik
/plastik/truby-iz-sshitogo-polietilena-pe-xa,/plastik
/plastik/truby-iz-sshitogo-polietilena-pex,/plastik
/plastik/truby-iz-sshitogo-polietilena-valtec,/plastik
/plastik/truby-kanalizacionnye-pvh-110-mm,/plastik
/plastik/truby-pnd-100-mm,/plastik
/plastik/truby-pnd-200-mm,/plastik
/plastik/truby-pnd-bolshogo-diametra,/plastik
/plastik/truby-pnd-gibkie-gofrirovannye,/plastik
/plastik/truby-pp-h,/plastik
/plastik/ventil-plastikovyy,/plastik
/plastik/ventil-polietilenovyy,/plastik
/plastik/ventil-polipropilenovyy,/plastik
/plastik/ventil-pvc,/plastik
/plastik/viniplast-listovoy,/plastik
/plastik/vozduhovod-pvh,/plastik
/plastik/vtulka-plastikovaya,/plastik
/plastik/vtulka-pod-flanec-pe100-sdr-17,/plastik
/plastik/zaglushka-dekorativnaya-plastikovaya-dlya-trub,/plastik
/podkladka-relsovaya,
/pokovka/pokovka-kruglaya,/pokovka
/pokovka/pokovka-kvadratnaya,/pokovka
/poliacetal-sterzhen,
/poliklinovoy-remen,
/poliuretanovyy-sterzhen,
/polosa/alyuminievaya-kleykaya-lenta,/polosa
/polosa/polosa-12h6-mm,/polosa
/polosa/polosa-20h10-mm,/polosa
/polosa/polosa-20x2-mm,/polosa
/polosa/polosa-25h3-mm,/polosa
/polosa/polosa-25x4-mm,/polosa
/polosa/polosa-30h3-mm,/polosa
/polosa/polosa-30h4-mm,/polosa
/polosa/polosa-40h10-mm,/polosa
/polosa/polosa-40h2-mm,/polosa
/polosa/polosa-40h3-mm,/polosa
/polosa/polosa-40h6-mm,/polosa
/polosa/polosa-40x4-mm,/polosa
/polosa/polosa-40x5-mm,/polosa
/polosa/polosa-50h10-mm,/polosa
/polosa/polosa-50h4-mm,/polosa
/polosa/polosa-50h8-mm,/polosa
/polosa/polosa-50x5-mm,/polosa
/polosa/polosa-60h5-mm,/polosa
/polosa/polosa-stalnaya-100h10-mm,/polosa
/polosa/polosa-stalnaya-100h5-mm,/polosa
/polosobulb,
/poroshok-metallicheskiy/cinkovyy-poroshok,/poroshok-metallicheskiy
/poroshok-metallicheskiy/molibdenovyy-poroshok,/poroshok-metallicheskiy
/poroshok-metallicheskiy/nikelevyy-poroshok,/poroshok-metallicheskiy
/poroshok-metallicheskiy/niobievyy-poroshok,/poroshok-metallicheskiy
/poroshok-metallicheskiy/olovyannyy-poroshok,/poroshok-metallicheskiy
/poroshok-metallicheskiy/poroshok-hroma,/poroshok-metallicheskiy
/poroshok-metallicheskiy/poroshok-kobalta,/poroshok-metallicheskiy
/poroshok-metallicheskiy/zheleznyy-poroshok,/poroshok-metallicheskiy
/pozharnoe-oborudovanie/golovka-capkovaya-gc,/pozharnoe-oborudovanie
/pozharnoe-oborudovanie/golovka-muftovaya-gm,/pozharnoe-oborudovanie
/pozharnoe-oborudovanie/golovka-perehodnaya-gp,/pozharnoe-oborudovanie
/pozharnoe-oborudovanie/golovka-rukavnaya-gr,/pozharnoe-oborudovanie
/pozharnoe-oborudovanie/golovka-soedinitelnaya-pozharnaya,/pozharnoe-oborudovanie
/pozharnoe-oborudovanie/golovka-vsasyvayushchaya,/pozharnoe-oborudovanie
/pozharnoe-oborudovanie/golovka-zaglushka-gz,/pozharnoe-oborudovanie
/pozharnoe-oborudovanie/ognetushitel,/pozharnoe-oborudovanie
/pozharnoe-oborudovanie/ognetushitel-op,/pozharnoe-oborudovanie
/pozharnoe-oborudovanie/ognetushitel-op-4,/pozharnoe-oborudovanie
/pozharnoe-oborudovanie/ognetushitel-ou-5,/pozharnoe-oborudovanie
/pozharnoe-oborudovanie/ognetushitel-poroshkovyy,/pozharnoe-oborudovanie
/pozharnoe-oborudovanie/ognetushitel-uglekislotnyy,/pozharnoe-oborudovanie
/pozharnoe-oborudovanie/pozharnaya-podstavka,/pozharnoe-oborudovanie
/pozharnoe-oborudovanie/pozharnaya-podstavka-flancevaya,/pozharnoe-oborudovanie
/pozharnoe-oborudovanie/pozharnye-gidranty,/pozharnoe-oborudovanie
/pozharnoe-oborudovanie/pozharnyy-rukav,/pozharnoe-oborudovanie
/pozharnoe-oborudovanie/rukav-pozharnyy-100-mm,/pozharnoe-oborudovanie
/pozharnoe-oborudovanie/rukav-pozharnyy-50-mm,/pozharnoe-oborudovanie
/pozharnoe-oborudovanie/rukav-pozharnyy-80-mm,/pozharnoe-oborudovanie
/pozharnoe-oborudovanie/rukav-pozharnyy-napornyy,/pozharnoe-oborudovanie
/pozharnoe-oborudovanie/shchit-pozharnyy,/pozharnoe-oborudovanie
/pozharnoe-oborudovanie/shkaf-pozharnyy,/pozharnoe-oborudovanie
/pozharnoe-oborudovanie/shpk-320,/pozharnoe-oborudovanie
/pozharnoe-oborudovanie/shpk-320-12,/pozharnoe-oborudovanie
/pozharnoe-oborudovanie/stvol-pozharnyy,/pozharnoe-oborudovanie
/pressovannyy-nastil,
/profil-dlya-potolka,
/profil-gnutyy,
/profil-mayachkovyy,
/profil-napravlyayushchiy,
/profil-napravlyayushchiy-dlya-gipsokartona,
/profil-potolochnyy-napravlyayushchiy,
/profil-stoechnyy-dlya-gipsokartona,
/profil-u-obraznyy,
/profil-uglovoy-metallicheskiy,
/profil-uglovoy-perforirovannyy,
/promyshlennye-rukava/rukav-antistaticheskiy,/promyshlennye-rukava
/promyshlennye-rukava/rukav-chernyy,/promyshlennye-rukava
/promyshlennye-rukava/rukav-dlya-gazovoy-svarki,/promyshlennye-rukava
/promyshlennye-rukava/rukav-dlya-para,/promyshlennye-rukava
/promyshlennye-rukava/rukav-dyuritovyy,/promyshlennye-rukava
/promyshlennye-rukava/rukav-dyuritovyy-40u,/promyshlennye-rukava
/promyshlennye-rukava/rukav-gofrirovannyy,/promyshlennye-rukava
/promyshlennye-rukava/rukav-maslobenzostoykiy,/promyshlennye-rukava
/promyshlennye-rukava/rukav-maslobenzostoykiy-25-mm,/promyshlennye-rukava
/promyshlennye-rukava/rukav-naporno-vsasyvayushchiy-100-mm,/promyshlennye-rukava
/promyshlennye-rukava/rukav-napornyy-50-mm,/promyshlennye-rukava
/promyshlennye-rukava/rukav-par-1,/promyshlennye-rukava
/promyshlennye-rukava/rukav-s-nityanym-usileniem,/promyshlennye-rukava
/promyshlennye-rukava/rukav-vysokogo-davleniya-2sn,/promyshlennye-rukava
/promyshlennye-rukava/rukav-vysokogo-davleniya-s-fitingami,/promyshlennye-rukava
/promyshlennye-rukava/shlang-10-mm,/promyshlennye-rukava
/promyshlennye-rukava/shlang-100-mm,/promyshlennye-rukava
/promyshlennye-rukava/shlang-18-mm,/promyshlennye-rukava
/promyshlennye-rukava/shlang-6-mm,/promyshlennye-rukava
/promyshlennye-rukava/shlang-8-mm,/promyshlennye-rukava
/promyshlennye-rukava/shlang-maslobenzostoykiy,/promyshlennye-rukava
/promyshlennye-rukava/shlang-naporno-vsasyvayushchiy-25-mm,/promyshlennye-rukava
/promyshlennye-rukava/shlang-naporno-vsasyvayushchiy-32-mm,/promyshlennye-rukava
/promyshlennye-rukava/shlang-naporno-vsasyvayushchiy-50-mm,/promyshlennye-rukava
/promyshlennye-rukava/shlang-naporno-vsasyvayushchiy-pvh,/promyshlennye-rukava
/promyshlennye-rukava/shlang-napornyy,/promyshlennye-rukava
/promyshlennye-rukava/shlang-pvh,/promyshlennye-rukava
/promyshlennye-rukava/shlang-pvh-prozrachnyy,/promyshlennye-rukava
/provoloka/babbitovaya-provoloka,/provoloka
/provoloka/nikelevaya-provoloka,/provoloka
/provoloka/provoloka-cinkovaya,/provoloka
/provoloka/provoloka-dlya-holodnoy-vysadki,/provoloka
/provoloka/provoloka-ocinkovannaya-size-1-1,/provoloka
/provoloka/provoloka-ocinkovannaya-size-1-6,/provoloka
/provoloka/provoloka-ocinkovannaya-size-2,/provoloka
/provoloka/provoloka-ocinkovannaya-size-3,/provoloka
/provoloka/provoloka-svarochnaya,/provoloka
/provoloka/provoloka-svincovaya,/provoloka
/provoloka/provoloka-vyazalnaya-size-8,/provoloka
/prutok-precizionnyy,
/prutok/cinkovyy-prutok-krug,/prutok
/prutok/olovyannyy-prutok,/prutok
/prutok/svincovyy-prutok,/prutok
/radiator-500,
/radiator-bimetallicheskiy,
/radiator-otopleniya,
/radiator-panelnyy,
/radiator-stalnoy,
/radiator-trubchatyy,
/raznoe/stropy-chalki,/raznoe
/regulyator-davleniya,
/remen-avtomobilnyy,
/remen-klinovoy,
/remen-ploskiy,
/remen-uzkoklinovoy,
/rentgenozashchitnoe-oborudovanie/rentgenozashchitnoe-okno,/rentgenozashchitnoe-oborudovanie
/rentgenozashchitnoe-oborudovanie/rentgenozashchitnye-dveri,/rentgenozashchitnoe-oborudovanie
/rentgenozashchitnoe-oborudovanie/shirma-rentgenozashchitnaya,/rentgenozashchitnoe-oborudovanie
/reshetchatyy-nastil,
/reshetchatyy-nastil-ocinkovannyy,
/reshetka-ocinkovannaya,
/rti/amortizator-rezinovyy-rti,/rti
/rti/armirovannaya-rezina-listovaya,/rti
/rti/bentonitovyy-shnur,/rti
/rti/brizol-rti,/rti
/rti/diafragma-rezinovaya,/rti
/rti/germetik-rti,/rti
/rti/gofrirovannyy-shlang,/rti
/rti/gryazesemnik-rezinovyy,/rti
/rti/kley-rezinovyy-rti,/rti
/rti/kolco-rezinovoe-rti,/rti
/rti/kovry-dielektricheskie,/rti
/rti/kroshka-rezinovaya-rti,/rti
/rti/lenta-konveyernaya-rti,/rti
/rti/lenta-rezinovaya,/rti
/rti/manzheta-110-mm,/rti
/rti/manzheta-40h25-mm,/rti
/rti/manzheta-50h32-mm,/rti
/rti/manzheta-50h40-mm,/rti
/rti/manzheta-perehodnaya,/rti
/rti/manzheta-rezinovaya-rti,/rti
/rti/mastika-rti,/rti
/rti/membrana-rezinovaya,/rti
/rti/mufta-rezinovaya-rti,/rti
/rti/plastina-ebonitovaya-rti,/rti
/rti/plastina-silikonovaya,/rti
/rti/plita-rezinovaya-rti,/rti
/rti/pokrytie-rezinovoe,/rti
/rti/poliizobutilen-rti,/rti
/rti/prokladka-rezinovaya-rti,/rti
/rti/remen-rezinovyy-rti,/rti
/rti/rezinosteklotkan-rti,/rti
/rti/rezinovoe-pokrytie-dlya-pola,/rti
/rti/rukav-rezinovyy,/rti
/rti/shlang-rezinovyy,/rti
/rti/shlang-rezinovyy-20-mm,/rti
/rti/shlang-rezinovyy-25-mm,/rti
/rti/shlang-rezinovyy-32-mm,/rti
/rti/shlang-rezinovyy-50-mm,/rti
/rti/shlang-rezinovyy-armirovannyy,/rti
/rti/shnur-rezinovyy,/rti
/rti/silikonovye-uplotniteli,/rti
/rti/smes-rezinovaya,/rti
/rti/sterzhen-ebonitovyy-rti,/rti
/rti/tehplastina-10-mm,/rti
/rti/tehplastina-rezinovaya,/rti
/rti/tehplastiny-rezinovye-mbs,/rti
/rti/tehplastiny-rezinovye-tmkshch,/rti
/rti/tkan-prorezinennaya,/rti
/rti/trubka-ebonitovaya-rti,/rti
/rti/trubka-rezinovaya-rti,/rti
/rti/trubka-silikonovaya,/rti
/rti/uplotnitel-epdm,/rti
/rti/uplotnitel-rezinovyy,/rti
/rti/vakuumnaya-rezina-listovaya,/rti
/rti/vakuumnaya-trubka,/rti
/rti/val-obrezinennyy-rti,/rti
/rti/vtulka-rezinovaya-rti,/rti
/rti/zubchatye-remni-privodnye,/rti
/rukav-naporno-vsasyvayushchiy,
/rukav-napornyy,
/rukav-napornyy-150-mm,
/rukav-par-2,
/rukav-vsasyvayushchiy,
/rukava-vysokogo-davleniya,
/s-obraznyy-profil,
/sayding,
/sayding-cokolnyy,
/sayding-metallicheskiy,
/sayding-pod-blok-haus,
/sayding-pod-brevno,
/sayding-pod-kamen,
/sayding-pod-kirpich,
/sayding-vinilovyy,
/sedelka-63-mm,
/sedelka-kompressionnaya,
/sedelka-na-trubu/sedelki-flancevye,/sedelka-na-trubu
/sedelka-polietilenovaya-pe,
/sedelka-rezbovaya,
/sedelka-s-otvodom,
/sendvich-paneli/alyuminievye-sendvich-paneli,/sendvich-paneli
/sendvich-paneli/metallicheskie-sendvich-paneli,/sendvich-paneli
/sendvich-paneli/monopanel-krovelnaya,/sendvich-paneli
/sendvich-paneli/ognestoykie-sendvich-paneli,/sendvich-paneli
/sendvich-paneli/sendvich-paneli-100-mm,/sendvich-paneli
/sendvich-paneli/sendvich-paneli-120-mm,/sendvich-paneli
/sendvich-paneli/sendvich-paneli-200-mm,/sendvich-paneli
/sendvich-paneli/sendvich-paneli-50-mm,/sendvich-paneli
/sendvich-paneli/sendvich-paneli-akusticheskie,/sendvich-paneli
/sendvich-paneli/sendvich-paneli-dlya-otkosov,/sendvich-paneli
/sendvich-paneli/sendvich-paneli-fasadnye,/sendvich-paneli
/sendvich-paneli/sendvich-paneli-krovelnye,/sendvich-paneli
/sendvich-paneli/sendvich-paneli-penopolistirol,/sendvich-paneli
/sendvich-paneli/sendvich-paneli-pir,/sendvich-paneli
/sendvich-paneli/sendvich-paneli-ppu,/sendvich-paneli
/sendvich-paneli/sendvich-paneli-s-mineralnoy-vatoy,/sendvich-paneli
/sendvich-paneli/sendvich-paneli-stenovye,/sendvich-paneli
/sendvich-paneli/sendvich-paneli-uglovye,/sendvich-paneli
/sendvich-paneli/trehsloynaya-sendvich-panel,/sendvich-paneli
/setka/armiruyushchaya-setka,/setka
/setka/rukav-setchatyy,/setka
/setka/setka-armaturnaya,/setka
/setka/setka-armaturnaya-100x100-mm,/setka
/setka/setka-armaturnaya-150x150-mm,/setka
/setka/setka-armaturnaya-50x50-mm,/setka
/setka/setka-bazaltovaya,/setka
/setka/setka-cpvs-20h20-mm,/setka
/setka/setka-cpvs-8h8-mm,/setka
/setka/setka-fasadnaya-pod-shtukaturku,/setka
/setka/setka-kladochnaya,/setka
/setka/setka-kladochnaya-100x100-mm,/setka
/setka/setka-kladochnaya-50x50-mm,/setka
/setka/setka-metallicheskaya-2h2-mm,/setka
/setka/setka-metallicheskaya-5h5-mm,/setka
/setka/setka-ot-gryzunov,/setka
/setka/setka-ot-gryzunov-metallicheskaya-ocinkovannaya-5h5-mm,/setka
/setka/setka-prosechno-vytyazhnaya-cpvs,/setka
/setka/setka-rabica-size-50x50x3,/setka
/setka/setka-riflenaya-dlya-grohotov,/setka
/setka/setka-shtukaturnaya,/setka
/setka/setka-shtukaturnaya-5x5-mm,/setka
/setka/setka-steklotkanevaya,/setka
/sgon,
/sgon-1-2-dyuyma-naruzhnaya-rezba,
/sgon-3-4-dyuyma,
/sgon-stalnoy,
/sgon-uglovoy,
/shlang-1-5-dyuyma,
/shlang-30-m,
/shlang-armirovannyy,
/shlang-kislorodnyy,
/shlang-naporno-vsasyvayushchiy,
/shlang-polivochnyy,
/shlang-polivochnyy-3-4-dyuyma,
/shlang-polivochnyy-50-m,
/shlang-spiralnyy,
/shlang-vsasyvayushchiy,
/shlyapnyy-profil,
/shpaly,
/shpilka-m16h1000-mm,
/shtucer-1-2-dyuyma-naruzhnaya-rezba,
/shtucer-1-4-dyuyma,
/shtucer-1-dyuym,
/shtucer-1-dyuym-vnutrennyaya-rezba,
/shtucer-2-dyuyma,
/shtucer-3-4-dyuyma-naruzhnaya-rezba-pod-shlang,
/shtucer-3-8-dyuyma,
/shtucer-dlya-shlanga-1-2-dyuyma,
/shtucer-dlya-shlanga-3-4-dyuyma,
/shtucer-dlya-trub,
/shtucer-pod-shlang-1-dyuym,
/shtucer-privarnoy,
/shtucer-s-naruzhnoy-rezboy,
/shtucer-soedinitelnyy,
/shveller-cena-za-metr,
/silfon,
/soedinenie-amerikanka,
/soedinenie-amerikanka-dlya-polipropilenovyh-trub,
/sortovoy-prokat/balka-dvutavrovaya-size-200x200,/sortovoy-prokat
/sortovoy-prokat/lenta-gost-503-81,/sortovoy-prokat
/sortovoy-prokat/pokovka-gost-8479-70,/sortovoy-prokat
/sortovoy-prokat/polosa-stal-9hs,/sortovoy-prokat
/sortovoy-prokat/polosa-stal-h12,/sortovoy-prokat
/sortovoy-prokat/polosa-stal-h12mf,/sortovoy-prokat
/sortovoy-prokat/shary-pomolnye-melyuschie-size-40,/sortovoy-prokat
/sortovoy-prokat/tavr-teplichnyj,/sortovoy-prokat
/sortovoy-prokat/ugolok-size-10x10x2,/sortovoy-prokat
/splavy/disk-medno-nikelevyy,/splavy
/splavy/fehralevaya-provoloka,/splavy
/splavy/ferrosplavy,/splavy
/splavy/folga-medno-nikelevaya,/splavy
/splavy/krug-nihromovyy,/splavy
/splavy/kvadrat-nihromovyy,/splavy
/splavy/lenta-nihromovaya,/splavy
/splavy/lenta-nihromovaya-h20n80,/splavy
/splavy/lenta-precizionnaya,/splavy
/splavy/medno-nikelevaya-lenta,/splavy
/splavy/medno-nikelevaya-provoloka,/splavy
/splavy/medno-nikelevyy-prutok,/splavy
/splavy/polosa-medno-nikelevaya,/splavy
/splavy/polosa-nihromovaya,/splavy
/splavy/provoloka-nihromovaya,/splavy
/splavy/splav-roze,/splavy
/splavy/splav-vuda,/splavy
/splavy/truba-medno-nikelevaya,/splavy
/stal-ocinkovannaya/list-ocinkovannyy-1-mm,/stal-ocinkovannaya
/stal-ocinkovannaya/list-ocinkovannyy-1h1250h2500-mm,/stal-ocinkovannaya
/stal-ocinkovannaya/troynik-ocinkovannyy,/stal-ocinkovannaya
/stal/armatura-5-mm,/stal
/stal/armatura-a1-a240,/stal
/stal/armatura-a400-aiii-a3,/stal
/stal/armatura-a500s,/stal
/stal/armatura-at800,/stal
/stal/armatura-stalnaya,/stal
/stal/armatura-v500s,/stal
/stal/armaturnaya-provoloka,/stal
/stal/balka-10b1,/stal
/stal/balka-14b1,/stal
/stal/balka-16b1,/stal
/stal/balka-16b2,/stal
/stal/balka-20b1,/stal
/stal/balka-20sh1,/stal
/stal/balka-24m,/stal
/stal/balka-25b1,/stal
/stal/balka-30b1,/stal
/stal/balka-35b1,/stal
/stal/balka-45b1,/stal
/stal/balka-dvutavrovaya-bu,/stal
/stal/balka-dvutavrovaya-cena-za-metr,/stal
/stal/balka-dvutavrovaya-cena-za-tonnu,/stal
/stal/balka-dvutavrovaya-dvutavr-12b2,/stal
/stal/balka-dvutavrovaya-dvutavr-18b2,/stal
/stal/balka-dvutavrovaya-dvutavr-30m,/stal
/stal/balka-dvutavrovaya-dvutavr-45b2,/stal
/stal/balka-dvutavrovaya-dvutavr-60b1,/stal
/stal/balka-metallicheskaya,/stal
/stal/bronelenta-dlya-kabelya,/stal
/stal/burilnye-truby,/stal
/stal/cilpebs,/stal
/stal/cvetnaya-nerzhaveyushchaya-stal,/stal
/stal/dvutavr-nerzhaveyushchiy,/stal
/stal/dvutavrovaya-balka-10,/stal
/stal/dvutavrovaya-balka-14,/stal
/stal/dvutavrovaya-balka-16,/stal
/stal/dvutavrovaya-balka-24,/stal
/stal/dvutavrovaya-balka-25,/stal
/stal/dvutavrovaya-balka-30,/stal
/stal/fibra-stalnaya,/stal
/stal/flancy-nerzhaveyushchie-aisi-304,/stal
/stal/flanec-09g2s,/stal
/stal/flanec-nerzhaveyushchiy,/stal
/stal/flanec-nerzhaveyushchiy-08h18n10t,/stal
/stal/flanec-nerzhaveyushchiy-12h18n10t,/stal
/stal/flanec-stalnoy,/stal
/stal/flanec-stalnoy-ploskiy-privarnoy,/stal
/stal/iznosostoykie-listy,/stal
/stal/kanat,/stal
/stal/kapillyarnaya-trubka,/stal
/stal/katanka-10-mm,/stal
/stal/katanka-5-mm,/stal
/stal/katanka-6-mm,/stal
/stal/katanka-stalnaya,/stal
/stal/klapan-nerzhaveyushchiy,/stal
/stal/klapan-stalnoy,/stal
/stal/kondensatootvodchik-nerzhaveyushchiy,/stal
/stal/kondensatootvodchik-stalnoy,/stal
/stal/kopiya-truba-stalnaya-092gs,/stal
/stal/kran-nerzhaveyushchiy,/stal
/stal/kran-stalnoy,/stal
/stal/krestoviny-nerzhaveyushchie,/stal
/stal/krug-goryachekatanyy,/stal
/stal/krug-kalibrovannyy,/stal
/stal/krug-nerzhaveyushchiy,/stal
/stal/krug-nerzhaveyushchiy-06h14n6d2mbt,/stal
/stal/krug-nerzhaveyushchiy-06hn28mdt,/stal
/stal/krug-nerzhaveyushchiy-10h17n13m2t,/stal
/stal/krug-nerzhaveyushchiy-12h18n10t,/stal
/stal/krug-nerzhaveyushchiy-12h18n10t-prutok,/stal
/stal/krug-nerzhaveyushchiy-14h17n2,/stal
/stal/krug-nerzhaveyushchiy-20h13,/stal
/stal/krug-nerzhaveyushchiy-20h23n18,/stal
/stal/krug-nerzhaveyushchiy-36nhtyu,/stal
/stal/krug-nerzhaveyushchiy-40h13,/stal
/stal/krug-nerzhaveyushchiy-95h18,/stal
/stal/krug-nerzhaveyushchiy-aisi-304,/stal
/stal/krug-nerzhaveyushchiy-aisi-316l,/stal
/stal/krug-nerzhaveyushchiy-aisi-420,/stal
/stal/krug-nerzhaveyushchiy-aisi-431,/stal
/stal/krug-nerzhaveyushchiy-goryachekatanyy,/stal
/stal/krug-nerzhaveyushchiy-hn70yu,/stal
/stal/krug-nerzhaveyushchiy-hn78t,/stal
/stal/krug-nerzhaveyushchiy-kalibrovannyy,/stal
/stal/krug-ocinkovannyy,/stal
/stal/krug-ocinkovannyy-16-mm,/stal
/stal/krug-ocinkovannyy-18-mm,/stal
/stal/krug-ocinkovannyy-8-mm,/stal
/stal/krug-stalnoy,/stal
/stal/krug-stalnoy-09g2s,/stal
/stal/krug-stalnoy-10-mm,/stal
/stal/krug-stalnoy-12-mm,/stal
/stal/krug-stalnoy-14-mm,/stal
/stal/krug-stalnoy-15-mm,/stal
/stal/krug-stalnoy-16-mm,/stal
/stal/krug-stalnoy-18hgt,/stal
/stal/krug-stalnoy-20-mm,/stal
/stal/krug-stalnoy-20-mm-st20,/stal
/stal/krug-stalnoy-3-mm,/stal
/stal/krug-stalnoy-30hgsa,/stal
/stal/krug-stalnoy-38h2myua,/stal
/stal/krug-stalnoy-40-mm,/stal
/stal/krug-stalnoy-40h,/stal
/stal/krug-stalnoy-5-mm,/stal
/stal/krug-stalnoy-50-mm,/stal
/stal/krug-stalnoy-65-mm,/stal
/stal/krug-stalnoy-8-mm,/stal
/stal/krug-stalnoy-80-mm,/stal
/stal/krug-stalnoy-diametr-18-mm,/stal
/stal/krug-stalnoy-diametr-3-sm,/stal
/stal/krug-stalnoy-goryachekatanyy,/stal
/stal/krug-stalnoy-r6m5,/stal
/stal/krug-stalnoy-shh15,/stal
/stal/krug-stalnoy-st3,/stal
/stal/krug-stalnoy-st45,/stal
/stal/krug-stalnoy-u8a,/stal
/stal/kvadrat-goryachekatanyy,/stal
/stal/kvadrat-kalibrovannyy,/stal
/stal/kvadrat-nerzhaveyushchiy,/stal
/stal/kvadrat-nerzhaveyushchiy-aisi-304,/stal
/stal/kvadrat-stalnoy,/stal
/stal/kvadrat-stalnoy-100h100-mm,/stal
/stal/kvadrat-stalnoy-10h10-mm,/stal
/stal/kvadrat-stalnoy-120h120-mm,/stal
/stal/kvadrat-stalnoy-12h12-mm,/stal
/stal/kvadrat-stalnoy-15h15-mm,/stal
/stal/kvadrat-stalnoy-16h16-mm,/stal
/stal/kvadrat-stalnoy-200h200-mm,/stal
/stal/kvadrat-stalnoy-20h20-mm,/stal
/stal/kvadrat-stalnoy-25h25-mm,/stal
/stal/kvadrat-stalnoy-27h27-mm,/stal
/stal/kvadrat-stalnoy-30h30-mm,/stal
/stal/kvadrat-stalnoy-35h35-mm,/stal
/stal/kvadrat-stalnoy-40h40-mm,/stal
/stal/kvadrat-stalnoy-50h50-mm,/stal
/stal/kvadrat-stalnoy-5h5-mm,/stal
/stal/kvadrat-stalnoy-60-mm,/stal
/stal/kvadrat-stalnoy-6h6-mm,/stal
/stal/kvadrat-stalnoy-80h80-mm,/stal
/stal/kvadrat-stalnoy-8h8-mm,/stal
/stal/lenta-08kp,/stal
/stal/lenta-08ps,/stal
/stal/lenta-60s2a,/stal
/stal/lenta-65g,/stal
/stal/lenta-bandazhnaya,/stal
/stal/lenta-montazhnaya,/stal
/stal/lenta-montazhnaya-perforirovannaya,/stal
/stal/lenta-montazhnaya-perforirovannaya-20-mm,/stal
/stal/lenta-montazhnaya-perforirovannaya-25-m,/stal
/stal/lenta-nerzhaveyushchaya,/stal
/stal/lenta-nerzhaveyushchaya-aisi-304,/stal
/stal/lenta-ocinkovannaya,/stal
/stal/lenta-perforirovannaya-20h0-5-mm,/stal
/stal/lenta-perforirovannaya-montazhnaya,/stal
/stal/lenta-pruzhinnaya,/stal
/stal/lenta-s-polimernym-pokrytiem,/stal
/stal/lenta-shtampovalnaya,/stal
/stal/lenta-stalnaya,/stal
/stal/lenta-upakovochnaya,/stal
/stal/list-08ps,/stal
/stal/list-08yu,/stal
/stal/list-09g2s,/stal
/stal/list-09g2s-14-mm,/stal
/stal/list-09g2s-15,/stal
/stal/list-09g2s-4-mm,/stal
/stal/list-09g2s-6-mm,/stal
/stal/list-09g2s-8-mm,/stal
/stal/list-10-mm-st3,/stal
/stal/list-10g2,/stal
/stal/list-10hndp,/stal
/stal/list-10hsnd,/stal
/stal/list-12h1mf,/stal
/stal/list-12hm,/stal
/stal/list-15hsnd,/stal
/stal/list-17g1s,/stal
/stal/list-20k,/stal
/stal/list-3-mm-st3,/stal
/stal/list-30hgsa,/stal
/stal/list-40h,/stal
/stal/list-4n-pe-nerzhaveyushchiy,/stal
/stal/list-60s2a,/stal
/stal/list-65g,/stal
/stal/list-6hv2s,/stal
/stal/list-8-mm-st3,/stal
/stal/list-goryachekatanyy,/stal
/stal/list-goryachekatanyy-1-5-mm,/stal
/stal/list-goryachekatanyy-16-mm,/stal
/stal/list-goryachekatanyy-2h1250h2500-mm,/stal
/stal/list-goryachekatanyy-3-mm,/stal
/stal/list-goryachekatanyy-3h1250h2500-mm,/stal
/stal/list-goryachekatanyy-50-mm,/stal
/stal/list-goryachekatanyy-5h1500h6000-mm,/stal
/stal/list-goryachekatanyy-s255,/stal
/stal/list-goryachekatanyy-s345,/stal
/stal/list-h12mf,/stal
/stal/list-holodnokatanyy,/stal
/stal/list-holodnokatanyy-2h1250h2500-mm,/stal
/stal/list-holodnokatanyy-3h1250h2500-mm,/stal
/stal/list-holodnokatanyy-st08,/stal
/stal/list-legirovannyy,/stal
/stal/list-metalla-1-5-mm,/stal
/stal/list-metalla-12-mm,/stal
/stal/list-metalla-1250h2500-mm,/stal
/stal/list-metalla-16-mm,/stal
/stal/list-metalla-2-5-mm,/stal
/stal/list-metalla-20-mm,/stal
/stal/list-metalla-4-mm,/stal
/stal/list-metalla-40-mm,/stal
/stal/list-metalla-8-mm,/stal
/stal/list-nerzhaveyushchiy-03h17n13m2,/stal
/stal/list-nerzhaveyushchiy-03h18n11,/stal
/stal/list-nerzhaveyushchiy-06hn28mdt,/stal
/stal/list-nerzhaveyushchiy-08h13,/stal
/stal/list-nerzhaveyushchiy-08h17,/stal
/stal/list-nerzhaveyushchiy-08h18n10t,/stal
/stal/list-nerzhaveyushchiy-1-mm,/stal
/stal/list-nerzhaveyushchiy-10-mm,/stal
/stal/list-nerzhaveyushchiy-1000h2000-mm,/stal
/stal/list-nerzhaveyushchiy-10h17n13m2t,/stal
/stal/list-nerzhaveyushchiy-12h18n10t,/stal
/stal/list-nerzhaveyushchiy-12h18n10t-10-mm,/stal
/stal/list-nerzhaveyushchiy-14h17n2,/stal
/stal/list-nerzhaveyushchiy-2-mm,/stal
/stal/list-nerzhaveyushchiy-20h13,/stal
/stal/list-nerzhaveyushchiy-20h23n18,/stal
/stal/list-nerzhaveyushchiy-2h1000h2000-mm,/stal
/stal/list-nerzhaveyushchiy-3-mm,/stal
/stal/list-nerzhaveyushchiy-30h13,/stal
/stal/list-nerzhaveyushchiy-3h1000h2000-mm,/stal
/stal/list-nerzhaveyushchiy-4-mm,/stal
/stal/list-nerzhaveyushchiy-40h13,/stal
/stal/list-nerzhaveyushchiy-5-mm,/stal
/stal/list-nerzhaveyushchiy-aisi-201,/stal
/stal/list-nerzhaveyushchiy-aisi-304,/stal
/stal/list-nerzhaveyushchiy-aisi-310s,/stal
/stal/list-nerzhaveyushchiy-aisi-316l,/stal
/stal/list-nerzhaveyushchiy-aisi-316ti,/stal
/stal/list-nerzhaveyushchiy-aisi-321,/stal
/stal/list-nerzhaveyushchiy-aisi-409,/stal
/stal/list-nerzhaveyushchiy-aisi-420,/stal
/stal/list-nerzhaveyushchiy-aisi-430,/stal
/stal/list-nerzhaveyushchiy-aisi-439,/stal
/stal/list-nerzhaveyushchiy-aisi-904l,/stal
/stal/list-nerzhaveyushchiy-gladkiy,/stal
/stal/list-nerzhaveyushchiy-matovyy,/stal
/stal/list-nerzhaveyushchiy-perforirovannyy,/stal
/stal/list-nerzhaveyushchiy-riflenyy,/stal
/stal/list-nerzhaveyushchiy-riflenyy-2-mm,/stal
/stal/list-nerzhaveyushchiy-shlifovannyy,/stal
/stal/list-nerzhaveyushchiy-teksturirovannyy,/stal
/stal/list-nerzhaveyushchiy-zerkalnyy,/stal
/stal/list-nizkolegirovannyy,/stal
/stal/list-ocinkovannyy-0-5-mm,/stal
/stal/list-ocinkovannyy-1500h3000-mm,/stal
/stal/list-ocinkovannyy-3-mm,/stal
/stal/list-ocinkovannyy-gladkiy,/stal
/stal/list-ocinkovannyy-gladkiy-0-5-mm,/stal
/stal/list-ocinkovannyy-gladkiy-0-55-mm,/stal
/stal/list-ocinkovannyy-gladkiy-0-7-mm,/stal
/stal/list-ocinkovannyy-gladkiy-0-8-mm,/stal
/stal/list-ocinkovannyy-gladkiy-1250x2500-mm,/stal
/stal/list-ocinkovannyy-gladkiy-2-mm,/stal
/stal/list-ocinkovannyy-gladkiy-cena-za-list,/stal
/stal/list-ocinkovannyy-gladkiy-cena-za-m2,/stal
/stal/list-perforirovannyy-nerzhaveyushchiy-2-mm,/stal
/stal/list-perforirovannyy-nerzhaveyushchiy-aisi-304,/stal
/stal/list-perforirovannyy-ocinkovannyy,/stal
/stal/list-prosechno-vytyazhnoy-nerzhaveyushchiy-pvl,/stal
/stal/list-ressorno-pruzhinnyy,/stal
/stal/list-riflenyy-6-mm,/stal
/stal/list-riflenyy-ocinkovannyy,/stal
/stal/list-riflenyy-stalnoy-4-mm,/stal
/stal/list-s-polimernym-pokrytiem,/stal
/stal/list-s355-5,/stal
/stal/list-st3,/stal
/stal/list-st3sp5,/stal
/stal/list-stal-45,/stal
/stal/list-stalnoy-1-mm,/stal
/stal/list-stalnoy-10-mm,/stal
/stal/list-stalnoy-100-mm,/stal
/stal/list-stalnoy-2-mm,/stal
/stal/list-stalnoy-3-5-mm,/stal
/stal/list-stalnoy-3-mm,/stal
/stal/list-stalnoy-5-mm,/stal
/stal/list-stalnoy-6-mm,/stal
/stal/list-stalnoy-cena-za-list,/stal
/stal/list-stalnoy-cena-za-m2,/stal
/stal/list-stalnoy-cena-za-tonnu,/stal
/stal/list-stalnoy-chechevica,/stal
/stal/list-stalnoy-gladkiy,/stal
/stal/list-stalnoy-kvintet,/stal
/stal/list-stalnoy-perforirovannyy,/stal
/stal/list-stalnoy-prosechno-vytyazhnoy-pvl,/stal
/stal/list-stalnoy-riflenyy,/stal
/stal/list-stalnoy-riflenyy-3-mm,/stal
/stal/list-stalnoy-riflenyy-5-mm,/stal
/stal/list-stalnoy-riflenyy-romb,/stal
/stal/list-stalnoy-st3sp,/stal
/stal/list-sudostroitelnyy,/stal
/stal/list-u8a,/stal
/stal/lyuk-nerzhaveyushchiy,/stal
/stal/matovyy-profnastil-proflist,/stal
/stal/melkoyacheistaya-metallicheskaya-setka,/stal
/stal/mufta-stalnaya,/stal
/stal/nerzhaveyushchaya-lenta-12h18n10t,/stal
/stal/nerzhaveyushchaya-provoloka-aisi-304,/stal
/stal/nerzhaveyushchiy-poroshok,/stal
/stal/nerzhaveyushchiy-profnastil,/stal
/stal/nerzhaveyushchiy-rulon,/stal
/stal/nerzhaveyushchiy-slitok,/stal
/stal/nesushchiy-profnastil,/stal
/stal/otvod-nerzhaveyushchiy,/stal
/stal/otvod-nerzhaveyushchiy-08h18n10t,/stal
/stal/otvod-nerzhaveyushchiy-12h18n10t,/stal
/stal/otvod-nerzhaveyushchiy-aisi-304,/stal
/stal/perehodnik-nerzhaveyushchiy,/stal
/stal/perehodnik-nerzhaveyushchiy-12h18n10t,/stal
/stal/perfolenta-montazhnaya-ocinkovannaya,/stal
/stal/plastina-soedinitelnaya,/stal
/stal/ploskoe-kolyuchee-lentochnoe-zagrazhdenie-pklz,/stal
/stal/pokovka-nerzhaveyushchaya,/stal
/stal/pokovka-stalnaya,/stal
/stal/polosa-100h8-mm,/stal
/stal/polosa-goryachekatanaya,/stal
/stal/polosa-gost-103-2006,/stal
/stal/polosa-nerzhaveyushchaya,/stal
/stal/polosa-nerzhaveyushchaya-2-mm,/stal
/stal/polosa-ocinkovannaya,/stal
/stal/polosa-ocinkovannaya-40h4-mm,/stal
/stal/polosa-ocinkovannaya-40h5-mm,/stal
/stal/polosa-stalnaya,/stal
/stal/polosa-stalnaya-2-mm,/stal
/stal/polosa-stalnaya-25h4-mm-st3sp,/stal
/stal/polosa-stalnaya-3-mm,/stal
/stal/polosa-stalnaya-30h3-mm,/stal
/stal/polosa-stalnaya-40h5-mm-st3sp,/stal
/stal/polosa-stalnaya-50h3-mm,/stal
/stal/polosa-stalnaya-65g,/stal
/stal/poroshkovaya-provoloka-dlya-svarki,/stal
/stal/profil-p-obraznyy-ocinkovannyy,/stal
/stal/profil-s-obraznyy-ocinkovannyy,/stal
/stal/profnastil,/stal
/stal/profnastil-0-45-mm,/stal
/stal/profnastil-0-5-mm,/stal
/stal/profnastil-1-2h2-m,/stal
/stal/profnastil-1-8-m,/stal
/stal/profnastil-1150h2000-mm,/stal
/stal/profnastil-1200-mm,/stal
/stal/profnastil-1200h6000-mm,/stal
/stal/profnastil-2-m,/stal
/stal/profnastil-3-metra,/stal
/stal/profnastil-4-m,/stal
/stal/profnastil-6-metrov,/stal
/stal/profnastil-chernyy,/stal
/stal/profnastil-dlya-kryshi,/stal
/stal/profnastil-dlya-perekrytiy,/stal
/stal/profnastil-dlya-zabora,/stal
/stal/profnastil-dlya-zabora-1800h1150-mm,/stal
/stal/profnastil-krasnyy-ral-3020,/stal
/stal/profnastil-ks21,/stal
/stal/profnastil-mp,/stal
/stal/profnastil-mp10,/stal
/stal/profnastil-mp18,/stal
/stal/profnastil-mp20,/stal
/stal/profnastil-mp21,/stal
/stal/profnastil-mp35,/stal
/stal/profnastil-n10,/stal
/stal/profnastil-n114,/stal
/stal/profnastil-n20,/stal
/stal/profnastil-n57,/stal
/stal/profnastil-n57-0-8h750-mm,/stal
/stal/profnastil-n60,/stal
/stal/profnastil-n60-1h845-mm,/stal
/stal/profnastil-n60-845-mm,/stal
/stal/profnastil-n75,/stal
/stal/profnastil-n75-0-7h750-mm,/stal
/stal/profnastil-n75-0-9h750-mm,/stal
/stal/profnastil-nekondiciya,/stal
/stal/profnastil-ns,/stal
/stal/profnastil-ns10,/stal
/stal/profnastil-ns20,/stal
/stal/profnastil-ns21,/stal
/stal/profnastil-ns35,/stal
/stal/profnastil-ns35-0-5-mm,/stal
/stal/profnastil-ns35-0-7-mm,/stal
/stal/profnastil-ns35-0-7h1000-mm,/stal
/stal/profnastil-ns44,/stal
/stal/profnastil-ns44-0-7h1000-mm,/stal
/stal/profnastil-ns8,/stal
/stal/profnastil-ocinkovannyy-mp20,/stal
/stal/profnastil-ocinkovannyy-n75-0-7h750-mm,/stal
/stal/profnastil-ocinkovannyy-ns35-0-7h1000-mm,/stal
/stal/profnastil-ocinkovannyy-proflist,/stal
/stal/profnastil-ocinkovannyy-s-pokrytiem-poliester,/stal
/stal/profnastil-ocinkovannyy-s10,/stal
/stal/profnastil-ocinkovannyy-s21,/stal
/stal/profnastil-ocinkovannyy-s21-0-5h1000-mm,/stal
/stal/profnastil-ocinkovannyy-s8,/stal
/stal/profnastil-pk20,/stal
/stal/profnastil-pod-derevo,/stal
/stal/profnastil-pod-kirpich,/stal
/stal/profnastil-polimernyy-proflist,/stal
/stal/profnastil-ral-1014-slonovaya-kost,/stal
/stal/profnastil-ral-1015-svetlaya-slonovaya-kost,/stal
/stal/profnastil-ral-1018-zheltyy,/stal
/stal/profnastil-ral-3005-krasnoe-vino,/stal
/stal/profnastil-ral-3011-korichnevo-krasnyy,/stal
/stal/profnastil-ral-6005-zelenyy-moh,/stal
/stal/profnastil-ral-6029-myatno-zelenyy,/stal
/stal/profnastil-ral-7004-signalnyy-seryy,/stal
/stal/profnastil-ral-7016-antracitovo-seryy,/stal
/stal/profnastil-ral-7024-grafitovyy-seryy,/stal
/stal/profnastil-ral-9002-sero-belyy,/stal
/stal/profnastil-ral-9003-signalnyy-belyy,/stal
/stal/profnastil-ral-9006-serebristyy,/stal
/stal/profnastil-rr32-temno-korichnevyy,/stal
/stal/profnastil-s10,/stal
/stal/profnastil-s10-0-7-mm,/stal
/stal/profnastil-s15,/stal
/stal/profnastil-s18,/stal
/stal/profnastil-s20,/stal
/stal/profnastil-s20-0-4-mm,/stal
/stal/profnastil-s21,/stal
/stal/profnastil-s21-0-7-mm,/stal
/stal/profnastil-s21-0-7h1000-mm,/stal
/stal/profnastil-s25,/stal
/stal/profnastil-s44,/stal
/stal/profnastil-s8,/stal
/stal/profnastil-s8-ral7024-grafitovyy-seryy,/stal
/stal/profnastil-s9,/stal
/stal/profnastil-sp20,/stal
/stal/profnastil-ss10,/stal
/stal/profnastil-zolotoy-dub,/stal
/stal/provoloka-12h18n10t-nerzhaveyushchaya,/stal
/stal/provoloka-dlya-pruzhinnyh-shayb,/stal
/stal/provoloka-dlya-svarki-nerzhaveyki,/stal
/stal/provoloka-gvozdilnaya,/stal
/stal/provoloka-kachestvennaya,/stal
/stal/provoloka-kanatnaya,/stal
/stal/provoloka-kanatnaya-ocinkovannaya,/stal
/stal/provoloka-kolyuchaya-egoza,/stal
/stal/provoloka-kolyuchaya-odnoosnovnaya,/stal
/stal/provoloka-latunirovannaya,/stal
/stal/provoloka-naplavochnaya,/stal
/stal/provoloka-nerzhaveyushchaya,/stal
/stal/provoloka-nerzhaveyushchaya-08h18n10t,/stal
/stal/provoloka-nerzhaveyushchaya-1-mm,/stal
/stal/provoloka-nerzhaveyushchaya-2-mm,/stal
/stal/provoloka-nerzhaveyushchaya-3-mm,/stal
/stal/provoloka-nerzhaveyushchaya-4-mm,/stal
/stal/provoloka-nerzhaveyushchaya-myagkaya,/stal
/stal/provoloka-ocinkovannaya,/stal
/stal/provoloka-ocinkovannaya-0-7-mm,/stal
/stal/provoloka-ocinkovannaya-4-mm,/stal
/stal/provoloka-ocinkovannaya-5-mm,/stal
/stal/provoloka-ocinkovannaya-6-mm,/stal
/stal/provoloka-poligraficheskaya,/stal
/stal/provoloka-pruzhinnaya,/stal
/stal/provoloka-pruzhinnaya-2-mm,/stal
/stal/provoloka-pruzhinnaya-4-mm,/stal
/stal/provoloka-pruzhinnaya-5-mm,/stal
/stal/provoloka-s-polimernym-pokrytiem,/stal
/stal/provoloka-svarochnaya-0-8-mm,/stal
/stal/provoloka-svarochnaya-omednennaya,/stal
/stal/provoloka-svarochnaya-sv-04h19n11m3,/stal
/stal/provoloka-svarochnaya-sv-06h19n9t,/stal
/stal/provoloka-uglerodistaya,/stal
/stal/provoloka-vr-1,/stal
/stal/provoloka-vyazalnaya,/stal
/stal/provoloka-vyazalnaya-1-2-mm,/stal
/stal/provoloka-vyazalnaya-2-mm,/stal
/stal/provoloka-vyazalnaya-3-mm,/stal
/stal/provoloka-vyazalnaya-4-mm,/stal
/stal/provoloka-vyazalnaya-5-mm,/stal
/stal/provoloka-vyazalnaya-6-mm,/stal
/stal/prutok-kalibrovannyy,/stal
/stal/prutok-kalibrovannyy-10-mm,/stal
/stal/prutok-kalibrovannyy-8-mm,/stal
/stal/prutok-nerzhaveyushchiy,/stal
/stal/prutok-nerzhaveyushchiy-08h18n10t,/stal
/stal/prutok-nerzhaveyushchiy-10-mm,/stal
/stal/prutok-nerzhaveyushchiy-12-mm,/stal
/stal/prutok-nerzhaveyushchiy-2-mm,/stal
/stal/prutok-nerzhaveyushchiy-3-mm,/stal
/stal/prutok-nerzhaveyushchiy-4-mm,/stal
/stal/prutok-nerzhaveyushchiy-5-mm,/stal
/stal/prutok-nerzhaveyushchiy-6-mm,/stal
/stal/prutok-nerzhaveyushchiy-8-mm,/stal
/stal/prutok-ocinkovannyy,/stal
/stal/prutok-ocinkovannyy-10-mm,/stal
/stal/prutok-ocinkovannyy-12-mm,/stal
/stal/prutok-stalnoy,/stal
/stal/prutok-stalnoy-10-mm,/stal
/stal/prutok-stalnoy-4-mm,/stal
/stal/prutok-stalnoy-5-mm,/stal
/stal/prutok-stalnoy-6-mm,/stal
/stal/prutok-stalnoy-8-mm,/stal
/stal/prutok-stalnoy-kalibrovannyy-10-mm,/stal
/stal/pruzhinnaya-provoloka-60s2a,/stal
/stal/rels-kr70,/stal
/stal/rels-kranovyy,/stal
/stal/rels-r11,/stal
/stal/rels-r18,/stal
/stal/rels-r24,/stal
/stal/rels-r33,/stal
/stal/rels-r34,/stal
/stal/rels-r38,/stal
/stal/rels-r43,/stal
/stal/rels-r50,/stal
/stal/rels-r65,/stal
/stal/rels-r75,/stal
/stal/rels-r8,/stal
/stal/rels-ramnyy-rr65,/stal
/stal/rels-rp50-rp65-rp75,/stal
/stal/rels-t58,/stal
/stal/rels-t62,/stal
/stal/rels-usovikovyy-ur65,/stal
/stal/rels-zheleznodorozhnyy-zhd,/stal
/stal/relsy,/stal
/stal/relsy-kr-100,/stal
/stal/relsy-kr-120,/stal
/stal/relsy-kr-140,/stal
/stal/relsy-kr-80,/stal
/stal/relsy-ostryakovye,/stal
/stal/relsy-tramvaynye,/stal
/stal/relsy-zheleznodorozhnye-kontrrelsovye,/stal
/stal/rezba-stalnaya,/stal
/stal/rulonnaya-ocinkovannaya-stal,/stal
/stal/samozashchitnaya-poroshkovaya-provoloka,/stal
/stal/setka-12h18n10t,/stal
/stal/setka-cpvs-3h3-mm,/stal
/stal/setka-cpvs-ocinkovannaya,/stal
/stal/setka-cpvs-ocinkovannaya-5h5-mm,/stal
/stal/setka-cpvs-ot-gryzunov,/stal
/stal/setka-dlya-gabionov,/stal
/stal/setka-dorozhnaya,/stal
/stal/setka-gitter-3d,/stal
/stal/setka-kladochnaya-ocinkovannaya,/stal
/stal/setka-kruchenaya-mane,/stal
/stal/setka-nerzhaveyushchaya-10h10-mm,/stal
/stal/setka-nerzhaveyushchaya-2h2-mm,/stal
/stal/setka-nerzhaveyushchaya-3h3-mm,/stal
/stal/setka-nerzhaveyushchaya-filtrovaya,/stal
/stal/setka-prosechno-vytyazhnaya-nerzhaveyushchaya,/stal
/stal/setka-provolochnaya-tkanaya,/stal
/stal/setka-rabica-1-5h10-ocinkovannaya,/stal
/stal/setka-rabica-10-m,/stal
/stal/setka-rabica-10h10,/stal
/stal/setka-rabica-10h10h1-2-mm,/stal
/stal/setka-rabica-15-m,/stal
/stal/setka-rabica-15h15,/stal
/stal/setka-rabica-2-mm,/stal
/stal/setka-rabica-20h20h2-mm,/stal
/stal/setka-rabica-25h25,/stal
/stal/setka-rabica-25h25h2-mm,/stal
/stal/setka-rabica-30h30,/stal
/stal/setka-rabica-40h40,/stal
/stal/setka-rabica-50h50h2-5,/stal
/stal/setka-rabica-bez-pokrytiya,/stal
/stal/setka-rabica-chernaya,/stal
/stal/setka-rabica-korichnevaya,/stal
/stal/setka-rabica-ocinkovannaya,/stal
/stal/setka-rabica-ocinkovannaya-50h50h2,/stal
/stal/setka-rabica-s-polimernym-pokrytiem-pvh,/stal
/stal/setka-rabica-vysota-rulona-1-8-m,/stal
/stal/setka-rabica-vysota-rulona-1-m,/stal
/stal/setka-rabica-vysota-rulona-2-m,/stal
/stal/setka-rabica-zelenaya,/stal
/stal/setka-riflenaya,/stal
/stal/setka-sharnirnaya,/stal
/stal/setka-shtukaturnaya-cpvs,/stal
/stal/setka-shtukaturnaya-ocinkovannaya,/stal
/stal/setka-stalnaya-pletenaya,/stal
/stal/setka-svarnaya-100h100h4-mm,/stal
/stal/setka-svarnaya-100h100h5-mm,/stal
/stal/setka-svarnaya-100x100-mm,/stal
/stal/setka-svarnaya-50h50-mm,/stal
/stal/setka-svarnaya-50h50h3-mm,/stal
/stal/setka-svarnaya-50h50h4,/stal
/stal/setka-svarnaya-6h6-mm,/stal
/stal/setka-svarnaya-cena-za-m2,/stal
/stal/setka-svarnaya-nerzhaveyushchaya,/stal
/stal/setka-svarnaya-ocinkovannaya,/stal
/stal/setka-svarnaya-ocinkovannaya-25x25-mm,/stal
/stal/setka-svarnaya-ocinkovannaya-50x50-mm,/stal
/stal/setka-svarnaya-s-polimernym-pokrytiem-pvh,/stal
/stal/setka-svarnaya-stalnaya,/stal
/stal/setka-svarnaya-v-rulonah,/stal
/stal/setka-tkanaya-2h2-mm,/stal
/stal/setka-tkanaya-bez-pokrytiya,/stal
/stal/setka-tkanaya-nerzhaveyushchaya,/stal
/stal/setka-tkanaya-ocinkovannaya,/stal
/stal/setka-tkanaya-stalnaya,/stal
/stal/sgon-nerzhaveyushchiy,/stal
/stal/shary-melyushchie,/stal
/stal/shary-stalnye,/stal
/stal/shestigrannik-goryachekatanyy,/stal
/stal/shestigrannik-kalibrovannyy,/stal
/stal/shestigrannik-nerzhaveyushchiy,/stal
/stal/shestigrannik-nerzhaveyushchiy-aisi-304,/stal
/stal/shestigrannik-stalnoy,/stal
/stal/shpunt-l5-um-s255,/stal
/stal/shpunt-larsena,/stal
/stal/shpunt-larsena-l5,/stal
/stal/shpunt-larsena-l5-um,/stal
/stal/shtrips-nerzhaveyushchiy,/stal
/stal/shtrips-ocinkovannyy,/stal
/stal/shtrips-s-polimernym-pokrytiem,/stal
/stal/shtrips-stalnoy,/stal
/stal/shtucer-stalnoy,/stal
/stal/shveller-09g2s,/stal
/stal/shveller-10-10p-10u,/stal
/stal/shveller-100-mm,/stal
/stal/shveller-100h100-mm,/stal
/stal/shveller-100h50-mm,/stal
/stal/shveller-100h50h3-mm,/stal
/stal/shveller-100h50h4-mm,/stal
/stal/shveller-100h50h5-mm,/stal
/stal/shveller-10p,/stal
/stal/shveller-10u,/stal
/stal/shveller-12-12p-12u,/stal
/stal/shveller-120-mm,/stal
/stal/shveller-120h50h3-mm,/stal
/stal/shveller-12p,/stal
/stal/shveller-12u,/stal
/stal/shveller-14-14p-14u,/stal
/stal/shveller-140-mm,/stal
/stal/shveller-140h60h5-mm,/stal
/stal/shveller-14p,/stal
/stal/shveller-14u,/stal
/stal/shveller-16-16p-16u,/stal
/stal/shveller-160-mm,/stal
/stal/shveller-160h60h5-mm,/stal
/stal/shveller-160h80h5-mm,/stal
/stal/shveller-16p,/stal
/stal/shveller-16u,/stal
/stal/shveller-18,/stal
/stal/shveller-180-mm,/stal
/stal/shveller-18p,/stal
/stal/shveller-18u,/stal
/stal/shveller-20-20p-20u,/stal
/stal/shveller-200-mm,/stal
/stal/shveller-20p,/stal
/stal/shveller-20u,/stal
/stal/shveller-22,/stal
/stal/shveller-22p,/stal
/stal/shveller-22u,/stal
/stal/shveller-24,/stal
/stal/shveller-240-mm,/stal
/stal/shveller-24p,/stal
/stal/shveller-24u,/stal
/stal/shveller-250-mm,/stal
/stal/shveller-27,/stal
/stal/shveller-27p,/stal
/stal/shveller-27u,/stal
/stal/shveller-30,/stal
/stal/shveller-300-mm,/stal
/stal/shveller-30p,/stal
/stal/shveller-30u,/stal
/stal/shveller-4,/stal
/stal/shveller-40,/stal
/stal/shveller-40p,/stal
/stal/shveller-40u,/stal
/stal/shveller-5,/stal
/stal/shveller-50-mm,/stal
/stal/shveller-5p,/stal
/stal/shveller-5u,/stal
/stal/shveller-6-5,/stal
/stal/shveller-6-5p,/stal
/stal/shveller-6-5u,/stal
/stal/shveller-60-mm,/stal
/stal/shveller-70-mm,/stal
/stal/shveller-8,/stal
/stal/shveller-80-mm,/stal
/stal/shveller-80h40-mm,/stal
/stal/shveller-80h40h4-mm,/stal
/stal/shveller-80h50h4-mm,/stal
/stal/shveller-80h60h4-mm,/stal
/stal/shveller-8p,/stal
/stal/shveller-8u,/stal
/stal/shveller-bu,/stal
/stal/shveller-cena-za-tonnu,/stal
/stal/shveller-gnutyy,/stal
/stal/shveller-gnutyy-120h60h4-mm,/stal
/stal/shveller-gnutyy-200h100-mm,/stal
/stal/shveller-gnutyy-ocinkovannyy,/stal
/stal/shveller-gnutyy-ravnopolochnyy,/stal
/stal/shveller-goryachekatanyy,/stal
/stal/shveller-nerzhaveyushchiy,/stal
/stal/shveller-nerzhaveyushchiy-aisi-304,/stal
/stal/shveller-ocinkovannyy,/stal
/stal/shveller-p-obraznyy,/stal
/stal/shveller-s245,/stal
/stal/shveller-stalnoy,/stal
/stal/shveller-u-obraznyy,/stal
/stal/spiraleshovnaya-truba,/stal
/stal/spiralnovitye-truby,/stal
/stal/stenovoy-profnastil,/stal
/stal/svarochnaya-provoloka-sv-08ga,/stal
/stal/svarochnaya-provoloka-sv08g2s,/stal
/stal/tavr-nerzhaveyushchiy,/stal
/stal/tavr-stalnoy,/stal
/stal/troynik-stalnoy,/stal
/stal/truba-15h5m,/stal
/stal/truba-30hgsa,/stal
/stal/truba-besshovnaya-09g2s,/stal
/stal/truba-besshovnaya-108-mm,/stal
/stal/truba-besshovnaya-50h4-mm,/stal
/stal/truba-besshovnaya-57h5-mm,/stal
/stal/truba-besshovnaya-60h4-mm,/stal
/stal/truba-besshovnaya-76h6-mm,/stal
/stal/truba-besshovnaya-89-mm,/stal
/stal/truba-besshovnaya-ocinkovannaya,/stal
/stal/truba-besshovnaya-tonkostennaya,/stal
/stal/truba-celnotyanutaya-besshovnaya,/stal
/stal/truba-elektrosvarnaya-100-mm,/stal
/stal/truba-elektrosvarnaya-1020-mm,/stal
/stal/truba-elektrosvarnaya-108-mm,/stal
/stal/truba-elektrosvarnaya-108h4-mm,/stal
/stal/truba-elektrosvarnaya-108h5-mm,/stal
/stal/truba-elektrosvarnaya-114-mm,/stal
/stal/truba-elektrosvarnaya-114h3-mm,/stal
/stal/truba-elektrosvarnaya-133-mm,/stal
/stal/truba-elektrosvarnaya-150-mm,/stal
/stal/truba-elektrosvarnaya-159-mm,/stal
/stal/truba-elektrosvarnaya-159h3-mm,/stal
/stal/truba-elektrosvarnaya-159h4-mm,/stal
/stal/truba-elektrosvarnaya-16-mm,/stal
/stal/truba-elektrosvarnaya-219-mm,/stal
/stal/truba-elektrosvarnaya-219h4-mm,/stal
/stal/truba-elektrosvarnaya-273-mm,/stal
/stal/truba-elektrosvarnaya-30-mm,/stal
/stal/truba-elektrosvarnaya-32-mm,/stal
/stal/truba-elektrosvarnaya-325-mm,/stal
/stal/truba-elektrosvarnaya-325h7-mm,/stal
/stal/truba-elektrosvarnaya-350-mm,/stal
/stal/truba-elektrosvarnaya-426-mm,/stal
/stal/truba-elektrosvarnaya-48-mm,/stal
/stal/truba-elektrosvarnaya-50-mm,/stal
/stal/truba-elektrosvarnaya-530-mm,/stal
/stal/truba-elektrosvarnaya-57-mm,/stal
/stal/truba-elektrosvarnaya-57h3-5-mm,/stal
/stal/truba-elektrosvarnaya-57h3-mm,/stal
/stal/truba-elektrosvarnaya-60-mm,/stal
/stal/truba-elektrosvarnaya-630-mm,/stal
/stal/truba-elektrosvarnaya-65-mm,/stal
/stal/truba-elektrosvarnaya-76-mm,/stal
/stal/truba-elektrosvarnaya-80-mm,/stal
/stal/truba-elektrosvarnaya-820-mm,/stal
/stal/truba-elektrosvarnaya-89-mm,/stal
/stal/truba-elektrosvarnaya-dlya-teplovyh-setey,/stal
/stal/truba-elektrosvarnaya-ocinkovannaya,/stal
/stal/truba-elektrosvarnaya-pryamoshovnaya,/stal
/stal/truba-elektrosvarnaya-spiraleshovnaya,/stal
/stal/truba-gazliftnaya,/stal
/stal/truba-gofrirovannaya-nerzhaveyushchaya-15-mm,/stal
/stal/truba-gofrirovannaya-nerzhaveyushchaya-20-mm,/stal
/stal/truba-gofrirovannaya-nerzhaveyushchaya-25-mm,/stal
/stal/truba-gofrirovannaya-nerzhaveyushchaya-32-mm,/stal
/stal/truba-gofrirovannaya-nerzhaveyushchaya-50-mm,/stal
/stal/truba-gofrirovannaya-nerzhaveyushchaya-otozhzhennaya,/stal
/stal/truba-kotelnaya,/stal
/stal/truba-kotelnaya-nerzhaveyushchaya,/stal
/stal/truba-krekingovaya,/stal
/stal/truba-kruglaya-09g2s,/stal
/stal/truba-kvadratnaya-ocinkovannaya,/stal
/stal/truba-magistralnaya-gost-20295-85,/stal
/stal/truba-nasosno-kompressornaya-nkt,/stal
/stal/truba-nerzhaveyushchaya-03h17n13m2,/stal
/stal/truba-nerzhaveyushchaya-03h17n14m3,/stal
/stal/truba-nerzhaveyushchaya-06hn28mdt,/stal
/stal/truba-nerzhaveyushchaya-08h18n10t,/stal
/stal/truba-nerzhaveyushchaya-08h22n6t,/stal
/stal/truba-nerzhaveyushchaya-10-mm,/stal
/stal/truba-nerzhaveyushchaya-100-mm,/stal
/stal/truba-nerzhaveyushchaya-10h17n13m2t,/stal
/stal/truba-nerzhaveyushchaya-110-mm,/stal
/stal/truba-nerzhaveyushchaya-12-mm,/stal
/stal/truba-nerzhaveyushchaya-12h18n10t,/stal
/stal/truba-nerzhaveyushchaya-15-mm,/stal
/stal/truba-nerzhaveyushchaya-150-mm,/stal
/stal/truba-nerzhaveyushchaya-16-mm,/stal
/stal/truba-nerzhaveyushchaya-20-mm,/stal
/stal/truba-nerzhaveyushchaya-20h13,/stal
/stal/truba-nerzhaveyushchaya-25-mm,/stal
/stal/truba-nerzhaveyushchaya-32-mm,/stal
/stal/truba-nerzhaveyushchaya-35-mm,/stal
/stal/truba-nerzhaveyushchaya-40-mm,/stal
/stal/truba-nerzhaveyushchaya-50-mm,/stal
/stal/truba-nerzhaveyushchaya-60-mm,/stal
/stal/truba-nerzhaveyushchaya-63-mm,/stal
/stal/truba-nerzhaveyushchaya-76-mm,/stal
/stal/truba-nerzhaveyushchaya-8-mm,/stal
/stal/truba-nerzhaveyushchaya-80-mm,/stal
/stal/truba-nerzhaveyushchaya-aisi-304,/stal
/stal/truba-nerzhaveyushchaya-aisi-316,/stal
/stal/truba-nerzhaveyushchaya-aisi-321,/stal
/stal/truba-nerzhaveyushchaya-aisi-904l,/stal
/stal/truba-nerzhaveyushchaya-astm,/stal
/stal/truba-nerzhaveyushchaya-besshovnaya,/stal
/stal/truba-nerzhaveyushchaya-cena-za-metr,/stal
/stal/truba-nerzhaveyushchaya-elektrosvarnaya,/stal
/stal/truba-nerzhaveyushchaya-gofrirovannaya,/stal
/stal/truba-nerzhaveyushchaya-gofrirovannaya-neotozhzhennaya,/stal
/stal/truba-nerzhaveyushchaya-gost-9940-81,/stal
/stal/truba-nerzhaveyushchaya-gost-9941-81,/stal
/stal/truba-nerzhaveyushchaya-kruglaya,/stal
/stal/truba-nerzhaveyushchaya-kvadratnaya,/stal
/stal/truba-nerzhaveyushchaya-pishchevaya,/stal
/stal/truba-nerzhaveyushchaya-polirovannaya-25-mm,/stal
/stal/truba-nerzhaveyushchaya-profilnaya,/stal
/stal/truba-nerzhaveyushchaya-pryamougolnaya,/stal
/stal/truba-nerzhaveyushchaya-tolstostennaya,/stal
/stal/truba-nerzhaveyushchaya-tonkostennaya,/stal
/stal/truba-nerzhaveyushchaya-zerkalnaya,/stal
/stal/truba-nkt-60,/stal
/stal/truba-nkt-73,/stal
/stal/truba-nkt-89,/stal
/stal/truba-obsadnaya,/stal
/stal/truba-ocinkovannaya,/stal
/stal/truba-ocinkovannaya-10-mm,/stal
/stal/truba-ocinkovannaya-100-mm,/stal
/stal/truba-ocinkovannaya-20-mm,/stal
/stal/truba-ocinkovannaya-25-mm,/stal
/stal/truba-ocinkovannaya-3-4-dyuyma,/stal
/stal/truba-ocinkovannaya-32-mm,/stal
/stal/truba-ocinkovannaya-40-mm,/stal
/stal/truba-ocinkovannaya-50-mm,/stal
/stal/truba-ocinkovannaya-57-mm,/stal
/stal/truba-ocinkovannaya-76-mm,/stal
/stal/truba-ocinkovannaya-kvadratnaya-20h20-mm,/stal
/stal/truba-ocinkovannaya-profilnaya,/stal
/stal/truba-ocinkovannaya-pryamougolnaya,/stal
/stal/truba-ocinkovannaya-pryamougolnaya-40x20-mm,/stal
/stal/truba-ocinkovannaya-tonkostennaya,/stal
/stal/truba-precizionnaya-gost-9567-75,/stal
/stal/truba-predizolirovannaya,/stal
/stal/truba-profilnaya-09g2s,/stal
/stal/truba-profilnaya-nerzhaveyushchaya-40h20-mm,/stal
/stal/truba-profilnaya-nerzhaveyushchaya-zerkalnaya,/stal
/stal/truba-shlifovannaya-nerzhaveyushchaya,/stal
/stal/truba-stal-20,/stal
/stal/truba-stalnaya-1-2-dyuyma,/stal
/stal/truba-stalnaya-1-dyuym,/stal
/stal/truba-stalnaya-10-mm,/stal
/stal/truba-stalnaya-100-mm,/stal
/stal/truba-stalnaya-102-mm,/stal
/stal/truba-stalnaya-1020-mm,/stal
/stal/truba-stalnaya-1020h10-mm,/stal
/stal/truba-stalnaya-102h4-mm,/stal
/stal/truba-stalnaya-108-mm,/stal
/stal/truba-stalnaya-108h10-mm,/stal
/stal/truba-stalnaya-108h3-mm,/stal
/stal/truba-stalnaya-108h4-mm,/stal
/stal/truba-stalnaya-108h5-mm,/stal
/stal/truba-stalnaya-108h6-mm,/stal
/stal/truba-stalnaya-110-mm,/stal
/stal/truba-stalnaya-114-mm,/stal
/stal/truba-stalnaya-114h12-mm,/stal
/stal/truba-stalnaya-114h5-mm,/stal
/stal/truba-stalnaya-114h6-mm,/stal
/stal/truba-stalnaya-12-mm,/stal
/stal/truba-stalnaya-120-mm,/stal
/stal/truba-stalnaya-127-mm,/stal
/stal/truba-stalnaya-127h4-mm,/stal
/stal/truba-stalnaya-12h2-mm,/stal
/stal/truba-stalnaya-130-mm,/stal
/stal/truba-stalnaya-133-mm,/stal
/stal/truba-stalnaya-133h4-mm,/stal
/stal/truba-stalnaya-14-mm,/stal
/stal/truba-stalnaya-140-mm,/stal
/stal/truba-stalnaya-140h5-mm,/stal
/stal/truba-stalnaya-1420-mm,/stal
/stal/truba-stalnaya-146-mm,/stal
/stal/truba-stalnaya-14h2-mm,/stal
/stal/truba-stalnaya-15-mm,/stal
/stal/truba-stalnaya-150-mm,/stal
/stal/truba-stalnaya-159-mm,/stal
/stal/truba-stalnaya-159h10-mm,/stal
/stal/truba-stalnaya-159h4-5-mm,/stal
/stal/truba-stalnaya-159h4-mm,/stal
/stal/truba-stalnaya-159h5-mm,/stal
/stal/truba-stalnaya-159h6-mm,/stal
/stal/truba-stalnaya-159h8-mm,/stal
/stal/truba-stalnaya-15h2-5-mm,/stal
/stal/truba-stalnaya-15h2-mm,/stal
/stal/truba-stalnaya-15h3-mm,/stal
/stal/truba-stalnaya-16-mm,/stal
/stal/truba-stalnaya-168-mm,/stal
/stal/truba-stalnaya-16h2-mm,/stal
/stal/truba-stalnaya-170-mm,/stal
/stal/truba-stalnaya-18-mm,/stal
/stal/truba-stalnaya-180-mm,/stal
/stal/truba-stalnaya-2-dyuyma,/stal
/stal/truba-stalnaya-20-mm,/stal
/stal/truba-stalnaya-200-mm,/stal
/stal/truba-stalnaya-20h2-mm,/stal
/stal/truba-stalnaya-20h3-mm,/stal
/stal/truba-stalnaya-219-mm,/stal
/stal/truba-stalnaya-219h10-mm,/stal
/stal/truba-stalnaya-219h6-mm,/stal
/stal/truba-stalnaya-219h7-mm,/stal
/stal/truba-stalnaya-219h8-mm,/stal
/stal/truba-stalnaya-22-mm,/stal
/stal/truba-stalnaya-25-mm,/stal
/stal/truba-stalnaya-250-mm,/stal
/stal/truba-stalnaya-25h2-5-mm,/stal
/stal/truba-stalnaya-25h2-mm,/stal
/stal/truba-stalnaya-25h3-mm,/stal
/stal/truba-stalnaya-27-mm,/stal
/stal/truba-stalnaya-273-mm,/stal
/stal/truba-stalnaya-273h6-mm,/stal
/stal/truba-stalnaya-273h8-mm,/stal
/stal/truba-stalnaya-28-mm,/stal
/stal/truba-stalnaya-28h3-mm,/stal
/stal/truba-stalnaya-28h4-mm,/stal
/stal/truba-stalnaya-3-4-dyuyma,/stal
/stal/truba-stalnaya-30-mm,/stal
/stal/truba-stalnaya-32-mm,/stal
/stal/truba-stalnaya-325-mm,/stal
/stal/truba-stalnaya-325h10-mm,/stal
/stal/truba-stalnaya-325h6-mm,/stal
/stal/truba-stalnaya-325h8-mm,/stal
/stal/truba-stalnaya-32h3-mm,/stal
/stal/truba-stalnaya-34-mm,/stal
/stal/truba-stalnaya-35-mm,/stal
/stal/truba-stalnaya-377-mm,/stal
/stal/truba-stalnaya-377h10-mm,/stal
/stal/truba-stalnaya-38-mm,/stal
/stal/truba-stalnaya-38h2-mm,/stal
/stal/truba-stalnaya-38h3-mm,/stal
/stal/truba-stalnaya-38h4-mm,/stal
/stal/truba-stalnaya-40-mm,/stal
/stal/truba-stalnaya-40h,/stal
/stal/truba-stalnaya-40h3-mm,/stal
/stal/truba-stalnaya-42-mm,/stal
/stal/truba-stalnaya-426-mm,/stal
/stal/truba-stalnaya-426h8-mm,/stal
/stal/truba-stalnaya-426h9-mm,/stal
/stal/truba-stalnaya-42h3-mm,/stal
/stal/truba-stalnaya-45-mm,/stal
/stal/truba-stalnaya-48-mm,/stal
/stal/truba-stalnaya-48h3-mm,/stal
/stal/truba-stalnaya-48h4-mm,/stal
/stal/truba-stalnaya-50-mm,/stal
/stal/truba-stalnaya-50h3-mm,/stal
/stal/truba-stalnaya-51-mm,/stal
/stal/truba-stalnaya-530-mm,/stal
/stal/truba-stalnaya-530h10-mm,/stal
/stal/truba-stalnaya-530h12-mm,/stal
/stal/truba-stalnaya-57-mm,/stal
/stal/truba-stalnaya-57h3-5-mm,/stal
/stal/truba-stalnaya-57h3-mm,/stal
/stal/truba-stalnaya-57h4-mm,/stal
/stal/truba-stalnaya-57h6-mm,/stal
/stal/truba-stalnaya-60-mm,/stal
/stal/truba-stalnaya-60h3-5-mm,/stal
/stal/truba-stalnaya-60h3-mm,/stal
/stal/truba-stalnaya-60h5-mm,/stal
/stal/truba-stalnaya-63-mm,/stal
/stal/truba-stalnaya-65-mm,/stal
/stal/truba-stalnaya-68-mm,/stal
/stal/truba-stalnaya-68h4-mm,/stal
/stal/truba-stalnaya-7-mm,/stal
/stal/truba-stalnaya-70-mm,/stal
/stal/truba-stalnaya-73-mm,/stal
/stal/truba-stalnaya-76-mm,/stal
/stal/truba-stalnaya-76h3-5-mm,/stal
/stal/truba-stalnaya-76h3-mm,/stal
/stal/truba-stalnaya-76h4-mm,/stal
/stal/truba-stalnaya-76h5-mm,/stal
/stal/truba-stalnaya-8-mm,/stal
/stal/truba-stalnaya-80-mm,/stal
/stal/truba-stalnaya-80h4-mm,/stal
/stal/truba-stalnaya-820-mm,/stal
/stal/truba-stalnaya-89-mm,/stal
/stal/truba-stalnaya-89h3-5-mm,/stal
/stal/truba-stalnaya-89h4-mm,/stal
/stal/truba-stalnaya-89h5-mm,/stal
/stal/truba-stalnaya-89h6-mm,/stal
/stal/truba-stalnaya-90-mm,/stal
/stal/truba-stalnaya-95-mm,/stal
/stal/truba-stalnaya-besshovnaya,/stal
/stal/truba-stalnaya-elektrosvarnaya,/stal
/stal/truba-stalnaya-goryachedeformirovannaya,/stal
/stal/truba-stalnaya-holodnodeformirovannaya,/stal
/stal/truba-stalnaya-kruglaya,/stal
/stal/truba-stalnaya-kvadratnaya,/stal
/stal/truba-stalnaya-profilnaya,/stal
/stal/truba-stalnaya-pryamoshovnaya,/stal
/stal/truba-stalnaya-pryamougolnaya,/stal
/stal/truba-stalnaya-tablica-razmerov-i-vesa,/stal
/stal/truba-stalnaya-vodogazoprovodnaya-vgp-gost-3262-75,/stal
/stal/truba-stalnaya-vodogazoprovodnaya-vgp-ocinkovannaya,/stal
/stal/truba-tolstostennaya,/stal
/stal/truba-v-izolyacii-ppu-oc,/stal
/stal/truba-v-izolyacii-ppu-pe,/stal
/stal/truba-v-ppu-izolyacii,/stal
/stal/truba-vgp-15-mm,/stal
/stal/truba-vgp-15h2-8-mm,/stal
/stal/truba-vgp-20-mm-stalnaya-vodogazoprovodnaya,/stal
/stal/truba-vgp-20h2-5-mm,/stal
/stal/truba-vgp-25-mm-stalnaya-vodogazoprovodnaya,/stal
/stal/truba-vgp-25h2-8-mm,/stal
/stal/truba-vgp-25h3-2-mm,/stal
/stal/truba-vgp-3-4-dyuyma,/stal
/stal/truba-vgp-32,/stal
/stal/truba-vgp-32h2-8-mm,/stal
/stal/truba-vgp-32h3-2-mm,/stal
/stal/truba-vgp-40-mm,/stal
/stal/truba-vgp-40h3-5-mm,/stal
/stal/truba-vgp-40h3-mm,/stal
/stal/truba-vgp-50-mm,/stal
/stal/truba-vgp-50h3-5-mm,/stal
/stal/truba-vgp-57-mm,/stal
/stal/truba-vgp-65-mm,/stal
/stal/truba-vgp-80h4-mm,/stal
/stal/truba-vitaya-dekorativnaya,/stal
/stal/trubka-kapillyarnaya-nerzhaveyushchaya,/stal
/stal/trubka-nerzhaveyushchaya-6-mm,/stal
/stal/truby-nerzhaveyushchie-kofulso-kofulso,/stal
/stal/truby-ppu-108-mm,/stal
/stal/truby-v-vus-izolyacii,/stal
/stal/truby-zharoprochnye-nerzhaveyushchie,/stal
/stal/ugolok-100h100h10-mm,/stal
/stal/ugolok-100h100h4-mm,/stal
/stal/ugolok-100h100h7-mm,/stal
/stal/ugolok-100h100h8-mm,/stal
/stal/ugolok-100h63-mm,/stal
/stal/ugolok-100h63h8-mm,/stal
/stal/ugolok-110h110-mm,/stal
/stal/ugolok-125h125-mm,/stal
/stal/ugolok-125h125h10-mm,/stal
/stal/ugolok-125h125h8-mm,/stal
/stal/ugolok-125h80-mm,/stal
/stal/ugolok-125h80h8-mm,/stal
/stal/ugolok-140h140-mm,/stal
/stal/ugolok-140h140h9-mm,/stal
/stal/ugolok-140h90-mm,/stal
/stal/ugolok-140h90h8-mm,/stal
/stal/ugolok-160h100-mm,/stal
/stal/ugolok-160h100h10-mm,/stal
/stal/ugolok-160h160-mm,/stal
/stal/ugolok-160h160h10-mm,/stal
/stal/ugolok-180h110-mm,/stal
/stal/ugolok-180h110h10-mm,/stal
/stal/ugolok-180h180-mm,/stal
/stal/ugolok-200h200-mm,/stal
/stal/ugolok-200h200h12-mm,/stal
/stal/ugolok-25h25h3-mm,/stal
/stal/ugolok-25h25h4-mm,/stal
/stal/ugolok-30h30h3-mm,/stal
/stal/ugolok-32h32,/stal
/stal/ugolok-32h32h3-mm,/stal
/stal/ugolok-32h32h4-mm,/stal
/stal/ugolok-35h35-mm,/stal
/stal/ugolok-35h35h3-mm,/stal
/stal/ugolok-40h40h3-mm,/stal
/stal/ugolok-40h40h5-mm,/stal
/stal/ugolok-45h45-mm,/stal
/stal/ugolok-45h45h3-mm,/stal
/stal/ugolok-45h45h4-mm,/stal
/stal/ugolok-50h50-mm-6-m,/stal
/stal/ugolok-50h50h3-mm,/stal
/stal/ugolok-50h50h4-mm,/stal
/stal/ugolok-50h50h6-mm,/stal
/stal/ugolok-63h63-mm,/stal
/stal/ugolok-63h63h4-mm,/stal
/stal/ugolok-63h63h5-mm,/stal
/stal/ugolok-63h63h6-mm,/stal
/stal/ugolok-65h65-mm,/stal
/stal/ugolok-70h70-mm,/stal
/stal/ugolok-70h70h5-mm,/stal
/stal/ugolok-70h70h6-mm,/stal
/stal/ugolok-70h70h7-mm,/stal
/stal/ugolok-75h50-mm,/stal
/stal/ugolok-75h50h5-mm,/stal
/stal/ugolok-75h75-mm,/stal
/stal/ugolok-75h75h5-mm,/stal
/stal/ugolok-75h75h6-mm,/stal
/stal/ugolok-75h75h8-mm,/stal
/stal/ugolok-80h80-mm,/stal
/stal/ugolok-80h80h6-mm,/stal
/stal/ugolok-80h80h8-mm,/stal
/stal/ugolok-90h90h6-mm,/stal
/stal/ugolok-90h90h7-mm,/stal
/stal/ugolok-bu,/stal
/stal/ugolok-gnutyy,/stal
/stal/ugolok-gnutyy-neravnopolochnyy,/stal
/stal/ugolok-goryachekatanyy,/stal
/stal/ugolok-goryachekatanyy-40h40h4-mm-3-m,/stal
/stal/ugolok-goryachekatanyy-50h50h5-mm-3-m,/stal
/stal/ugolok-metallicheskiy-60h60-mm,/stal
/stal/ugolok-metallicheskiy-90h90-mm,/stal
/stal/ugolok-nerzhaveyushchiy-30h30-mm,/stal
/stal/ugolok-nerzhaveyushchiy-50h50-mm,/stal
/stal/ugolok-nerzhaveyushchiy-v-gorode,/stal
/stal/ugolok-ocinkovannyy,/stal
/stal/ugolok-ocinkovannyy-100h100-mm,/stal
/stal/ugolok-ocinkovannyy-40h40-mm,/stal
/stal/ugolok-ocinkovannyy-50h50-mm,/stal
/stal/ugolok-ocinkovannyy-50h50h5-mm,/stal
/stal/ugolok-stalnoy-20h20-mm,/stal
/stal/ugolok-stalnoy-goryachekatanyy-ravnopolochnyy,/stal
/stal/ugolok-stalnoy-v-gorode,/stal
/stal/uzkokoleynyye-relsy,/stal
/stal/vozduhovod-ocinkovannyy,/stal
/stal/vozduhovod-stalnoy,/stal
/stal/vtulka-stalnaya,/stal
/stal/zadvizhka-nerzhaveyuschaya,/stal
/stal/zadvizhka-stalnaya,/stal
/stal/zadvizhki-stalnye-flancevye,/stal
/stal/zaglushka-nerzhaveyushchaya,/stal
/stal/zhest,/stal
/steklotekstolit-folgirovannyy,
/steklotekstolit-sterzhnevoy,
/strelochnyy-perevod,
/stroymaterialy/brus,/stroymaterialy
/stroymaterialy/doska-polovaya,/stroymaterialy
/stroymaterialy/gabiony,/stroymaterialy
/stroymaterialy/hdf,/stroymaterialy
/stroymaterialy/korobchatye-gabiony,/stroymaterialy
/stroymaterialy/mdf,/stroymaterialy
/stroymaterialy/mebelnyy-shchit,/stroymaterialy
/stroymaterialy/porolon,/stroymaterialy
/stroymaterialy/svarnye-gabiony,/stroymaterialy
/svarnoy-nastil-sp,
/svarnoy-reshetchatyy-nastil,
/svarochnye-materialy/elektrody,/svarochnye-materialy
/svarochnye-materialy/elektrody-4-mm,/svarochnye-materialy
/svarochnye-materialy/elektrody-dlya-chuguna,/svarochnye-materialy
/svarochnye-materialy/elektrody-dlya-cvetnyh-metallov,/svarochnye-materialy
/svarochnye-materialy/elektrody-dlya-naplavki,/svarochnye-materialy
/svarochnye-materialy/elektrody-dlya-nerzhaveyushchih-staley,/svarochnye-materialy
/svarochnye-materialy/elektrody-dlya-rezki-metallov,/svarochnye-materialy
/svarochnye-materialy/elektrody-dlya-svarki-alyuminiya-i-ego-splavov,/svarochnye-materialy
/svarochnye-materialy/elektrody-dlya-teploustoychivyh-staley,/svarochnye-materialy
/svarochnye-materialy/elektrody-esab,/svarochnye-materialy
/svarochnye-materialy/elektrody-ozs-12-3-mm,/svarochnye-materialy
/svarochnye-materialy/flyus-dlya-payki,/svarochnye-materialy
/svarochnye-materialy/flyus-dlya-payki-nerzhaveyki,/svarochnye-materialy
/svarochnye-materialy/flyus-svarochnyy,/svarochnye-materialy
/svarochnye-materialy/flyusovaya-pasta,/svarochnye-materialy
/svarochnye-materialy/grafitirovannye-elektrody,/svarochnye-materialy
/svarochnye-materialy/latunnyy-pripoy,/svarochnye-materialy
/svarochnye-materialy/legkoplavkiy-pripoy,/svarochnye-materialy
/svarochnye-materialy/neplavyashchiesya-elektrody,/svarochnye-materialy
/svarochnye-materialy/pripoy-1-mm,/svarochnye-materialy
/svarochnye-materialy/pripoy-2-mm,/svarochnye-materialy
/svarochnye-materialy/pripoy-bessvincovyy,/svarochnye-materialy
/svarochnye-materialy/pripoy-castolin,/svarochnye-materialy
/svarochnye-materialy/pripoy-dlya-alyuminiya-s-flyusom,/svarochnye-materialy
/svarochnye-materialy/pripoy-dlya-latuni,/svarochnye-materialy
/svarochnye-materialy/pripoy-dlya-nerzhaveyushchey-stali,/svarochnye-materialy
/svarochnye-materialy/pripoy-dlya-payki,/svarochnye-materialy
/svarochnye-materialy/pripoy-dlya-payki-alyuminiya,/svarochnye-materialy
/svarochnye-materialy/pripoy-dlya-payki-medi,/svarochnye-materialy
/svarochnye-materialy/pripoy-dlya-payki-mednyh-trub,/svarochnye-materialy
/svarochnye-materialy/pripoy-dlya-payki-stali,/svarochnye-materialy
/svarochnye-materialy/pripoy-felder,/svarochnye-materialy
/svarochnye-materialy/pripoy-lok,/svarochnye-materialy
/svarochnye-materialy/pripoy-medno-fosforistyy,/svarochnye-materialy
/svarochnye-materialy/pripoy-nizkotemperaturnyy,/svarochnye-materialy
/svarochnye-materialy/pripoy-olovyanno-svincovyy,/svarochnye-materialy
/svarochnye-materialy/pripoy-pmf-7,/svarochnye-materialy
/svarochnye-materialy/pripoy-poin-52,/svarochnye-materialy
/svarochnye-materialy/pripoy-pos-10,/svarochnye-materialy
/svarochnye-materialy/pripoy-pos-30,/svarochnye-materialy
/svarochnye-materialy/pripoy-pos-40,/svarochnye-materialy
/svarochnye-materialy/pripoy-pos-60,/svarochnye-materialy
/svarochnye-materialy/pripoy-pos-61,/svarochnye-materialy
/svarochnye-materialy/pripoy-pos-61-bez-kanifoli,/svarochnye-materialy
/svarochnye-materialy/pripoy-pos-61-s-kanifolyu,/svarochnye-materialy
/svarochnye-materialy/pripoy-pos-63,/svarochnye-materialy
/svarochnye-materialy/pripoy-pos-90,/svarochnye-materialy
/svarochnye-materialy/pripoy-posk-50-18,/svarochnye-materialy
/svarochnye-materialy/pripoy-possu-61,/svarochnye-materialy
/svarochnye-materialy/pripoy-psr-15,/svarochnye-materialy
/svarochnye-materialy/pripoy-psr-40,/svarochnye-materialy
/svarochnye-materialy/pripoy-psr-45,/svarochnye-materialy
/svarochnye-materialy/pripoy-psr-72,/svarochnye-materialy
/svarochnye-materialy/pripoy-s-kanifolyu,/svarochnye-materialy
/svarochnye-materialy/pripoy-serebryanyy-15,/svarochnye-materialy
/svarochnye-materialy/pripoy-serebryanyy-40,/svarochnye-materialy
/svarochnye-materialy/pripoy-serebryanyy-5,/svarochnye-materialy
/svarochnye-materialy/pripoy-sn60pb40,/svarochnye-materialy
/svarochnye-materialy/pripoy-trubchatyy,/svarochnye-materialy
/svarochnye-materialy/pripoy-tugoplavkiy,/svarochnye-materialy
/svarochnye-materialy/provoloka-serebryanaya,/svarochnye-materialy
/svarochnye-materialy/serebryanyy-pripoy,/svarochnye-materialy
/svarochnye-materialy/vysokotemperaturnyy-pripoy,/svarochnye-materialy
/takelazh/cep-dlinnozvennaya,/takelazh
/takelazh/cep-gruzovaya,/takelazh
/takelazh/cep-korotkozvennaya,/takelazh
/takelazh/cep-kruglozvennaya,/takelazh
/takelazh/cep-nerzhaveyushchaya,/takelazh
/takelazh/cep-stalnaya,/takelazh
/takelazh/cep-vitaya,/takelazh
/takelazh/cep-yakornaya,/takelazh
/takelazh/cepi-tyagovye,/takelazh
/takelazh/cepnoy-talrep,/takelazh
/takelazh/domkrat,/takelazh
/takelazh/domkrat-20-tonn,/takelazh
/takelazh/domkrat-3t,/takelazh
/takelazh/domkrat-5-t,/takelazh
/takelazh/domkrat-vintovoy,/takelazh
/takelazh/karabin-dlya-trosa,/takelazh
/takelazh/koushi-dlya-trosov,/takelazh
/takelazh/privodnye-cepi,/takelazh
/takelazh/reechnyy-domkrat,/takelazh
/takelazh/strop-cepnoy-dvuhvetvevoy-2sc,/takelazh
/takelazh/strop-cepnoy-kolcevoy,/takelazh
/takelazh/strop-cepnoy-odnovetvevoy-1sc,/takelazh
/takelazh/strop-cepnoy-pauk,/takelazh
/takelazh/strop-kanatnyy-chetyrehvetvevoy-4sk,/takelazh
/takelazh/strop-kanatnyy-dvuhvetvevoy-2sk,/takelazh
/takelazh/strop-kanatnyy-odnovetvevoy-1sk,/takelazh
/takelazh/strop-kanatnyy-petlevoy-skp,/takelazh
/takelazh/strop-kanatnyy-petlevoy-skp1,/takelazh
/takelazh/strop-kanatnyy-skp,/takelazh
/takelazh/strop-kanatnyy-usk,/takelazh
/takelazh/strop-kanatnyy-usk2,/takelazh
/takelazh/strop-tekstilnyy-10-tonn,/takelazh
/takelazh/strop-tekstilnyy-10-tonn-10-metrov,/takelazh
/takelazh/strop-tekstilnyy-1st,/takelazh
/takelazh/strop-tekstilnyy-3-tonny,/takelazh
/takelazh/strop-tekstilnyy-5-t-5-m,/takelazh
/takelazh/strop-tekstilnyy-5-tonn-6-metrov,/takelazh
/takelazh/strop-tekstilnyy-kruglopryadnyy-petlevoy-stpk,/takelazh
/takelazh/strop-tekstilnyy-lentochnyy,/takelazh
/takelazh/strop-tekstilnyy-petlevoy-stp,/takelazh
/takelazh/strop-tekstilnyy-petlevoy-stp-2-t-2-m,/takelazh
/takelazh/strop-tekstilnyy-petlevoy-stp-5-t-5-m,/takelazh
/takelazh/strop-tekstilnyy-s-kryukom,/takelazh
/takelazh/stropy-cepnye,/takelazh
/takelazh/stropy-kanatnye,/takelazh
/takelazh/stropy-kanatnye-stalnye,/takelazh
/takelazh/stropy-tekstilnye,/takelazh
/takelazh/stropy-tekstilnye-2-tonny,/takelazh
/takelazh/stropy-tekstilnye-3-tonny-3-metra,/takelazh
/takelazh/stropy-tekstilnye-4st,/takelazh
/takelazh/stropy-tekstilnye-5-tonn,/takelazh
/takelazh/stropy-tekstilnye-kolcevye,/takelazh
/takelazh/styazhka-gruza-10-m,/takelazh
/takelazh/styazhnyye-remni-dlya-krepleniya-gruza,/takelazh
/takelazh/tal,/takelazh
/takelazh/tal-cepnaya,/takelazh
/takelazh/tal-elektricheskaya,/takelazh
/takelazh/tal-ruchnaya,/takelazh
/takelazh/talrep-kolco-kolco,/takelazh
/takelazh/talrep-kryuk-kolco,/takelazh
/takelazh/talrep-kryuk-kolco-m10,/takelazh
/takelazh/talrep-kryuk-kolco-m6,/takelazh
/takelazh/talrep-kryuk-kolco-m8,/takelazh
/takelazh/talrep-kryuk-kryuk,/takelazh
/takelazh/talrep-kryuk-kryuk-m10,/takelazh
/takelazh/talrep-kryuk-kryuk-m8,/takelazh
/takelazh/talrep-m12,/takelazh
/takelazh/talrep-m20,/takelazh
/takelazh/talrep-vilka-vilka,/takelazh
/takelazh/talrepy,/takelazh
/takelazh/telezhka-dlya-ruchnoy-tali,/takelazh
/takelazh/telezhka-dlya-tali,/takelazh
/takelazh/zazhim-dlya-trosa,/takelazh
/takelazh/zazhim-dlya-trosa-3-mm,/takelazh
/tekstolitovyy-sterzhen,
/teploizolyaciya/bazaltovaya-vata,/teploizolyaciya
/teploizolyaciya/bazaltovaya-vata-50-mm,/teploizolyaciya
/teploizolyaciya/ekstrudirovannyy-penopolistirol,/teploizolyaciya
/teploizolyaciya/izolyaciya-dlya-trub-iz-vspenennogo-polietilena,/teploizolyaciya
/teploizolyaciya/mat-proshivnoy-mp-100,/teploizolyaciya
/teploizolyaciya/skorlupa-ppu-108-mm,/teploizolyaciya
/teploizolyaciya/skorlupa-ppu-tolshchina-100-mm,/teploizolyaciya
/teploizolyaciya/teploizolyaciya-isotec,/teploizolyaciya
/teploizolyaciya/zhgut-vilaterm,/teploizolyaciya
/titan/kran-titanovyy,/titan
/titan/krug-titanovyy,/titan
/titan/kvadrat-titanovyy,/titan
/titan/lenta-titanovaya,/titan
/titan/list-titanovyy,/titan
/titan/list-titanovyy-ot4,/titan
/titan/list-titanovyy-vt6,/titan
/titan/plita-titanovaya,/titan
/titan/plita-titanovaya-ot4,/titan
/titan/plita-titanovaya-vt6,/titan
/titan/pokovki-titanovye,/titan
/titan/polosa-titanovaya,/titan
/titan/poroshok-titanovyy,/titan
/titan/provoloka-titanovaya,/titan
/titan/prutok-titanovyy,/titan
/titan/prutok-titanovyy-ot4,/titan
/titan/prutok-titanovyy-vt14,/titan
/titan/prutok-titanovyy-vt6,/titan
/titan/prutok-titanovyy-vt9,/titan
/titan/shestigrannik-titanovyy,/titan
/titan/titanovaya-folga,/titan
/titan/titanovaya-provoloka-vt1-00,/titan
/titan/titanovaya-truba,/titan
/titan/titanovyy-slitok,/titan
/titan/truba-titanovaya-ot4,/titan
/trap-kanalizacionnyy/trap-chugunnyy,/trap-kanalizacionnyy
/trap-kanalizacionnyy/trap-chugunnyy-vertikalnyy-du-100-mm,/trap-kanalizacionnyy
/trap-kanalizacionnyy/trap-plastikovyy,/trap-kanalizacionnyy
/trap-kanalizacionnyy/trapy-iz-nerzhaveyushchey-stali,/trap-kanalizacionnyy
/tros-nerzhaveyushchiy,
/troynik-dlya-trub/troynik-1-2-dyuyma-s-naruzhnoy-rezboy,/troynik-dlya-trub
/troynik-dlya-trub/troynik-1-2-h1-2,/troynik-dlya-trub
/troynik-dlya-trub/troynik-1-dyuym-naruzhnaya-rezba,/troynik-dlya-trub
/troynik-dlya-trub/troynik-1-h3-4-h1,/troynik-dlya-trub
/troynik-dlya-trub/troynik-10-mm,/troynik-dlya-trub
/troynik-dlya-trub/troynik-100-mm,/troynik-dlya-trub
/troynik-dlya-trub/troynik-108-mm,/troynik-dlya-trub
/troynik-dlya-trub/troynik-108h4-mm,/troynik-dlya-trub
/troynik-dlya-trub/troynik-110-mm,/troynik-dlya-trub
/troynik-dlya-trub/troynik-110h110-mm-87-gradusov,/troynik-dlya-trub
/troynik-dlya-trub/troynik-110h50h110-mm,/troynik-dlya-trub
/troynik-dlya-trub/troynik-15-mm-1-2-dyuyma,/troynik-dlya-trub
/troynik-dlya-trub/troynik-150-mm,/troynik-dlya-trub
/troynik-dlya-trub/troynik-150h150-mm,/troynik-dlya-trub
/troynik-dlya-trub/troynik-16-mm,/troynik-dlya-trub
/troynik-dlya-trub/troynik-160-mm,/troynik-dlya-trub
/troynik-dlya-trub/troynik-160h110h160-mm,/troynik-dlya-trub
/troynik-dlya-trub/troynik-16h16h16-mm,/troynik-dlya-trub
/troynik-dlya-trub/troynik-20-mm-3-4-dyuyma,/troynik-dlya-trub
/troynik-dlya-trub/troynik-200-mm,/troynik-dlya-trub
/troynik-dlya-trub/troynik-200h200-mm,/troynik-dlya-trub
/troynik-dlya-trub/troynik-20h15h20-mm,/troynik-dlya-trub
/troynik-dlya-trub/troynik-20h16h16-mm,/troynik-dlya-trub
/troynik-dlya-trub/troynik-20h16h20-mm,/troynik-dlya-trub
/troynik-dlya-trub/troynik-20h20-mm,/troynik-dlya-trub
/troynik-dlya-trub/troynik-20h20h16-mm,/troynik-dlya-trub
/troynik-dlya-trub/troynik-25-mm-1-dyuym,/troynik-dlya-trub
/troynik-dlya-trub/troynik-25h1-2-h25,/troynik-dlya-trub
/troynik-dlya-trub/troynik-25h20h20-mm,/troynik-dlya-trub
/troynik-dlya-trub/troynik-25h25h25-mm,/troynik-dlya-trub
/troynik-dlya-trub/troynik-3-4-h3-4-h3-4,/troynik-dlya-trub
/troynik-dlya-trub/troynik-32-mm-1-1-4-dyuyma,/troynik-dlya-trub
/troynik-dlya-trub/troynik-32h1-2-h32,/troynik-dlya-trub
/troynik-dlya-trub/troynik-32h32h25-mm,/troynik-dlya-trub
/troynik-dlya-trub/troynik-32h32h32-mm,/troynik-dlya-trub
/troynik-dlya-trub/troynik-40-mm-1-1-2-dyuyma,/troynik-dlya-trub
/troynik-dlya-trub/troynik-40h32h40-mm,/troynik-dlya-trub
/troynik-dlya-trub/troynik-40h40h40-mm,/troynik-dlya-trub
/troynik-dlya-trub/troynik-40h50h40-mm,/troynik-dlya-trub
/troynik-dlya-trub/troynik-45-gradusov,/troynik-dlya-trub
/troynik-dlya-trub/troynik-50-mm-2-dyuyma,/troynik-dlya-trub
/troynik-dlya-trub/troynik-50h20h50-mm,/troynik-dlya-trub
/troynik-dlya-trub/troynik-50h32h50-mm,/troynik-dlya-trub
/troynik-dlya-trub/troynik-50h40h50-mm,/troynik-dlya-trub
/troynik-dlya-trub/troynik-63-mm,/troynik-dlya-trub
/troynik-dlya-trub/troynik-89-mm,/troynik-dlya-trub
/troynik-dlya-trub/troynik-89h89-mm,/troynik-dlya-trub
/troynik-dlya-trub/troynik-90-gradusov,/troynik-dlya-trub
/troynik-dlya-trub/troynik-90-mm,/troynik-dlya-trub
/troynik-dlya-trub/troynik-90h50h90-mm,/troynik-dlya-trub
/troynik-dlya-trub/troynik-90h90h90-mm,/troynik-dlya-trub
/troynik-dlya-trub/troynik-aksialnyy,/troynik-dlya-trub
/troynik-dlya-trub/troynik-chugunnyy-flancevyy,/troynik-dlya-trub
/troynik-dlya-trub/troynik-dvuhploskostnoy,/troynik-dlya-trub
/troynik-dlya-trub/troynik-elektrosvarnoy,/troynik-dlya-trub
/troynik-dlya-trub/troynik-elektrosvarnoy-110-mm,/troynik-dlya-trub
/troynik-dlya-trub/troynik-flancevyy,/troynik-dlya-trub
/troynik-dlya-trub/troynik-flancevyy-s-pozharnoy-podstavkoy,/troynik-dlya-trub
/troynik-dlya-trub/troynik-flancevyy-tf-100h100,/troynik-dlya-trub
/troynik-dlya-trub/troynik-gazovyy,/troynik-dlya-trub
/troynik-dlya-trub/troynik-gost-17376-2001,/troynik-dlya-trub
/troynik-dlya-trub/troynik-kanalizacionnyy,/troynik-dlya-trub
/troynik-dlya-trub/troynik-kanalizacionnyy-110-mm-45-gradusov,/troynik-dlya-trub
/troynik-dlya-trub/troynik-kanalizacionnyy-110-mm-90-gradusov,/troynik-dlya-trub
/troynik-dlya-trub/troynik-kanalizacionnyy-110h110-mm,/troynik-dlya-trub
/troynik-dlya-trub/troynik-kanalizacionnyy-110h110-mm-45-gradusov,/troynik-dlya-trub
/troynik-dlya-trub/troynik-kanalizacionnyy-110h110-mm-90-gradusov,/troynik-dlya-trub
/troynik-dlya-trub/troynik-kanalizacionnyy-110h50-mm,/troynik-dlya-trub
/troynik-dlya-trub/troynik-kanalizacionnyy-110h50-mm-45-gradusov,/troynik-dlya-trub
/troynik-dlya-trub/troynik-kanalizacionnyy-110h50-mm-90-gradusov,/troynik-dlya-trub
/troynik-dlya-trub/troynik-kanalizacionnyy-40-mm,/troynik-dlya-trub
/troynik-dlya-trub/troynik-kanalizacionnyy-50-mm,/troynik-dlya-trub
/troynik-dlya-trub/troynik-kanalizacionnyy-50h50-mm,/troynik-dlya-trub
/troynik-dlya-trub/troynik-kanalizacionnyy-50h50-mm-45-gradusov,/troynik-dlya-trub
/troynik-dlya-trub/troynik-kanalizacionnyy-50h50-mm-90-gradusov,/troynik-dlya-trub
/troynik-dlya-trub/troynik-kanalizacionnyy-pvh-110-mm,/troynik-dlya-trub
/troynik-dlya-trub/troynik-kombinirovannyy,/troynik-dlya-trub
/troynik-dlya-trub/troynik-kompressionnyy,/troynik-dlya-trub
/troynik-dlya-trub/troynik-kompressionnyy-32-mm,/troynik-dlya-trub
/troynik-dlya-trub/troynik-kosoy,/troynik-dlya-trub
/troynik-dlya-trub/troynik-kosoy-110-mm,/troynik-dlya-trub
/troynik-dlya-trub/troynik-kosoy-50-mm,/troynik-dlya-trub
/troynik-dlya-trub/troynik-latunnyy-1-2-dyuyma,/troynik-dlya-trub
/troynik-dlya-trub/troynik-latunnyy-1-dyuym,/troynik-dlya-trub
/troynik-dlya-trub/troynik-latunnyy-3-4-naruzhnaya-rezba,/troynik-dlya-trub
/troynik-dlya-trub/troynik-mednyy,/troynik-dlya-trub
/troynik-dlya-trub/troynik-nerzhaveyushchiy-privarnoy,/troynik-dlya-trub
/troynik-dlya-trub/troynik-pe100-sdr-11,/troynik-dlya-trub
/troynik-dlya-trub/troynik-perehodnoy,/troynik-dlya-trub
/troynik-dlya-trub/troynik-pnd-110-mm,/troynik-dlya-trub
/troynik-dlya-trub/troynik-pnd-20-mm,/troynik-dlya-trub
/troynik-dlya-trub/troynik-pnd-20h20h20-mm,/troynik-dlya-trub
/troynik-dlya-trub/troynik-pnd-25-mm,/troynik-dlya-trub
/troynik-dlya-trub/troynik-pnd-25h20h25-mm,/troynik-dlya-trub
/troynik-dlya-trub/troynik-pnd-25h25h25-mm,/troynik-dlya-trub
/troynik-dlya-trub/troynik-pnd-32-mm,/troynik-dlya-trub
/troynik-dlya-trub/troynik-pnd-32h1-h32,/troynik-dlya-trub
/troynik-dlya-trub/troynik-pnd-32h20h32-mm,/troynik-dlya-trub
/troynik-dlya-trub/troynik-pnd-32h25h32-mm,/troynik-dlya-trub
/troynik-dlya-trub/troynik-pnd-50-mm,/troynik-dlya-trub
/troynik-dlya-trub/troynik-pnd-63-mm,/troynik-dlya-trub
/troynik-dlya-trub/troynik-polipropilenovyy-1-2-dyuyma,/troynik-dlya-trub
/troynik-dlya-trub/troynik-polipropilenovyy-20-mm,/troynik-dlya-trub
/troynik-dlya-trub/troynik-polipropilenovyy-20h20h20-mm,/troynik-dlya-trub
/troynik-dlya-trub/troynik-polipropilenovyy-20h25h20-mm,/troynik-dlya-trub
/troynik-dlya-trub/troynik-polipropilenovyy-25-mm,/troynik-dlya-trub
/troynik-dlya-trub/troynik-polipropilenovyy-25h1-2,/troynik-dlya-trub
/troynik-dlya-trub/troynik-polipropilenovyy-25h20h25-mm,/troynik-dlya-trub
/troynik-dlya-trub/troynik-polipropilenovyy-25h25h20-mm,/troynik-dlya-trub
/troynik-dlya-trub/troynik-polipropilenovyy-32-mm,/troynik-dlya-trub
/troynik-dlya-trub/troynik-polipropilenovyy-32h20h20-mm,/troynik-dlya-trub
/troynik-dlya-trub/troynik-polipropilenovyy-32h25h25-mm,/troynik-dlya-trub
/troynik-dlya-trub/troynik-polipropilenovyy-40-mm,/troynik-dlya-trub
/troynik-dlya-trub/troynik-polipropilenovyy-40h25h40-mm,/troynik-dlya-trub
/troynik-dlya-trub/troynik-polipropilenovyy-50-mm,/troynik-dlya-trub
/troynik-dlya-trub/troynik-polipropilenovyy-50h25h50-mm,/troynik-dlya-trub
/troynik-dlya-trub/troynik-ppr,/troynik-dlya-trub
/troynik-dlya-trub/troynik-ppr-32-mm,/troynik-dlya-trub
/troynik-dlya-trub/troynik-ppr-32h25h32-mm,/troynik-dlya-trub
/troynik-dlya-trub/troynik-pvh-50-mm,/troynik-dlya-trub
/troynik-dlya-trub/troynik-ravnoprohodnoy,/troynik-dlya-trub
/troynik-dlya-trub/troynik-redukcionnyy,/troynik-dlya-trub
/troynik-dlya-trub/troynik-redukcionnyy-25h20h25-mm,/troynik-dlya-trub
/troynik-dlya-trub/troynik-rehau,/troynik-dlya-trub
/troynik-dlya-trub/troynik-rezbovoy,/troynik-dlya-trub
/troynik-dlya-trub/troynik-s-nakidnoy-gaykoy,/troynik-dlya-trub
/troynik-dlya-trub/troynik-s-nakidnoy-gaykoy-1-2-dyuyma,/troynik-dlya-trub
/troynik-dlya-trub/troynik-s-nakidnoy-gaykoy-3-4,/troynik-dlya-trub
/troynik-dlya-trub/troynik-soedinitelnyy,/troynik-dlya-trub
/troynik-dlya-trub/troynik-stalnoy-108h108-mm,/troynik-dlya-trub
/troynik-dlya-trub/troynik-stalnoy-159-mm,/troynik-dlya-trub
/troynik-dlya-trub/troynik-stalnoy-219h6-mm,/troynik-dlya-trub
/troynik-dlya-trub/troynik-svarnoy,/troynik-dlya-trub
/troynik-dlya-trub/troynik-uglovoy-polipropilenovyy,/troynik-dlya-trub
/troynik-dlya-trub/troynik-valtec,/troynik-dlya-trub
/troynik-dlya-trub/troynik-vchshg,/troynik-dlya-trub
/troynik-dlya-trub/troynik-vodoprovodnyy,/troynik-dlya-trub
/troynik-dlya-trub/troyniki-mednye-pod-payku,/troynik-dlya-trub
/troynik-dlya-trub/troyniki-polipropilenovye-perehodnye,/troynik-dlya-trub
/troynik-dlya-trub/troyniki-stalnye-perehodnye,/troynik-dlya-trub
/truba-precizionnaya,
/truboprovodnaya-armatura/bobyshka,/truboprovodnaya-armatura
/truboprovodnaya-armatura/bochata,/truboprovodnaya-armatura
/truboprovodnaya-armatura/bochonok-ocinkovannyy,/truboprovodnaya-armatura
/truboprovodnaya-armatura/bochonok-stalnoy,/truboprovodnaya-armatura
/truboprovodnaya-armatura/elevator-vodostruynyy,/truboprovodnaya-armatura
/truboprovodnaya-armatura/filtr,/truboprovodnaya-armatura
/truboprovodnaya-armatura/futorka-1-1-2h1-2,/truboprovodnaya-armatura
/truboprovodnaya-armatura/futorka-1-1-2h3-4,/truboprovodnaya-armatura
/truboprovodnaya-armatura/futorka-1-1-4h1-1-2,/truboprovodnaya-armatura
/truboprovodnaya-armatura/futorka-1-1-4h3-4,/truboprovodnaya-armatura
/truboprovodnaya-armatura/futorka-1h1-1-2,/truboprovodnaya-armatura
/truboprovodnaya-armatura/futorka-2-h1-1-4,/truboprovodnaya-armatura
/truboprovodnaya-armatura/futorka-3-8h1-2,/truboprovodnaya-armatura
/truboprovodnaya-armatura/futorka-nerzhaveyushchaya,/truboprovodnaya-armatura
/truboprovodnaya-armatura/futorka-nerzhaveyushchaya-1-4,/truboprovodnaya-armatura
/truboprovodnaya-armatura/gryazevik-abonentskiy,/truboprovodnaya-armatura
/truboprovodnaya-armatura/kran-sharovyy-du100,/truboprovodnaya-armatura
/truboprovodnaya-armatura/krestovina-dvuhploskostnaya-110h50h50-mm,/truboprovodnaya-armatura
/truboprovodnaya-armatura/latunnaya-futorka,/truboprovodnaya-armatura
/truboprovodnaya-armatura/maslootdelitel,/truboprovodnaya-armatura
/truboprovodnaya-armatura/otvod-ocinkovannyy-90-gradusov,/truboprovodnaya-armatura
/truboprovodnaya-armatura/probki-gost-8963-75,/truboprovodnaya-armatura
/truboprovodnaya-armatura/reviziya-kanalizacionnaya,/truboprovodnaya-armatura
/truboprovodnaya-armatura/sgon-1-1-2,/truboprovodnaya-armatura
/truboprovodnaya-armatura/sgon-1-1-4-dyuyma,/truboprovodnaya-armatura
/truboprovodnaya-armatura/sgon-1-dyuym,/truboprovodnaya-armatura
/truboprovodnaya-armatura/sgon-15-mm,/truboprovodnaya-armatura
/truboprovodnaya-armatura/sgon-2-1-2,/truboprovodnaya-armatura
/truboprovodnaya-armatura/sgon-2-dyuyma,/truboprovodnaya-armatura
/truboprovodnaya-armatura/sgon-25-mm,/truboprovodnaya-armatura
/truboprovodnaya-armatura/sgon-32-mm,/truboprovodnaya-armatura
/truboprovodnaya-armatura/sgon-40-mm,/truboprovodnaya-armatura
/truboprovodnaya-armatura/sgon-50-mm,/truboprovodnaya-armatura
/truboprovodnaya-armatura/sgon-du-20-mm,/truboprovodnaya-armatura
/truboprovodnaya-armatura/sgon-latunnyy-1-2-dyuyma,/truboprovodnaya-armatura
/truboprovodnaya-armatura/sgon-latunnyy-1-dyuym,/truboprovodnaya-armatura
/truboprovodnaya-armatura/sgon-nerzhaveyushchiy-1-2,/truboprovodnaya-armatura
/truboprovodnaya-armatura/sgon-nerzhaveyushchiy-3-4,/truboprovodnaya-armatura
/truboprovodnaya-armatura/sgon-pryamoy,/truboprovodnaya-armatura
/truboprovodnaya-armatura/sgon-razemnyy,/truboprovodnaya-armatura
/truboprovodnaya-armatura/shtucer-bystrosemnyy,/truboprovodnaya-armatura
/truboprovodnaya-armatura/shtucer-dlya-shlanga,/truboprovodnaya-armatura
/truboprovodnaya-armatura/shtucer-dlya-truboprovodov,/truboprovodnaya-armatura
/truboprovodnaya-armatura/shtucer-elochka,/truboprovodnaya-armatura
/truboprovodnaya-armatura/shtucer-perehodnik-dlya-shlanga,/truboprovodnaya-armatura
/truboprovodnaya-armatura/shtucer-perehodnoy,/truboprovodnaya-armatura
/truboprovodnaya-armatura/shtucer-pod-shlang-s-naruzhnoy-rezboy,/truboprovodnaya-armatura
/truboprovodnaya-armatura/shtucer-s-rezboy,/truboprovodnaya-armatura
/truboprovodnaya-armatura/shtucer-vvertnoy,/truboprovodnaya-armatura
/truboprovodnaya-armatura/soedinenie-mezhtrubnoe,/truboprovodnaya-armatura
/truboprovodnaya-armatura/ukazatel-urovnya,/truboprovodnaya-armatura
/truboprovodnaya-armatura/zadvizhki-chugunnye-flancevye-du-100,/truboprovodnaya-armatura
/truboprovodnaya-armatura/zapornoe-ustroystvo-ukazatelya-urovnya,/truboprovodnaya-armatura
/truby-elektrosvarnye-nerzhaveyuschie-stal-08h18n10,
/truby-profilnye/truby-profilnye-size-20x20x3,/truby-profilnye
/truby/drenazhnaya-truba-110-mm-v-filtre-geotekstil,/truby
/truby/drenazhnaya-truba-200-mm,/truby
/truby/drenazhnaya-truba-200-mm-v-filtre-geotekstil,/truby
/truby/drenazhnaya-truba-500-mm,/truby
/truby/drenazhnaya-truba-bez-perforacii,/truby
/truby/drenazhnaya-truba-bez-shchebnya,/truby
/truby/drenazhnaya-truba-dlya-kondicionerov,/truby
/truby/drenazhnaya-truba-dlya-septika,/truby
/truby/drenazhnaya-truba-pod-dorogu,/truby
/truby/drenazhnaya-truba-v-geotekstile,/truby
/truby/drenazhnye-truby-perfokor,/truby
/truby/gofra-16-mm,/truby
/truby/gofra-160-mm,/truby
/truby/gofra-200-mm,/truby
/truby/gofra-500-mm,/truby
/truby/kanalizacionnye-truby-hemkor,/truby
/truby/treugolnaya-truba,/truby
/truby/truba-bu,/truby
/truby/truba-drenazhnaya-110-gofrirovannaya,/truby
/truby/truba-drenazhnaya-110-mm,/truby
/truby/truba-drenazhnaya-160-mm,/truby
/truby/truba-drenazhnaya-dvuhsloynaya,/truby
/truby/truba-drenazhnaya-gofrirovannaya,/truby
/truby/truba-drenazhnaya-perforirovannaya,/truby
/truby/truba-kanalizacionnaya-100-mm,/truby
/truby/truba-kanalizacionnaya-110-mm,/truby
/truby/truba-kanalizacionnaya-150-mm,/truby
/truby/truba-kanalizacionnaya-160-mm,/truby
/truby/truba-kanalizacionnaya-200-mm,/truby
/truby/truba-kanalizacionnaya-250-mm,/truby
/truby/truba-kanalizacionnaya-300-mm,/truby
/truby/truba-kanalizacionnaya-50-mm,/truby
/truby/truba-kanalizacionnaya-50-mm-1-m,/truby
/truby/truba-kanalizacionnaya-75-mm,/truby
/truby/truba-kanalizacionnaya-90-mm,/truby
/truby/truba-kanalizacionnaya-beznapornaya,/truby
/truby/truba-kanalizacionnaya-gofrirovannaya,/truby
/truby/truba-kanalizacionnaya-napornaya,/truby
/truby/truba-kanalizacionnaya-rastrubnaya,/truby
/truby/truba-nerzhaveyuschaya-gost-5632-72,/truby
/truby/truba-obsadnaya-125-mm,/truby
/truby/truba-ovalnaya,/truby
/truby/truba-ovalnaya-30h15-mm,/truby
/truby/truba-ploskoovalnaya,/truby
/truby/truba-polipropilenovaya-valfex-armirovannaya-steklovoloknom,/truby
/truby/truba-pp-20-armirovannaya-steklovoloknom,/truby
/truby/truba-pp-25-armirovannaya-steklovoloknom,/truby
/truby/truba-pp-32-armirovannaya-steklovoloknom,/truby
/truby/truba-pp-40-armirovannaya-steklovoloknom,/truby
/truby/truba-pp-50-armirovannaya-steklovoloknom,/truby
/truby/truba-pp-75-armirovannaya-steklovoloknom,/truby
/truby/truba-ppr-20-armirovannaya-steklovoloknom,/truby
/truby/truba-ppr-25-armirovannaya-steklovoloknom,/truby
/truby/truba-ppu-pe-76-mm,/truby
/truby/truba-pro-akva-armirovannaya-steklovoloknom,/truby
/truby/truba-profilnaya-100h100h2-mm,/truby
/truby/truba-profilnaya-100h100h3-mm,/truby
/truby/truba-profilnaya-100h100h4-mm,/truby
/truby/truba-profilnaya-100h100h5-mm,/truby
/truby/truba-profilnaya-100h100h6-mm,/truby
/truby/truba-profilnaya-100h40-mm,/truby
/truby/truba-profilnaya-100h50-mm,/truby
/truby/truba-profilnaya-100h50h3-mm,/truby
/truby/truba-profilnaya-100h50h4-mm,/truby
/truby/truba-profilnaya-100h60-mm,/truby
/truby/truba-profilnaya-100h80-mm,/truby
/truby/truba-profilnaya-100x100-mm,/truby
/truby/truba-profilnaya-10x10-mm,/truby
/truby/truba-profilnaya-120h120h4-mm,/truby
/truby/truba-profilnaya-120h120h5-mm,/truby
/truby/truba-profilnaya-120h60-mm,/truby
/truby/truba-profilnaya-120h80-mm,/truby
/truby/truba-profilnaya-120h80h4-mm,/truby
/truby/truba-profilnaya-120x120-mm,/truby
/truby/truba-profilnaya-12h12-mm,/truby
/truby/truba-profilnaya-140h140-mm,/truby
/truby/truba-profilnaya-140h140h5-mm,/truby
/truby/truba-profilnaya-150h150h5-mm,/truby
/truby/truba-profilnaya-150h150h6-mm,/truby
/truby/truba-profilnaya-150h50-mm,/truby
/truby/truba-profilnaya-150x150-mm,/truby
/truby/truba-profilnaya-15h15h2-mm,/truby
/truby/truba-profilnaya-15x15-mm,/truby
/truby/truba-profilnaya-160h160-mm,/truby
/truby/truba-profilnaya-200h100-mm,/truby
/truby/truba-profilnaya-200x200-mm,/truby
/truby/truba-profilnaya-20h10-mm,/truby
/truby/truba-profilnaya-20h15-mm,/truby
/truby/truba-profilnaya-20h20h1-5-mm,/truby
/truby/truba-profilnaya-20h20h2-mm,/truby
/truby/truba-profilnaya-20x20-mm,/truby
/truby/truba-profilnaya-25h25h2-mm,/truby
/truby/truba-profilnaya-25h25h3-mm,/truby
/truby/truba-profilnaya-25x25-mm,/truby
/truby/truba-profilnaya-30h10-mm,/truby
/truby/truba-profilnaya-30h15-mm,/truby
/truby/truba-profilnaya-30h20-mm,/truby
/truby/truba-profilnaya-30h30h2-mm,/truby
/truby/truba-profilnaya-30h30h3-mm,/truby
/truby/truba-profilnaya-30x30-mm,/truby
/truby/truba-profilnaya-35h35-mm,/truby
/truby/truba-profilnaya-40h10-mm,/truby
/truby/truba-profilnaya-40h20h1-5-mm,/truby
/truby/truba-profilnaya-40h20h2-mm,/truby
/truby/truba-profilnaya-40h20h3-mm,/truby
/truby/truba-profilnaya-40h30-mm,/truby
/truby/truba-profilnaya-40h40h1-5-mm,/truby
/truby/truba-profilnaya-40h40h3-mm,/truby
/truby/truba-profilnaya-40h40h4-mm,/truby
/truby/truba-profilnaya-40x20-mm,/truby
/truby/truba-profilnaya-40x25-mm,/truby
/truby/truba-profilnaya-40x40-mm,/truby
/truby/truba-profilnaya-50h20-mm,/truby
/truby/truba-profilnaya-50h25h2-mm,/truby
/truby/truba-profilnaya-50h25h3-mm,/truby
/truby/truba-profilnaya-50h30-mm,/truby
/truby/truba-profilnaya-50h50h2-mm,/truby
/truby/truba-profilnaya-50h50h3-mm,/truby
/truby/truba-profilnaya-50h50h4-mm,/truby
/truby/truba-profilnaya-50h50h5-mm,/truby
/truby/truba-profilnaya-50x25-mm,/truby
/truby/truba-profilnaya-50x50-mm,/truby
/truby/truba-profilnaya-60h30h3-mm,/truby
/truby/truba-profilnaya-60h40h2-mm,/truby
/truby/truba-profilnaya-60h40h3-mm,/truby
/truby/truba-profilnaya-60h40h4-mm,/truby
/truby/truba-profilnaya-60h60h2-mm,/truby
/truby/truba-profilnaya-60h60h3-mm,/truby
/truby/truba-profilnaya-60h60h4-mm,/truby
/truby/truba-profilnaya-60h60h5-mm,/truby
/truby/truba-profilnaya-60x20-mm,/truby
/truby/truba-profilnaya-60x30-mm,/truby
/truby/truba-profilnaya-60x40-mm,/truby
/truby/truba-profilnaya-60x60-mm,/truby
/truby/truba-profilnaya-70h70-mm,/truby
/truby/truba-profilnaya-70h70h4-mm,/truby
/truby/truba-profilnaya-80h40h2-mm,/truby
/truby/truba-profilnaya-80h40h3-mm,/truby
/truby/truba-profilnaya-80h60-mm,/truby
/truby/truba-profilnaya-80h80h2-mm,/truby
/truby/truba-profilnaya-80h80h3-mm,/truby
/truby/truba-profilnaya-80h80h4-mm,/truby
/truby/truba-profilnaya-80h80h5-mm,/truby
/truby/truba-profilnaya-80x40-mm,/truby
/truby/truba-profilnaya-80x80-mm,/truby
/truby/truba-profilnaya-90h90-mm,/truby
/truby/truba-profilnaya-besshovnaya,/truby
/truby/truba-profilnaya-goryachekatanaya,/truby
/truby/truba-profilnaya-tonkostennaya,/truby
/truby/truba-vodostochnaya-100-mm,/truby
/truby/truba-vodostochnaya-110-mm,/truby
/truby/truba-vodostochnaya-120-mm,/truby
/truby/truba-vodostochnaya-140-mm,/truby
/truby/truba-vodostochnaya-150-mm,/truby
/truby/truba-vodostochnaya-200-mm,/truby
/truby/truba-vodostochnaya-ocinkovannaya,/truby
/truby/truby-besshovnye-gost-8732-78,/truby
/truby/truby-besshovnye-stal-30hgsa,/truby
/truby/truby-dlya-naruzhnoy-kanalizacii,/truby
/truby/truby-dlya-vnutrenney-kanalizacii,/truby
/truby/truby-gofrirovannye-300-mm,/truby
/truby/truby-kanalizacionnye-125-mm,/truby
/truby/truby-kanalizacionnye-32-mm,/truby
/truby/truby-polipropilenovye-armirovannye-steklovoloknom,/truby
/truby/truby-sn16,/truby
/truby/truby-sn4,/truby
/truby/truby-sn6,/truby
/truby/truby-sn8,/truby
/ugolnik-45-gradusov,
/ugolnik-90-gradusov,
/ugolnik-dlya-trub,
/ugolnik-kombinirovannyy,
/ugolnik-polipropilenovyy,
/ugolnik-stalnoy,
/ugolok/ugolok-100x100-mm,/ugolok
/ugolok/ugolok-25x25-mm,/ugolok
/ugolok/ugolok-30x30-mm,/ugolok
/ugolok/ugolok-40h40h4-mm,/ugolok
/ugolok/ugolok-40x40-mm,/ugolok
/ugolok/ugolok-50h50h5-mm,/ugolok
/ugolok/ugolok-50x50-mm,/ugolok
/ugolok/ugolok-cena-za-metr,/ugolok
/ugolok/ugolok-cena-za-tonnu,/ugolok
/ugolok/ugolok-dekorativnyy,/ugolok
/ugolok/ugolok-neravnopolochnyy,/ugolok
/ugolok/ugolok-ravnopolochnyy,/ugolok
/variatornyy-remen,
/ventil/ventil-1-2-dyuyma-vodoprovodnyy,/ventil
/ventil/ventil-15-mm,/ventil
/ventil/ventil-20-mm,/ventil
/ventil/ventil-25-mm,/ventil
/ventil/ventil-50-mm,/ventil
/ventil/ventil-bronzovyy,/ventil
/ventil/ventil-chugunnyy,/ventil
/ventil/ventil-dlya-gazovogo-ballona,/ventil
/ventil/ventil-dlya-vody,/ventil
/ventil/ventil-flancevyy,/ventil
/ventil/ventil-igolchatyy,/ventil
/ventil/ventil-latunnyy,/ventil
/ventil/ventil-muftovyy,/ventil
/ventil/ventil-nerzhaveyushchiy,/ventil
/ventil/ventil-prohodnoy,/ventil
/ventil/ventil-reguliruyushchiy,/ventil
/ventil/ventil-stalnoy,/ventil
/ventil/ventil-trehhodovoy,/ventil
/ventil/ventil-uglovoy,/ventil
/ventil/ventil-zapornyy,/ventil
/ventil/ventil-zapornyy-du50,/ventil
/vint-m3h4-mm,
/vint-m6-pod-shestigrannik,
/vodostok/koleno-vodostochnoy-truby,/vodostok
/vodostok/kronshteyn-zheloba,/vodostok
/vodostok/otliv-vodostochnyy,/vodostok
/vodostok/otvod-vodostochnyy,/vodostok
/vodostok/soedinitel-zheloba-125-mm,/vodostok
/vodostok/soedinitel-zhelobov,/vodostok
/vodostok/troynik-vodostochnyy,/vodostok
/vodostok/truba-soedinitelnaya,/vodostok
/vodostok/ugol-zheloba,/vodostok
/vodostok/ugol-zheloba-135-gradusov,/vodostok
/vodostok/ugol-zheloba-naruzhnyy,/vodostok
/vodostok/ugol-zheloba-vnutrenniy,/vodostok
/vodostok/vodostochnaya-truba,/vodostok
/vodostok/vodostochnye-sistemy-docke,/vodostok
/vodostok/voronka-metallicheskaya,/vodostok
/vodostok/voronka-pvh,/vodostok
/vodostok/voronka-vodosbornaya,/vodostok
/vodostok/voronka-vodostochnaya,/vodostok
/vodostok/voronka-vodostochnya-diametrom-100-mm,/vodostok
/vodostok/voronka-vypusknaya,/vodostok
/vodostok/voronka-zheloba,/vodostok
/vodostok/zaglushka-zheloba,/vodostok
/vodostok/zaglushka-zheloba-125-mm,/vodostok
/vodostok/zhelob-vodostochnyy,/vodostok
/vodostok/zhelob-vodostochnyy-100-mm,/vodostok
/vodostok/zhelob-vodostochnyy-150-mm,/vodostok
/vodostok/zhelob-vodostochnyy-200-mm,/vodostok
/vodostok/zhelob-vodostochnyy-metallicheskiy-ocinkovannyy,/vodostok
/vodostok/zhelob-vodostochnyy-plastikovyy,/vodostok
/vodostok/zhelob-vodostochnyy-plastikovyy-belyy,/vodostok
/vodostok/zhelob-vodostochnyy-plombir-docke-premium,/vodostok
/vodostok/zhelob-vodostochnyy-pryamougolnyy,/vodostok
/vodyanoy-konvektor-otopleniya,
/volfram/krug-volframovyy,/volfram
/volfram/lenta-volframovaya,/volfram
/volfram/polosa-volframovaya,/volfram
/volfram/provoloka-volframovaya,/volfram
/volfram/volframovaya-folga,/volfram
/volfram/volframovyy-list,/volfram
/volfram/volframovyy-poroshok,/volfram
/vozduhootvodchik/vozduhootvodchik-1-2-dyuyma,/vozduhootvodchik
/vozduhootvodchik/vozduhootvodchik-1-dyuym,/vozduhootvodchik
/vozduhootvodchik/vozduhootvodchik-2-dyuyma,/vozduhootvodchik
/vozduhootvodchik/vozduhootvodchik-3-4-dyuyma,/vozduhootvodchik
/vozduhootvodchik/vozduhootvodchik-avtomaticheskiy,/vozduhootvodchik
/vozduhootvodchik/vozduhootvodchik-ruchnoy,/vozduhootvodchik
/vozduhovod/deflektor-ventilyacionnyy,/vozduhovod
/vozduhovod/drossel-klapan,/vozduhovod
/vozduhovod/drossel-klapan-100-mm,/vozduhovod
/vozduhovod/drossel-klapan-125-mm,/vozduhovod
/vozduhovod/drossel-klapan-160-mm,/vozduhovod
/vozduhovod/drossel-klapan-kruglyy,/vozduhovod
/vozduhovod/drossel-klapan-pryamougolnyy,/vozduhovod
/vozduhovod/gibkaya-vstavka-pryamougolnaya,/vozduhovod
/vozduhovod/gibkie-vstavki-dlya-ventilyacii,/vozduhovod
/vozduhovod/homut-vozduhovoda,/vozduhovod
/vozduhovod/krepleniya-dlya-ventilyacii,/vozduhovod
/vozduhovod/krestovina-dlya-vozduhovoda,/vozduhovod
/vozduhovod/kruglye-vozduhovody,/vozduhovod
/vozduhovod/kruglyy-otvod-125-mm-90-gradusov,/vozduhovod
/vozduhovod/mufta-vozduhovoda,/vozduhovod
/vozduhovod/nippel-dlya-vozduhovoda,/vozduhovod
/vozduhovod/otvod-kruglyy-100-mm-90-gradusov,/vozduhovod
/vozduhovod/otvod-pryamougolnyy-ventilyacionnyy,/vozduhovod
/vozduhovod/otvod-ventilyacionnyy-kruglyy-90-gradusov,/vozduhovod
/vozduhovod/otvod-ventilyacionnyy-pryamougolnyy-90-gradusov,/vozduhovod
/vozduhovod/otvod-vozduhovoda,/vozduhovod
/vozduhovod/otvod-vozduhovoda-kruglyy,/vozduhovod
/vozduhovod/otvod-vozduhovoda-ocinkovannyy,/vozduhovod
/vozduhovod/perehod-vozduhovoda,/vozduhovod
/vozduhovod/pryamougolnye-vozduhovody,/vozduhovod
/vozduhovod/shiber-dlya-ventilyacii,/vozduhovod
/vozduhovod/shumoglushitel,/vozduhovod
/vozduhovod/shumoglushitel-dlya-kruglyh-vozduhovodov,/vozduhovod
/vozduhovod/shumoglushitel-vozduhovoda-pryamougolnyy,/vozduhovod
/vozduhovod/troynik-ventilyacionnyy,/vozduhovod
/vozduhovod/troynik-ventilyacionnyy-315-mm,/vozduhovod
/vozduhovod/truba-shahtnaya-ventilyacionnaya,/vozduhovod
/vozduhovod/vozduhovod-150-mm,/vozduhovod
/vozduhovod/vozduhovod-kruglyy-125-mm,/vozduhovod
/vozduhovod/vozduhovod-kruglyy-200-mm,/vozduhovod
/vozduhovod/vozduhovod-kruglyy-ocinkovannyy,/vozduhovod
/vozduhovod/vozduhovod-kruglyy-ocinkovannyy-160-mm,/vozduhovod
/vozduhovod/vozduhovod-kruglyy-plastikovyy,/vozduhovod
/vozduhovod/vozduhovody-spiralno-navivnye,/vozduhovod
/vozduhovod/vrezka-kruglaya-v-vozdukhovod,/vozduhovod
/vozduhovod/vrezka-vozduhovoda,/vozduhovod
/vozduhovod/vrezka-vozduhovoda-pryamougolnaya,/vozduhovod
/vozduhovod/vstavka-vozduhovoda,/vozduhovod
/vozduhovod/zaglushka-ventilyacionnaya,/vozduhovod
/vozduhovod/zaslonka-vozdushnaya,/vozduhovod
/vozduhovod/zont-vozduhovoda,/vozduhovod
/vozduhovod/zont-vozduhovoda-kruglyy,/vozduhovod
/vozduhovod/zont-vozduhovoda-pryamougolnyy,/vozduhovod
/vtulka-pod-flanec,
/vtulka/vtulka-pod-flanec-pnd,/vtulka
/z-obraznyy-profil,
/zabor-metallicheskiy/evroshtaketnik,/zabor-metallicheskiy
/zabor-metallicheskiy/zabor-iz-evroshtaketnika,/zabor-metallicheskiy
/zabor-metallicheskiy/zabor-iz-profnastila,/zabor-metallicheskiy
/zabor-metallicheskiy/zabor-iz-svarnoy-setki,/zabor-metallicheskiy
/zabor-metallicheskiy/zabory-3d,/zabor-metallicheskiy
/zadvizhka/zadvizhka-30nzh41nzh,/zadvizhka
/zadvizhka/zadvizhka-30nzh64nzh,/zadvizhka
/zadvizhka/zadvizhka-31nzh45nzh,/zadvizhka
/zadvizhka/zadvizhka-du-100,/zadvizhka
/zadvizhka/zadvizhka-du-150,/zadvizhka
/zadvizhka/zadvizhka-du-200,/zadvizhka
/zadvizhka/zadvizhka-du-300,/zadvizhka
/zadvizhka/zadvizhka-du-50,/zadvizhka
/zadvizhka/zadvizhka-du-80,/zadvizhka
/zadvizhka/zadvizhka-flancevaya,/zadvizhka
/zadvizhka/zadvizhka-klinovaya,/zadvizhka
/zadvizhka/zadvizhka-shibernaya,/zadvizhka
/zadvizhka/zadvizhki-klinovye-zkl,/zadvizhka
/zadvizhka/zadvizhki-parallelnye,/zadvizhka
/zadvizhka/zadvizhki-shlangovye,/zadvizhka
/zaglushka-diametrom-100-mm,
/zaglushka-diametrom-50-mm,
/zaglushka-dlya-trub/sfericheskie-zaglushki-dlya-trub,/zaglushka-dlya-trub
/zaglushka-dlya-trub/transportirovochnye-zaglushki,/zaglushka-dlya-trub
/zaglushka-dlya-trub/zaglushka-dlya-drenazhnoy-truby,/zaglushka-dlya-trub
/zaglushka-dlya-trub/zaglushka-dlya-profilnoy-truby-100h100-mm,/zaglushka-dlya-trub
/zaglushka-dlya-trub/zaglushka-dlya-profilnoy-truby-20h20-mm,/zaglushka-dlya-trub
/zaglushka-dlya-trub/zaglushka-dlya-profilnoy-truby-25h25-mm,/zaglushka-dlya-trub
/zaglushka-dlya-trub/zaglushka-dlya-profilnoy-truby-40h20-mm,/zaglushka-dlya-trub
/zaglushka-dlya-trub/zaglushka-dlya-profilnoy-truby-40h40-mm,/zaglushka-dlya-trub
/zaglushka-dlya-trub/zaglushka-dlya-profilnoy-truby-60h30-mm,/zaglushka-dlya-trub
/zaglushka-dlya-trub/zaglushka-dlya-profilnoy-truby-60h60-mm,/zaglushka-dlya-trub
/zaglushka-dlya-trub/zaglushka-dlya-profilnoy-truby-80h80-mm,/zaglushka-dlya-trub
/zaglushka-dlya-trub/zaglushka-kanalizacionnaya-110-mm,/zaglushka-dlya-trub
/zaglushka-dlya-trub/zaglushka-kanalizacionnaya-160-mm,/zaglushka-dlya-trub
/zaglushka-dlya-trub/zaglushka-kanalizacionnaya-50-mm,/zaglushka-dlya-trub
/zaglushka-dlya-trub/zaglushka-mezhflancevaya-s-hvostovikom,/zaglushka-dlya-trub
/zaglushka-dlya-trub/zaglushka-pnd,/zaglushka-dlya-trub
/zaglushka-dlya-trub/zaglushka-pnd-25-mm,/zaglushka-dlya-trub
/zaglushka-dlya-trub/zaglushka-pnd-32-mm,/zaglushka-dlya-trub
/zaglushka-dlya-trub/zaglushka-pnd-kompressionnaya,/zaglushka-dlya-trub
/zaglushka-dlya-trub/zaglushka-polipropilenovaya-20-mm,/zaglushka-dlya-trub
/zaglushka-dlya-trub/zaglushka-polipropilenovaya-50-mm,/zaglushka-dlya-trub
/zaglushka-dlya-trub/zaglushka-pp-110-mm,/zaglushka-dlya-trub
/zaglushka-dlya-trub/zaglushka-rezbovaya-1-1-2-dyuyma,/zaglushka-dlya-trub
/zaglushka-dlya-trub/zaglushka-rezbovaya-1-1-4-dyuyma,/zaglushka-dlya-trub
/zaglushka-dlya-trub/zaglushka-rezbovaya-1-2-dyuyma,/zaglushka-dlya-trub
/zaglushka-dlya-trub/zaglushka-rezbovaya-1-dyuym,/zaglushka-dlya-trub
/zaglushka-dlya-trub/zaglushka-rezbovaya-2-dyuyma,/zaglushka-dlya-trub
/zaglushka-dlya-trub/zaglushka-rezbovaya-3-4-dyuyma,/zaglushka-dlya-trub
/zaglushka-dlya-trub/zaglushka-rezbovaya-3-8-dyuyma,/zaglushka-dlya-trub
/zaglushka-dlya-trub/zaglushka-stalnaya-du100,/zaglushka-dlya-trub
/zaglushka-dlya-trub/zaglushka-stalnaya-du80,/zaglushka-dlya-trub
/zaglushka-dlya-trub/zaglushki-dlya-kanalizacionnyh-trub,/zaglushka-dlya-trub
/zaglushka-dlya-trub/zaglushki-povorotnye,/zaglushka-dlya-trub
/zaglushka-ellipticheskaya,
/zaglushka-flancevaya,
/zaglushka-gost-17379-2001,
/zaglushka-plastikovaya,
/zaglushka-profilnaya,
/zaglushka-s-naruzhnoy-rezboy,
/zaglushka-s-vnutrenney-rezboy,
/zaglushka-stalnaya,
/zaglushki-dlya-profilnyh-trub,
/zakladnye-detali,
/zatvor/zatvor-100-mm,/zatvor
/zatvor/zatvor-150-mm,/zatvor
/zatvor/zatvor-200-mm,/zatvor
/zatvor/zatvor-50-mm,/zatvor
/zatvor/zatvor-80-mm,/zatvor
/zatvor/zatvor-diskovyy,/zatvor
/zatvor/zatvor-flancevyy,/zatvor
/zatvor/zatvor-mezhflancevyy,/zatvor
/zatvor/zatvor-shibernyy,/zatvor
/zatvor/zatvory-obratnye,/zatvor
/zhbi/aerodromnye-plity-pag,/zhbi
/zhbi/balka-zhelezobetonnaya-fundamentnaya,/zhbi
/zhbi/balkonnye-plity,/zhbi
/zhbi/betonnye-dorozhnye-plity,/zhbi
/zhbi/dnishche-kolodca-zhbi,/zhbi
/zhbi/kolco-zhelezobetonnoe,/zhbi
/zhbi/kolodec-zhbi,/zhbi
/zhbi/kryshka-kolodca-zhbi,/zhbi
/zhbi/opornye-plity,/zhbi
/zhbi/plity-perekrytiya,/zhbi
/zhbi/plity-pokrytiya-zhelezobetonnye,/zhbi
/zhbi/progony-zhelezobetonnye,/zhbi
/zhbi/svai-zhelezobetonnye,/zhbi
/zhbi/truba-zhelezobetonnaya,/zhbi
/zhbi/truba-zhelezobetonnaya-1000-mm,/zhbi
/zhbi/truba-zhelezobetonnaya-300-mm,/zhbi
/zhbi/truba-zhelezobetonnaya-400-mm,/zhbi
/zhbi/truba-zhelezobetonnaya-500-mm,/zhbi
/zhbi/truba-zhelezobetonnaya-beznapornaya,/zhbi
/zhbi/truby-zhelezobetonnye-rastrubnye,/zhbi
