url,type
https://steelborg.ru/catalog/elektroprivod-dlya-krana,категория
https://steelborg.ru/catalog/elektroprivod-dlya-klapana,категория
https://steelborg.ru/catalog/elektroprivod-dlya-zatvora,категория
https://steelborg.ru/catalog/elektroprivod-dlya-zadvizhki,категория
https://steelborg.ru/catalog/elektroprivod,категория
https://steelborg.ru/catalog/schit-uchetno-raspredelitelnyy,категория
https://steelborg.ru/catalog/schit-ucheta,категория
https://steelborg.ru/catalog/schit-s-montazhnoy-panelyu-schmp,категория
https://steelborg.ru/catalog/schit-raspredelitelnyy,категория
https://steelborg.ru/catalog/elektricheskiy-schit,категория
https://steelborg.ru/catalog/kompressor,категория
https://steelborg.ru/catalog/elektrooborudovanie,категория
https://steelborg.ru/catalog/shifer-ploskiy-10-mm,категория
https://steelborg.ru/catalog/shifer-ploskiy,категория
https://steelborg.ru/catalog/shtrips-2-mm,категория
https://steelborg.ru/catalog/shtrips-1-d-5-mm,категория
https://steelborg.ru/catalog/shtrips-1-mm,категория
https://steelborg.ru/catalog/shtrips-0-d-8-mm,категория
https://steelborg.ru/catalog/shtrips-0-d-7-mm,категория
https://steelborg.ru/catalog/shtrips-0-d-6-mm,категория
https://steelborg.ru/catalog/shtrips-0-d-5-mm,категория
https://steelborg.ru/catalog/shtrips-0-d-4-mm,категория
https://steelborg.ru/catalog/shtrips-0-d-35-mm,категория
https://steelborg.ru/catalog/shtrips-0-d-3-mm,категория
https://steelborg.ru/catalog/shtrips,категория
https://steelborg.ru/catalog/shpunt-larsena,категория
https://steelborg.ru/catalog/shestigrannik-holodnokatanyy,категория
https://steelborg.ru/catalog/shestigrannik-stalnoy-st45,категория
https://steelborg.ru/catalog/shestigrannik-stalnoy-st35,категория
https://steelborg.ru/catalog/shestigrannik-stalnoy-st3,категория
https://steelborg.ru/catalog/shestigrannik-stalnoy-st20,категория
https://steelborg.ru/catalog/shestigrannik-stalnoy-st10,категория
https://steelborg.ru/catalog/shestigrannik-stalnoy-kovanyy,категория
https://steelborg.ru/catalog/shestigrannik-stalnoy-a12,категория
https://steelborg.ru/catalog/shestigrannik-stalnoy-8-mm,категория
https://steelborg.ru/catalog/shestigrannik-stalnoy-75-mm,категория
https://steelborg.ru/catalog/shestigrannik-stalnoy-7-mm,категория
https://steelborg.ru/catalog/shestigrannik-stalnoy-65-mm,категория
https://steelborg.ru/catalog/shestigrannik-stalnoy-60-mm,категория
https://steelborg.ru/catalog/shestigrannik-stalnoy-6-mm,категория
https://steelborg.ru/catalog/shestigrannik-stalnoy-55-mm,категория
https://steelborg.ru/catalog/shestigrannik-stalnoy-50-mm,категория
https://steelborg.ru/catalog/shestigrannik-stalnoy-46-mm,категория
https://steelborg.ru/catalog/shestigrannik-stalnoy-41-mm,категория
https://steelborg.ru/catalog/shestigrannik-stalnoy-40h,категория
https://steelborg.ru/catalog/shestigrannik-stalnoy-38ha,категория
https://steelborg.ru/catalog/shestigrannik-stalnoy-38-mm,категория
https://steelborg.ru/catalog/shestigrannik-stalnoy-36-mm,категория
https://steelborg.ru/catalog/shestigrannik-stalnoy-32-mm,категория
https://steelborg.ru/catalog/shestigrannik-stalnoy-30hgsa,категория
https://steelborg.ru/catalog/shestigrannik-stalnoy-30-mm,категория
https://steelborg.ru/catalog/shestigrannik-stalnoy-27-mm,категория
https://steelborg.ru/catalog/shestigrannik-stalnoy-24-mm,категория
https://steelborg.ru/catalog/shestigrannik-stalnoy-22-mm,категория
https://steelborg.ru/catalog/shestigrannik-stalnoy-19-mm,категория
https://steelborg.ru/catalog/shestigrannik-stalnoy-17-mm,категория
https://steelborg.ru/catalog/shestigrannik-stalnoy-15-mm,категория
https://steelborg.ru/catalog/shestigrannik-stalnoy-14-mm,категория
https://steelborg.ru/catalog/shestigrannik-stalnoy-13-mm,категория
https://steelborg.ru/catalog/shestigrannik-stalnoy-12-mm,категория
https://steelborg.ru/catalog/shestigrannik-stalnoy-11-mm,категория
https://steelborg.ru/catalog/shestigrannik-stalnoy-10-mm,категория
https://steelborg.ru/catalog/shestigrannik-stalnoy-09g2s,категория
https://steelborg.ru/catalog/shestigrannik-kalibrovannyy,категория
https://steelborg.ru/catalog/shestigrannik-goryachekatanyy,категория
https://steelborg.ru/catalog/shestigrannik-stalnoy,категория
https://steelborg.ru/catalog/shveller-goryachekatanyy,категория
https://steelborg.ru/catalog/shveller-gnutyy-100x50x3-mm,категория
https://steelborg.ru/catalog/shveller-gnutyy,категория
https://steelborg.ru/catalog/shveller-8p,категория
https://steelborg.ru/catalog/shveller-80,категория
https://steelborg.ru/catalog/shveller-5p,категория
https://steelborg.ru/catalog/shveller-50,категория
https://steelborg.ru/catalog/shveller-27p,категория
https://steelborg.ru/catalog/shveller-24p,категория
https://steelborg.ru/catalog/shveller-22p,категория
https://steelborg.ru/catalog/shveller-20p,категория
https://steelborg.ru/catalog/shveller-18p,категория
https://steelborg.ru/catalog/shveller-16p,категория
https://steelborg.ru/catalog/shveller-14p,категория
https://steelborg.ru/catalog/shveller-140,категория
https://steelborg.ru/catalog/shveller-120,категория
https://steelborg.ru/catalog/shveller-10p,категория
https://steelborg.ru/catalog/shveller-100,категория
https://steelborg.ru/catalog/shveller-09g2s,категория
https://steelborg.ru/catalog/otsinkovannyy-shveller,категория
https://steelborg.ru/catalog/shveller,категория
https://steelborg.ru/catalog/shary-melyuschie-80-mm,категория
https://steelborg.ru/catalog/shary-melyuschie-60-mm,категория
https://steelborg.ru/catalog/shary-melyuschie-40-mm,категория
https://steelborg.ru/catalog/shary-melyuschie-100-mm,категория
https://steelborg.ru/catalog/shary-melyuschie,категория
https://steelborg.ru/catalog/tsilpebs,категория
https://steelborg.ru/catalog/ugolok-stalnoy-50x50x5-mm,категория
https://steelborg.ru/catalog/ugolok-stalnoy-40x40x4-mm,категория
https://steelborg.ru/catalog/ugolok-otsinkovannyy,категория
https://steelborg.ru/catalog/ugolok-metallicheskiy-6-mm,категория
https://steelborg.ru/catalog/ugolok-metallicheskiy-50x50-mm,категория
https://steelborg.ru/catalog/ugolok-metallicheskiy-4-mm,категория
https://steelborg.ru/catalog/ugolok-metallicheskiy-3-mm,категория
https://steelborg.ru/catalog/ugolok-metallicheskiy-20x20-mm,категория
https://steelborg.ru/catalog/ugolok-metallicheskiy-100x100-mm,категория
https://steelborg.ru/catalog/ugolok-goryachekatanyy,категория
https://steelborg.ru/catalog/ugolok-gnutyy,категория
https://steelborg.ru/catalog/ugolok-metallicheskiy,категория
https://steelborg.ru/catalog/tavr-stalnoy-70-mm,категория
https://steelborg.ru/catalog/tavr-stalnoy-50-mm,категория
https://steelborg.ru/catalog/tavr-stalnoy-30-mm,категория
https://steelborg.ru/catalog/tavr-stalnoy-3-mm,категория
https://steelborg.ru/catalog/tavr-stalnoy-25-mm,категория
https://steelborg.ru/catalog/tavr-stalnoy-20-mm,категория
https://steelborg.ru/catalog/tavr-stalnoy-2-mm,категория
https://steelborg.ru/catalog/tavr-stalnoy-15-mm,категория
https://steelborg.ru/catalog/tavr-stalnoy-1-d-5-mm,категория
https://steelborg.ru/catalog/tavr-stalnoy,категория
https://steelborg.ru/catalog/polosobulb-rsd-32,категория
https://steelborg.ru/catalog/polosobulb-nesimmetrichnyy,категория
https://steelborg.ru/catalog/polosobulb-d36,категория
https://steelborg.ru/catalog/polosobulb,категория
https://steelborg.ru/catalog/polosa-chugunnaya,категория
https://steelborg.ru/catalog/polosa-stalnaya-40h4-mm,категория
https://steelborg.ru/catalog/polosa-st45,категория
https://steelborg.ru/catalog/polosa-perforirovannaya,категория
https://steelborg.ru/catalog/polosa-otsinkovannaya,категория
https://steelborg.ru/catalog/polosa-goryachekatanaya,категория
https://steelborg.ru/catalog/polosa-metallicheskaya,категория
https://steelborg.ru/catalog/termoprofil,категория
https://steelborg.ru/catalog/profil-uglovoy-perforirovannyy,категория
https://steelborg.ru/catalog/profil-uglovoy-otsinkovannyy,категория
https://steelborg.ru/catalog/profil-uglovoy-25-mm,категория
https://steelborg.ru/catalog/profil-uglovoy-20-mm,категория
https://steelborg.ru/catalog/profil-uglovoy,категория
https://steelborg.ru/catalog/profil-stoechnyy-otsinkovannyy,категория
https://steelborg.ru/catalog/profil-stoechnyy-75-mm,категория
https://steelborg.ru/catalog/profil-stoechnyy-50-mm,категория
https://steelborg.ru/catalog/profil-stoechnyy-45-mm,категория
https://steelborg.ru/catalog/profil-stoechnyy-100-mm,категория
https://steelborg.ru/catalog/profil-stoechnyy-0-d-6-mm,категория
https://steelborg.ru/catalog/profil-stoechnyy-0-d-5-mm,категория
https://steelborg.ru/catalog/profil-stoechnyy-0-d-45-mm,категория
https://steelborg.ru/catalog/profil-stoechnyy-0-d-4-mm,категория
https://steelborg.ru/catalog/profil-stoechnyy,категория
https://steelborg.ru/catalog/profil-s-obraznyy-otsinkovannyy,категория
https://steelborg.ru/catalog/profil-s-obraznyy-30-mm,категория
https://steelborg.ru/catalog/profil-s-obraznyy-20-mm,категория
https://steelborg.ru/catalog/profil-s-obraznyy-2-mm,категория
https://steelborg.ru/catalog/profil-s-obraznyy-1-d-8-mm,категория
https://steelborg.ru/catalog/profil-s-obraznyy-1-d-5-mm,категория
https://steelborg.ru/catalog/profil-s-obraznyy-1-d-2-mm,категория
https://steelborg.ru/catalog/profil-s-obraznyy,категория
https://steelborg.ru/catalog/profil-potolochnyy-otsinkovannyy,категория
https://steelborg.ru/catalog/profil-potolochnyy-60-mm,категория
https://steelborg.ru/catalog/profil-potolochnyy-45-mm,категория
https://steelborg.ru/catalog/profil-potolochnyy-28-mm,категория
https://steelborg.ru/catalog/profil-potolochnyy-27-mm,категория
https://steelborg.ru/catalog/profil-potolochnyy-0-d-5-mm,категория
https://steelborg.ru/catalog/profil-potolochnyy-0-d-45-mm,категория
https://steelborg.ru/catalog/profil-potolochnyy,категория
https://steelborg.ru/catalog/profil-napravlyayuschiy-potolochnyy,категория
https://steelborg.ru/catalog/profil-napravlyayuschiy-otsinkovannyy,категория
https://steelborg.ru/catalog/profil-napravlyayuschiy-dlya-gipsokartona,категория
https://steelborg.ru/catalog/profil-napravlyayuschiy-75-mm,категория
https://steelborg.ru/catalog/profil-napravlyayuschiy-50-mm,категория
https://steelborg.ru/catalog/profil-napravlyayuschiy-40-mm,категория
https://steelborg.ru/catalog/profil-napravlyayuschiy-28-mm,категория
https://steelborg.ru/catalog/profil-napravlyayuschiy-27-mm,категория
https://steelborg.ru/catalog/profil-napravlyayuschiy-100-mm,категория
https://steelborg.ru/catalog/profil-napravlyayuschiy-0-d-6-mm,категория
https://steelborg.ru/catalog/profil-napravlyayuschiy-0-d-5-mm,категория
https://steelborg.ru/catalog/profil-napravlyayuschiy-0-d-45-mm,категория
https://steelborg.ru/catalog/profil-napravlyayuschiy-0-d-4-mm,категория
https://steelborg.ru/catalog/profil-napravlyayuschiy,категория
https://steelborg.ru/catalog/profil-mayachkovyy,категория
https://steelborg.ru/catalog/profil-karniznyy,категория
https://steelborg.ru/catalog/profil-gnutyy-shlyapnyy,категория
https://steelborg.ru/catalog/profil-gnutyy-sigma-obraznyy,категория
https://steelborg.ru/catalog/profil-gnutyy-otsinkovannyy,категория
https://steelborg.ru/catalog/profil-gnutyy,категория
https://steelborg.ru/catalog/p-obraznyy-profil-otsinkovannyy,категория
https://steelborg.ru/catalog/p-obraznyy-profil-okonnyy,категория
https://steelborg.ru/catalog/p-obraznyy-profil-30-mm,категория
https://steelborg.ru/catalog/p-obraznyy-profil-25-mm,категория
https://steelborg.ru/catalog/p-obraznyy-profil-23-mm,категория
https://steelborg.ru/catalog/p-obraznyy-profil-1-d-2-mm,категория
https://steelborg.ru/catalog/p-obraznyy-profil-1-mm,категория
https://steelborg.ru/catalog/p-obraznyy-profil-0-d-9-mm,категория
https://steelborg.ru/catalog/p-obraznyy-profil,категория
https://steelborg.ru/catalog/z-obraznyy-profil,категория
https://steelborg.ru/catalog/l-obraznyy-profil,категория
https://steelborg.ru/catalog/metallicheskiy-profil,категория
https://steelborg.ru/catalog/upakovochnaya-stalnaya-lenta-myagkaya,категория
https://steelborg.ru/catalog/upakovochnaya-lenta-otsinkovannaya,категория
https://steelborg.ru/catalog/upakovochnaya-lenta-30-mm,категория
https://steelborg.ru/catalog/upakovochnaya-lenta-20-mm,категория
https://steelborg.ru/catalog/upakovochnaya-lenta-1-mm,категория
https://steelborg.ru/catalog/upakovochnaya-lenta-0-d-8-mm,категория
https://steelborg.ru/catalog/upakovochnaya-lenta-0-d-7-mm,категория
https://steelborg.ru/catalog/upakovochnaya-lenta-0-d-5-mm,категория
https://steelborg.ru/catalog/upakovochnaya-lenta,категория
https://steelborg.ru/catalog/tarnaya-lenta,категория
https://steelborg.ru/catalog/perforirovannaya-lenta-s-polimernym-pokrytiem,категория
https://steelborg.ru/catalog/perforirovannaya-lenta-otsinkovannaya,категория
https://steelborg.ru/catalog/perforirovannaya-lenta-80-mm,категория
https://steelborg.ru/catalog/perforirovannaya-lenta-60-mm,категория
https://steelborg.ru/catalog/perforirovannaya-lenta-50-mm,категория
https://steelborg.ru/catalog/perforirovannaya-lenta-40-mm,категория
https://steelborg.ru/catalog/perforirovannaya-lenta-30-mm,категория
https://steelborg.ru/catalog/perforirovannaya-lenta-25-mm,категория
https://steelborg.ru/catalog/perforirovannaya-lenta-20-mm,категория
https://steelborg.ru/catalog/perforirovannaya-lenta-2-mm,категория
https://steelborg.ru/catalog/perforirovannaya-lenta-17-mm,категория
https://steelborg.ru/catalog/perforirovannaya-lenta-12-mm,категория
https://steelborg.ru/catalog/perforirovannaya-lenta-1-d-5-mm,категория
https://steelborg.ru/catalog/perforirovannaya-lenta-1-mm,категория
https://steelborg.ru/catalog/perforirovannaya-lenta-0-d-75-mm,категория
https://steelborg.ru/catalog/perforirovannaya-lenta-0-d-7-mm,категория
https://steelborg.ru/catalog/perforirovannaya-lenta-0-d-55-mm,категория
https://steelborg.ru/catalog/perforirovannaya-lenta-0-d-5-mm,категория
https://steelborg.ru/catalog/perforirovannaya-lenta-0-d-4-mm,категория
https://steelborg.ru/catalog/perforirovannaya-lenta,категория
https://steelborg.ru/catalog/lenta-elektrotehnicheskaya,категория
https://steelborg.ru/catalog/lenta-s-polimernym-pokrytiem-1250-mm,категория
https://steelborg.ru/catalog/lenta-s-polimernym-pokrytiem-0-d-7-mm,категория
https://steelborg.ru/catalog/lenta-s-polimernym-pokrytiem-0-d-6-mm,категория
https://steelborg.ru/catalog/lenta-s-polimernym-pokrytiem-0-d-5-mm,категория
https://steelborg.ru/catalog/lenta-s-polimernym-pokrytiem-0-d-45-mm,категория
https://steelborg.ru/catalog/lenta-s-polimernym-pokrytiem,категория
https://steelborg.ru/catalog/lenta-otsinkovannaya-20-mm,категория
https://steelborg.ru/catalog/lenta-otsinkovannaya-2-mm,категория
https://steelborg.ru/catalog/lenta-otsinkovannaya-1h20-mm,категория
https://steelborg.ru/catalog/lenta-otsinkovannaya-1-mm,категория
https://steelborg.ru/catalog/lenta-otsinkovannaya-0-d-7h20-mm,категория
https://steelborg.ru/catalog/lenta-otsinkovannaya-0-d-7-mm,категория
https://steelborg.ru/catalog/lenta-otsinkovannaya-0-d-5h20-mm,категория
https://steelborg.ru/catalog/lenta-otsinkovannaya-0-d-5-mm,категория
https://steelborg.ru/catalog/lenta-otsinkovannaya,категория
https://steelborg.ru/catalog/lenta-metallicheskaya-holodnokatanaya,категория
https://steelborg.ru/catalog/lenta-metallicheskaya-u8a,категория
https://steelborg.ru/catalog/lenta-metallicheskaya-u7a,категория
https://steelborg.ru/catalog/lenta-metallicheskaya-u10a,категория
https://steelborg.ru/catalog/lenta-metallicheskaya-st70,категория
https://steelborg.ru/catalog/lenta-metallicheskaya-st15,категория
https://steelborg.ru/catalog/lenta-metallicheskaya-kalenaya,категория
https://steelborg.ru/catalog/lenta-metallicheskaya-goryachekatanaya,категория
https://steelborg.ru/catalog/lenta-metallicheskaya-anizotropnaya,категория
https://steelborg.ru/catalog/lenta-metallicheskaya-90-mm,категория
https://steelborg.ru/catalog/lenta-metallicheskaya-70s2ha,категория
https://steelborg.ru/catalog/lenta-metallicheskaya-65g,категория
https://steelborg.ru/catalog/lenta-metallicheskaya-60s2a,категория
https://steelborg.ru/catalog/lenta-metallicheskaya-50-mm,категория
https://steelborg.ru/catalog/lenta-metallicheskaya-40-mm,категория
https://steelborg.ru/catalog/lenta-metallicheskaya-30-mm,категория
https://steelborg.ru/catalog/lenta-metallicheskaya-3-mm,категория
https://steelborg.ru/catalog/lenta-metallicheskaya-250-mm,категория
https://steelborg.ru/catalog/lenta-metallicheskaya-25-mm,категория
https://steelborg.ru/catalog/lenta-metallicheskaya-200-mm,категория
https://steelborg.ru/catalog/lenta-metallicheskaya-20-mm,категория
https://steelborg.ru/catalog/lenta-metallicheskaya-2-mm,категория
https://steelborg.ru/catalog/lenta-metallicheskaya-17-mm,категория
https://steelborg.ru/catalog/lenta-metallicheskaya-16-mm,категория
https://steelborg.ru/catalog/lenta-metallicheskaya-15-mm,категория
https://steelborg.ru/catalog/lenta-metallicheskaya-1250-mm,категория
https://steelborg.ru/catalog/lenta-metallicheskaya-120-mm,категория
https://steelborg.ru/catalog/lenta-metallicheskaya-12-mm,категория
https://steelborg.ru/catalog/lenta-metallicheskaya-100-mm,категория
https://steelborg.ru/catalog/lenta-metallicheskaya-10-mm,категория
https://steelborg.ru/catalog/lenta-metallicheskaya-1-d-5-mm,категория
https://steelborg.ru/catalog/lenta-metallicheskaya-1-d-2-mm,категория
https://steelborg.ru/catalog/lenta-metallicheskaya-1-d-1-mm,категория
https://steelborg.ru/catalog/lenta-metallicheskaya-1-mm,категория
https://steelborg.ru/catalog/lenta-metallicheskaya-08yu,категория
https://steelborg.ru/catalog/lenta-metallicheskaya-08ps,категория
https://steelborg.ru/catalog/lenta-metallicheskaya-08kp,категория
https://steelborg.ru/catalog/lenta-metallicheskaya-0-d-9-mm,категория
https://steelborg.ru/catalog/lenta-metallicheskaya-0-d-8-mm,категория
https://steelborg.ru/catalog/lenta-metallicheskaya-0-d-7-mm,категория
https://steelborg.ru/catalog/lenta-metallicheskaya-0-d-6-mm,категория
https://steelborg.ru/catalog/lenta-metallicheskaya-0-d-55-mm,категория
https://steelborg.ru/catalog/lenta-metallicheskaya-0-d-5-mm,категория
https://steelborg.ru/catalog/lenta-metallicheskaya-0-d-45-mm,категория
https://steelborg.ru/catalog/lenta-metallicheskaya-0-d-4-mm,категория
https://steelborg.ru/catalog/lenta-metallicheskaya-0-d-35-mm,категория
https://steelborg.ru/catalog/lenta-metallicheskaya-0-d-3-mm,категория
https://steelborg.ru/catalog/lenta-metallicheskaya-0-d-25-mm,категория
https://steelborg.ru/catalog/lenta-metallicheskaya-0-d-2-mm,категория
https://steelborg.ru/catalog/lenta-metallicheskaya-0-d-1-mm,категория
https://steelborg.ru/catalog/lenta-metallicheskaya-0-d-08-mm,категория
https://steelborg.ru/catalog/lenta-metallicheskaya-0-d-05-mm,категория
https://steelborg.ru/catalog/kolyuchaya-lenta,категория
https://steelborg.ru/catalog/bandazhnaya-lenta,категория
https://steelborg.ru/catalog/lenta-metallicheskaya,категория
https://steelborg.ru/catalog/krug-chugunnyy-sch20,категория
https://steelborg.ru/catalog/krug-chugunnyy-90-mm,категория
https://steelborg.ru/catalog/krug-chugunnyy-250-mm,категория
https://steelborg.ru/catalog/krug-chugunnyy-200-mm,категория
https://steelborg.ru/catalog/krug-chugunnyy-100-mm,категория
https://steelborg.ru/catalog/krug-chugunnyy,категория
https://steelborg.ru/catalog/krug-shh15,категория
https://steelborg.ru/catalog/krug-stalnoy-hvg,категория
https://steelborg.ru/catalog/krug-stalnoy-h12mf,категория
https://steelborg.ru/catalog/krug-stalnoy-u8a,категория
https://steelborg.ru/catalog/krug-stalnoy-st3,категория
https://steelborg.ru/catalog/krug-stalnoy-r6m5,категория
https://steelborg.ru/catalog/krug-stalnoy-kovanyy,категория
https://steelborg.ru/catalog/krug-stalnoy-kalibrovannyy,категория
https://steelborg.ru/catalog/krug-stalnoy-zagotovka,категория
https://steelborg.ru/catalog/krug-stalnoy-goryachekatanyy,категория
https://steelborg.ru/catalog/krug-stalnoy-a12,категория
https://steelborg.ru/catalog/krug-stalnoy-9hs,категория
https://steelborg.ru/catalog/krug-stalnoy-90-mm,категория
https://steelborg.ru/catalog/krug-stalnoy-85-mm,категория
https://steelborg.ru/catalog/krug-stalnoy-80-mm,категория
https://steelborg.ru/catalog/krug-stalnoy-75-mm,категория
https://steelborg.ru/catalog/krug-stalnoy-70-mm,категория
https://steelborg.ru/catalog/krug-stalnoy-65g,категория
https://steelborg.ru/catalog/krug-stalnoy-65-mm,категория
https://steelborg.ru/catalog/krug-stalnoy-60-mm,категория
https://steelborg.ru/catalog/krug-stalnoy-56-mm,категория
https://steelborg.ru/catalog/krug-stalnoy-50-mm,категория
https://steelborg.ru/catalog/krug-stalnoy-45-mm,категория
https://steelborg.ru/catalog/krug-stalnoy-45,категория
https://steelborg.ru/catalog/krug-stalnoy-42-mm,категория
https://steelborg.ru/catalog/krug-stalnoy-40hn2ma,категория
https://steelborg.ru/catalog/krug-stalnoy-40hn,категория
https://steelborg.ru/catalog/krug-stalnoy-40-mm,категория
https://steelborg.ru/catalog/krug-stalnoy-3sp,категория
https://steelborg.ru/catalog/krug-stalnoy-3ps,категория
https://steelborg.ru/catalog/krug-stalnoy-36-mm,категория
https://steelborg.ru/catalog/krug-stalnoy-35,категория
https://steelborg.ru/catalog/krug-stalnoy-32-mm,категория
https://steelborg.ru/catalog/krug-stalnoy-30hgsa,категория
https://steelborg.ru/catalog/krug-stalnoy-30-mm,категория
https://steelborg.ru/catalog/krug-stalnoy-28-mm,категория
https://steelborg.ru/catalog/krug-stalnoy-260-mm,категория
https://steelborg.ru/catalog/krug-stalnoy-250-mm,категория
https://steelborg.ru/catalog/krug-stalnoy-25-mm,категория
https://steelborg.ru/catalog/krug-stalnoy-240-mm,категория
https://steelborg.ru/catalog/krug-stalnoy-24-mm,категория
https://steelborg.ru/catalog/krug-stalnoy-230-mm,категория
https://steelborg.ru/catalog/krug-stalnoy-220-mm,категория
https://steelborg.ru/catalog/krug-stalnoy-22-mm,категория
https://steelborg.ru/catalog/krug-stalnoy-210-mm,категория
https://steelborg.ru/catalog/krug-stalnoy-20h,категория
https://steelborg.ru/catalog/krug-stalnoy-200-mm,категория
https://steelborg.ru/catalog/krug-stalnoy-20-mm,категория
https://steelborg.ru/catalog/krug-stalnoy-20,категория
https://steelborg.ru/catalog/krug-stalnoy-190-mm,категория
https://steelborg.ru/catalog/krug-stalnoy-18hgt,категория
https://steelborg.ru/catalog/krug-stalnoy-180-mm,категория
https://steelborg.ru/catalog/krug-stalnoy-18-mm,категория
https://steelborg.ru/catalog/krug-stalnoy-170-mm,категория
https://steelborg.ru/catalog/krug-stalnoy-160-mm,категория
https://steelborg.ru/catalog/krug-stalnoy-16-mm,категория
https://steelborg.ru/catalog/krug-stalnoy-150-mm,категория
https://steelborg.ru/catalog/krug-stalnoy-140-mm,категория
https://steelborg.ru/catalog/krug-stalnoy-14-mm,категория
https://steelborg.ru/catalog/krug-stalnoy-130-mm,категория
https://steelborg.ru/catalog/krug-stalnoy-12hn3a,категория
https://steelborg.ru/catalog/krug-stalnoy-120-mm,категория
https://steelborg.ru/catalog/krug-stalnoy-12-mm,категория
https://steelborg.ru/catalog/krug-stalnoy-110-mm,категория
https://steelborg.ru/catalog/krug-stalnoy-100-mm,категория
https://steelborg.ru/catalog/krug-stalnoy-10-mm,категория
https://steelborg.ru/catalog/krug-stalnoy-10,категория
https://steelborg.ru/catalog/krug-stalnoy-09g2s,категория
https://steelborg.ru/catalog/krug-40h,категория
https://steelborg.ru/catalog/krug-stalnoy,категория
https://steelborg.ru/catalog/kvadrat-chugunnyy-sch20,категория
https://steelborg.ru/catalog/kvadrat-chugunnyy,категория
https://steelborg.ru/catalog/kvadrat-stalnoy-st45,категория
https://steelborg.ru/catalog/kvadrat-stalnoy-st3sp,категория
https://steelborg.ru/catalog/kvadrat-stalnoy-st3ps,категория
https://steelborg.ru/catalog/kvadrat-stalnoy-st3,категория
https://steelborg.ru/catalog/kvadrat-stalnoy-st20,категория
https://steelborg.ru/catalog/kvadrat-stalnoy-r6m5,категория
https://steelborg.ru/catalog/kvadrat-stalnoy-kovanyy,категория
https://steelborg.ru/catalog/kvadrat-stalnoy-80-mm,категория
https://steelborg.ru/catalog/kvadrat-stalnoy-8-mm,категория
https://steelborg.ru/catalog/kvadrat-stalnoy-70-mm,категория
https://steelborg.ru/catalog/kvadrat-stalnoy-60-mm,категория
https://steelborg.ru/catalog/kvadrat-stalnoy-50-mm,категория
https://steelborg.ru/catalog/kvadrat-stalnoy-40h,категория
https://steelborg.ru/catalog/kvadrat-stalnoy-40-mm,категория
https://steelborg.ru/catalog/kvadrat-stalnoy-30-mm,категория
https://steelborg.ru/catalog/kvadrat-stalnoy-25-mm,категория
https://steelborg.ru/catalog/kvadrat-stalnoy-22-mm,категория
https://steelborg.ru/catalog/kvadrat-stalnoy-200-mm,категория
https://steelborg.ru/catalog/kvadrat-stalnoy-20-mm,категория
https://steelborg.ru/catalog/kvadrat-stalnoy-18-mm,категория
https://steelborg.ru/catalog/kvadrat-stalnoy-16-mm,категория
https://steelborg.ru/catalog/kvadrat-stalnoy-14-mm,категория
https://steelborg.ru/catalog/kvadrat-stalnoy-12-mm,категория
https://steelborg.ru/catalog/kvadrat-stalnoy-100-mm,категория
https://steelborg.ru/catalog/kvadrat-stalnoy-10-mm,категория
https://steelborg.ru/catalog/kvadrat-stalnoy-09g2s,категория
https://steelborg.ru/catalog/kvadrat-otsinkovannyy,категория
https://steelborg.ru/catalog/kvadrat-kalibrovannyy,категория
https://steelborg.ru/catalog/kvadrat-goryachekatanyy,категория
https://steelborg.ru/catalog/kvadrat-stalnoy,категория
https://steelborg.ru/catalog/katanka-st3sp,категория
https://steelborg.ru/catalog/katanka-st3ps,категория
https://steelborg.ru/catalog/katanka-st3,категория
https://steelborg.ru/catalog/katanka-v-motkah,категория
https://steelborg.ru/catalog/katanka-v-buhte,категория
https://steelborg.ru/catalog/katanka-8-mm,категория
https://steelborg.ru/catalog/katanka-6-d-5-mm,категория
https://steelborg.ru/catalog/katanka-6-mm,категория
https://steelborg.ru/catalog/katanka-6-m,категория
https://steelborg.ru/catalog/katanka-5-d-5-mm,категория
https://steelborg.ru/catalog/katanka-12-mm,категория
https://steelborg.ru/catalog/katanka-10-mm,категория
https://steelborg.ru/catalog/katanka,категория
https://steelborg.ru/catalog/svarnaya-balka,категория
https://steelborg.ru/catalog/otsinkovannye-balki,категория
https://steelborg.ru/catalog/monorelsovaya-balka,категория
https://steelborg.ru/catalog/dvutavrovaya-balka-36m,категория
https://steelborg.ru/catalog/dvutavr-shirokopolochnyy,категория
https://steelborg.ru/catalog/dvutavr-sh1,категория
https://steelborg.ru/catalog/dvutavr-s355,категория
https://steelborg.ru/catalog/dvutavr-s345,категория
https://steelborg.ru/catalog/dvutavr-s255,категория
https://steelborg.ru/catalog/dvutavr-70b1,категория
https://steelborg.ru/catalog/dvutavr-70,категория
https://steelborg.ru/catalog/dvutavr-60sh2,категория
https://steelborg.ru/catalog/dvutavr-60sh1,категория
https://steelborg.ru/catalog/dvutavr-60b2,категория
https://steelborg.ru/catalog/dvutavr-60b1,категория
https://steelborg.ru/catalog/dvutavr-60,категория
https://steelborg.ru/catalog/dvutavr-55b2,категория
https://steelborg.ru/catalog/dvutavr-55b1,категория
https://steelborg.ru/catalog/dvutavr-55,категория
https://steelborg.ru/catalog/dvutavr-50sh2,категория
https://steelborg.ru/catalog/dvutavr-50sh1,категория
https://steelborg.ru/catalog/dvutavr-50b2,категория
https://steelborg.ru/catalog/dvutavr-50b1,категория
https://steelborg.ru/catalog/dvutavr-50,категория
https://steelborg.ru/catalog/dvutavr-45sh1,категория
https://steelborg.ru/catalog/dvutavr-45b2,категория
https://steelborg.ru/catalog/dvutavr-45b1,категория
https://steelborg.ru/catalog/dvutavr-45,категория
https://steelborg.ru/catalog/dvutavr-40sh2,категория
https://steelborg.ru/catalog/dvutavr-40sh1,категория
https://steelborg.ru/catalog/dvutavr-40k2,категория
https://steelborg.ru/catalog/dvutavr-40k1,категория
https://steelborg.ru/catalog/dvutavr-40b2,категория
https://steelborg.ru/catalog/dvutavr-40b1,категория
https://steelborg.ru/catalog/dvutavr-40,категория
https://steelborg.ru/catalog/dvutavr-36,категория
https://steelborg.ru/catalog/dvutavr-35sh2,категория
https://steelborg.ru/catalog/dvutavr-35sh1,категория
https://steelborg.ru/catalog/dvutavr-35k2,категория
https://steelborg.ru/catalog/dvutavr-35k1,категория
https://steelborg.ru/catalog/dvutavr-35b2,категория
https://steelborg.ru/catalog/dvutavr-35b1,категория
https://steelborg.ru/catalog/dvutavr-35,категория
https://steelborg.ru/catalog/dvutavr-30sh2,категория
https://steelborg.ru/catalog/dvutavr-30sh1,категория
https://steelborg.ru/catalog/dvutavr-30m,категория
https://steelborg.ru/catalog/dvutavr-30k2,категория
https://steelborg.ru/catalog/dvutavr-30k1,категория
https://steelborg.ru/catalog/dvutavr-30b2,категория
https://steelborg.ru/catalog/dvutavr-30b1,категория
https://steelborg.ru/catalog/dvutavr-30,категория
https://steelborg.ru/catalog/dvutavr-25sh1,категория
https://steelborg.ru/catalog/dvutavr-25k2,категория
https://steelborg.ru/catalog/dvutavr-25k1,категория
https://steelborg.ru/catalog/dvutavr-25b2,категория
https://steelborg.ru/catalog/dvutavr-25b1,категория
https://steelborg.ru/catalog/dvutavr-25,категория
https://steelborg.ru/catalog/dvutavr-24,категория
https://steelborg.ru/catalog/dvutavr-20sh1,категория
https://steelborg.ru/catalog/dvutavr-20k2,категория
https://steelborg.ru/catalog/dvutavr-20k1,категория
https://steelborg.ru/catalog/dvutavr-20b1,категория
https://steelborg.ru/catalog/dvutavr-20,категория
https://steelborg.ru/catalog/dvutavr-18b1,категория
https://steelborg.ru/catalog/dvutavr-18,категория
https://steelborg.ru/catalog/dvutavr-16b1,категория
https://steelborg.ru/catalog/dvutavr-16,категория
https://steelborg.ru/catalog/dvutavr-14b1,категория
https://steelborg.ru/catalog/dvutavr-14,категория
https://steelborg.ru/catalog/dvutavr-12b1,категория
https://steelborg.ru/catalog/dvutavr-12,категория
https://steelborg.ru/catalog/dvutavr-10,категория
https://steelborg.ru/catalog/balka-nizkolegirovannaya,категория
https://steelborg.ru/catalog/balka-goryachekatanaya,категория
https://steelborg.ru/catalog/balka-b2,категория
https://steelborg.ru/catalog/balka-b1,категория
https://steelborg.ru/catalog/balka-45m,категория
https://steelborg.ru/catalog/balka-24m,категория
https://steelborg.ru/catalog/balka-10b1,категория
https://steelborg.ru/catalog/balka-09g2s,категория
https://steelborg.ru/catalog/dvutavrovaya-balka-metallicheskaya,категория
https://steelborg.ru/catalog/riflenaya-armatura-st3,категория
https://steelborg.ru/catalog/riflenaya-armatura-v-buhte,категория
https://steelborg.ru/catalog/riflenaya-armatura-a500s,категория
https://steelborg.ru/catalog/riflenaya-armatura-a500,категория
https://steelborg.ru/catalog/riflenaya-armatura-a400-a3,категория
https://steelborg.ru/catalog/riflenaya-armatura-8-mm,категория
https://steelborg.ru/catalog/riflenaya-armatura-6-mm,категория
https://steelborg.ru/catalog/riflenaya-armatura-6-m,категория
https://steelborg.ru/catalog/riflenaya-armatura-40-mm,категория
https://steelborg.ru/catalog/riflenaya-armatura-36-mm,категория
https://steelborg.ru/catalog/riflenaya-armatura-35gs,категория
https://steelborg.ru/catalog/riflenaya-armatura-32-mm,категория
https://steelborg.ru/catalog/riflenaya-armatura-28-mm,категория
https://steelborg.ru/catalog/riflenaya-armatura-25g2s,категория
https://steelborg.ru/catalog/riflenaya-armatura-25-mm,категория
https://steelborg.ru/catalog/riflenaya-armatura-22-mm,категория
https://steelborg.ru/catalog/riflenaya-armatura-20-mm,категория
https://steelborg.ru/catalog/riflenaya-armatura-18-mm,категория
https://steelborg.ru/catalog/riflenaya-armatura-16-mm,категория
https://steelborg.ru/catalog/riflenaya-armatura-14-mm,категория
https://steelborg.ru/catalog/riflenaya-armatura-12-mm,категория
https://steelborg.ru/catalog/riflenaya-armatura-12-m,категория
https://steelborg.ru/catalog/riflenaya-armatura-11-d-7-m,категория
https://steelborg.ru/catalog/riflenaya-armatura-10-mm,категория
https://steelborg.ru/catalog/riflenaya-armatura,категория
https://steelborg.ru/catalog/armatura-st3,категория
https://steelborg.ru/catalog/armatura-otsinkovannaya,категория
https://steelborg.ru/catalog/armatura-goryachekatanaya,категория
https://steelborg.ru/catalog/armatura-gladkaya-at800,категория
https://steelborg.ru/catalog/armatura-gladkaya-at1000,категория
https://steelborg.ru/catalog/armatura-gladkaya-a240-a1,категория
https://steelborg.ru/catalog/armatura-gladkaya-8-mm,категория
https://steelborg.ru/catalog/armatura-gladkaya-6-mm,категория
https://steelborg.ru/catalog/armatura-gladkaya-25g2s,категория
https://steelborg.ru/catalog/armatura-gladkaya-20-mm,категория
https://steelborg.ru/catalog/armatura-gladkaya-18-mm,категория
https://steelborg.ru/catalog/armatura-gladkaya-16-mm,категория
https://steelborg.ru/catalog/armatura-gladkaya-14-mm,категория
https://steelborg.ru/catalog/armatura-gladkaya-12-mm,категория
https://steelborg.ru/catalog/armatura-gladkaya-11-d-7-m,категория
https://steelborg.ru/catalog/armatura-gladkaya-10-mm,категория
https://steelborg.ru/catalog/armatura-gladkaya,категория
https://steelborg.ru/catalog/armatura-v500s,категория
https://steelborg.ru/catalog/armatura-v-buhte,категория
https://steelborg.ru/catalog/armatura-at800,категория
https://steelborg.ru/catalog/armatura-a500s,категория
https://steelborg.ru/catalog/armatura-a500,категория
https://steelborg.ru/catalog/armatura-a400-a3,категория
https://steelborg.ru/catalog/armatura-a240-a1,категория
https://steelborg.ru/catalog/armatura-a1-12-mm,категория
https://steelborg.ru/catalog/armatura-a1-10-mm,категория
https://steelborg.ru/catalog/armatura-8-mm,категория
https://steelborg.ru/catalog/armatura-6-mm,категория
https://steelborg.ru/catalog/armatura-6-m,категория
https://steelborg.ru/catalog/armatura-40-mm,категория
https://steelborg.ru/catalog/armatura-36-mm,категория
https://steelborg.ru/catalog/armatura-35gs,категория
https://steelborg.ru/catalog/armatura-32-mm,категория
https://steelborg.ru/catalog/armatura-28-mm,категория
https://steelborg.ru/catalog/armatura-25g2s,категория
https://steelborg.ru/catalog/armatura-25-mm,категория
https://steelborg.ru/catalog/armatura-22-mm,категория
https://steelborg.ru/catalog/armatura-20-mm,категория
https://steelborg.ru/catalog/armatura-18-mm,категория
https://steelborg.ru/catalog/armatura-16-mm,категория
https://steelborg.ru/catalog/armatura-14-mm,категория
https://steelborg.ru/catalog/armatura-12-mm-a500s,категория
https://steelborg.ru/catalog/armatura-12-mm-a3,категория
https://steelborg.ru/catalog/armatura-12-mm,категория
https://steelborg.ru/catalog/armatura-12-m,категория
https://steelborg.ru/catalog/armatura-11-d-7-m,категория
https://steelborg.ru/catalog/armatura-10-mm-a500s,категория
https://steelborg.ru/catalog/armatura-10-mm,категория
https://steelborg.ru/catalog/armatura-09g2s,категория
https://steelborg.ru/catalog/armatura,категория
https://steelborg.ru/catalog/chernyy-metalloprokat,категория
https://steelborg.ru/catalog/tselnotyanutaya-truba,категория
https://steelborg.ru/catalog/tsirkoniy-prutok,категория
https://steelborg.ru/catalog/tsirkonievaya-truba,категория
https://steelborg.ru/catalog/folga-tsirkonievaya,категория
https://steelborg.ru/catalog/tsirkoniy,категория
https://steelborg.ru/catalog/tsinkovyy-list,категория
https://steelborg.ru/catalog/tsinkovaya-provoloka,категория
https://steelborg.ru/catalog/prutok-tsinkovyy,категория
https://steelborg.ru/catalog/anody-tsinkovye,категория
https://steelborg.ru/catalog/tsink-metallicheskiy,категория
https://steelborg.ru/catalog/hrom-metallicheskiy,категория
https://steelborg.ru/catalog/titanovyy-shestigrannik,категория
https://steelborg.ru/catalog/titanovyy-ugolok,категория
https://steelborg.ru/catalog/titanovyy-list-ot4,категория
https://steelborg.ru/catalog/titanovyy-list-vt1-0,категория
https://steelborg.ru/catalog/titanovyy-list-vt-6,категория
https://steelborg.ru/catalog/titanovyy-list-vt-20-2-d-5-mm,категория
https://steelborg.ru/catalog/titanovyy-list-vt-14,категория
https://steelborg.ru/catalog/titanovyy-list-5-mm,категория
https://steelborg.ru/catalog/titanovyy-list-2-mm,категория
https://steelborg.ru/catalog/titanovyy-list-1-mm,категория
https://steelborg.ru/catalog/titanovyy-list,категория
https://steelborg.ru/catalog/titanovyy-krug-ot4,категория
https://steelborg.ru/catalog/titanovyy-krug-vt6,категория
https://steelborg.ru/catalog/titanovyy-krug-vt3-1,категория
https://steelborg.ru/catalog/titanovyy-krug-vt20,категория
https://steelborg.ru/catalog/titanovyy-krug-vt1-0,категория
https://steelborg.ru/catalog/titanovyy-krug-60-mm,категория
https://steelborg.ru/catalog/titanovyy-krug-50-mm,категория
https://steelborg.ru/catalog/titanovyy-krug-40-mm,категория
https://steelborg.ru/catalog/titanovyy-krug-3m,категория
https://steelborg.ru/catalog/titanovyy-krug-35-mm,категория
https://steelborg.ru/catalog/titanovyy-krug-30-mm,категория
https://steelborg.ru/catalog/titanovyy-krug-25-mm,категория
https://steelborg.ru/catalog/titanovyy-krug-20-mm,категория
https://steelborg.ru/catalog/titanovyy-krug,категория
https://steelborg.ru/catalog/titanovyy-kvadrat,категория
https://steelborg.ru/catalog/titanovye-pokovki,категория
https://steelborg.ru/catalog/titanovaya-folga-0-d-1-mm,категория
https://steelborg.ru/catalog/titanovaya-folga,категория
https://steelborg.ru/catalog/truba-titanovaya-40-mm,категория
https://steelborg.ru/catalog/truba-titanovaya-25-mm,категория
https://steelborg.ru/catalog/titanovaya-truba-elektrosvarnaya,категория
https://steelborg.ru/catalog/titanovaya-truba-vt14,категория
https://steelborg.ru/catalog/titanovaya-truba-vt1-0,категория
https://steelborg.ru/catalog/titanovaya-truba-besshovnaya,категория
https://steelborg.ru/catalog/titanovaya-truba-25x2-mm,категория
https://steelborg.ru/catalog/titanovaya-truba-20-mm,категория
https://steelborg.ru/catalog/titanovaya-truba,категория
https://steelborg.ru/catalog/titanovaya-provoloka-vt1-00,категория
https://steelborg.ru/catalog/titanovaya-provoloka-vt1-0,категория
https://steelborg.ru/catalog/titanovaya-provoloka-3-mm,категория
https://steelborg.ru/catalog/titanovaya-provoloka-2-mm,категория
https://steelborg.ru/catalog/titanovaya-provoloka-1-d-2-mm,категория
https://steelborg.ru/catalog/titanovaya-provoloka-1-mm,категория
https://steelborg.ru/catalog/titanovaya-provoloka,категория
https://steelborg.ru/catalog/titanovaya-polosa,категория
https://steelborg.ru/catalog/titan-gubchatyy,категория
https://steelborg.ru/catalog/lenta-titanovaya-vt1-0,категория
https://steelborg.ru/catalog/lenta-titanovaya,категория
https://steelborg.ru/catalog/titan,категория
https://steelborg.ru/catalog/tantalovaya-folga,категория
https://steelborg.ru/catalog/tantalovaya-provoloka,категория
https://steelborg.ru/catalog/tantal-metall,категория
https://steelborg.ru/catalog/surma,категория
https://steelborg.ru/catalog/selen,категория
https://steelborg.ru/catalog/svintsovyy-krug,категория
https://steelborg.ru/catalog/svintsovyy-anod,категория
https://steelborg.ru/catalog/svintsovye-plomby,категория
https://steelborg.ru/catalog/svintsovaya-truba,категория
https://steelborg.ru/catalog/svintsovaya-provoloka,категория
https://steelborg.ru/catalog/svinets-listovoy,категория
https://steelborg.ru/catalog/rafinirovannyy-svinets,категория
https://steelborg.ru/catalog/svinets,категория
https://steelborg.ru/catalog/reniy,категория
https://steelborg.ru/catalog/provoloka-olovyannaya,категория
https://steelborg.ru/catalog/list-olovyannyy,категория
https://steelborg.ru/catalog/krug-olovyannyy,категория
https://steelborg.ru/catalog/anod-olovyannyy,категория
https://steelborg.ru/catalog/olovo,категория
https://steelborg.ru/catalog/niobiy,категория
https://steelborg.ru/catalog/nikelevyy-list,категория
https://steelborg.ru/catalog/nikelevyy-krug,категория
https://steelborg.ru/catalog/nikelevyy-katod,категория
https://steelborg.ru/catalog/nikelevye-granuly,категория
https://steelborg.ru/catalog/nikelevye-anody,категория
https://steelborg.ru/catalog/nikelevaya-folga,категория
https://steelborg.ru/catalog/nikelevaya-truba,категория
https://steelborg.ru/catalog/nikelevaya-setka,категория
https://steelborg.ru/catalog/nikelevaya-provoloka,категория
https://steelborg.ru/catalog/nikelevaya-polosa,категория
https://steelborg.ru/catalog/nikelevaya-plastina,категория
https://steelborg.ru/catalog/nikelevaya-lenta,категория
https://steelborg.ru/catalog/nikel,категория
https://steelborg.ru/catalog/molibdenovaya-folga,категория
https://steelborg.ru/catalog/molibdenovaya-truba,категория
https://steelborg.ru/catalog/molibdenovaya-provoloka,категория
https://steelborg.ru/catalog/list-molibdenovyy,категория
https://steelborg.ru/catalog/molibden,категория
https://steelborg.ru/catalog/mednyy-shestigrannik,категория
https://steelborg.ru/catalog/mednyy-profil,категория
https://steelborg.ru/catalog/mednyy-list-m3r,категория
https://steelborg.ru/catalog/mednyy-list-m3,категория
https://steelborg.ru/catalog/mednyy-list-m2,категория
https://steelborg.ru/catalog/mednyy-list-m1t,категория
https://steelborg.ru/catalog/mednyy-list-m1r,категория
https://steelborg.ru/catalog/mednyy-list-m1m,категория
https://steelborg.ru/catalog/mednyy-list-m1,категория
https://steelborg.ru/catalog/mednyy-list-8-mm,категория
https://steelborg.ru/catalog/mednyy-list-0-d-6h1-d-5-m,категория
https://steelborg.ru/catalog/mednyy-list-600-mm,категория
https://steelborg.ru/catalog/mednyy-list-6-mm,категория
https://steelborg.ru/catalog/mednyy-list-5-mm,категория
https://steelborg.ru/catalog/mednyy-list-4-mm,категория
https://steelborg.ru/catalog/mednyy-list-3-mm,категория
https://steelborg.ru/catalog/mednyy-list-25-mm,категория
https://steelborg.ru/catalog/mednyy-list-2000-mm,категория
https://steelborg.ru/catalog/mednyy-list-20-mm,категория
https://steelborg.ru/catalog/mednyy-list-2-d-5-mm,категория
https://steelborg.ru/catalog/mednyy-list-2-mm,категория
https://steelborg.ru/catalog/mednyy-list-1500-mm,категория
https://steelborg.ru/catalog/mednyy-list-12-mm,категория
https://steelborg.ru/catalog/mednyy-list-10-mm,категория
https://steelborg.ru/catalog/mednyy-list-1-d-5-mm,категория
https://steelborg.ru/catalog/mednyy-list-1-d-2-mm,категория
https://steelborg.ru/catalog/mednyy-list-1-mm,категория
https://steelborg.ru/catalog/mednyy-list-0-d-8-mm,категория
https://steelborg.ru/catalog/mednyy-list-0-d-6-mm,категория
https://steelborg.ru/catalog/mednyy-list-0-d-5-mm,категория
https://steelborg.ru/catalog/mednyy-list,категория
https://steelborg.ru/catalog/mednaya-shina-gibkaya,категория
https://steelborg.ru/catalog/mednaya-shina-80-mm,категория
https://steelborg.ru/catalog/mednaya-shina-60-mm,категория
https://steelborg.ru/catalog/mednaya-shina-40-mm,категория
https://steelborg.ru/catalog/mednaya-shina-4-mm,категория
https://steelborg.ru/catalog/mednaya-shina-30-mm,категория
https://steelborg.ru/catalog/mednaya-shina-25-mm,категория
https://steelborg.ru/catalog/mednaya-shina-20-mm,категория
https://steelborg.ru/catalog/mednaya-shina,категория
https://steelborg.ru/catalog/mednaya-folga,категория
https://steelborg.ru/catalog/trubka-mednaya-8-mm,категория
https://steelborg.ru/catalog/trubka-mednaya-6-mm,категория
https://steelborg.ru/catalog/trubka-mednaya-10-mm,категория
https://steelborg.ru/catalog/mednaya-truba-otozhzhennaya,категория
https://steelborg.ru/catalog/mednaya-truba-neotozhzhennaya,категория
https://steelborg.ru/catalog/mednaya-truba-mob,категория
https://steelborg.ru/catalog/mednaya-truba-m3r,категория
https://steelborg.ru/catalog/mednaya-truba-m3,категория
https://steelborg.ru/catalog/mednaya-truba-m2t,категория
https://steelborg.ru/catalog/mednaya-truba-m2m,категория
https://steelborg.ru/catalog/mednaya-truba-m2,категория
https://steelborg.ru/catalog/mednaya-truba-m1t,категория
https://steelborg.ru/catalog/mednaya-truba-m1m,категория
https://steelborg.ru/catalog/mednaya-truba-m1,категория
https://steelborg.ru/catalog/mednaya-truba-dlya-konditsionerov,категория
https://steelborg.ru/catalog/mednaya-truba-vodoprovodnaya,категория
https://steelborg.ru/catalog/mednaya-truba-v-buhte,категория
https://steelborg.ru/catalog/mednaya-truba-5-8,категория
https://steelborg.ru/catalog/mednaya-truba-3-8,категория
https://steelborg.ru/catalog/mednaya-truba-3-4,категория
https://steelborg.ru/catalog/mednaya-truba-28-mm,категория
https://steelborg.ru/catalog/mednaya-truba-22-mm,категория
https://steelborg.ru/catalog/mednaya-truba-20-mm,категория
https://steelborg.ru/catalog/mednaya-truba-18-mm,категория
https://steelborg.ru/catalog/mednaya-truba-16-mm,категория
https://steelborg.ru/catalog/mednaya-truba-15-mm,категория
https://steelborg.ru/catalog/mednaya-truba-14-mm,категория
https://steelborg.ru/catalog/mednaya-truba-12-mm,категория
https://steelborg.ru/catalog/mednaya-truba-1-4,категория
https://steelborg.ru/catalog/mednaya-truba-1-2,категория
https://steelborg.ru/catalog/mednaya-truba,категория
https://steelborg.ru/catalog/mednaya-setka-0-d-1-mm,категория
https://steelborg.ru/catalog/mednaya-setka,категория
https://steelborg.ru/catalog/mednaya-provoloka-elektrotehnicheskaya,категория
https://steelborg.ru/catalog/mednaya-provoloka-svarochnaya,категория
https://steelborg.ru/catalog/mednaya-provoloka-pmm,категория
https://steelborg.ru/catalog/mednaya-provoloka-mt,категория
https://steelborg.ru/catalog/mednaya-provoloka-mml,категория
https://steelborg.ru/catalog/mednaya-provoloka-m1t,категория
https://steelborg.ru/catalog/mednaya-provoloka-m1m,категория
https://steelborg.ru/catalog/mednaya-provoloka-m1,категория
https://steelborg.ru/catalog/mednaya-provoloka-6-mm,категория
https://steelborg.ru/catalog/mednaya-provoloka-5-mm,категория
https://steelborg.ru/catalog/mednaya-provoloka-4-mm,категория
https://steelborg.ru/catalog/mednaya-provoloka-3-mm,категория
https://steelborg.ru/catalog/mednaya-provoloka-2-d-5-mm,категория
https://steelborg.ru/catalog/mednaya-provoloka-2-mm,категория
https://steelborg.ru/catalog/mednaya-provoloka-1-d-5-mm,категория
https://steelborg.ru/catalog/mednaya-provoloka-1-d-2-mm,категория
https://steelborg.ru/catalog/mednaya-provoloka-1-mm,категория
https://steelborg.ru/catalog/mednaya-provoloka-0-d-8-mm,категория
https://steelborg.ru/catalog/mednaya-provoloka-0-d-6-mm,категория
https://steelborg.ru/catalog/mednaya-provoloka-0-d-5-mm,категория
https://steelborg.ru/catalog/mednaya-provoloka-0-d-3-mm,категория
https://steelborg.ru/catalog/mednaya-provoloka-0-d-2-mm,категория
https://steelborg.ru/catalog/mednaya-provoloka,категория
https://steelborg.ru/catalog/mednaya-polosa-m1,категория
https://steelborg.ru/catalog/mednaya-polosa-dlya-krovli,категория
https://steelborg.ru/catalog/mednaya-polosa-5-mm,категория
https://steelborg.ru/catalog/mednaya-polosa-40x4-mm,категория
https://steelborg.ru/catalog/mednaya-polosa-30x4-mm,категория
https://steelborg.ru/catalog/mednaya-polosa-30x3-mm,категория
https://steelborg.ru/catalog/mednaya-polosa-25h4-mm,категория
https://steelborg.ru/catalog/mednaya-polosa-20x3-mm,категория
https://steelborg.ru/catalog/mednaya-polosa-20x2-mm,категория
https://steelborg.ru/catalog/mednaya-polosa-2-mm,категория
https://steelborg.ru/catalog/mednaya-polosa,категория
https://steelborg.ru/catalog/mednaya-lenta-tverdaya,категория
https://steelborg.ru/catalog/mednaya-lenta-myagkaya,категория
https://steelborg.ru/catalog/mednaya-lenta-m3r,категория
https://steelborg.ru/catalog/mednaya-lenta-m3,категория
https://steelborg.ru/catalog/mednaya-lenta-m2r,категория
https://steelborg.ru/catalog/mednaya-lenta-m2,категория
https://steelborg.ru/catalog/mednaya-lenta-m1t,категория
https://steelborg.ru/catalog/mednaya-lenta-m1r,категория
https://steelborg.ru/catalog/mednaya-lenta-m1m,категория
https://steelborg.ru/catalog/mednaya-lenta-m1,категория
https://steelborg.ru/catalog/mednaya-lenta-600-mm,категория
https://steelborg.ru/catalog/mednaya-lenta-300-mm,категория
https://steelborg.ru/catalog/mednaya-lenta-200-mm,категория
https://steelborg.ru/catalog/mednaya-lenta-100-mm,категория
https://steelborg.ru/catalog/mednaya-lenta-10-mm,категория
https://steelborg.ru/catalog/mednaya-lenta-1-mm,категория
https://steelborg.ru/catalog/mednaya-lenta-0-d-8-mm,категория
https://steelborg.ru/catalog/mednaya-lenta-0-d-5-mm,категория
https://steelborg.ru/catalog/mednaya-lenta-0-d-4-mm,категория
https://steelborg.ru/catalog/mednaya-lenta-0-d-3-mm,категория
https://steelborg.ru/catalog/mednaya-lenta-0-d-2-mm,категория
https://steelborg.ru/catalog/mednaya-lenta-0-d-15-mm,категория
https://steelborg.ru/catalog/mednaya-lenta-0-d-1-mm,категория
https://steelborg.ru/catalog/mednaya-lenta,категория
https://steelborg.ru/catalog/mednaya-katanka-kmb,категория
https://steelborg.ru/catalog/mednaya-katanka-amfu,категория
https://steelborg.ru/catalog/mednaya-katanka-8-mm,категория
https://steelborg.ru/catalog/mednaya-katanka,категория
https://steelborg.ru/catalog/krug-mednyy-m3,категория
https://steelborg.ru/catalog/krug-mednyy-m2,категория
https://steelborg.ru/catalog/krug-mednyy-m1t,категория
https://steelborg.ru/catalog/krug-mednyy-m1,категория
https://steelborg.ru/catalog/krug-mednyy-m0b,категория
https://steelborg.ru/catalog/krug-mednyy-80-mm,категория
https://steelborg.ru/catalog/krug-mednyy-8-mm,категория
https://steelborg.ru/catalog/krug-mednyy-70-mm,категория
https://steelborg.ru/catalog/krug-mednyy-60-mm,категория
https://steelborg.ru/catalog/krug-mednyy-6-mm,категория
https://steelborg.ru/catalog/krug-mednyy-50-mm,категория
https://steelborg.ru/catalog/krug-mednyy-5-mm,категория
https://steelborg.ru/catalog/krug-mednyy-45-mm,категория
https://steelborg.ru/catalog/krug-mednyy-40-mm,категория
https://steelborg.ru/catalog/krug-mednyy-35-mm,категория
https://steelborg.ru/catalog/krug-mednyy-30-mm,категория
https://steelborg.ru/catalog/krug-mednyy-25-mm,категория
https://steelborg.ru/catalog/krug-mednyy-20-mm,категория
https://steelborg.ru/catalog/krug-mednyy-16-mm,категория
https://steelborg.ru/catalog/krug-mednyy-14-mm,категория
https://steelborg.ru/catalog/krug-mednyy-12-mm,категория
https://steelborg.ru/catalog/krug-mednyy-10-mm,категория
https://steelborg.ru/catalog/krug-mednyy,категория
https://steelborg.ru/catalog/kvadrat-mednyy,категория
https://steelborg.ru/catalog/katodnaya-med,категория
https://steelborg.ru/catalog/anody-mednye-m1,категория
https://steelborg.ru/catalog/anody-mednye-amf,категория
https://steelborg.ru/catalog/anody-mednye-10-mm,категория
https://steelborg.ru/catalog/anody-mednye,категория
https://steelborg.ru/catalog/med,категория
https://steelborg.ru/catalog/marganets-metallicheskiy,категория
https://steelborg.ru/catalog/poroshki-magniya,категория
https://steelborg.ru/catalog/magnievyy-prutok,категория
https://steelborg.ru/catalog/magnievyy-list,категория
https://steelborg.ru/catalog/magnievaya-chushka,категория
https://steelborg.ru/catalog/magnievaya-provoloka,категория
https://steelborg.ru/catalog/magnievaya-plita,категория
https://steelborg.ru/catalog/magniy-metallicheskiy,категория
https://steelborg.ru/catalog/ugolok-latunnyy-dekorativnyy,категория
https://steelborg.ru/catalog/ugolok-latunnyy-20x20-mm,категория
https://steelborg.ru/catalog/ugolok-latunnyy-1-mm,категория
https://steelborg.ru/catalog/ugolok-latunnyy,категория
https://steelborg.ru/catalog/provoloka-latunnaya-l80,категория
https://steelborg.ru/catalog/provoloka-latunnaya-l63-3-mm,категория
https://steelborg.ru/catalog/provoloka-latunnaya-l63,категория
https://steelborg.ru/catalog/provoloka-latunnaya-l59-1,категория
https://steelborg.ru/catalog/provoloka-latunnaya-zhestkaya,категория
https://steelborg.ru/catalog/provoloka-latunnaya-dlya-svarki,категория
https://steelborg.ru/catalog/provoloka-latunnaya-6-mm,категория
https://steelborg.ru/catalog/provoloka-latunnaya-5-mm,категория
https://steelborg.ru/catalog/provoloka-latunnaya-4-mm,категория
https://steelborg.ru/catalog/provoloka-latunnaya-3-mm,категория
https://steelborg.ru/catalog/provoloka-latunnaya-2-d-5-mm,категория
https://steelborg.ru/catalog/provoloka-latunnaya-2-mm,категория
https://steelborg.ru/catalog/provoloka-latunnaya-1-d-5-mm,категория
https://steelborg.ru/catalog/provoloka-latunnaya-1-mm,категория
https://steelborg.ru/catalog/provoloka-latunnaya-0-d-8-mm,категория
https://steelborg.ru/catalog/provoloka-latunnaya-0-d-5-mm,категория
https://steelborg.ru/catalog/provoloka-latunnaya-0-d-3-mm,категория
https://steelborg.ru/catalog/provoloka-latunnaya-0-d-25-mm,категория
https://steelborg.ru/catalog/provoloka-latunnaya-0-d-2-mm,категория
https://steelborg.ru/catalog/provoloka-latunnaya-0-d-1-mm,категория
https://steelborg.ru/catalog/provoloka-latunnaya,категория
https://steelborg.ru/catalog/lenta-latunnaya-l63m,категория
https://steelborg.ru/catalog/lenta-latunnaya-l63,категория
https://steelborg.ru/catalog/lenta-latunnaya-300-mm,категория
https://steelborg.ru/catalog/lenta-latunnaya-0-d-5-mm,категория
https://steelborg.ru/catalog/lenta-latunnaya-0-d-3-mm,категория
https://steelborg.ru/catalog/latunnaya-lenta-0-d-1h200-mm,категория
https://steelborg.ru/catalog/lenta-latunnaya,категория
https://steelborg.ru/catalog/latunnyy-shestigrannik-ls59-1,категория
https://steelborg.ru/catalog/latunnyy-shestigrannik-l63,категория
https://steelborg.ru/catalog/latunnyy-shestigrannik-27-mm,категория
https://steelborg.ru/catalog/latunnyy-shestigrannik-10-mm,категория
https://steelborg.ru/catalog/latunnyy-shestigrannik,категория
https://steelborg.ru/catalog/latunnyy-profil-t-obraznyy,категория
https://steelborg.ru/catalog/latunnyy-profil-p-obraznyy,категория
https://steelborg.ru/catalog/latunnyy-profil-dlya-mebeli,категория
https://steelborg.ru/catalog/latunnyy-profil-dlya-laminata,категория
https://steelborg.ru/catalog/latunnyy-profil-dlya-vitrazhey,категория
https://steelborg.ru/catalog/latunnyy-profil-dekorativnyy,категория
https://steelborg.ru/catalog/latunnyy-profil-10x10-mm,категория
https://steelborg.ru/catalog/latunnyy-profil-10-mm,категория
https://steelborg.ru/catalog/latunnyy-profil,категория
https://steelborg.ru/catalog/latunnyy-list-ls59-1t,категория
https://steelborg.ru/catalog/latunnyy-list-ls59-1,категория
https://steelborg.ru/catalog/latunnyy-list-l90,категория
https://steelborg.ru/catalog/latunnyy-list-l63t,категория
https://steelborg.ru/catalog/latunnyy-list-l63pt,категория
https://steelborg.ru/catalog/latunnyy-list-l63m,категория
https://steelborg.ru/catalog/latunnyy-list-l63,категория
https://steelborg.ru/catalog/latunnyy-list-8-mm,категория
https://steelborg.ru/catalog/latunnyy-list-6-mm,категория
https://steelborg.ru/catalog/latunnyy-list-5-mm,категория
https://steelborg.ru/catalog/latunnyy-list-4-mm,категория
https://steelborg.ru/catalog/latunnyy-list-3-mm,категория
https://steelborg.ru/catalog/latunnyy-list-2-d-5-mm,категория
https://steelborg.ru/catalog/latunnyy-list-2-mm,категория
https://steelborg.ru/catalog/latunnyy-list-12-mm,категория
https://steelborg.ru/catalog/latunnyy-list-10-mm,категория
https://steelborg.ru/catalog/latunnyy-list-1-d-5-mm,категория
https://steelborg.ru/catalog/latunnyy-list-1-d-2-mm,категория
https://steelborg.ru/catalog/latunnyy-list-1-mm,категория
https://steelborg.ru/catalog/latunnyy-list-0-d-8-mm,категория
https://steelborg.ru/catalog/latunnyy-list-0-d-6h1-d-5-m,категория
https://steelborg.ru/catalog/latunnyy-list-0-d-5-mm,категория
https://steelborg.ru/catalog/latunnyy-list,категория
https://steelborg.ru/catalog/latunnyy-kvadrat,категория
https://steelborg.ru/catalog/latunnaya-folga-0-d-1-mm,категория
https://steelborg.ru/catalog/latunnaya-folga-0-d-05-mm,категория
https://steelborg.ru/catalog/latunnaya-folga,категория
https://steelborg.ru/catalog/truba-latunnaya-profilnaya,категория
https://steelborg.ru/catalog/truba-latunnaya-70-mm,категория
https://steelborg.ru/catalog/truba-latunnaya-60x2mm,категория
https://steelborg.ru/catalog/truba-latunnaya-50-mm,категория
https://steelborg.ru/catalog/truba-latunnaya-40x6-mm,категория
https://steelborg.ru/catalog/truba-latunnaya-32-mm,категория
https://steelborg.ru/catalog/truba-latunnaya-20-mm,категория
https://steelborg.ru/catalog/truba-latunnaya-12x1-mm,категория
https://steelborg.ru/catalog/truba-latunnaya-110-mm,категория
https://steelborg.ru/catalog/latunnaya-truba-tonkostennaya,категория
https://steelborg.ru/catalog/latunnaya-truba-pryamougolnaya,категория
https://steelborg.ru/catalog/latunnaya-truba-l68,категория
https://steelborg.ru/catalog/latunnaya-truba-l63-15x3-mm,категория
https://steelborg.ru/catalog/latunnaya-truba-l63,категория
https://steelborg.ru/catalog/latunnaya-truba-l59-1,категория
https://steelborg.ru/catalog/latunnaya-truba-kruglaya,категория
https://steelborg.ru/catalog/latunnaya-truba-25-mm,категория
https://steelborg.ru/catalog/latunnaya-truba-16-mm,категория
https://steelborg.ru/catalog/latunnaya-kvadratnaya-truba,категория
https://steelborg.ru/catalog/latunnaya-truba,категория
https://steelborg.ru/catalog/latunnaya-setka-l80,категория
https://steelborg.ru/catalog/latunnaya-setka-1-mm,категория
https://steelborg.ru/catalog/latunnaya-setka-0-d-3-mm,категория
https://steelborg.ru/catalog/latunnaya-setka,категория
https://steelborg.ru/catalog/latunnaya-polosa-l63,категория
https://steelborg.ru/catalog/latunnaya-polosa-dlya-mebeli,категория
https://steelborg.ru/catalog/latunnaya-polosa-5-mm,категория
https://steelborg.ru/catalog/latunnaya-polosa-30-mm,категория
https://steelborg.ru/catalog/latunnaya-polosa-20-mm,категория
https://steelborg.ru/catalog/latunnaya-polosa-2-mm,категория
https://steelborg.ru/catalog/latunnaya-polosa-100-mm,категория
https://steelborg.ru/catalog/latunnaya-polosa-10-mm,категория
https://steelborg.ru/catalog/latunnaya-polosa,категория
https://steelborg.ru/catalog/prutok-latunnyy,категория
https://steelborg.ru/catalog/krug-latunnyy-ptv-pt-av,категория
https://steelborg.ru/catalog/krug-latunnyy-l63,категория
https://steelborg.ru/catalog/krug-latunnyy-l59-1,категория
https://steelborg.ru/catalog/krug-latunnyy-200-mm,категория
https://steelborg.ru/catalog/krug-latunnyy-10-mm,категория
https://steelborg.ru/catalog/krug-latunnyy,категория
https://steelborg.ru/catalog/latun,категория
https://steelborg.ru/catalog/lantan,категория
https://steelborg.ru/catalog/kremniy-metallicheskiy,категория
https://steelborg.ru/catalog/kobalt,категория
https://steelborg.ru/catalog/anody-kadmievye,категория
https://steelborg.ru/catalog/kadmiy,категория
https://steelborg.ru/catalog/ittriy,категория
https://steelborg.ru/catalog/indiy-metall,категория
https://steelborg.ru/catalog/evropiy,категория
https://steelborg.ru/catalog/germaniy-metall,категория
https://steelborg.ru/catalog/gafnievyy-prutok,категория
https://steelborg.ru/catalog/gafnievyy-poroshok,категория
https://steelborg.ru/catalog/gafnievyy-list,категория
https://steelborg.ru/catalog/gafnievaya-provoloka,категория
https://steelborg.ru/catalog/gafnieva-polosa,категория
https://steelborg.ru/catalog/gafniy,категория
https://steelborg.ru/catalog/folga-volframovaya,категория
https://steelborg.ru/catalog/polosa-volframovaya,категория
https://steelborg.ru/catalog/krug-volframovyy,категория
https://steelborg.ru/catalog/volframovyy-list,категория
https://steelborg.ru/catalog/volframovaya-truba,категория
https://steelborg.ru/catalog/volframovaya-provoloka,категория
https://steelborg.ru/catalog/volframovaya-lenta,категория
https://steelborg.ru/catalog/volfram,категория
https://steelborg.ru/catalog/vanadievyy-slitok,категория
https://steelborg.ru/catalog/vanadievyy-prutok,категория
https://steelborg.ru/catalog/vanadievaya-folga,категория
https://steelborg.ru/catalog/vanadievaya-provoloka,категория
https://steelborg.ru/catalog/vanadievaya-polosa,категория
https://steelborg.ru/catalog/vanadiy,категория
https://steelborg.ru/catalog/shestigrannik-bronzovyy-brb2,категория
https://steelborg.ru/catalog/bronzovyy-shestigrannik-30-mm,категория
https://steelborg.ru/catalog/bronzovyy-shestigrannik-24-mm,категория
https://steelborg.ru/catalog/bronzovyy-shestigrannik-17-mm,категория
https://steelborg.ru/catalog/shestigrannik-bronzovyy,категория
https://steelborg.ru/catalog/folga-bronzovaya,категория
https://steelborg.ru/catalog/truba-bronzovaya-profilnaya,категория
https://steelborg.ru/catalog/truba-bronzovaya-brazhn-10-4-4,категория
https://steelborg.ru/catalog/truba-bronzovaya-brazhmts-10-3-1-d-5,категория
https://steelborg.ru/catalog/truba-bronzovaya-brazh-9-4,категория
https://steelborg.ru/catalog/truba-bronzovaya-15-mm,категория
https://steelborg.ru/catalog/truba-bronzovaya,категория
https://steelborg.ru/catalog/setka-bronzovaya,категория
https://steelborg.ru/catalog/provoloka-bronzovaya-svarochnaya,категория
https://steelborg.ru/catalog/provoloka-bronzovaya-dlya-poluavtomata,категория
https://steelborg.ru/catalog/provoloka-bronzovaya-brkmts3-1,категория
https://steelborg.ru/catalog/provoloka-bronzovaya-brb2,категория
https://steelborg.ru/catalog/provoloka-bronzovaya,категория
https://steelborg.ru/catalog/polosa-bronzovaya-brotss5-5-5,категория
https://steelborg.ru/catalog/polosa-bronzovaya-brazh9-4,категория
https://steelborg.ru/catalog/polosa-bronzovaya-4-mm,категория
https://steelborg.ru/catalog/polosa-bronzovaya,категория
https://steelborg.ru/catalog/list-bronzovyy-brof6-d-5-0-d-15,категория
https://steelborg.ru/catalog/list-bronzovyy-bramts9-2,категория
https://steelborg.ru/catalog/list-bronzovyy-brazh9-4,категория
https://steelborg.ru/catalog/list-bronzovyy-0-d-6h1-d-5-m,категория
https://steelborg.ru/catalog/list-bronzovyy,категория
https://steelborg.ru/catalog/lenta-bronzovaya-tverdaya,категория
https://steelborg.ru/catalog/lenta-bronzovaya-myagkaya,категория
https://steelborg.ru/catalog/lenta-bronzovaya-brof6-d-5-0-d-15,категория
https://steelborg.ru/catalog/lenta-bronzovaya-brkmts3-1,категория
https://steelborg.ru/catalog/lenta-bronzovaya-brbnt,категория
https://steelborg.ru/catalog/lenta-bronzovaya-300-mm,категория
https://steelborg.ru/catalog/lenta-bronzovaya-250-mm,категория
https://steelborg.ru/catalog/lenta-bronzovaya-200-mm,категория
https://steelborg.ru/catalog/lenta-brb2,категория
https://steelborg.ru/catalog/lenta-bronzovaya,категория
https://steelborg.ru/catalog/krug-brof,категория
https://steelborg.ru/catalog/krug-bronzovyy-brotss-5-5-5,категория
https://steelborg.ru/catalog/krug-bronzovyy-brazh-9-4,категория
https://steelborg.ru/catalog/krug-bronzovyy-brazh,категория
https://steelborg.ru/catalog/krug-bronzovyy-25-mm,категория
https://steelborg.ru/catalog/krug-bronzovyy,категория
https://steelborg.ru/catalog/kvadrat-bronzovyy,категория
https://steelborg.ru/catalog/venets-bronzovyy,категория
https://steelborg.ru/catalog/bronzovaya-plita,категория
https://steelborg.ru/catalog/bronza,категория
https://steelborg.ru/catalog/berilliy-kuskovoy,категория
https://steelborg.ru/catalog/berilliy,категория
https://steelborg.ru/catalog/shina-alyuminievaya-ad31t-60x6-mm,категория
https://steelborg.ru/catalog/shina-alyuminievaya-ad31t-50x5-mm,категория
https://steelborg.ru/catalog/shina-alyuminievaya-ad31t-120x10-mm,категория
https://steelborg.ru/catalog/shina-alyuminievaya-ad31t,категория
https://steelborg.ru/catalog/shina-alyuminievaya-80x8-mm,категория
https://steelborg.ru/catalog/shina-alyuminievaya-80-mm,категория
https://steelborg.ru/catalog/shina-alyuminievaya-60x6-mm,категория
https://steelborg.ru/catalog/shina-alyuminievaya-50x5-mm,категория
https://steelborg.ru/catalog/shina-alyuminievaya-50-mm,категория
https://steelborg.ru/catalog/shina-alyuminievaya-40x5-mm,категория
https://steelborg.ru/catalog/shina-alyuminievaya-40x4-mm,категория
https://steelborg.ru/catalog/shina-alyuminievaya-4-mm,категория
https://steelborg.ru/catalog/shina-alyuminievaya-30x4-mm,категория
https://steelborg.ru/catalog/shina-alyuminievaya-30x3-mm,категория
https://steelborg.ru/catalog/shina-alyuminievaya-30-mm,категория
https://steelborg.ru/catalog/shina-alyuminievaya-20x4-mm,категория
https://steelborg.ru/catalog/shina-alyuminievaya-20x3-mm,категория
https://steelborg.ru/catalog/shina-alyuminievaya-120x10-mm,категория
https://steelborg.ru/catalog/shina-alyuminievaya-120-mm,категория
https://steelborg.ru/catalog/shina-alyuminievaya-10x50-mm,категория
https://steelborg.ru/catalog/shina-alyuminievaya-10x100-mm,категория
https://steelborg.ru/catalog/shina-alyuminievaya,категория
https://steelborg.ru/catalog/shestigrannik-alyuminievyy,категория
https://steelborg.ru/catalog/shveller-alyuminievyy-ad31t,категория
https://steelborg.ru/catalog/shveller-alyuminievyy-ad31,категория
https://steelborg.ru/catalog/shveller-alyuminievyy-50x50-mm,категория
https://steelborg.ru/catalog/shveller-alyuminievyy-50-mm,категория
https://steelborg.ru/catalog/shveller-alyuminievyy-45-mm,категория
https://steelborg.ru/catalog/shveller-alyuminievyy-40-mm,категория
https://steelborg.ru/catalog/shveller-alyuminievyy-30x30-mm,категория
https://steelborg.ru/catalog/shveller-alyuminievyy-30-mm,категория
https://steelborg.ru/catalog/shveller-alyuminievyy-25-mm,категория
https://steelborg.ru/catalog/shveller-alyuminievyy-20-mm,категория
https://steelborg.ru/catalog/shveller-alyuminievyy-16-mm,категория
https://steelborg.ru/catalog/shveller-alyuminievyy-150-mm,категория
https://steelborg.ru/catalog/shveller-alyuminievyy-10x10-mm,категория
https://steelborg.ru/catalog/shveller-alyuminievyy-100-mm,категория
https://steelborg.ru/catalog/shveller-alyuminievyy-10-mm,категория
https://steelborg.ru/catalog/shveller-alyuminievyy,категория
https://steelborg.ru/catalog/folga-alyuminievaya,категория
https://steelborg.ru/catalog/ugolok-alyuminievyy-100h50h5-mm,категория
https://steelborg.ru/catalog/ugolok-alyuminievyy-anodirovannyy,категория
https://steelborg.ru/catalog/alyuminievyy-ugolok-30h30h2-mm,категория
https://steelborg.ru/catalog/alyuminievyy-ugolok-50h50h3-mm,категория
https://steelborg.ru/catalog/ugolok-alyuminievyy-80h20h2-mm,категория
https://steelborg.ru/catalog/ugolok-alyuminievyy-60h60-mm,категория
https://steelborg.ru/catalog/alyuminievyy-ugolok-60h40-mm,категория
https://steelborg.ru/catalog/ugolok-alyuminievyy-20h30-mm,категория
https://steelborg.ru/catalog/ugolok-alyuminievyy-50h50h4-mm,категория
https://steelborg.ru/catalog/ugolok-alyuminievyy-40h40h4-mm,категория
https://steelborg.ru/catalog/alyuminievyy-ugolok-100h100h3-mm,категория
https://steelborg.ru/catalog/alyuminievyy-ugolok-100h100h6-mm,категория
https://steelborg.ru/catalog/ugolok-alyuminievyy-15h20-mm,категория
https://steelborg.ru/catalog/ugolok-alyuminievyy-150h150-mm,категория
https://steelborg.ru/catalog/ugolok-alyuminievyy-riflenyy,категория
https://steelborg.ru/catalog/ugolok-alyuminievyy-100h100-mm,категория
https://steelborg.ru/catalog/ugolok-alyuminievyy-15h15h3-mm,категория
https://steelborg.ru/catalog/alyuminievyy-ugolok-2-d-2-mm,категория
https://steelborg.ru/catalog/alyuminievyy-ugolok-20h20h2-mm,категория
https://steelborg.ru/catalog/ugolok-alyuminievyy-60h60h3-mm,категория
https://steelborg.ru/catalog/alyuminievyy-ugolok-80h40-mm,категория
https://steelborg.ru/catalog/ugolok-alyuminievyy-40h20-mm,категория
https://steelborg.ru/catalog/ugolok-alyuminievyy-80h80-mm,категория
https://steelborg.ru/catalog/ugolok-alyuminievyy-15h15h1-mm,категория
https://steelborg.ru/catalog/ugolok-alyuminievyy-20h20h3-mm,категория
https://steelborg.ru/catalog/ugolok-alyuminievyy-25h10-mm,категория
https://steelborg.ru/catalog/ugolok-alyuminievyy-50h50h5-mm,категория
https://steelborg.ru/catalog/ugolok-alyuminievyy-100h40h3-mm,категория
https://steelborg.ru/catalog/ugolok-alyuminievyy-90h90-mm,категория
https://steelborg.ru/catalog/ugolok-alyuminievyy-20h20-mm-3-metra,категория
https://steelborg.ru/catalog/ugolok-alyuminievyy-10h20-mm,категория
https://steelborg.ru/catalog/ugolok-alyuminievyy-20h20-mm,категория
https://steelborg.ru/catalog/ugolok-alyuminievyy-20h50-mm,категория
https://steelborg.ru/catalog/ugolok-alyuminievyy-70h70-mm,категория
https://steelborg.ru/catalog/ugolok-alyuminievyy-40h40h2-mm,категория
https://steelborg.ru/catalog/ugolok-alyuminievyy-35h35-mm,категория
https://steelborg.ru/catalog/ugolok-dyuralevyy,категория
https://steelborg.ru/catalog/ugolok-alyuminievyy-50x50-mm,категория
https://steelborg.ru/catalog/ugolok-alyuminievyy-40x40x3-mm,категория
https://steelborg.ru/catalog/ugolok-alyuminievyy-40x40-mm,категория
https://steelborg.ru/catalog/ugolok-alyuminievyy-40x10-mm,категория
https://steelborg.ru/catalog/ugolok-alyuminievyy-30x30x3-mm,категория
https://steelborg.ru/catalog/ugolok-alyuminievyy-30x30-mm,категория
https://steelborg.ru/catalog/ugolok-alyuminievyy-30x10-mm,категория
https://steelborg.ru/catalog/ugolok-alyuminievyy-25x25-mm,категория
https://steelborg.ru/catalog/ugolok-alyuminievyy-20x10-mm,категория
https://steelborg.ru/catalog/ugolok-alyuminievyy-15x15-mm,категория
https://steelborg.ru/catalog/ugolok-alyuminievyy-10x15-mm,категория
https://steelborg.ru/catalog/ugolok-alyuminievyy-10x10-mm,категория
https://steelborg.ru/catalog/ugolok-alyuminievyy,категория
https://steelborg.ru/catalog/truba-profilnaya-alyuminievaya-20x20-mm,категория
https://steelborg.ru/catalog/truba-profilnaya-alyuminievaya-100x50-mm,категория
https://steelborg.ru/catalog/truba-profilnaya-alyuminievaya,категория
https://steelborg.ru/catalog/truba-amts,категория
https://steelborg.ru/catalog/truba-alyuminievaya-pryamougolnaya,категория
https://steelborg.ru/catalog/truba-alyuminievaya-otozhzhennaya,категория
https://steelborg.ru/catalog/truba-alyuminievaya-kruglaya,категория
https://steelborg.ru/catalog/truba-alyuminievaya-kvadratnaya,категория
https://steelborg.ru/catalog/truba-alyuminievaya-zakalennaya,категория
https://steelborg.ru/catalog/truba-alyuminievaya-d1t,категория
https://steelborg.ru/catalog/truba-alyuminievaya-d16t,категория
https://steelborg.ru/catalog/truba-alyuminievaya-d16,категория
https://steelborg.ru/catalog/truba-alyuminievaya-d1,категория
https://steelborg.ru/catalog/truba-alyuminievaya-besshovnaya,категория
https://steelborg.ru/catalog/truba-alyuminievaya-anodirovannaya,категория
https://steelborg.ru/catalog/truba-alyuminievaya-amtsm,категория
https://steelborg.ru/catalog/truba-alyuminievaya-amg6m,категория
https://steelborg.ru/catalog/truba-alyuminievaya-amg6,категория
https://steelborg.ru/catalog/truba-alyuminievaya-amg5m,категория
https://steelborg.ru/catalog/truba-alyuminievaya-amg5,категория
https://steelborg.ru/catalog/truba-alyuminievaya-amg3m,категория
https://steelborg.ru/catalog/truba-alyuminievaya-amg2m,категория
https://steelborg.ru/catalog/truba-alyuminievaya-amg2,категория
https://steelborg.ru/catalog/truba-alyuminievaya-ad31t5,категория
https://steelborg.ru/catalog/truba-alyuminievaya-ad31t1,категория
https://steelborg.ru/catalog/truba-alyuminievaya-ad31t,категория
https://steelborg.ru/catalog/truba-alyuminievaya-ad31,категория
https://steelborg.ru/catalog/truba-alyuminievaya-ad1m,категория
https://steelborg.ru/catalog/truba-alyuminievaya-ad1,категория
https://steelborg.ru/catalog/truba-alyuminievaya-ad0,категория
https://steelborg.ru/catalog/truba-alyuminievaya-95-mm,категория
https://steelborg.ru/catalog/truba-alyuminievaya-90-mm,категория
https://steelborg.ru/catalog/truba-alyuminievaya-85-mm,категория
https://steelborg.ru/catalog/truba-alyuminievaya-80-mm,категория
https://steelborg.ru/catalog/truba-alyuminievaya-8-mm,категория
https://steelborg.ru/catalog/truba-alyuminievaya-75-mm,категория
https://steelborg.ru/catalog/truba-alyuminievaya-70-mm,категория
https://steelborg.ru/catalog/truba-alyuminievaya-7-d-5-mm,категория
https://steelborg.ru/catalog/truba-alyuminievaya-7-mm,категория
https://steelborg.ru/catalog/truba-alyuminievaya-65-mm,категория
https://steelborg.ru/catalog/truba-alyuminievaya-6063,категория
https://steelborg.ru/catalog/truba-alyuminievaya-6060,категория
https://steelborg.ru/catalog/truba-alyuminievaya-60-mm,категория
https://steelborg.ru/catalog/truba-alyuminievaya-6-mm,категория
https://steelborg.ru/catalog/truba-alyuminievaya-58-mm,категория
https://steelborg.ru/catalog/truba-alyuminievaya-55-mm,категория
https://steelborg.ru/catalog/truba-alyuminievaya-52-mm,категория
https://steelborg.ru/catalog/truba-alyuminievaya-50-mm,категория
https://steelborg.ru/catalog/truba-alyuminievaya-5-mm,категория
https://steelborg.ru/catalog/truba-alyuminievaya-48-mm,категория
https://steelborg.ru/catalog/truba-alyuminievaya-45-mm,категория
https://steelborg.ru/catalog/truba-alyuminievaya-42-mm,категория
https://steelborg.ru/catalog/truba-alyuminievaya-40x20-mm,категория
https://steelborg.ru/catalog/truba-alyuminievaya-40-mm,категория
https://steelborg.ru/catalog/truba-alyuminievaya-4-mm,категория
https://steelborg.ru/catalog/truba-alyuminievaya-38-mm,категория
https://steelborg.ru/catalog/truba-alyuminievaya-37-d-5-mm,категория
https://steelborg.ru/catalog/truba-alyuminievaya-36-mm,категория
https://steelborg.ru/catalog/truba-alyuminievaya-35-mm,категория
https://steelborg.ru/catalog/truba-alyuminievaya-34-mm,категория
https://steelborg.ru/catalog/truba-alyuminievaya-32-d-5-mm,категория
https://steelborg.ru/catalog/truba-alyuminievaya-32-mm,категория
https://steelborg.ru/catalog/truba-alyuminievaya-30-mm,категория
https://steelborg.ru/catalog/truba-alyuminievaya-3-d-5-mm,категория
https://steelborg.ru/catalog/truba-alyuminievaya-3-mm,категория
https://steelborg.ru/catalog/truba-alyuminievaya-280-mm,категория
https://steelborg.ru/catalog/truba-alyuminievaya-28-mm,категория
https://steelborg.ru/catalog/truba-alyuminievaya-27-d-5-mm,категория
https://steelborg.ru/catalog/truba-alyuminievaya-26-mm,категория
https://steelborg.ru/catalog/truba-alyuminievaya-25-mm,категория
https://steelborg.ru/catalog/truba-alyuminievaya-240-mm,категория
https://steelborg.ru/catalog/truba-alyuminievaya-24-mm,категория
https://steelborg.ru/catalog/truba-alyuminievaya-230-mm,категория
https://steelborg.ru/catalog/truba-alyuminievaya-22-d-5-mm,категория
https://steelborg.ru/catalog/truba-alyuminievaya-22-mm,категория
https://steelborg.ru/catalog/truba-alyuminievaya-200-mm,категория
https://steelborg.ru/catalog/truba-alyuminievaya-20-mm,категория
https://steelborg.ru/catalog/truba-alyuminievaya-2-d-5-mm,категория
https://steelborg.ru/catalog/truba-alyuminievaya-2-mm,категория
https://steelborg.ru/catalog/truba-alyuminievaya-180-mm,категория
https://steelborg.ru/catalog/truba-alyuminievaya-18-mm,категория
https://steelborg.ru/catalog/truba-alyuminievaya-170-mm,категория
https://steelborg.ru/catalog/truba-alyuminievaya-17-d-5-mm,категория
https://steelborg.ru/catalog/truba-alyuminievaya-160-mm,категория
https://steelborg.ru/catalog/truba-alyuminievaya-16-mm,категория
https://steelborg.ru/catalog/truba-alyuminievaya-1561,категория
https://steelborg.ru/catalog/truba-alyuminievaya-155-mm,категория
https://steelborg.ru/catalog/truba-alyuminievaya-150-mm,категория
https://steelborg.ru/catalog/truba-alyuminievaya-15-mm,категория
https://steelborg.ru/catalog/truba-alyuminievaya-145-mm,категория
https://steelborg.ru/catalog/truba-alyuminievaya-140-mm,категория
https://steelborg.ru/catalog/truba-alyuminievaya-14-mm,категория
https://steelborg.ru/catalog/truba-alyuminievaya-135-mm,категория
https://steelborg.ru/catalog/truba-alyuminievaya-130-mm,категория
https://steelborg.ru/catalog/truba-alyuminievaya-125-mm,категория
https://steelborg.ru/catalog/truba-alyuminievaya-120-mm,категория
https://steelborg.ru/catalog/truba-alyuminievaya-12-d-5-mm,категория
https://steelborg.ru/catalog/truba-alyuminievaya-12-mm,категория
https://steelborg.ru/catalog/truba-alyuminievaya-115-mm,категория
https://steelborg.ru/catalog/truba-alyuminievaya-110-mm,категория
https://steelborg.ru/catalog/truba-alyuminievaya-105-mm,категория
https://steelborg.ru/catalog/truba-alyuminievaya-100-mm,категория
https://steelborg.ru/catalog/truba-alyuminievaya-10-mm,категория
https://steelborg.ru/catalog/truba-alyuminievaya-1-d-5-mm,категория
https://steelborg.ru/catalog/truba-alyuminievaya-1-d-2-mm,категория
https://steelborg.ru/catalog/truba-alyuminievaya-1-mm,категория
https://steelborg.ru/catalog/truba-alyuminievaya,категория
https://steelborg.ru/catalog/setka-alyuminievaya,категория
https://steelborg.ru/catalog/polosobulb-alyuminievyy,категория
https://steelborg.ru/catalog/krug-alyuminievyy,категория
https://steelborg.ru/catalog/kvadrat-alyuminievyy,категория
https://steelborg.ru/catalog/profil-alyuminievyy-sh-obraznyy,категория
https://steelborg.ru/catalog/profil-alyuminievyy-t-obraznyy,категория
https://steelborg.ru/catalog/profil-alyuminievyy-stoechnyy,категория
https://steelborg.ru/catalog/profil-alyuminievyy-p-obraznyy,категория
https://steelborg.ru/catalog/profil-alyuminievyy-napravlyayuschiy,категория
https://steelborg.ru/catalog/profil-alyuminievyy-n-obraznyy,категория
https://steelborg.ru/catalog/profil-alyuminievyy-g-obraznyy,категория
https://steelborg.ru/catalog/profil-alyuminievyy-z-obraznyy,категория
https://steelborg.ru/catalog/profil-alyuminievyy-l-obraznyy,категория
https://steelborg.ru/catalog/alyuminievyy-profil-serebro,категория
https://steelborg.ru/catalog/alyuminievyy-profil-ps,категория
https://steelborg.ru/catalog/alyuminievyy-profil-pr,категория
https://steelborg.ru/catalog/alyuminievyy-profil-pp,категория
https://steelborg.ru/catalog/alyuminievyy-profil-pn,категория
https://steelborg.ru/catalog/alyuminievyy-profil-np,категория
https://steelborg.ru/catalog/alyuminievyy-profil-d16t,категория
https://steelborg.ru/catalog/alyuminievyy-profil-anodirovannyy,категория
https://steelborg.ru/catalog/alyuminievyy-profil-amg6,категория
https://steelborg.ru/catalog/alyuminievyy-profil-amg2,категория
https://steelborg.ru/catalog/alyuminievyy-profil-ad31t1,категория
https://steelborg.ru/catalog/alyuminievyy-profil-ad31t,категория
https://steelborg.ru/catalog/alyuminievyy-profil-ad31,категория
https://steelborg.ru/catalog/alyuminievyy-profil-80-mm,категория
https://steelborg.ru/catalog/alyuminievyy-profil-8-mm,категория
https://steelborg.ru/catalog/alyuminievyy-profil-75-mm,категория
https://steelborg.ru/catalog/alyuminievyy-profil-6063,категория
https://steelborg.ru/catalog/alyuminievyy-profil-6060,категория
https://steelborg.ru/catalog/alyuminievyy-profil-60-mm,категория
https://steelborg.ru/catalog/alyuminievyy-profil-6-mm,категория
https://steelborg.ru/catalog/alyuminievyy-profil-55-mm,категория
https://steelborg.ru/catalog/alyuminievyy-profil-50-mm,категория
https://steelborg.ru/catalog/alyuminievyy-profil-5-mm,категория
https://steelborg.ru/catalog/alyuminievyy-profil-40-mm,категория
https://steelborg.ru/catalog/alyuminievyy-profil-4-mm,категория
https://steelborg.ru/catalog/alyuminievyy-profil-32-mm,категория
https://steelborg.ru/catalog/alyuminievyy-profil-30-mm,категория
https://steelborg.ru/catalog/alyuminievyy-profil-3-mm,категория
https://steelborg.ru/catalog/alyuminievyy-profil-27-mm,категория
https://steelborg.ru/catalog/alyuminievyy-profil-266-mm,категория
https://steelborg.ru/catalog/alyuminievyy-profil-265-mm,категория
https://steelborg.ru/catalog/alyuminievyy-profil-25-mm,категория
https://steelborg.ru/catalog/alyuminievyy-profil-20-mm,категория
https://steelborg.ru/catalog/alyuminievyy-profil-2-d-5-mm,категория
https://steelborg.ru/catalog/alyuminievyy-profil-2-mm,категория
https://steelborg.ru/catalog/alyuminievyy-profil-18-mm,категория
https://steelborg.ru/catalog/alyuminievyy-profil-15-d-6-mm,категория
https://steelborg.ru/catalog/alyuminievyy-profil-15-mm,категория
https://steelborg.ru/catalog/alyuminievyy-profil-13-mm,категория
https://steelborg.ru/catalog/alyuminievyy-profil-100-mm,категория
https://steelborg.ru/catalog/alyuminievyy-profil-1-d-5-mm,категория
https://steelborg.ru/catalog/alyuminievyy-profil-1-d-2-mm,категория
https://steelborg.ru/catalog/alyuminievyy-profil-0-d-6-mm,категория
https://steelborg.ru/catalog/alyuminievyy-profil-0-d-55-mm,категория
https://steelborg.ru/catalog/alyuminievyy-profil-0-d-5-mm,категория
https://steelborg.ru/catalog/alyuminievyy-profil-0-d-45-mm,категория
https://steelborg.ru/catalog/alyuminievyy-profil-0-d-4-mm,категория
https://steelborg.ru/catalog/alyuminievyy-profil,категория
https://steelborg.ru/catalog/list-alyuminievyy-riflenyy,категория
https://steelborg.ru/catalog/list-alyuminievyy-perforirovannyy,категория
https://steelborg.ru/catalog/alyuminievyy-list-prosechnoy,категория
https://steelborg.ru/catalog/alyuminievyy-list-pischevoy,категория
https://steelborg.ru/catalog/alyuminievyy-list-matovyy,категория
https://steelborg.ru/catalog/alyuminievyy-list-zagotovka,категория
https://steelborg.ru/catalog/alyuminievyy-list-d16t,категория
https://steelborg.ru/catalog/alyuminievyy-list-d16b,категория
https://steelborg.ru/catalog/alyuminievyy-list-d16at,категория
https://steelborg.ru/catalog/alyuminievyy-list-d16am,категория
https://steelborg.ru/catalog/alyuminievyy-list-d16,категория
https://steelborg.ru/catalog/alyuminievyy-list-v95,категория
https://steelborg.ru/catalog/alyuminievyy-list-amtsn2,категория
https://steelborg.ru/catalog/alyuminievyy-list-amtsm,категория
https://steelborg.ru/catalog/alyuminievyy-list-amts,категория
https://steelborg.ru/catalog/alyuminievyy-list-amg6m,категория
https://steelborg.ru/catalog/alyuminievyy-list-amg6bm,категория
https://steelborg.ru/catalog/alyuminievyy-list-amg6b,категория
https://steelborg.ru/catalog/alyuminievyy-list-amg6,категория
https://steelborg.ru/catalog/alyuminievyy-list-amg5m,категория
https://steelborg.ru/catalog/alyuminievyy-list-amg5,категория
https://steelborg.ru/catalog/alyuminievyy-list-amg3m,категория
https://steelborg.ru/catalog/alyuminievyy-list-amg3,категория
https://steelborg.ru/catalog/alyuminievyy-list-amg2n2r,категория
https://steelborg.ru/catalog/alyuminievyy-list-amg2n2,категория
https://steelborg.ru/catalog/alyuminievyy-list-amg2n,категория
https://steelborg.ru/catalog/alyuminievyy-list-amg2m,категория
https://steelborg.ru/catalog/alyuminievyy-list-amg2,категория
https://steelborg.ru/catalog/alyuminievyy-list-ad1n,категория
https://steelborg.ru/catalog/alyuminievyy-list-ad1m,категория
https://steelborg.ru/catalog/alyuminievyy-list-ad1,категория
https://steelborg.ru/catalog/alyuminievyy-list-a5n,категория
https://steelborg.ru/catalog/alyuminievyy-list-a5m,категория
https://steelborg.ru/catalog/alyuminievyy-list-a5,категория
https://steelborg.ru/catalog/alyuminievyy-list-en-573-3,категория
https://steelborg.ru/catalog/alyuminievyy-list-90-mm,категория
https://steelborg.ru/catalog/alyuminievyy-list-80-mm,категория
https://steelborg.ru/catalog/alyuminievyy-list-8-mm,категория
https://steelborg.ru/catalog/alyuminievyy-list-70-mm,категория
https://steelborg.ru/catalog/alyuminievyy-list-6000-mm,категория
https://steelborg.ru/catalog/alyuminievyy-list-60-mm,категория
https://steelborg.ru/catalog/alyuminievyy-list-6-mm,категория
https://steelborg.ru/catalog/alyuminievyy-list-55-mm,категория
https://steelborg.ru/catalog/alyuminievyy-list-5083-n111,категория
https://steelborg.ru/catalog/alyuminievyy-list-500-mm,категория
https://steelborg.ru/catalog/alyuminievyy-list-50-mm,категория
https://steelborg.ru/catalog/alyuminievyy-list-5-mm,категория
https://steelborg.ru/catalog/alyuminievyy-list-45-mm,категория
https://steelborg.ru/catalog/alyuminievyy-list-4000-mm,категория
https://steelborg.ru/catalog/alyuminievyy-list-400-mm,категория
https://steelborg.ru/catalog/alyuminievyy-list-40-mm,категория
https://steelborg.ru/catalog/alyuminievyy-list-4-mm,категория
https://steelborg.ru/catalog/alyuminievyy-list-35-mm,категория
https://steelborg.ru/catalog/alyuminievyy-list-3000-mm,категория
https://steelborg.ru/catalog/alyuminievyy-list-3000,категория
https://steelborg.ru/catalog/alyuminievyy-list-300-mm,категория
https://steelborg.ru/catalog/alyuminievyy-list-30-mm,категория
https://steelborg.ru/catalog/alyuminievyy-list-3-mm,категория
https://steelborg.ru/catalog/alyuminievyy-list-2500-mm,категория
https://steelborg.ru/catalog/alyuminievyy-list-25-mm,категория
https://steelborg.ru/catalog/alyuminievyy-list-2000-mm,категория
https://steelborg.ru/catalog/alyuminievyy-list-200-mm,категория
https://steelborg.ru/catalog/alyuminievyy-list-20-mm,категория
https://steelborg.ru/catalog/alyuminievyy-list-2-d-5-mm,категория
https://steelborg.ru/catalog/alyuminievyy-list-2-mm,категория
https://steelborg.ru/catalog/alyuminievyy-list-180-mm,категория
https://steelborg.ru/catalog/alyuminievyy-list-18-mm,категория
https://steelborg.ru/catalog/alyuminievyy-list-160-mm,категория
https://steelborg.ru/catalog/alyuminievyy-list-16-mm,категория
https://steelborg.ru/catalog/alyuminievyy-list-1561b,категория
https://steelborg.ru/catalog/alyuminievyy-list-1561,категория
https://steelborg.ru/catalog/alyuminievyy-list-1500,категория
https://steelborg.ru/catalog/alyuminievyy-list-150-mm,категория
https://steelborg.ru/catalog/alyuminievyy-list-15-mm,категория
https://steelborg.ru/catalog/alyuminievyy-list-140-mm,категория
https://steelborg.ru/catalog/alyuminievyy-list-14-mm,категория
https://steelborg.ru/catalog/alyuminievyy-list-1200,категория
https://steelborg.ru/catalog/alyuminievyy-list-120-mm,категория
https://steelborg.ru/catalog/alyuminievyy-list-12-mm,категория
https://steelborg.ru/catalog/alyuminievyy-list-11-mm,категория
https://steelborg.ru/catalog/alyuminievyy-list-1000-mm,категория
https://steelborg.ru/catalog/alyuminievyy-list-100-mm,категория
https://steelborg.ru/catalog/alyuminievyy-list-10-mm,категория
https://steelborg.ru/catalog/alyuminievyy-list-1-d-5h6-m,категория
https://steelborg.ru/catalog/alyuminievyy-list-1-d-5h4-m,категория
https://steelborg.ru/catalog/alyuminievyy-list-1-d-5h3-m,категория
https://steelborg.ru/catalog/alyuminievyy-list-1-d-5-mm,категория
https://steelborg.ru/catalog/alyuminievyy-list-1-d-2h4-m,категория
https://steelborg.ru/catalog/alyuminievyy-list-1-d-2h3-m,категория
https://steelborg.ru/catalog/alyuminievyy-list-1-d-2h2-m,категория
https://steelborg.ru/catalog/alyuminievyy-list-1-d-2-mm,категория
https://steelborg.ru/catalog/alyuminievyy-list-1-mm,категория
https://steelborg.ru/catalog/alyuminievyy-list-0-d-8-mm,категория
https://steelborg.ru/catalog/alyuminievyy-list-0-d-5-mm,категория
https://steelborg.ru/catalog/alyuminievyy-list-anodirovannyy,категория
https://steelborg.ru/catalog/alyuminievyy-list,категория
https://steelborg.ru/catalog/alyuminievaya-provoloka-svarochnaya,категория
https://steelborg.ru/catalog/alyuminievaya-provoloka-otozhzhennaya,категория
https://steelborg.ru/catalog/alyuminievaya-provoloka-nagartovannaya,категория
https://steelborg.ru/catalog/alyuminievaya-provoloka-myagkaya,категория
https://steelborg.ru/catalog/alyuminievaya-provoloka-dlya-holodnoy-vysadki,категория
https://steelborg.ru/catalog/alyuminievaya-provoloka-buhta,категория
https://steelborg.ru/catalog/alyuminievaya-provoloka-amts,категория
https://steelborg.ru/catalog/alyuminievaya-provoloka-ad1,категория
https://steelborg.ru/catalog/alyuminievaya-provoloka-8-mm,категория
https://steelborg.ru/catalog/alyuminievaya-provoloka-5-mm,категория
https://steelborg.ru/catalog/alyuminievaya-provoloka-4-mm,категория
https://steelborg.ru/catalog/alyuminievaya-provoloka-3-d-15-mm,категория
https://steelborg.ru/catalog/alyuminievaya-provoloka-3-mm,категория
https://steelborg.ru/catalog/alyuminievaya-provoloka-2-mm,категория
https://steelborg.ru/catalog/alyuminievaya-provoloka-1-d-6-mm,категория
https://steelborg.ru/catalog/alyuminievaya-provoloka-1-d-2-mm,категория
https://steelborg.ru/catalog/alyuminievaya-provoloka-1-mm,категория
https://steelborg.ru/catalog/alyuminievaya-provoloka-0-d-8-mm,категория
https://steelborg.ru/catalog/alyuminievaya-provoloka,категория
https://steelborg.ru/catalog/alyuminievaya-polosa-ad31t1,категория
https://steelborg.ru/catalog/alyuminievaya-polosa-ad31t,категория
https://steelborg.ru/catalog/alyuminievaya-polosa-ad31,категория
https://steelborg.ru/catalog/alyuminievaya-polosa-ad0,категория
https://steelborg.ru/catalog/alyuminievaya-polosa-80-mm,категория
https://steelborg.ru/catalog/alyuminievaya-polosa-8-mm,категория
https://steelborg.ru/catalog/alyuminievaya-polosa-6063,категория
https://steelborg.ru/catalog/alyuminievaya-polosa-6060,категория
https://steelborg.ru/catalog/alyuminievaya-polosa-60-mm,категория
https://steelborg.ru/catalog/alyuminievaya-polosa-6-mm,категория
https://steelborg.ru/catalog/alyuminievaya-polosa-50-mm,категория
https://steelborg.ru/catalog/alyuminievaya-polosa-5-mm,категория
https://steelborg.ru/catalog/alyuminievaya-polosa-40-mm,категория
https://steelborg.ru/catalog/alyuminievaya-polosa-4-mm,категория
https://steelborg.ru/catalog/alyuminievaya-polosa-35-mm,категория
https://steelborg.ru/catalog/alyuminievaya-polosa-30-mm,категория
https://steelborg.ru/catalog/alyuminievaya-polosa-3-mm,категория
https://steelborg.ru/catalog/alyuminievaya-polosa-25-mm,категория
https://steelborg.ru/catalog/alyuminievaya-polosa-20-mm,категория
https://steelborg.ru/catalog/alyuminievaya-polosa-2-mm,категория
https://steelborg.ru/catalog/alyuminievaya-polosa-150-mm,категория
https://steelborg.ru/catalog/alyuminievaya-polosa-15-mm,категория
https://steelborg.ru/catalog/alyuminievaya-polosa-120-mm,категория
https://steelborg.ru/catalog/alyuminievaya-polosa-12-mm,категория
https://steelborg.ru/catalog/alyuminievaya-polosa-100-mm,категория
https://steelborg.ru/catalog/alyuminievaya-polosa-10-mm,категория
https://steelborg.ru/catalog/alyuminievaya-polosa,категория
https://steelborg.ru/catalog/alyuminievaya-lenta-d16,категория
https://steelborg.ru/catalog/alyuminievaya-lenta-vd1,категория
https://steelborg.ru/catalog/alyuminievaya-lenta-amts,категория
https://steelborg.ru/catalog/alyuminievaya-lenta-amg3,категория
https://steelborg.ru/catalog/alyuminievaya-lenta-amg2,категория
https://steelborg.ru/catalog/alyuminievaya-lenta-ad1n,категория
https://steelborg.ru/catalog/alyuminievaya-lenta-ad1,категория
https://steelborg.ru/catalog/alyuminievaya-lenta-ad0,категория
https://steelborg.ru/catalog/alyuminievaya-lenta-ad,категория
https://steelborg.ru/catalog/alyuminievaya-lenta-a7,категория
https://steelborg.ru/catalog/alyuminievaya-lenta-a6,категория
https://steelborg.ru/catalog/alyuminievaya-lenta-a5m,категория
https://steelborg.ru/catalog/alyuminievaya-lenta-a5,категория
https://steelborg.ru/catalog/alyuminievaya-lenta-3-mm,категория
https://steelborg.ru/catalog/alyuminievaya-lenta-2000-mm,категория
https://steelborg.ru/catalog/alyuminievaya-lenta-2-d-5-mm,категория
https://steelborg.ru/catalog/alyuminievaya-lenta-2-mm,категория
https://steelborg.ru/catalog/alyuminievaya-lenta-1500-mm,категория
https://steelborg.ru/catalog/alyuminievaya-lenta-1200-mm,категория
https://steelborg.ru/catalog/alyuminievaya-lenta-1105,категория
https://steelborg.ru/catalog/alyuminievaya-lenta-1000-mm,категория
https://steelborg.ru/catalog/alyuminievaya-lenta-1-d-5-mm,категория
https://steelborg.ru/catalog/alyuminievaya-lenta-1-d-2-mm,категория
https://steelborg.ru/catalog/alyuminievaya-lenta-1-mm,категория
https://steelborg.ru/catalog/alyuminievaya-lenta-0-d-8-mm,категория
https://steelborg.ru/catalog/alyuminievaya-lenta-0-d-5-mm,категория
https://steelborg.ru/catalog/alyuminievaya-lenta,категория
https://steelborg.ru/catalog/alyuminievaya-katanka,категория
https://steelborg.ru/catalog/alyuminiy,категория
https://steelborg.ru/catalog/tsvetnoy-metalloprokat,категория
https://steelborg.ru/catalog/shtutser-elochka-dlya-trub,категория
https://steelborg.ru/catalog/shtutser-stalnoy-elochka,категория
https://steelborg.ru/catalog/shtutser-stalnoy-tochenyy,категория
https://steelborg.ru/catalog/shtutser-stalnoy-s-naruzhnoy-rezboy,категория
https://steelborg.ru/catalog/shtutser-stalnoy-rezbovoy,категория
https://steelborg.ru/catalog/shtutser-stalnoy-privarnoy-50-mm,категория
https://steelborg.ru/catalog/shtutser-stalnoy-privarnoy-32-mm,категория
https://steelborg.ru/catalog/shtutser-stalnoy-privarnoy-200-mm,категория
https://steelborg.ru/catalog/shtutser-stalnoy-privarnoy-15-mm,категория
https://steelborg.ru/catalog/shtutser-stalnoy-privarnoy,категория
https://steelborg.ru/catalog/shtutser-stalnoy-aisi304l,категория
https://steelborg.ru/catalog/shtutser-stalnoy-aisi-316,категория
https://steelborg.ru/catalog/shtutser-stalnoy-32-mm,категория
https://steelborg.ru/catalog/shtutser-stalnoy-34,категория
https://steelborg.ru/catalog/shtutser-stalnoy-200-mm,категория
https://steelborg.ru/catalog/shtutser-stalnoy-20-mm,категория
https://steelborg.ru/catalog/shtutser-stalnoy-12,категория
https://steelborg.ru/catalog/shtutser-stalnoy,категория
https://steelborg.ru/catalog/shtutser-polietilenovyy,категория
https://steelborg.ru/catalog/shtutser-polipropilenovyy,категория
https://steelborg.ru/catalog/shtutser-plastikovyy-uglovoy,категория
https://steelborg.ru/catalog/shtutser-plastikovyy-s-nakidnoy-gaykoy,категория
https://steelborg.ru/catalog/shtutser-plastikovyy-dlya-bochki,категория
https://steelborg.ru/catalog/shtutser-plastikovyy-vnutrennyaya-rezba-s-nakidnoy-gaykoy,категория
https://steelborg.ru/catalog/shtutser-plastikovyy-ppsu,категория
https://steelborg.ru/catalog/shtutser-plastikovyy-pprc,категория
https://steelborg.ru/catalog/shtutser-plastikovyy-32-mm,категория
https://steelborg.ru/catalog/shtutser-plastikovyy-34,категория
https://steelborg.ru/catalog/shtutser-plastikovyy-25-mm,категория
https://steelborg.ru/catalog/shtutser-plastikovyy-20-mm,категория
https://steelborg.ru/catalog/shtutser-plastikovyy-16-mm,категория
https://steelborg.ru/catalog/shtutser-plastikovyy-12,категория
https://steelborg.ru/catalog/shtutser-plastikovyy-1x14,категория
https://steelborg.ru/catalog/shtutser-plastikovyy-1,категория
https://steelborg.ru/catalog/shtutser-plastikovyy,категория
https://steelborg.ru/catalog/shtutser-nerzhaveyuschiy-s-naruzhnoy-rezboy,категория
https://steelborg.ru/catalog/shtutser-nerzhaveyuschiy-s-vnutrenney-rezboy,категория
https://steelborg.ru/catalog/shtutser-nerzhaveyuschiy-rezbovoy,категория
https://steelborg.ru/catalog/shtutser-nerzhaveyuschiy-privarnoy,категория
https://steelborg.ru/catalog/shtutser-nerzhaveyuschiy-konicheskiy,категория
https://steelborg.ru/catalog/shtutser-nerzhaveyuschiy-aisi-304,категория
https://steelborg.ru/catalog/shtutser-nerzhaveyuschiy-34,категория
https://steelborg.ru/catalog/shtutser-nerzhaveyuschiy-129-mm,категория
https://steelborg.ru/catalog/shtutser-nerzhaveyuschiy-125-mm,категория
https://steelborg.ru/catalog/shtutser-nerzhaveyuschiy-12-mm,категория
https://steelborg.ru/catalog/shtutser-nerzhaveyuschiy-14,категория
https://steelborg.ru/catalog/shtutser-nerzhaveyuschiy-12,категория
https://steelborg.ru/catalog/shtutser-nerzhaveyuschiy,категория
https://steelborg.ru/catalog/shtutser-mednyy-perehodnoy,категория
https://steelborg.ru/catalog/shtutser-mednyy-dlya-shlanga,категория
https://steelborg.ru/catalog/shtutser-mednyy-6-mm,категория
https://steelborg.ru/catalog/shtutser-mednyy-58,категория
https://steelborg.ru/catalog/shtutser-mednyy-38,категория
https://steelborg.ru/catalog/shtutser-mednyy-10-mm,категория
https://steelborg.ru/catalog/shtutser-mednyy-14,категория
https://steelborg.ru/catalog/shtutser-mednyy-12,категория
https://steelborg.ru/catalog/shtutser-mednyy,категория
https://steelborg.ru/catalog/shtutser-latunnyy-uglovoy,категория
https://steelborg.ru/catalog/shtutser-latunnyy-soedinitelnyy,категория
https://steelborg.ru/catalog/shtutser-latunnyy-s-rezboy-12,категория
https://steelborg.ru/catalog/shtutser-latunnyy-s-naruzhnoy-rezboy-12,категория
https://steelborg.ru/catalog/shtutser-latunnyy-s-naruzhnoy-rezboy-1,категория
https://steelborg.ru/catalog/shtutser-latunnyy-s-naruzhnoy-rezboy,категория
https://steelborg.ru/catalog/shtutser-latunnyy-s-vnutrenney-rezboy,категория
https://steelborg.ru/catalog/shtutser-latunnyy-nikelirovannyy,категория
https://steelborg.ru/catalog/shtutser-latunnyy-naruzhnaya-rezba-34x20-mm,категория
https://steelborg.ru/catalog/shtutser-latunnyy-elochka-6-mm,категория
https://steelborg.ru/catalog/shtutser-latunnyy-dlya-shlanga-34,категория
https://steelborg.ru/catalog/shtutser-latunnyy-vnutrennyaya-rezba-12x6-mm,категория
https://steelborg.ru/catalog/shtutser-latunnyy-8,категория
https://steelborg.ru/catalog/shtutser-latunnyy-8-mm,категория
https://steelborg.ru/catalog/shtutser-latunnyy-6,категория
https://steelborg.ru/catalog/shtutser-latunnyy-6-mm,категория
https://steelborg.ru/catalog/shtutser-latunnyy-38,категория
https://steelborg.ru/catalog/shtutser-latunnyy-34x20-mm,категория
https://steelborg.ru/catalog/shtutser-latunnyy-34,категория
https://steelborg.ru/catalog/shtutser-latunnyy-25-mm,категория
https://steelborg.ru/catalog/shtutser-latunnyy-20-mm,категория
https://steelborg.ru/catalog/shtutser-latunnyy-2,категория
https://steelborg.ru/catalog/shtutser-latunnyy-16-mm,категория
https://steelborg.ru/catalog/shtutser-latunnyy-10-mm,категория
https://steelborg.ru/catalog/shtutser-latunnyy-18,категория
https://steelborg.ru/catalog/shtutser-latunnyy-12x8-mm,категория
https://steelborg.ru/catalog/shtutser-latunnyy-12-s-nakidnoy-gaykoy,категория
https://steelborg.ru/catalog/shtutser-latunnyy-12,категория
https://steelborg.ru/catalog/shtutser-latunnyy-1x14,категория
https://steelborg.ru/catalog/shtutser-latunnyy-1,категория
https://steelborg.ru/catalog/shtutser-latunnyy,категория
https://steelborg.ru/catalog/shtutser-dlya-trub-s-naruzhnoy-rezboy,категория
https://steelborg.ru/catalog/shtutser-dlya-trub-s-nakidnoy-gaykoy,категория
https://steelborg.ru/catalog/shtutser-dlya-trub-s-vnutrenney-rezboy,категория
https://steelborg.ru/catalog/shtutser-dlya-trub-nikelirovannyy,категория
https://steelborg.ru/catalog/shtutser-dlya-trub-nerzhaveyuschiy,категория
https://steelborg.ru/catalog/shtutser-dlya-trub-32-mm,категория
https://steelborg.ru/catalog/shtutser-dlya-trub-34,категория
https://steelborg.ru/catalog/shtutser-dlya-trub-25-mm,категория
https://steelborg.ru/catalog/shtutser-dlya-trub-20-mm,категория
https://steelborg.ru/catalog/shtutser-dlya-trub-2,категория
https://steelborg.ru/catalog/shtutser-dlya-trub-16-mm,категория
https://steelborg.ru/catalog/shtutser-dlya-trub-10-mm,категория
https://steelborg.ru/catalog/shtutser-dlya-trub-12,категория
https://steelborg.ru/catalog/shtutser-dlya-trub-1,категория
https://steelborg.ru/catalog/shtutser-bronzovyy-s-naruzhnoy-rezboy,категория
https://steelborg.ru/catalog/shtutser-bronzovyy-s-vnutrenney-rezboy,категория
https://steelborg.ru/catalog/shtutser-bronzovyy-34,категория
https://steelborg.ru/catalog/shtutser-bronzovyy-12,категория
https://steelborg.ru/catalog/shtutser-bronzovyy,категория
https://steelborg.ru/catalog/shtutser-dlya-trub,категория
https://steelborg.ru/catalog/tsentrator-dlya-trub-naruzhnyy,категория
https://steelborg.ru/catalog/tsentrator-dlya-trub-kleschevyy,категория
https://steelborg.ru/catalog/tsentrator-dlya-trub-zvennyy,категория
https://steelborg.ru/catalog/tsentrator-dlya-trub-gidravlicheskiy,категория
https://steelborg.ru/catalog/tsentrator-dlya-trub-630-mm,категория
https://steelborg.ru/catalog/tsentrator-dlya-trub-63-mm,категория
https://steelborg.ru/catalog/tsentrator-dlya-trub-57-mm,категория
https://steelborg.ru/catalog/tsentrator-dlya-trub-530-mm,категория
https://steelborg.ru/catalog/tsentrator-dlya-trub-426-mm,категория
https://steelborg.ru/catalog/tsentrator-dlya-trub-325-mm,категория
https://steelborg.ru/catalog/tsentrator-dlya-trub-32-mm,категория
https://steelborg.ru/catalog/tsentrator-dlya-trub-273-mm,категория
https://steelborg.ru/catalog/tsentrator-dlya-trub-219-mm,категория
https://steelborg.ru/catalog/tsentrator-dlya-trub-159-mm,категория
https://steelborg.ru/catalog/tsentrator-dlya-trub-1220-mm,категория
https://steelborg.ru/catalog/tsentrator-dlya-trub-108-mm,категория
https://steelborg.ru/catalog/tsentrator-dlya-trub,категория
https://steelborg.ru/catalog/futorka-chugunnaya,категория
https://steelborg.ru/catalog/futorka-chernaya,категория
https://steelborg.ru/catalog/futorka-otsinkovannaya,категория
https://steelborg.ru/catalog/futorka-nikelirovannaya,категория
https://steelborg.ru/catalog/futorka-nerzhaveyuschaya,категория
https://steelborg.ru/catalog/futorka-naruzhnaya-vnutrennyaya-rezba,категория
https://steelborg.ru/catalog/futorka-m8,категория
https://steelborg.ru/catalog/futorka-m6,категория
https://steelborg.ru/catalog/futorka-latunnaya,категория
https://steelborg.ru/catalog/futorka-vnutrennyaya-naruzhnaya-rezba,категория
https://steelborg.ru/catalog/futorka-vnutrennyaya,категория
https://steelborg.ru/catalog/futorka-aisi-316,категория
https://steelborg.ru/catalog/futorka-aisi-304,категория
https://steelborg.ru/catalog/futorka-50-mm,категория
https://steelborg.ru/catalog/futorka-40-mm,категория
https://steelborg.ru/catalog/futorka-4,категория
https://steelborg.ru/catalog/futorka-32-mm,категория
https://steelborg.ru/catalog/futorka-38,категория
https://steelborg.ru/catalog/futorka-34h14,категория
https://steelborg.ru/catalog/futorka-34,категория
https://steelborg.ru/catalog/futorka-25-mm,категория
https://steelborg.ru/catalog/futorka-20-mm,категория
https://steelborg.ru/catalog/futorka-2h34,категория
https://steelborg.ru/catalog/futorka-2,категория
https://steelborg.ru/catalog/futorka-15-mm,категория
https://steelborg.ru/catalog/futorka-18,категория
https://steelborg.ru/catalog/futorka-12h14,категория
https://steelborg.ru/catalog/futorka-12,категория
https://steelborg.ru/catalog/futorka-1h34,категория
https://steelborg.ru/catalog/futorka-1,категория
https://steelborg.ru/catalog/futorka-1-14h1,категория
https://steelborg.ru/catalog/futorka-1-14,категория
https://steelborg.ru/catalog/futorka-1-12,категория
https://steelborg.ru/catalog/futorka,категория
https://steelborg.ru/catalog/flanets-chugunnyy-fiksiruyuschiy,категория
https://steelborg.ru/catalog/flanets-chugunnyy-ru16,категория
https://steelborg.ru/catalog/flanets-chugunnyy-ru10,категория
https://steelborg.ru/catalog/flanets-chugunnyy-perehodnoy,категория
https://steelborg.ru/catalog/flanets-chugunnyy-obzhimnoy,категория
https://steelborg.ru/catalog/flanets-chugunnyy-80-mm,категория
https://steelborg.ru/catalog/flanets-chugunnyy-65-mm,категория
https://steelborg.ru/catalog/flanets-chugunnyy-600-mm,категория
https://steelborg.ru/catalog/flanets-chugunnyy-500-mm,категория
https://steelborg.ru/catalog/flanets-chugunnyy-50-mm,категория
https://steelborg.ru/catalog/flanets-chugunnyy-400-mm,категория
https://steelborg.ru/catalog/flanets-chugunnyy-350-mm,категория
https://steelborg.ru/catalog/flanets-chugunnyy-300-mm,категория
https://steelborg.ru/catalog/flanets-chugunnyy-250-mm,категория
https://steelborg.ru/catalog/flanets-chugunnyy-200-mm,категория
https://steelborg.ru/catalog/flanets-chugunnyy-150-mm,категория
https://steelborg.ru/catalog/flanets-chugunnyy-125-mm,категория
https://steelborg.ru/catalog/flanets-chugunnyy-100-mm,категория
https://steelborg.ru/catalog/flanets-chugunnyy,категория
https://steelborg.ru/catalog/flanets-titanovyy,категория
https://steelborg.ru/catalog/flanets-stalnoy-st20,категория
https://steelborg.ru/catalog/flanets-stalnoy-svobodnyy,категория
https://steelborg.ru/catalog/flanets-stalnoy-ru6,категория
https://steelborg.ru/catalog/flanets-stalnoy-ru40,категория
https://steelborg.ru/catalog/flanets-stalnoy-ru16,категория
https://steelborg.ru/catalog/flanets-stalnoy-ru10,категория
https://steelborg.ru/catalog/flanets-stalnoy-rezbovoy,категория
https://steelborg.ru/catalog/flanets-stalnoy-rastochennyy,категория
https://steelborg.ru/catalog/flanets-stalnoy-prizhimnoy,категория
https://steelborg.ru/catalog/flanets-stalnoy-privarnoy-80-mm,категория
https://steelborg.ru/catalog/flanets-stalnoy-privarnoy-100-mm,категория
https://steelborg.ru/catalog/flanets-stalnoy-privarnoy,категория
https://steelborg.ru/catalog/flanets-stalnoy-ploskiy-privarnoy,категория
https://steelborg.ru/catalog/flanets-stalnoy-ploskiy-50-mm,категория
https://steelborg.ru/catalog/flanets-stalnoy-ploskiy,категория
https://steelborg.ru/catalog/flanets-stalnoy-otsinkovannyy,категория
https://steelborg.ru/catalog/flanets-stalnoy-gluhoy,категория
https://steelborg.ru/catalog/flanets-stalnoy-vorotnikovyy,категория
https://steelborg.ru/catalog/flanets-stalnoy-90-mm,категория
https://steelborg.ru/catalog/flanets-stalnoy-89-mm,категория
https://steelborg.ru/catalog/flanets-stalnoy-80-mm,категория
https://steelborg.ru/catalog/flanets-stalnoy-76-mm,категория
https://steelborg.ru/catalog/flanets-stalnoy-75-mm,категория
https://steelborg.ru/catalog/flanets-stalnoy-65-mm,категория
https://steelborg.ru/catalog/flanets-stalnoy-63-mm,категория
https://steelborg.ru/catalog/flanets-stalnoy-600-mm,категория
https://steelborg.ru/catalog/flanets-stalnoy-500-mm,категория
https://steelborg.ru/catalog/flanets-stalnoy-50-mm,категория
https://steelborg.ru/catalog/flanets-stalnoy-400-mm,категория
https://steelborg.ru/catalog/flanets-stalnoy-40-mm,категория
https://steelborg.ru/catalog/flanets-stalnoy-4-mm,категория
https://steelborg.ru/catalog/flanets-stalnoy-32-mm,категория
https://steelborg.ru/catalog/flanets-stalnoy-300-mm,категория
https://steelborg.ru/catalog/flanets-stalnoy-250-mm,категория
https://steelborg.ru/catalog/flanets-stalnoy-25-mpa,категория
https://steelborg.ru/catalog/flanets-stalnoy-25-mm,категория
https://steelborg.ru/catalog/flanets-stalnoy-225-mm,категория
https://steelborg.ru/catalog/flanets-stalnoy-200-mm,категория
https://steelborg.ru/catalog/flanets-stalnoy-20-mm,категория
https://steelborg.ru/catalog/flanets-stalnoy-160-mm,категория
https://steelborg.ru/catalog/flanets-stalnoy-159-mm,категория
https://steelborg.ru/catalog/flanets-stalnoy-150-mm,категория
https://steelborg.ru/catalog/flanets-stalnoy-15-mm,категория
https://steelborg.ru/catalog/flanets-stalnoy-125-mm,категория
https://steelborg.ru/catalog/flanets-stalnoy-110-mm,категория
https://steelborg.ru/catalog/flanets-stalnoy-108-mm,категория
https://steelborg.ru/catalog/flanets-stalnoy-100-mm,категория
https://steelborg.ru/catalog/flanets-stalnoy-09g2s,категория
https://steelborg.ru/catalog/flanets-stalnoy,категория
https://steelborg.ru/catalog/flanets-st25,категория
https://steelborg.ru/catalog/flanets-st20,категория
https://steelborg.ru/catalog/flanets-soedinitelnyy,категория
https://steelborg.ru/catalog/flanets-svobodnyy,категория
https://steelborg.ru/catalog/flanets-ru6,категория
https://steelborg.ru/catalog/flanets-ru40,категория
https://steelborg.ru/catalog/flanets-ru25,категория
https://steelborg.ru/catalog/flanets-ru16,категория
https://steelborg.ru/catalog/flanets-ru10,категория
https://steelborg.ru/catalog/flanets-rezbovoy,категория
https://steelborg.ru/catalog/flanets-prizhimnoy,категория
https://steelborg.ru/catalog/flanets-privarnoy-100-mm,категория
https://steelborg.ru/catalog/flanets-privarnoy,категория
https://steelborg.ru/catalog/flanets-ploskiy,категория
https://steelborg.ru/catalog/flanets-hpvh,категория
https://steelborg.ru/catalog/flanets-polietilenovyy,категория
https://steelborg.ru/catalog/flanets-polipropilenovyy,категория
https://steelborg.ru/catalog/flanets-pnd,категория
https://steelborg.ru/catalog/flanets-plastikovyy-svobodnyy,категория
https://steelborg.ru/catalog/flanets-plastikovyy-ru16,категория
https://steelborg.ru/catalog/flanets-plastikovyy-ru10,категория
https://steelborg.ru/catalog/flanets-plastikovyy-pod-vtulku,категория
https://steelborg.ru/catalog/flanets-plastikovyy-gluhoy,категория
https://steelborg.ru/catalog/flanets-plastikovyy-pp-r,категория
https://steelborg.ru/catalog/flanets-plastikovyy-90-mm,категория
https://steelborg.ru/catalog/flanets-plastikovyy-80-mm,категория
https://steelborg.ru/catalog/flanets-plastikovyy-75-mm,категория
https://steelborg.ru/catalog/flanets-plastikovyy-63-mm,категория
https://steelborg.ru/catalog/flanets-plastikovyy-50-mm,категория
https://steelborg.ru/catalog/flanets-plastikovyy-40-mm,категория
https://steelborg.ru/catalog/flanets-plastikovyy-32,категория
https://steelborg.ru/catalog/flanets-plastikovyy-34,категория
https://steelborg.ru/catalog/flanets-plastikovyy-3-12,категория
https://steelborg.ru/catalog/flanets-plastikovyy-200-mm,категория
https://steelborg.ru/catalog/flanets-plastikovyy-2,категория
https://steelborg.ru/catalog/flanets-plastikovyy-160-mm,категория
https://steelborg.ru/catalog/flanets-plastikovyy-150-mm,категория
https://steelborg.ru/catalog/flanets-plastikovyy-125-mm,категория
https://steelborg.ru/catalog/flanets-plastikovyy-110-mm,категория
https://steelborg.ru/catalog/flanets-plastikovyy-100-mm,категория
https://steelborg.ru/catalog/flanets-plastikovyy-1-12,категория
https://steelborg.ru/catalog/flanets-pvh,категория
https://steelborg.ru/catalog/flanets-npvh,категория
https://steelborg.ru/catalog/flanets-plastikovyy,категория
https://steelborg.ru/catalog/flanets-perehodnoy,категория
https://steelborg.ru/catalog/flanets-otsinkovannyy,категория
https://steelborg.ru/catalog/flanets-obzhimnoy,категория
https://steelborg.ru/catalog/flanets-nerzhaveyuschiy-shtampovannyy,категория
https://steelborg.ru/catalog/flanets-nerzhaveyuschiy-svobodnyy,категория
https://steelborg.ru/catalog/flanets-nerzhaveyuschiy-ru6,категория
https://steelborg.ru/catalog/flanets-nerzhaveyuschiy-ru40,категория
https://steelborg.ru/catalog/flanets-nerzhaveyuschiy-ru25,категория
https://steelborg.ru/catalog/flanets-nerzhaveyuschiy-ru16,категория
https://steelborg.ru/catalog/flanets-nerzhaveyuschiy-ru10,категория
https://steelborg.ru/catalog/flanets-nerzhaveyuschiy-privarnoy,категория
https://steelborg.ru/catalog/flanets-nerzhaveyuschiy-ploskiy-12h18n10t,категория
https://steelborg.ru/catalog/flanets-nerzhaveyuschiy-ploskiy,категория
https://steelborg.ru/catalog/flanets-nerzhaveyuschiy-vorotnikovyy-450-mm,категория
https://steelborg.ru/catalog/flanets-nerzhaveyuschiy-vorotnikovyy,категория
https://steelborg.ru/catalog/flanets-nerzhaveyuschiy-aisi-321,категория
https://steelborg.ru/catalog/flanets-nerzhaveyuschiy-aisi-316ti,категория
https://steelborg.ru/catalog/flanets-nerzhaveyuschiy-aisi-316l,категория
https://steelborg.ru/catalog/flanets-nerzhaveyuschiy-aisi-316,категория
https://steelborg.ru/catalog/flanets-nerzhaveyuschiy-aisi-304,категория
https://steelborg.ru/catalog/flanets-nerzhaveyuschiy-80-mm,категория
https://steelborg.ru/catalog/flanets-nerzhaveyuschiy-65-mm,категория
https://steelborg.ru/catalog/flanets-nerzhaveyuschiy-51,категория
https://steelborg.ru/catalog/flanets-nerzhaveyuschiy-50-mm,категория
https://steelborg.ru/catalog/flanets-nerzhaveyuschiy-400-mm,категория
https://steelborg.ru/catalog/flanets-nerzhaveyuschiy-40-mm,категория
https://steelborg.ru/catalog/flanets-nerzhaveyuschiy-32-mm,категория
https://steelborg.ru/catalog/flanets-nerzhaveyuschiy-300-mm,категория
https://steelborg.ru/catalog/flanets-nerzhaveyuschiy-250-mm,категория
https://steelborg.ru/catalog/flanets-nerzhaveyuschiy-25-mm,категория
https://steelborg.ru/catalog/flanets-nerzhaveyuschiy-200-mm,категория
https://steelborg.ru/catalog/flanets-nerzhaveyuschiy-20-mm,категория
https://steelborg.ru/catalog/flanets-nerzhaveyuschiy-16-mm,категория
https://steelborg.ru/catalog/flanets-nerzhaveyuschiy-150-mm,категория
https://steelborg.ru/catalog/flanets-nerzhaveyuschiy-15-mm,категория
https://steelborg.ru/catalog/flanets-nerzhaveyuschiy-12h18n10t,категория
https://steelborg.ru/catalog/flanets-nerzhaveyuschiy-125-mm,категория
https://steelborg.ru/catalog/flanets-nerzhaveyuschiy-1200-mm,категория
https://steelborg.ru/catalog/flanets-nerzhaveyuschiy-110-mm,категория
https://steelborg.ru/catalog/flanets-nerzhaveyuschiy-10h17n13m2t,категория
https://steelborg.ru/catalog/flanets-nerzhaveyuschiy-100-mm,категория
https://steelborg.ru/catalog/flanets-nerzhaveyuschiy-08h18n10t,категория
https://steelborg.ru/catalog/flanets-nerzhaveyuschiy,категория
https://steelborg.ru/catalog/flanets-nakidnoy,категория
https://steelborg.ru/catalog/flanets-latunnyy,категория
https://steelborg.ru/catalog/flanets-gluhoy,категория
https://steelborg.ru/catalog/flanets-vorotnikovyy,категория
https://steelborg.ru/catalog/flanets-alyuminievyy-svobodnyy,категория
https://steelborg.ru/catalog/flanets-alyuminievyy-ru10,категория
https://steelborg.ru/catalog/flanets-alyuminievyy-ploskiy,категория
https://steelborg.ru/catalog/flanets-alyuminievyy-80-mm,категория
https://steelborg.ru/catalog/flanets-alyuminievyy-65-mm,категория
https://steelborg.ru/catalog/flanets-alyuminievyy-250-mm,категория
https://steelborg.ru/catalog/flanets-alyuminievyy-200-mm,категория
https://steelborg.ru/catalog/flanets-alyuminievyy-125-mm,категория
https://steelborg.ru/catalog/flanets-alyuminievyy-100-mm,категория
https://steelborg.ru/catalog/flanets-alyuminievyy,категория
https://steelborg.ru/catalog/flanets-90-mm,категория
https://steelborg.ru/catalog/flanets-800-mm,категория
https://steelborg.ru/catalog/flanets-80-mm,категория
https://steelborg.ru/catalog/flanets-75-mm,категория
https://steelborg.ru/catalog/flanets-65-mm,категория
https://steelborg.ru/catalog/flanets-63-mm,категория
https://steelborg.ru/catalog/flanets-60-mm,категория
https://steelborg.ru/catalog/flanets-6-mm,категория
https://steelborg.ru/catalog/flanets-50-mm,категория
https://steelborg.ru/catalog/flanets-5,категория
https://steelborg.ru/catalog/flanets-4,категория
https://steelborg.ru/catalog/flanets-350-mm,категория
https://steelborg.ru/catalog/flanets-32-mm,категория
https://steelborg.ru/catalog/flanets-300-mm,категория
https://steelborg.ru/catalog/flanets-30-mm,категория
https://steelborg.ru/catalog/flanets-34,категория
https://steelborg.ru/catalog/flanets-3,категория
https://steelborg.ru/catalog/flanets-250-mm,категория
https://steelborg.ru/catalog/flanets-25-mm,категория
https://steelborg.ru/catalog/flanets-225-mm,категория
https://steelborg.ru/catalog/flanets-200-mm,категория
https://steelborg.ru/catalog/flanets-20-mm,категория
https://steelborg.ru/catalog/flanets-2,категория
https://steelborg.ru/catalog/flanets-160-mm,категория
https://steelborg.ru/catalog/flanets-16-mm,категория
https://steelborg.ru/catalog/flanets-150-mm,категория
https://steelborg.ru/catalog/flanets-15-mm,категория
https://steelborg.ru/catalog/flanets-14-mm,категория
https://steelborg.ru/catalog/flanets-12h18n10t,категория
https://steelborg.ru/catalog/flanets-125-mm,категория
https://steelborg.ru/catalog/flanets-110-mm,категория
https://steelborg.ru/catalog/flanets-1000-mm,категория
https://steelborg.ru/catalog/flanets-100-mm,категория
https://steelborg.ru/catalog/flanets-10-mm,категория
https://steelborg.ru/catalog/flanets-12,категория
https://steelborg.ru/catalog/flanets-1,категория
https://steelborg.ru/catalog/flanets-1-14,категория
https://steelborg.ru/catalog/flanets-09g2s,категория
https://steelborg.ru/catalog/koltso-privarnoe,категория
https://steelborg.ru/catalog/izoliruyuschee-flantsevoe-soedinenie-st20,категория
https://steelborg.ru/catalog/izoliruyuschee-flantsevoe-soedinenie-ru25,категория
https://steelborg.ru/catalog/izoliruyuschee-flantsevoe-soedinenie-ru16,категория
https://steelborg.ru/catalog/izoliruyuschee-flantsevoe-soedinenie-ru10,категория
https://steelborg.ru/catalog/izoliruyuschee-flantsevoe-soedinenie-80-mm,категория
https://steelborg.ru/catalog/izoliruyuschee-flantsevoe-soedinenie-50-mm,категория
https://steelborg.ru/catalog/izoliruyuschee-flantsevoe-soedinenie-4,категория
https://steelborg.ru/catalog/izoliruyuschee-flantsevoe-soedinenie-34,категория
https://steelborg.ru/catalog/izoliruyuschee-flantsevoe-soedinenie-25-mm,категория
https://steelborg.ru/catalog/izoliruyuschee-flantsevoe-soedinenie-20-mm,категория
https://steelborg.ru/catalog/izoliruyuschee-flantsevoe-soedinenie-2,категория
https://steelborg.ru/catalog/izoliruyuschee-flantsevoe-soedinenie-150-mm,категория
https://steelborg.ru/catalog/izoliruyuschee-flantsevoe-soedinenie-100-mm,категория
https://steelborg.ru/catalog/izoliruyuschee-flantsevoe-soedinenie-1,категория
https://steelborg.ru/catalog/izoliruyuschee-flantsevoe-soedinenie,категория
https://steelborg.ru/catalog/flanets,категория
https://steelborg.ru/catalog/ugolnik-stalnoy-32-mm,категория
https://steelborg.ru/catalog/ugolnik-stalnoy-25-mm,категория
https://steelborg.ru/catalog/ugolnik-stalnoy-20-mm,категория
https://steelborg.ru/catalog/ugolnik-stalnoy-15-mm,категория
https://steelborg.ru/catalog/ugolnik-stalnoy-09g2s,категория
https://steelborg.ru/catalog/ugolnik-stalnoy,категория
https://steelborg.ru/catalog/ugolok-mednyy-pod-payku,категория
https://steelborg.ru/catalog/ugolok-mednyy-90-gradusov,категория
https://steelborg.ru/catalog/ugolok-mednyy-45-gradusov,категория
https://steelborg.ru/catalog/ugolok-mednyy-42-mm,категория
https://steelborg.ru/catalog/ugolok-mednyy-35-mm,категория
https://steelborg.ru/catalog/ugolok-mednyy-28-mm,категория
https://steelborg.ru/catalog/ugolok-mednyy-22-mm,категория
https://steelborg.ru/catalog/ugolok-mednyy-15-mm,категория
https://steelborg.ru/catalog/ugolok-mednyy-1-14,категория
https://steelborg.ru/catalog/ugolok-mednyy,категория
https://steelborg.ru/catalog/ugol-dlya-trub-pod-payku,категория
https://steelborg.ru/catalog/ugol-dlya-trub-90-gradusov,категория
https://steelborg.ru/catalog/ugol-dlya-trub-54-mm,категория
https://steelborg.ru/catalog/ugol-dlya-trub-45-gradusov,категория
https://steelborg.ru/catalog/ugol-dlya-trub-42-mm,категория
https://steelborg.ru/catalog/ugol-dlya-trub-40-mm,категория
https://steelborg.ru/catalog/ugol-dlya-trub-35-mm,категория
https://steelborg.ru/catalog/ugol-dlya-trub-32-mm,категория
https://steelborg.ru/catalog/ugol-dlya-trub-28-mm,категория
https://steelborg.ru/catalog/ugol-dlya-trub-25-mm,категория
https://steelborg.ru/catalog/ugol-dlya-trub-22-mm,категория
https://steelborg.ru/catalog/ugol-dlya-trub-20-mm,категория
https://steelborg.ru/catalog/ugol-dlya-trub-18-mm,категория
https://steelborg.ru/catalog/ugol-dlya-trub-16-mm,категория
https://steelborg.ru/catalog/ugol-dlya-trub-15-mm,категория
https://steelborg.ru/catalog/ugol-dlya-trub-09g2s,категория
https://steelborg.ru/catalog/ugol-dlya-trub,категория
https://steelborg.ru/catalog/troynik-chugunnyy-flantsevyy-s-pozharnoy-podstavkoy,категория
https://steelborg.ru/catalog/troynik-chugunnyy-flantsevyy,категория
https://steelborg.ru/catalog/troynik-chugunnyy-rastrubnyy,категория
https://steelborg.ru/catalog/troynik-chugunnyy-rastrub-flanets,категория
https://steelborg.ru/catalog/troynik-chugunnyy-pryamoy,категория
https://steelborg.ru/catalog/troynik-chugunnyy-perehodnoy,категория
https://steelborg.ru/catalog/troynik-chugunnyy-otsinkovannyy,категория
https://steelborg.ru/catalog/troynik-chugunnyy-kosoy,категория
https://steelborg.ru/catalog/troynik-chugunnyy-vchshg,категория
https://steelborg.ru/catalog/troynik-chugunnyy-bitumnyy,категория
https://steelborg.ru/catalog/troynik-chugunnyy-sml,категория
https://steelborg.ru/catalog/troynik-chugunnyy-65-mm,категория
https://steelborg.ru/catalog/troynik-chugunnyy-50h50-mm,категория
https://steelborg.ru/catalog/troynik-chugunnyy-50-mm,категория
https://steelborg.ru/catalog/troynik-chugunnyy-45-gradusov,категория
https://steelborg.ru/catalog/troynik-chugunnyy-40-mm,категория
https://steelborg.ru/catalog/troynik-chugunnyy-32-mm,категория
https://steelborg.ru/catalog/troynik-chugunnyy-300h300-mm,категория
https://steelborg.ru/catalog/troynik-chugunnyy-300-mm,категория
https://steelborg.ru/catalog/troynik-chugunnyy-25-mm,категория
https://steelborg.ru/catalog/troynik-chugunnyy-200h200-mm,категория
https://steelborg.ru/catalog/troynik-chugunnyy-200h100-mm,категория
https://steelborg.ru/catalog/troynik-chugunnyy-200-mm,категория
https://steelborg.ru/catalog/troynik-chugunnyy-20-mm,категория
https://steelborg.ru/catalog/troynik-chugunnyy-150h150-mm,категория
https://steelborg.ru/catalog/troynik-chugunnyy-150h100-mm,категория
https://steelborg.ru/catalog/troynik-chugunnyy-150-mm,категория
https://steelborg.ru/catalog/troynik-chugunnyy-15-mm,категория
https://steelborg.ru/catalog/troynik-chugunnyy-110-mm,категория
https://steelborg.ru/catalog/troynik-chugunnyy-100h50-mm,категория
https://steelborg.ru/catalog/troynik-chugunnyy-100h100-mm,категория
https://steelborg.ru/catalog/troynik-chugunnyy-100-mm,категория
https://steelborg.ru/catalog/troynik-chugunnyy,категория
https://steelborg.ru/catalog/troynik-titanovyy,категория
https://steelborg.ru/catalog/troynik-stalnoy-shtampovannyy,категория
https://steelborg.ru/catalog/troynik-stalnoy-flantsevyy,категория
https://steelborg.ru/catalog/troynik-stalnoy-st20,категория
https://steelborg.ru/catalog/troynik-stalnoy-svarnoy,категория
https://steelborg.ru/catalog/troynik-stalnoy-s-vnutrenney-rezboy,категория
https://steelborg.ru/catalog/troynik-stalnoy-rezbovoy,категория
https://steelborg.ru/catalog/troynik-stalnoy-ravnoprohodnoy,категория
https://steelborg.ru/catalog/troynik-stalnoy-perehodnoy,категория
https://steelborg.ru/catalog/troynik-stalnoy-otsinkovannyy,категория
https://steelborg.ru/catalog/troynik-stalnoy-neravnoprohodnoy,категория
https://steelborg.ru/catalog/troynik-stalnoy-besshovnyy,категория
https://steelborg.ru/catalog/troynik-stalnoy-bez-pokrytiya,категория
https://steelborg.ru/catalog/troynik-stalnoy-90-mm,категория
https://steelborg.ru/catalog/troynik-stalnoy-89h3-d-5-mm,категория
https://steelborg.ru/catalog/troynik-stalnoy-89-mm,категория
https://steelborg.ru/catalog/troynik-stalnoy-80-mm,категория
https://steelborg.ru/catalog/troynik-stalnoy-8-mm,категория
https://steelborg.ru/catalog/troynik-stalnoy-76h3-d-5-mm,категория
https://steelborg.ru/catalog/troynik-stalnoy-76-mm,категория
https://steelborg.ru/catalog/troynik-stalnoy-65-mm,категория
https://steelborg.ru/catalog/troynik-stalnoy-57h3-d-5-mm,категория
https://steelborg.ru/catalog/troynik-stalnoy-57h3-mm,категория
https://steelborg.ru/catalog/troynik-stalnoy-57-mm,категория
https://steelborg.ru/catalog/troynik-stalnoy-50-mm,категория
https://steelborg.ru/catalog/troynik-stalnoy-45-mm,категория
https://steelborg.ru/catalog/troynik-stalnoy-40-mm,категория
https://steelborg.ru/catalog/troynik-stalnoy-32-mm,категория
https://steelborg.ru/catalog/troynik-stalnoy-300-mm,категория
https://steelborg.ru/catalog/troynik-stalnoy-34,категория
https://steelborg.ru/catalog/troynik-stalnoy-273-mm,категория
https://steelborg.ru/catalog/troynik-stalnoy-250-mm,категория
https://steelborg.ru/catalog/troynik-stalnoy-25-mm,категория
https://steelborg.ru/catalog/troynik-stalnoy-219h6-mm,категория
https://steelborg.ru/catalog/troynik-stalnoy-219-mm,категория
https://steelborg.ru/catalog/troynik-stalnoy-200-mm,категория
https://steelborg.ru/catalog/troynik-stalnoy-20-mm,категория
https://steelborg.ru/catalog/troynik-stalnoy-159h6-mm,категория
https://steelborg.ru/catalog/troynik-stalnoy-159h4-d-5-mm,категория
https://steelborg.ru/catalog/troynik-stalnoy-159-mm,категория
https://steelborg.ru/catalog/troynik-stalnoy-150-mm,категория
https://steelborg.ru/catalog/troynik-stalnoy-15-mm,категория
https://steelborg.ru/catalog/troynik-stalnoy-125-mm,категория
https://steelborg.ru/catalog/troynik-stalnoy-110-mm,категория
https://steelborg.ru/catalog/troynik-stalnoy-108h4-mm,категория
https://steelborg.ru/catalog/troynik-stalnoy-108-mm,категория
https://steelborg.ru/catalog/troynik-stalnoy-100-mm,категория
https://steelborg.ru/catalog/troynik-stalnoy-10-mm,категория
https://steelborg.ru/catalog/troynik-stalnoy-12,категория
https://steelborg.ru/catalog/troynik-stalnoy-1,категория
https://steelborg.ru/catalog/troynik-stalnoy-09g2s,категория
https://steelborg.ru/catalog/troynik-stalnoy,категория
https://steelborg.ru/catalog/troynik-polietilenovyy-elektrosvarnoy,категория
https://steelborg.ru/catalog/troynik-polietilenovyy-reduktsionnyy,категория
https://steelborg.ru/catalog/troynik-polietilenovyy-pe-100,категория
https://steelborg.ru/catalog/troynik-polietilenovyy-perehodnoy,категория
https://steelborg.ru/catalog/troynik-polietilenovyy-neravnoprohodnoy,категория
https://steelborg.ru/catalog/troynik-polietilenovyy-litoy,категория
https://steelborg.ru/catalog/troynik-polietilenovyy-kompressionnyy,категория
https://steelborg.ru/catalog/troynik-polietilenovyy-sdr-11,категория
https://steelborg.ru/catalog/troynik-polietilenovyy-90-mm,категория
https://steelborg.ru/catalog/troynik-polietilenovyy-63-mm,категория
https://steelborg.ru/catalog/troynik-polietilenovyy-50-mm,категория
https://steelborg.ru/catalog/troynik-polietilenovyy-32-mm,категория
https://steelborg.ru/catalog/troynik-polietilenovyy-225-mm,категория
https://steelborg.ru/catalog/troynik-polietilenovyy-20-mm,категория
https://steelborg.ru/catalog/troynik-polietilenovyy-160-mm,категория
https://steelborg.ru/catalog/troynik-polietilenovyy-110-mm,категория
https://steelborg.ru/catalog/troynik-polietilenovyy,категория
https://steelborg.ru/catalog/troynik-polipropilenovyy-ravnoprohodnoy,категория
https://steelborg.ru/catalog/troynik-polipropilenovyy-perehodnoy,категория
https://steelborg.ru/catalog/troynik-polipropilenovyy-kombinirovannyy,категория
https://steelborg.ru/catalog/troynik-polipropilenovyy-kanalizatsionnyy,категория
https://steelborg.ru/catalog/troynik-polipropilenovyy-dvuhploskostnoy,категория
https://steelborg.ru/catalog/troynik-polipropilenovyy-ppr,категория
https://steelborg.ru/catalog/troynik-polipropilenovyy-90-mm,категория
https://steelborg.ru/catalog/troynik-polipropilenovyy-75-mm,категория
https://steelborg.ru/catalog/troynik-polipropilenovyy-63-mm,категория
https://steelborg.ru/catalog/troynik-polipropilenovyy-50h50h50-mm,категория
https://steelborg.ru/catalog/troynik-polipropilenovyy-50-mm,категория
https://steelborg.ru/catalog/troynik-polipropilenovyy-45-mm,категория
https://steelborg.ru/catalog/troynik-polipropilenovyy-45-gradusov,категория
https://steelborg.ru/catalog/troynik-polipropilenovyy-40h20h40-mm,категория
https://steelborg.ru/catalog/troynik-polipropilenovyy-40-mm,категория
https://steelborg.ru/catalog/troynik-polipropilenovyy-32-mm,категория
https://steelborg.ru/catalog/troynik-polipropilenovyy-25h32h25-mm,категория
https://steelborg.ru/catalog/troynik-polipropilenovyy-25h32-mm,категория
https://steelborg.ru/catalog/troynik-polipropilenovyy-25h25h25-mm,категория
https://steelborg.ru/catalog/troynik-polipropilenovyy-25h20h25-mm,категория
https://steelborg.ru/catalog/troynik-polipropilenovyy-25h20-mm,категория
https://steelborg.ru/catalog/troynik-polipropilenovyy-25-mm,категория
https://steelborg.ru/catalog/troynik-polipropilenovyy-20h32-mm,категория
https://steelborg.ru/catalog/troynik-polipropilenovyy-20h25-mm,категория
https://steelborg.ru/catalog/troynik-polipropilenovyy-20h20h20-mm,категория
https://steelborg.ru/catalog/troynik-polipropilenovyy-20h20-mm,категория
https://steelborg.ru/catalog/troynik-polipropilenovyy-200-mm,категория
https://steelborg.ru/catalog/troynik-polipropilenovyy-20-mm,категория
https://steelborg.ru/catalog/troynik-polipropilenovyy-16-mm,категория
https://steelborg.ru/catalog/troynik-polipropilenovyy-15-mm,категория
https://steelborg.ru/catalog/troynik-polipropilenovyy-110h50-mm,категория
https://steelborg.ru/catalog/troynik-polipropilenovyy-110-mm,категория
https://steelborg.ru/catalog/troynik-polipropilenovyy-100-mm,категория
https://steelborg.ru/catalog/troynik-polipropilenovyy,категория
https://steelborg.ru/catalog/troynik-pvh-seryy,категория
https://steelborg.ru/catalog/troynik-pvh-perehodnoy,категория
https://steelborg.ru/catalog/troynik-pvh-naruzhnyy,категория
https://steelborg.ru/catalog/troynik-pvh-kosoy,категория
https://steelborg.ru/catalog/troynik-pvh-kleevoy,категория
https://steelborg.ru/catalog/troynik-pvh-kanalizatsionnyy,категория
https://steelborg.ru/catalog/troynik-pvh-90-mm,категория
https://steelborg.ru/catalog/troynik-pvh-90-gradusov,категория
https://steelborg.ru/catalog/troynik-pvh-63-mm,категория
https://steelborg.ru/catalog/troynik-pvh-500-mm,категория
https://steelborg.ru/catalog/troynik-pvh-50-mm,категория
https://steelborg.ru/catalog/troynik-pvh-45-mm,категория
https://steelborg.ru/catalog/troynik-pvh-45-gradusov,категория
https://steelborg.ru/catalog/troynik-pvh-400-mm,категория
https://steelborg.ru/catalog/troynik-pvh-40-mm,категория
https://steelborg.ru/catalog/troynik-pvh-32-mm,категория
https://steelborg.ru/catalog/troynik-pvh-315h250-mm,категория
https://steelborg.ru/catalog/troynik-pvh-315-mm,категория
https://steelborg.ru/catalog/troynik-pvh-250-mm,категория
https://steelborg.ru/catalog/troynik-pvh-25-mm,категория
https://steelborg.ru/catalog/troynik-pvh-225-mm,категория
https://steelborg.ru/catalog/troynik-pvh-200h200-mm,категория
https://steelborg.ru/catalog/troynik-pvh-200-mm,категория
https://steelborg.ru/catalog/troynik-pvh-20-mm,категория
https://steelborg.ru/catalog/troynik-pvh-160-mm,категория
https://steelborg.ru/catalog/troynik-pvh-16-mm,категория
https://steelborg.ru/catalog/troynik-pvh-150-mm,категория
https://steelborg.ru/catalog/troynik-pvh-110h90-mm,категория
https://steelborg.ru/catalog/troynik-pvh-110-mm,категория
https://steelborg.ru/catalog/troynik-pvh-100-mm,категория
https://steelborg.ru/catalog/troynik-pvh,категория
https://steelborg.ru/catalog/troynik-nerzhaveyuschiy-flantsevyy,категория
https://steelborg.ru/catalog/troynik-nerzhaveyuschiy-rezbovoy,категория
https://steelborg.ru/catalog/troynik-nerzhaveyuschiy-ravnoprohodnoy,категория
https://steelborg.ru/catalog/troynik-nerzhaveyuschiy-privarnoy-38-mm,категория
https://steelborg.ru/catalog/troynik-nerzhaveyuschiy-privarnoy,категория
https://steelborg.ru/catalog/troynik-nerzhaveyuschiy-pod-privarku,категория
https://steelborg.ru/catalog/troynik-nerzhaveyuschiy-perehodnoy,категория
https://steelborg.ru/catalog/troynik-nerzhaveyuschiy-korotkiy,категория
https://steelborg.ru/catalog/troynik-nerzhaveyuschiy-aisi-304,категория
https://steelborg.ru/catalog/troynik-nerzhaveyuschiy-15-mm,категория
https://steelborg.ru/catalog/troynik-nerzhaveyuschiy-12h18n10t,категория
https://steelborg.ru/catalog/troynik-nerzhaveyuschiy,категория
https://steelborg.ru/catalog/troynik-metalloplastikovyy-32-mm,категория
https://steelborg.ru/catalog/troynik-metalloplastikovyy-26-mm,категория
https://steelborg.ru/catalog/troynik-metalloplastikovyy-25h20h25-mm,категория
https://steelborg.ru/catalog/troynik-metalloplastikovyy-20h20h20-mm,категория
https://steelborg.ru/catalog/troynik-metalloplastikovyy-20h16h20-mm,категория
https://steelborg.ru/catalog/troynik-metalloplastikovyy-20-mm,категория
https://steelborg.ru/catalog/troynik-metalloplastikovyy-16h16h16-mm,категория
https://steelborg.ru/catalog/troynik-metalloplastikovyy-16-mm,категория
https://steelborg.ru/catalog/troynik-metalloplastik,категория
https://steelborg.ru/catalog/troynik-mednyy-pod-payku,категория
https://steelborg.ru/catalog/troynik-mednyy-perehodnoy,категория
https://steelborg.ru/catalog/troynik-mednyy-payka,категория
https://steelborg.ru/catalog/troynik-mednyy-obzhimnoy,категория
https://steelborg.ru/catalog/troynik-mednyy-8-mm,категория
https://steelborg.ru/catalog/troynik-mednyy-6-mm,категория
https://steelborg.ru/catalog/troynik-mednyy-35-mm,категория
https://steelborg.ru/catalog/troynik-mednyy-28-mm,категория
https://steelborg.ru/catalog/troynik-mednyy-22-mm,категория
https://steelborg.ru/catalog/troynik-mednyy-18-mm,категория
https://steelborg.ru/catalog/troynik-mednyy-15h15h15-mm,категория
https://steelborg.ru/catalog/troynik-mednyy-15-mm,категория
https://steelborg.ru/catalog/troynik-mednyy-12h12h10-mm,категория
https://steelborg.ru/catalog/troynik-mednyy-10-mm,категория
https://steelborg.ru/catalog/troynik-mednyy,категория
https://steelborg.ru/catalog/troynik-latunnyy-soedinitelnyy,категория
https://steelborg.ru/catalog/troynik-latunnyy-rezbovoy,категория
https://steelborg.ru/catalog/troynik-latunnyy-reduktsionnyy,категория
https://steelborg.ru/catalog/troynik-latunnyy-obzhimnoynaruzhnaya-rezba,категория
https://steelborg.ru/catalog/troynik-latunnyy-obzhimnoy,категория
https://steelborg.ru/catalog/troynik-latunnyy-nikelirovannyy,категория
https://steelborg.ru/catalog/troynik-latunnyy-naruzhnaya-rezba,категория
https://steelborg.ru/catalog/troynik-latunnyy-muftovyy,категория
https://steelborg.ru/catalog/troynik-latunnyy-kosoy,категория
https://steelborg.ru/catalog/troynik-latunnyy-vnutrennyaya-rezba,категория
https://steelborg.ru/catalog/troynik-latunnyy-vnutrennyaya-i-naruzhnaya-rezba,категория
https://steelborg.ru/catalog/troynik-latunnyy-aksialnyy,категория
https://steelborg.ru/catalog/troynik-latunnyy-50-mm,категория
https://steelborg.ru/catalog/troynik-latunnyy-40-mm,категория
https://steelborg.ru/catalog/troynik-latunnyy-32-mm,категория
https://steelborg.ru/catalog/troynik-latunnyy-26-mm,категория
https://steelborg.ru/catalog/troynik-latunnyy-25h25h25-mm,категория
https://steelborg.ru/catalog/troynik-latunnyy-25h25h16-mm,категория
https://steelborg.ru/catalog/troynik-latunnyy-25-mm,категория
https://steelborg.ru/catalog/troynik-latunnyy-20h20h20-mm,категория
https://steelborg.ru/catalog/troynik-latunnyy-20h16h20-mm,категория
https://steelborg.ru/catalog/troynik-latunnyy-20-mm,категория
https://steelborg.ru/catalog/troynik-latunnyy-16h16h16-mm,категория
https://steelborg.ru/catalog/troynik-latunnyy-16-mm,категория
https://steelborg.ru/catalog/troynik-latunnyy-15h15h15-mm,категория
https://steelborg.ru/catalog/troynik-latunnyy-15-mm,категория
https://steelborg.ru/catalog/troynik-latunnyy-10-mm,категория
https://steelborg.ru/catalog/troynik-latunnyy,категория
https://steelborg.ru/catalog/troynik-bronzovyy-s-vnutrenney-rezboy-pod-payku,категория
https://steelborg.ru/catalog/troynik-bronzovyy-25-mm,категория
https://steelborg.ru/catalog/troynik-bronzovyy-20-mm,категория
https://steelborg.ru/catalog/troynik-bronzovyy-15-mm,категория
https://steelborg.ru/catalog/troynik-bronzovyy,категория
https://steelborg.ru/catalog/troynik-dlya-trub,категория
https://steelborg.ru/catalog/soedinenie-mezhtrubnoe-stalnoe,категория
https://steelborg.ru/catalog/soedinenie-mezhtrubnoe-polietilenovoe,категория
https://steelborg.ru/catalog/soedinenie-mezhtrubnoe-nsps,категория
https://steelborg.ru/catalog/soedinenie-mezhtrubnoe,категория
https://steelborg.ru/catalog/soedinenie-amerikanka-chugunnaya,категория
https://steelborg.ru/catalog/soedinenie-amerikanka-razemnaya,категория
https://steelborg.ru/catalog/soedinenie-amerikanka-polipropilenovaya,категория
https://steelborg.ru/catalog/soedinenie-amerikanka-pvh,категория
https://steelborg.ru/catalog/soedinenie-amerikanka-nikelirovannaya,категория
https://steelborg.ru/catalog/soedinenie-amerikanka-nerzhaveyuschaya,категория
https://steelborg.ru/catalog/soedinenie-amerikanka-naruzhnaya-vnutrennyaya-rezba,категория
https://steelborg.ru/catalog/soedinenie-amerikanka-naruzhnaya-rezba,категория
https://steelborg.ru/catalog/soedinenie-amerikanka-latunnaya,категория
https://steelborg.ru/catalog/soedinenie-amerikanka-gayka-gayka,категория
https://steelborg.ru/catalog/soedinenie-amerikanka-vnutrennyaya-rezba,категория
https://steelborg.ru/catalog/soedinenie-amerikanka-ppr,категория
https://steelborg.ru/catalog/soedinenie-amerikanka-aisi-316,категория
https://steelborg.ru/catalog/soedinenie-amerikanka-aisi-304,категория
https://steelborg.ru/catalog/soedinenie-amerikanka-50-mm,категория
https://steelborg.ru/catalog/soedinenie-amerikanka-40-mm,категория
https://steelborg.ru/catalog/soedinenie-amerikanka-32-mm,категория
https://steelborg.ru/catalog/soedinenie-amerikanka-3-4,категория
https://steelborg.ru/catalog/soedinenie-amerikanka-3,категория
https://steelborg.ru/catalog/soedinenie-amerikanka-25-mm,категория
https://steelborg.ru/catalog/soedinenie-amerikanka-20-mm,категория
https://steelborg.ru/catalog/soedinenie-amerikanka-2,категория
https://steelborg.ru/catalog/soedinenie-amerikanka-15-mm,категория
https://steelborg.ru/catalog/soedinenie-amerikanka-14,категория
https://steelborg.ru/catalog/soedinenie-amerikanka-1-2,категория
https://steelborg.ru/catalog/soedinenie-amerikanka-1,категория
https://steelborg.ru/catalog/amerikanka-uglovaya-hrom,категория
https://steelborg.ru/catalog/amerikanka-uglovaya-stalnaya,категория
https://steelborg.ru/catalog/amerikanka-uglovaya-polipropilenovaya,категория
https://steelborg.ru/catalog/amerikanka-uglovaya-nikelirovannaya,категория
https://steelborg.ru/catalog/amerikanka-uglovaya-naruzhnaya,категория
https://steelborg.ru/catalog/amerikanka-uglovaya-latunnaya,категория
https://steelborg.ru/catalog/amerikanka-uglovaya-40-mm,категория
https://steelborg.ru/catalog/amerikanka-uglovaya-32-mm,категория
https://steelborg.ru/catalog/amerikanka-uglovaya-34,категория
https://steelborg.ru/catalog/amerikanka-uglovaya-25-mm,категория
https://steelborg.ru/catalog/amerikanka-uglovaya-20-mm,категория
https://steelborg.ru/catalog/amerikanka-uglovaya-2,категория
https://steelborg.ru/catalog/amerikanka-uglovaya-15-mm,категория
https://steelborg.ru/catalog/amerikanka-uglovaya-12,категория
https://steelborg.ru/catalog/amerikanka-uglovaya-1,категория
https://steelborg.ru/catalog/amerikanka-uglovaya-1-14,категория
https://steelborg.ru/catalog/amerikanka-uglovaya,категория
https://steelborg.ru/catalog/amerikanka-pryamaya-chugunnaya,категория
https://steelborg.ru/catalog/amerikanka-pryamaya-hrom,категория
https://steelborg.ru/catalog/amerikanka-pryamaya-nikelirovannaya,категория
https://steelborg.ru/catalog/amerikanka-pryamaya-nerzhaveyuschaya,категория
https://steelborg.ru/catalog/amerikanka-pryamaya-naruzhnaya,категория
https://steelborg.ru/catalog/amerikanka-pryamaya-latunnaya,категория
https://steelborg.ru/catalog/amerikanka-pryamaya-vnutrennyaya,категория
https://steelborg.ru/catalog/amerikanka-pryamaya-aisi-304,категория
https://steelborg.ru/catalog/amerikanka-pryamaya-50-mm,категория
https://steelborg.ru/catalog/amerikanka-pryamaya-40-mm,категория
https://steelborg.ru/catalog/amerikanka-pryamaya-32-mm,категория
https://steelborg.ru/catalog/amerikanka-pryamaya-34,категория
https://steelborg.ru/catalog/amerikanka-pryamaya-25-mm,категория
https://steelborg.ru/catalog/amerikanka-pryamaya-20-mm,категория
https://steelborg.ru/catalog/amerikanka-pryamaya-2,категория
https://steelborg.ru/catalog/amerikanka-pryamaya-15-mm,категория
https://steelborg.ru/catalog/amerikanka-pryamaya-12,категория
https://steelborg.ru/catalog/amerikanka-pryamaya-1,категория
https://steelborg.ru/catalog/amerikanka-pryamaya-1-14,категория
https://steelborg.ru/catalog/amerikanka-pryamaya-1-12,категория
https://steelborg.ru/catalog/amerikanka-pryamaya,категория
https://steelborg.ru/catalog/soedinenie-amerikanka,категория
https://steelborg.ru/catalog/sedelka-elektrosvarnaya-fiksiruyuschaya,категория
https://steelborg.ru/catalog/sedelka-elektrosvarnaya-s-frezoy,категория
https://steelborg.ru/catalog/sedelka-elektrosvarnaya-pe,категория
https://steelborg.ru/catalog/sedelka-elektrosvarnaya-povorotnaya,категория
https://steelborg.ru/catalog/sedelka-elektrosvarnaya-63h32-mm,категория
https://steelborg.ru/catalog/sedelka-elektrosvarnaya-63-mm,категория
https://steelborg.ru/catalog/sedelka-elektrosvarnaya-400h160-mm,категория
https://steelborg.ru/catalog/sedelka-elektrosvarnaya-315-mm,категория
https://steelborg.ru/catalog/sedelka-elektrosvarnaya-160h63-mm,категория
https://steelborg.ru/catalog/sedelka-elektrosvarnaya-160-mm,категория
https://steelborg.ru/catalog/sedelka-elektrosvarnaya-110h63-mm,категория
https://steelborg.ru/catalog/sedelka-elektrosvarnaya-110h32-mm,категория
https://steelborg.ru/catalog/sedelka-elektrosvarnaya-110h110-mm,категория
https://steelborg.ru/catalog/sedelka-elektrosvarnaya,категория
https://steelborg.ru/catalog/sedelka-obzhimnaya-boltovaya,категория
https://steelborg.ru/catalog/sedelka-obzhimnaya-90-mm,категория
https://steelborg.ru/catalog/sedelka-obzhimnaya-50h12,категория
https://steelborg.ru/catalog/sedelka-obzhimnaya-34,категория
https://steelborg.ru/catalog/sedelka-obzhimnaya-160-mm,категория
https://steelborg.ru/catalog/sedelka-obzhimnaya-110-mm,категория
https://steelborg.ru/catalog/sedelka-obzhimnaya-12,категория
https://steelborg.ru/catalog/sedelka-obzhimnaya,категория
https://steelborg.ru/catalog/sedelka-na-trubu-elektrosvarnaya,категория
https://steelborg.ru/catalog/sedelka-na-trubu-chugunnaya,категория
https://steelborg.ru/catalog/sedelka-na-trubu-stalnaya,категория
https://steelborg.ru/catalog/sedelka-na-trubu-s-frezoy,категория
https://steelborg.ru/catalog/sedelka-na-trubu-polietilenovaya-pe,категория
https://steelborg.ru/catalog/sedelka-na-trubu-pnd,категория
https://steelborg.ru/catalog/sedelka-na-trubu-pvh,категория
https://steelborg.ru/catalog/sedelka-na-trubu-kompressionnaya,категория
https://steelborg.ru/catalog/sedelka-na-trubu-90-mm,категория
https://steelborg.ru/catalog/sedelka-na-trubu-75-mm,категория
https://steelborg.ru/catalog/sedelka-na-trubu-63-mm,категория
https://steelborg.ru/catalog/sedelka-na-trubu-50-mm,категория
https://steelborg.ru/catalog/sedelka-na-trubu-40-mm,категория
https://steelborg.ru/catalog/sedelka-na-trubu-32-mm,категория
https://steelborg.ru/catalog/sedelka-na-trubu-34,категория
https://steelborg.ru/catalog/sedelka-na-trubu-25-mm,категория
https://steelborg.ru/catalog/sedelka-na-trubu-225-mm,категория
https://steelborg.ru/catalog/sedelka-na-trubu-20-mm,категория
https://steelborg.ru/catalog/sedelka-na-trubu-160-mm,категория
https://steelborg.ru/catalog/sedelka-na-trubu-150-mm,категория
https://steelborg.ru/catalog/sedelka-na-trubu-125-mm,категория
https://steelborg.ru/catalog/sedelka-na-trubu-110h32-mm,категория
https://steelborg.ru/catalog/sedelka-na-trubu-110-mm,категория
https://steelborg.ru/catalog/sedelka-na-trubu-100-mm,категория
https://steelborg.ru/catalog/sedelka-na-trubu-12,категория
https://steelborg.ru/catalog/sedelka-kompressionnaya-s-otvodom,категория
https://steelborg.ru/catalog/sedelka-kompressionnaya-rezbovaya,категория
https://steelborg.ru/catalog/sedelka-kompressionnaya-polietilenovaya,категория
https://steelborg.ru/catalog/sedelka-kompressionnaya-90-mm,категория
https://steelborg.ru/catalog/sedelka-kompressionnaya-63h1,категория
https://steelborg.ru/catalog/sedelka-kompressionnaya-63-mm,категория
https://steelborg.ru/catalog/sedelka-kompressionnaya-315h2,категория
https://steelborg.ru/catalog/sedelka-kompressionnaya-315-mm,категория
https://steelborg.ru/catalog/sedelka-kompressionnaya-34,категория
https://steelborg.ru/catalog/sedelka-kompressionnaya-225-mm,категория
https://steelborg.ru/catalog/sedelka-kompressionnaya-2,категория
https://steelborg.ru/catalog/sedelka-kompressionnaya-160h4,категория
https://steelborg.ru/catalog/sedelka-kompressionnaya-110h2,категория
https://steelborg.ru/catalog/sedelka-kompressionnaya-110h1,категория
https://steelborg.ru/catalog/sedelka-kompressionnaya-110-mm,категория
https://steelborg.ru/catalog/sedelka-kompressionnaya-12,категория
https://steelborg.ru/catalog/sedelka-kompressionnaya-1,категория
https://steelborg.ru/catalog/sedelka-kompressionnaya-1-14,категория
https://steelborg.ru/catalog/sedelka-kompressionnaya-1-12,категория
https://steelborg.ru/catalog/sedelka-kompressionnaya,категория
https://steelborg.ru/catalog/patrubok-nakladka-sdr-11,категория
https://steelborg.ru/catalog/patrubok-nakladka-90-mm,категория
https://steelborg.ru/catalog/patrubok-nakladka-315-mm,категория
https://steelborg.ru/catalog/patrubok-nakladka-225-mm,категория
https://steelborg.ru/catalog/patrubok-nakladka-2,категория
https://steelborg.ru/catalog/patrubok-nakladka-160-mm,категория
https://steelborg.ru/catalog/patrubok-nakladka-110-mm,категория
https://steelborg.ru/catalog/patrubok-nakladka-1,категория
https://steelborg.ru/catalog/patrubok-nakladka-1-14,категория
https://steelborg.ru/catalog/patrubok-nakladka-1-12,категория
https://steelborg.ru/catalog/patrubok-nakladka,категория
https://steelborg.ru/catalog/sedelka-na-trubu,категория
https://steelborg.ru/catalog/sgon-chernyy,категория
https://steelborg.ru/catalog/sgon-uglovoy,категория
https://steelborg.ru/catalog/sgon-pryamoy,категория
https://steelborg.ru/catalog/sgon-otsinkovannyy,категория
https://steelborg.ru/catalog/sgon-nerzhaveyuschiy-uglovoy-1,категория
https://steelborg.ru/catalog/sgon-nerzhaveyuschiy-aisi-304,категория
https://steelborg.ru/catalog/sgon-nerzhaveyuschiy-80-mm,категория
https://steelborg.ru/catalog/sgon-nerzhaveyuschiy-65-mm,категория
https://steelborg.ru/catalog/sgon-nerzhaveyuschiy-50-mm,категория
https://steelborg.ru/catalog/sgon-nerzhaveyuschiy-40-mm,категория
https://steelborg.ru/catalog/sgon-nerzhaveyuschiy-32-mm,категория
https://steelborg.ru/catalog/sgon-nerzhaveyuschiy-38,категория
https://steelborg.ru/catalog/sgon-nerzhaveyuschiy-34,категория
https://steelborg.ru/catalog/sgon-nerzhaveyuschiy-3,категория
https://steelborg.ru/catalog/sgon-nerzhaveyuschiy-25-mm,категория
https://steelborg.ru/catalog/sgon-nerzhaveyuschiy-20-mm,категория
https://steelborg.ru/catalog/sgon-nerzhaveyuschiy-2,категория
https://steelborg.ru/catalog/sgon-nerzhaveyuschiy-2-12,категория
https://steelborg.ru/catalog/sgon-nerzhaveyuschiy-15-mm,категория
https://steelborg.ru/catalog/sgon-nerzhaveyuschiy-10-mm,категория
https://steelborg.ru/catalog/sgon-nerzhaveyuschiy-12,категория
https://steelborg.ru/catalog/sgon-nerzhaveyuschiy-1,категория
https://steelborg.ru/catalog/sgon-nerzhaveyuschiy-1-14,категория
https://steelborg.ru/catalog/sgon-nerzhaveyuschiy-1-12,категория
https://steelborg.ru/catalog/sgon-nerzhaveyuschiy,категория
https://steelborg.ru/catalog/sgon-naruzhnyy,категория
https://steelborg.ru/catalog/sgon-dlinnyy,категория
https://steelborg.ru/catalog/sgon-vnutrenniy,категория
https://steelborg.ru/catalog/sgon-aisi-304,категория
https://steelborg.ru/catalog/sgon-80-mm,категория
https://steelborg.ru/catalog/sgon-75-mm,категория
https://steelborg.ru/catalog/sgon-65-mm,категория
https://steelborg.ru/catalog/sgon-50-mm,категория
https://steelborg.ru/catalog/sgon-40-mm,категория
https://steelborg.ru/catalog/sgon-4,категория
https://steelborg.ru/catalog/sgon-32-mm,категория
https://steelborg.ru/catalog/sgon-38,категория
https://steelborg.ru/catalog/sgon-34,категория
https://steelborg.ru/catalog/sgon-3,категория
https://steelborg.ru/catalog/sgon-25-mm,категория
https://steelborg.ru/catalog/sgon-20-mm,категория
https://steelborg.ru/catalog/sgon-2,категория
https://steelborg.ru/catalog/sgon-2-12,категория
https://steelborg.ru/catalog/sgon-150-mm,категория
https://steelborg.ru/catalog/sgon-15-mm,категория
https://steelborg.ru/catalog/sgon-110-mm,категория
https://steelborg.ru/catalog/sgon-100-mm,категория
https://steelborg.ru/catalog/sgon-10-mm,категория
https://steelborg.ru/catalog/sgon-12,категория
https://steelborg.ru/catalog/sgon-1,категория
https://steelborg.ru/catalog/sgon-1-14,категория
https://steelborg.ru/catalog/sgon-1-12,категория
https://steelborg.ru/catalog/sgon,категория
https://steelborg.ru/catalog/reviziya-dlya-trub-chugunnaya,категория
https://steelborg.ru/catalog/reviziya-dlya-trub-stalnaya,категория
https://steelborg.ru/catalog/reviziya-dlya-trub-rastrubnaya,категория
https://steelborg.ru/catalog/reviziya-dlya-trub-polipropilenovaya,категория
https://steelborg.ru/catalog/reviziya-dlya-trub-pvh,категория
https://steelborg.ru/catalog/reviziya-dlya-trub-npvh,категория
https://steelborg.ru/catalog/reviziya-dlya-trub-75-mm,категория
https://steelborg.ru/catalog/reviziya-dlya-trub-50-mm,категория
https://steelborg.ru/catalog/reviziya-dlya-trub-45-gradusov,категория
https://steelborg.ru/catalog/reviziya-dlya-trub-315-mm,категория
https://steelborg.ru/catalog/reviziya-dlya-trub-250-mm,категория
https://steelborg.ru/catalog/reviziya-dlya-trub-200-mm,категория
https://steelborg.ru/catalog/reviziya-dlya-trub-160-mm,категория
https://steelborg.ru/catalog/reviziya-dlya-trub-150-mm,категория
https://steelborg.ru/catalog/reviziya-dlya-trub-125-mm,категория
https://steelborg.ru/catalog/reviziya-dlya-trub-110-mm,категория
https://steelborg.ru/catalog/reviziya-dlya-trub-100-mm,категория
https://steelborg.ru/catalog/reviziya-dlya-trub,категория
https://steelborg.ru/catalog/perehodnik-chugunnyy-hrf,категория
https://steelborg.ru/catalog/perehodnik-chugunnyy-flantsevyy-hf,категория
https://steelborg.ru/catalog/perehodnik-chugunnyy-rastrubnyygladkiy-konets-hrg,категория
https://steelborg.ru/catalog/perehodnik-chugunnyy-rastrubnyy-hr,категория
https://steelborg.ru/catalog/perehodnik-chugunnyy-kanalizatsionnyy,категория
https://steelborg.ru/catalog/perehodnik-chugunnyy-vchshg,категория
https://steelborg.ru/catalog/perehodnik-chugunnyy-sml,категория
https://steelborg.ru/catalog/perehodnik-chugunnyy-600-mm,категория
https://steelborg.ru/catalog/perehodnik-chugunnyy-500-mm,категория
https://steelborg.ru/catalog/perehodnik-chugunnyy-50-mm,категория
https://steelborg.ru/catalog/perehodnik-chugunnyy-400-mm,категория
https://steelborg.ru/catalog/perehodnik-chugunnyy-300-mm,категория
https://steelborg.ru/catalog/perehodnik-chugunnyy-250-mm,категория
https://steelborg.ru/catalog/perehodnik-chugunnyy-200-mm,категория
https://steelborg.ru/catalog/perehodnik-chugunnyy-150-mm,категория
https://steelborg.ru/catalog/perehodnik-chugunnyy-110-mm,категория
https://steelborg.ru/catalog/perehodnik-chugunnyy-100-mm,категория
https://steelborg.ru/catalog/perehodnik-chugunnyy,категория
https://steelborg.ru/catalog/perehodnik-pe-100,категория
https://steelborg.ru/catalog/perehodnik-polietilenovyy,категория
https://steelborg.ru/catalog/perehodnik-plastikovyy-elektrosvarnoy,категория
https://steelborg.ru/catalog/perehodnik-plastikovyy-litoy,категория
https://steelborg.ru/catalog/perehodnik-plastikovyy-kanalizatsionnyy,категория
https://steelborg.ru/catalog/perehodnik-plastikovyy-dlinnyy,категория
https://steelborg.ru/catalog/perehodnik-plastikovyy-63-mm,категория
https://steelborg.ru/catalog/perehodnik-plastikovyy-6-14,категория
https://steelborg.ru/catalog/perehodnik-plastikovyy-50-mm,категория
https://steelborg.ru/catalog/perehodnik-plastikovyy-4-14,категория
https://steelborg.ru/catalog/perehodnik-plastikovyy-32-mm,категория
https://steelborg.ru/catalog/perehodnik-plastikovyy-34,категория
https://steelborg.ru/catalog/perehodnik-plastikovyy-25-mm,категория
https://steelborg.ru/catalog/perehodnik-plastikovyy-20-mm,категория
https://steelborg.ru/catalog/perehodnik-plastikovyy-2-12,категория
https://steelborg.ru/catalog/perehodnik-plastikovyy-160-mm,категория
https://steelborg.ru/catalog/perehodnik-plastikovyy-150-mm,категория
https://steelborg.ru/catalog/perehodnik-plastikovyy-110-mm,категория
https://steelborg.ru/catalog/perehodnik-plastikovyy-100-mm,категория
https://steelborg.ru/catalog/perehodnik-plastikovyy-12,категория
https://steelborg.ru/catalog/perehodnik-plastikovyy-1,категория
https://steelborg.ru/catalog/perehodnik-plastikovyy-1-14,категория
https://steelborg.ru/catalog/perehodnik-plastikovyy,категория
https://steelborg.ru/catalog/perehodnik-nerzhaveyuschiy-elektrosvarnoy,категория
https://steelborg.ru/catalog/perehodnik-nerzhaveyuschiy-ekstsentricheskiy,категория
https://steelborg.ru/catalog/perehodnik-nerzhaveyuschiy-kontsentricheskiy,категория
https://steelborg.ru/catalog/perehodnik-nerzhaveyuschiy-konicheskiy,категория
https://steelborg.ru/catalog/perehodnik-nerzhaveyuschiy-besshovnyy,категория
https://steelborg.ru/catalog/perehodnik-nerzhaveyuschiy-aisi-316l,категория
https://steelborg.ru/catalog/perehodnik-nerzhaveyuschiy-aisi-316,категория
https://steelborg.ru/catalog/perehodnik-nerzhaveyuschiy-aisi-304,категория
https://steelborg.ru/catalog/perehodnik-nerzhaveyuschiy-12h18n10t,категория
https://steelborg.ru/catalog/perehodnik-nerzhaveyuschiy-10h17n13m2t,категория
https://steelborg.ru/catalog/perehodnik-nerzhaveyuschiy,категория
https://steelborg.ru/catalog/perehodnik-dlya-trub-elektrosvarnoy,категория
https://steelborg.ru/catalog/perehodnik-dlya-trub-ekstsentricheskiy,категория
https://steelborg.ru/catalog/perehodnik-dlya-trub-reduktsionnyy,категория
https://steelborg.ru/catalog/perehodnik-dlya-trub-pe-100,категория
https://steelborg.ru/catalog/perehodnik-dlya-trub-pvh,категория
https://steelborg.ru/catalog/perehodnik-dlya-trub-litoy,категория
https://steelborg.ru/catalog/perehodnik-dlya-trub-kontsentricheskiy,категория
https://steelborg.ru/catalog/perehodnik-dlya-trub-kanalizatsionnyy,категория
https://steelborg.ru/catalog/perehodnik-dlya-trub-dlinnyy,категория
https://steelborg.ru/catalog/perehodnik-dlya-trub-vchshg,категория
https://steelborg.ru/catalog/perehodnik-dlya-trub-besshovnyy,категория
https://steelborg.ru/catalog/perehodnik-dlya-trub-aisi-316l,категория
https://steelborg.ru/catalog/perehodnik-dlya-trub-aisi-316,категория
https://steelborg.ru/catalog/perehodnik-dlya-trub-aisi-304,категория
https://steelborg.ru/catalog/perehodnik-dlya-trub-90-mm,категория
https://steelborg.ru/catalog/perehodnik-dlya-trub-75-mm,категория
https://steelborg.ru/catalog/perehodnik-dlya-trub-6-14,категория
https://steelborg.ru/catalog/perehodnik-dlya-trub-50-mm,категория
https://steelborg.ru/catalog/perehodnik-dlya-trub-40-mm,категория
https://steelborg.ru/catalog/perehodnik-dlya-trub-4-14,категория
https://steelborg.ru/catalog/perehodnik-dlya-trub-32-mm,категория
https://steelborg.ru/catalog/perehodnik-dlya-trub-34,категория
https://steelborg.ru/catalog/perehodnik-dlya-trub-25-mm,категория
https://steelborg.ru/catalog/perehodnik-dlya-trub-200-mm,категория
https://steelborg.ru/catalog/perehodnik-dlya-trub-20-mm,категория
https://steelborg.ru/catalog/perehodnik-dlya-trub-2,категория
https://steelborg.ru/catalog/perehodnik-dlya-trub-160-mm,категория
https://steelborg.ru/catalog/perehodnik-dlya-trub-16-mm,категория
https://steelborg.ru/catalog/perehodnik-dlya-trub-150-mm,категория
https://steelborg.ru/catalog/perehodnik-dlya-trub-12h18n10t,категория
https://steelborg.ru/catalog/perehodnik-dlya-trub-110-mm,категория
https://steelborg.ru/catalog/perehodnik-dlya-trub-10h17n13m2t,категория
https://steelborg.ru/catalog/perehodnik-dlya-trub-100-mm,категория
https://steelborg.ru/catalog/perehodnik-dlya-trub-12,категория
https://steelborg.ru/catalog/perehodnik-dlya-trub-1,категория
https://steelborg.ru/catalog/perehodnik-dlya-trub-1-14,категория
https://steelborg.ru/catalog/perehod-titanovyy,категория
https://steelborg.ru/catalog/perehod-polipropilenovyy-ekstsentricheskiy,категория
https://steelborg.ru/catalog/perehod-polipropilenovyy-reduktsionnyy,категория
https://steelborg.ru/catalog/perehod-polipropilenovyy-pp,категория
https://steelborg.ru/catalog/perehod-polipropilenovyy-ppr,категория
https://steelborg.ru/catalog/perehod-polipropilenovyy-50-mm,категория
https://steelborg.ru/catalog/perehod-polipropilenovyy-32-mm,категория
https://steelborg.ru/catalog/perehod-polipropilenovyy-34,категория
https://steelborg.ru/catalog/perehod-polipropilenovyy-25-mm,категория
https://steelborg.ru/catalog/perehod-polipropilenovyy-20-mm,категория
https://steelborg.ru/catalog/perehod-polipropilenovyy-2,категория
https://steelborg.ru/catalog/perehod-polipropilenovyy-1-12,категория
https://steelborg.ru/catalog/perehod-polipropilenovyy,категория
https://steelborg.ru/catalog/perehod-metalloplastik-press,категория
https://steelborg.ru/catalog/perehod-metalloplastik-20-mm,категория
https://steelborg.ru/catalog/perehod-metalloplastik-16-mm,категория
https://steelborg.ru/catalog/perehod-metalloplastik-12,категория
https://steelborg.ru/catalog/perehod-metalloplastik,категория
https://steelborg.ru/catalog/perehod-mednyy-odnorastrubnyy,категория
https://steelborg.ru/catalog/perehod-mednyy-vnutrennyaya-payka-naruzhnaya-rezba,категория
https://steelborg.ru/catalog/perehod-mednyy-vnutrennyaya-payka-naruzhnaya-payka,категория
https://steelborg.ru/catalog/perehod-mednyy-vnutrennyaya-payka-vnutrennyaya-rezba,категория
https://steelborg.ru/catalog/perehod-mednyy-90-mm,категория
https://steelborg.ru/catalog/perehod-mednyy-78,категория
https://steelborg.ru/catalog/perehod-mednyy-54-mm,категория
https://steelborg.ru/catalog/perehod-mednyy-50-mm,категория
https://steelborg.ru/catalog/perehod-mednyy-58,категория
https://steelborg.ru/catalog/perehod-mednyy-42-mm,категория
https://steelborg.ru/catalog/perehod-mednyy-40-mm,категория
https://steelborg.ru/catalog/perehod-mednyy-35-mm,категория
https://steelborg.ru/catalog/perehod-mednyy-32-mm,категория
https://steelborg.ru/catalog/perehod-mednyy-38,категория
https://steelborg.ru/catalog/perehod-mednyy-34,категория
https://steelborg.ru/catalog/perehod-mednyy-3-18,категория
https://steelborg.ru/catalog/perehod-mednyy-28-mm,категория
https://steelborg.ru/catalog/perehod-mednyy-22-mm,категория
https://steelborg.ru/catalog/perehod-mednyy-20-mm,категория
https://steelborg.ru/catalog/perehod-mednyy-2-58,категория
https://steelborg.ru/catalog/perehod-mednyy-2-18,категория
https://steelborg.ru/catalog/perehod-mednyy-18-mm,категория
https://steelborg.ru/catalog/perehod-mednyy-16-mm,категория
https://steelborg.ru/catalog/perehod-mednyy-15-mm,категория
https://steelborg.ru/catalog/perehod-mednyy-10-mm,категория
https://steelborg.ru/catalog/perehod-mednyy-12,категория
https://steelborg.ru/catalog/perehod-mednyy-1-58,категория
https://steelborg.ru/catalog/perehod-mednyy-1-38,категория
https://steelborg.ru/catalog/perehod-mednyy-1-18,категория
https://steelborg.ru/catalog/perehod-mednyy,категория
https://steelborg.ru/catalog/perehod-latunnyy-naruzhnaya-rezba,категория
https://steelborg.ru/catalog/perehod-latunnyy-gayka-shtutser,категория
https://steelborg.ru/catalog/perehod-latunnyy-vnutrennyaya-rezba,категория
https://steelborg.ru/catalog/perehod-latunnyy-vnutrennyaya-i-naruzhnaya-rezba,категория
https://steelborg.ru/catalog/perehod-latunnyy-40-mm,категория
https://steelborg.ru/catalog/perehod-latunnyy-32-mm,категория
https://steelborg.ru/catalog/perehod-latunnyy-34h12,категория
https://steelborg.ru/catalog/perehod-latunnyy-34,категория
https://steelborg.ru/catalog/perehod-latunnyy-25-mm,категория
https://steelborg.ru/catalog/perehod-latunnyy-20-mm,категория
https://steelborg.ru/catalog/perehod-latunnyy-2,категория
https://steelborg.ru/catalog/perehod-latunnyy-15-mm,категория
https://steelborg.ru/catalog/perehod-latunnyy-12h14,категория
https://steelborg.ru/catalog/perehod-latunnyy-12,категория
https://steelborg.ru/catalog/perehod-latunnyy-1,категория
https://steelborg.ru/catalog/perehod-latunnyy-1-34,категория
https://steelborg.ru/catalog/perehod-latunnyy-1-14,категория
https://steelborg.ru/catalog/perehod-latunnyy-1-12,категория
https://steelborg.ru/catalog/perehod-latunnyy,категория
https://steelborg.ru/catalog/perehodnik-dlya-trub,категория
https://steelborg.ru/catalog/patrubok-flanets-chugunnyy,категория
https://steelborg.ru/catalog/patrubok-flanets-stalnoy,категория
https://steelborg.ru/catalog/patrubok-flanets-pe,категория
https://steelborg.ru/catalog/patrubok-flanets-pvh,категория
https://steelborg.ru/catalog/patrubok-flanets-80-mm,категория
https://steelborg.ru/catalog/patrubok-flanets-65-mm,категория
https://steelborg.ru/catalog/patrubok-flanets-500-mm,категория
https://steelborg.ru/catalog/patrubok-flanets-50-mm,категория
https://steelborg.ru/catalog/patrubok-flanets-400-mm,категория
https://steelborg.ru/catalog/patrubok-flanets-300-mm,категория
https://steelborg.ru/catalog/patrubok-flanets-250-mm,категория
https://steelborg.ru/catalog/patrubok-flanets-200-mm,категория
https://steelborg.ru/catalog/patrubok-flanets-150-mm,категория
https://steelborg.ru/catalog/patrubok-flanets-125-mm,категория
https://steelborg.ru/catalog/patrubok-flanets-110-mm,категория
https://steelborg.ru/catalog/patrubok-flanets-100-mm,категория
https://steelborg.ru/catalog/patrubok-flanets,категория
https://steelborg.ru/catalog/patrubok-slivnoy,категория
https://steelborg.ru/catalog/patrubok-kompensatsionnyy-chugunnyy,категория
https://steelborg.ru/catalog/patrubok-kompensatsionnyy-seryy-110-mm,категория
https://steelborg.ru/catalog/patrubok-kompensatsionnyy-rastrubnyy,категория
https://steelborg.ru/catalog/patrubok-kompensatsionnyy-rastrub-s-perehodom,категория
https://steelborg.ru/catalog/patrubok-kompensatsionnyy-pfrk,категория
https://steelborg.ru/catalog/patrubok-kompensatsionnyy-polipropilenovyy,категория
https://steelborg.ru/catalog/patrubok-kompensatsionnyy-pnd,категория
https://steelborg.ru/catalog/patrubok-kompensatsionnyy-npvh,категория
https://steelborg.ru/catalog/patrubok-kompensatsionnyy-naruzhnyy,категория
https://steelborg.ru/catalog/patrubok-kompensatsionnyy-kanalizatsionnyy,категория
https://steelborg.ru/catalog/patrubok-kompensatsionnyy-vnutrenniy,категория
https://steelborg.ru/catalog/patrubok-kompensatsionnyy-50-mm,категория
https://steelborg.ru/catalog/patrubok-kompensatsionnyy-40-mm,категория
https://steelborg.ru/catalog/patrubok-kompensatsionnyy-185h110-mm,категория
https://steelborg.ru/catalog/patrubok-kompensatsionnyy-150-mm,категория
https://steelborg.ru/catalog/patrubok-kompensatsionnyy-110-mm,категория
https://steelborg.ru/catalog/patrubok-kompensatsionnyy-100-mm,категория
https://steelborg.ru/catalog/patrubok-kompensatsionnyy,категория
https://steelborg.ru/catalog/patrubok-dlya-trub-chugunnyy,категория
https://steelborg.ru/catalog/patrubok-dlya-trub-stalnoy,категория
https://steelborg.ru/catalog/patrubok-dlya-trub-s-muftoy,категория
https://steelborg.ru/catalog/patrubok-dlya-trub-rastrubnyy,категория
https://steelborg.ru/catalog/patrubok-dlya-trub-rastrub-gladkiy-konets,категория
https://steelborg.ru/catalog/patrubok-dlya-trub-rastrub-s-perehodom,категория
https://steelborg.ru/catalog/patrubok-dlya-trub-pe-100,категория
https://steelborg.ru/catalog/patrubok-dlya-trub-polietilenovyy,категория
https://steelborg.ru/catalog/patrubok-dlya-trub-polipropilenovyy,категория
https://steelborg.ru/catalog/patrubok-dlya-trub-pod-payku,категория
https://steelborg.ru/catalog/patrubok-dlya-trub-perehodnoy,категория
https://steelborg.ru/catalog/patrubok-dlya-trub-pvh,категория
https://steelborg.ru/catalog/patrubok-dlya-trub-npvh,категория
https://steelborg.ru/catalog/patrubok-dlya-trub-napornyy,категория
https://steelborg.ru/catalog/patrubok-dlya-trub-nakladka,категория
https://steelborg.ru/catalog/patrubok-dlya-trub-kanalizatsionnyy,категория
https://steelborg.ru/catalog/patrubok-dlya-trub-dvuhrastrubnyy,категория
https://steelborg.ru/catalog/patrubok-dlya-trub-80-mm,категория
https://steelborg.ru/catalog/patrubok-dlya-trub-50-mm,категория
https://steelborg.ru/catalog/patrubok-dlya-trub-400-mm,категория
https://steelborg.ru/catalog/patrubok-dlya-trub-32-mm,категория
https://steelborg.ru/catalog/patrubok-dlya-trub-300-mm,категория
https://steelborg.ru/catalog/patrubok-dlya-trub-250-mm,категория
https://steelborg.ru/catalog/patrubok-dlya-trub-200-mm,категория
https://steelborg.ru/catalog/patrubok-dlya-trub-150-mm,категория
https://steelborg.ru/catalog/patrubok-dlya-trub-110-mm,категория
https://steelborg.ru/catalog/patrubok-dlya-trub-100-mm,категория
https://steelborg.ru/catalog/patrubok-dlya-trub,категория
https://steelborg.ru/catalog/otstup-chugunnyy,категория
https://steelborg.ru/catalog/otvod-elektrosvarnoy,категория
https://steelborg.ru/catalog/otvod-chugunnyy-flantsevyy,категория
https://steelborg.ru/catalog/otvod-chugunnyy-s-rastrub-gladkim-kontsom,категория
https://steelborg.ru/catalog/otvod-chugunnyy-rezbovoy,категория
https://steelborg.ru/catalog/otvod-chugunnyy-rastrubnyy,категория
https://steelborg.ru/catalog/otvod-chugunnyy-otsinkovannyy,категория
https://steelborg.ru/catalog/otvod-chugunnyy-kanalizatsionnyy,категория
https://steelborg.ru/catalog/otvod-chugunnyy-vchshg,категория
https://steelborg.ru/catalog/otvod-chugunnyy-bezrastrubnyy,категория
https://steelborg.ru/catalog/otvod-chugunnyy-90-gradusov,категория
https://steelborg.ru/catalog/otvod-chugunnyy-600-mm,категория
https://steelborg.ru/catalog/otvod-chugunnyy-60-gradusov,категория
https://steelborg.ru/catalog/otvod-chugunnyy-6,категория
https://steelborg.ru/catalog/otvod-chugunnyy-500-mm,категория
https://steelborg.ru/catalog/otvod-chugunnyy-50-mm,категория
https://steelborg.ru/catalog/otvod-chugunnyy-45-gradusov,категория
https://steelborg.ru/catalog/otvod-chugunnyy-400-mm,категория
https://steelborg.ru/catalog/otvod-chugunnyy-40-mm,категория
https://steelborg.ru/catalog/otvod-chugunnyy-4,категория
https://steelborg.ru/catalog/otvod-chugunnyy-300-mm,категория
https://steelborg.ru/catalog/otvod-chugunnyy-30-gradusov,категория
https://steelborg.ru/catalog/otvod-chugunnyy-34,категория
https://steelborg.ru/catalog/otvod-chugunnyy-250-mm,категория
https://steelborg.ru/catalog/otvod-chugunnyy-200-mm,категория
https://steelborg.ru/catalog/otvod-chugunnyy-2,категория
https://steelborg.ru/catalog/otvod-chugunnyy-150-mm,категория
https://steelborg.ru/catalog/otvod-chugunnyy-15-gradusov,категория
https://steelborg.ru/catalog/otvod-chugunnyy-135-mm,категория
https://steelborg.ru/catalog/otvod-chugunnyy-100-mm,категория
https://steelborg.ru/catalog/otvod-chugunnyy-10-gradusov,категория
https://steelborg.ru/catalog/otvod-chugunnyy,категория
https://steelborg.ru/catalog/otvod-chernyy,категория
https://steelborg.ru/catalog/otvod-flantsevyy,категория
https://steelborg.ru/catalog/otvod-udlinennyy,категория
https://steelborg.ru/catalog/otvod-titanovyy,категория
https://steelborg.ru/catalog/otvod-t-obraznyy,категория
https://steelborg.ru/catalog/otvod-stalnoy-elektrosvarnoy,категория
https://steelborg.ru/catalog/otvod-stalnoy-chernyy,категория
https://steelborg.ru/catalog/otvod-stalnoy-flantsevyy,категория
https://steelborg.ru/catalog/otvod-stalnoy-st20,категория
https://steelborg.ru/catalog/otvod-stalnoy-sektsionnyy,категория
https://steelborg.ru/catalog/otvod-stalnoy-rezbovoy,категория
https://steelborg.ru/catalog/otvod-stalnoy-privarnoy,категория
https://steelborg.ru/catalog/otvod-stalnoy-gnutyy,категория
https://steelborg.ru/catalog/otvod-stalnoy-90-mm,категория
https://steelborg.ru/catalog/otvod-stalnoy-90-gradusov,категория
https://steelborg.ru/catalog/otvod-stalnoy-89h4-mm,категория
https://steelborg.ru/catalog/otvod-stalnoy-89-mm,категория
https://steelborg.ru/catalog/otvod-stalnoy-80-mm,категория
https://steelborg.ru/catalog/otvod-stalnoy-8-mm,категория
https://steelborg.ru/catalog/otvod-stalnoy-76-mm,категория
https://steelborg.ru/catalog/otvod-stalnoy-65-mm,категория
https://steelborg.ru/catalog/otvod-stalnoy-60-mm,категория
https://steelborg.ru/catalog/otvod-stalnoy-60-gradusov,категория
https://steelborg.ru/catalog/otvod-stalnoy-6-mm,категория
https://steelborg.ru/catalog/otvod-stalnoy-57h3-mm,категория
https://steelborg.ru/catalog/otvod-stalnoy-57-mm,категория
https://steelborg.ru/catalog/otvod-stalnoy-530-mm,категория
https://steelborg.ru/catalog/otvod-stalnoy-50-mm,категория
https://steelborg.ru/catalog/otvod-stalnoy-5-mm,категория
https://steelborg.ru/catalog/otvod-stalnoy-45-mm,категория
https://steelborg.ru/catalog/otvod-stalnoy-45-gradusov,категория
https://steelborg.ru/catalog/otvod-stalnoy-42-mm,категория
https://steelborg.ru/catalog/otvod-stalnoy-40-mm,категория
https://steelborg.ru/catalog/otvod-stalnoy-4-mm,категория
https://steelborg.ru/catalog/otvod-stalnoy-32h3-mm,категория
https://steelborg.ru/catalog/otvod-stalnoy-30-gradusov,категория
https://steelborg.ru/catalog/otvod-stalnoy-34,категория
https://steelborg.ru/catalog/otvod-stalnoy-3-d-5-mm,категория
https://steelborg.ru/catalog/otvod-stalnoy-273-mm,категория
https://steelborg.ru/catalog/otvod-stalnoy-250-mm,категория
https://steelborg.ru/catalog/otvod-stalnoy-25-mm,категория
https://steelborg.ru/catalog/otvod-stalnoy-219-mm,категория
https://steelborg.ru/catalog/otvod-stalnoy-200-mm,категория
https://steelborg.ru/catalog/otvod-stalnoy-20-mm,категория
https://steelborg.ru/catalog/otvod-stalnoy-20-gradusov,категория
https://steelborg.ru/catalog/otvod-stalnoy-2,категория
https://steelborg.ru/catalog/otvod-stalnoy-180-mm,категория
https://steelborg.ru/catalog/otvod-stalnoy-159-mm,категория
https://steelborg.ru/catalog/otvod-stalnoy-150-mm,категория
https://steelborg.ru/catalog/otvod-stalnoy-15-mm,категория
https://steelborg.ru/catalog/otvod-stalnoy-14-mm,категория
https://steelborg.ru/catalog/otvod-stalnoy-133-mm,категория
https://steelborg.ru/catalog/otvod-stalnoy-125-mm,категория
https://steelborg.ru/catalog/otvod-stalnoy-12-mm,категория
https://steelborg.ru/catalog/otvod-stalnoy-114-mm,категория
https://steelborg.ru/catalog/otvod-stalnoy-108h4-mm,категория
https://steelborg.ru/catalog/otvod-stalnoy-108-mm,категория
https://steelborg.ru/catalog/otvod-stalnoy-1000-mm,категория
https://steelborg.ru/catalog/otvod-stalnoy-100-mm,категория
https://steelborg.ru/catalog/otvod-stalnoy-10-mm,категория
https://steelborg.ru/catalog/otvod-stalnoy-12,категория
https://steelborg.ru/catalog/otvod-stalnoy-1,категория
https://steelborg.ru/catalog/otvod-stalnoy-09g2s,категория
https://steelborg.ru/catalog/otvod-stalnoy,категория
https://steelborg.ru/catalog/otvod-st20,категория
https://steelborg.ru/catalog/otvod-sedlovoy,категория
https://steelborg.ru/catalog/otvod-svarnoy,категория
https://steelborg.ru/catalog/otvod-rezbovoy-stalnoy,категория
https://steelborg.ru/catalog/otvod-rezbovoy-st20,категория
https://steelborg.ru/catalog/otvod-rezbovoy-krutoizognutyy,категория
https://steelborg.ru/catalog/otvod-rezbovoy-dlinnyy,категория
https://steelborg.ru/catalog/otvod-rezbovoy-gnutyy,категория
https://steelborg.ru/catalog/otvod-rezbovoy-90-gradusov,категория
https://steelborg.ru/catalog/otvod-rezbovoy-50-mm,категория
https://steelborg.ru/catalog/otvod-rezbovoy-45-gradusov,категория
https://steelborg.ru/catalog/otvod-rezbovoy-42-d-3-mm,категория
https://steelborg.ru/catalog/otvod-rezbovoy-40-mm,категория
https://steelborg.ru/catalog/otvod-rezbovoy-33-d-5-mm,категория
https://steelborg.ru/catalog/otvod-rezbovoy-32-mm,категория
https://steelborg.ru/catalog/otvod-rezbovoy-3-d-5-mm,категория
https://steelborg.ru/catalog/otvod-rezbovoy-3-mm,категория
https://steelborg.ru/catalog/otvod-rezbovoy-25-mm,категория
https://steelborg.ru/catalog/otvod-rezbovoy-20-mm,категория
https://steelborg.ru/catalog/otvod-rezbovoy-2-d-8-mm,категория
https://steelborg.ru/catalog/otvod-rezbovoy-2-d-5-mm,категория
https://steelborg.ru/catalog/otvod-rezbovoy-2-mm,категория
https://steelborg.ru/catalog/otvod-rezbovoy-15-mm,категория
https://steelborg.ru/catalog/otvod-rezbovoy,категория
https://steelborg.ru/catalog/otvod-pe-100,категория
https://steelborg.ru/catalog/otvod-pe-elektrosvarnoy,категория
https://steelborg.ru/catalog/otvod-pe-udlinennyy,категория
https://steelborg.ru/catalog/otvod-pe-trehsektsionnyy,категория
https://steelborg.ru/catalog/otvod-pe-sedlovoy,категория
https://steelborg.ru/catalog/otvod-pe-svarnoy,категория
https://steelborg.ru/catalog/otvod-pe-privarnoy,категория
https://steelborg.ru/catalog/otvod-pe-litoy,категория
https://steelborg.ru/catalog/otvod-pe-kompressionnyy,категория
https://steelborg.ru/catalog/otvod-pe-dvuhsektsionnyy,категория
https://steelborg.ru/catalog/otvod-pe-90h50-mm,категория
https://steelborg.ru/catalog/otvod-pe-90h32-mm,категория
https://steelborg.ru/catalog/otvod-pe-90-gradusov,категория
https://steelborg.ru/catalog/otvod-pe-630-mm,категория
https://steelborg.ru/catalog/otvod-pe-63-mm,категория
https://steelborg.ru/catalog/otvod-pe-60-gradusov,категория
https://steelborg.ru/catalog/otvod-pe-45-gradusov,категория
https://steelborg.ru/catalog/otvod-pe-32-mm,категория
https://steelborg.ru/catalog/otvod-pe-315-mm,категория
https://steelborg.ru/catalog/otvod-pe-30-gradusov,категория
https://steelborg.ru/catalog/otvod-pe-225-mm,категория
https://steelborg.ru/catalog/otvod-pe-20-mm,категория
https://steelborg.ru/catalog/otvod-pe-160-mm,категория
https://steelborg.ru/catalog/otvod-pe-15-gradusov,категория
https://steelborg.ru/catalog/otvod-pe-110h90-mm,категория
https://steelborg.ru/catalog/otvod-pe-110-mm,категория
https://steelborg.ru/catalog/otvod-pe,категория
https://steelborg.ru/catalog/otvod-pryamoy,категория
https://steelborg.ru/catalog/otvod-privarnoy,категория
https://steelborg.ru/catalog/otvod-pp-sedlovoy,категория
https://steelborg.ru/catalog/otvod-pp-pryamoy,категория
https://steelborg.ru/catalog/otvod-pp-naruzhnaya-rezba,категория
https://steelborg.ru/catalog/otvod-pp-kompressionnyy,категория
https://steelborg.ru/catalog/otvod-pp-kanalizatsionnyy,категория
https://steelborg.ru/catalog/otvod-pp-vnutrennyaya-rezba,категория
https://steelborg.ru/catalog/otvod-pp-90-mm,категория
https://steelborg.ru/catalog/otvod-pp-90-gradusov,категория
https://steelborg.ru/catalog/otvod-pp-87-d-5-gradusov,категория
https://steelborg.ru/catalog/otvod-pp-87-gradusov,категория
https://steelborg.ru/catalog/otvod-pp-75-mm,категория
https://steelborg.ru/catalog/otvod-pp-67-gradusov,категория
https://steelborg.ru/catalog/otvod-pp-63-mm,категория
https://steelborg.ru/catalog/otvod-pp-50-mm,категория
https://steelborg.ru/catalog/otvod-pp-45-gradusov,категория
https://steelborg.ru/catalog/otvod-pp-40-mm,категория
https://steelborg.ru/catalog/otvod-pp-32-mm,категория
https://steelborg.ru/catalog/otvod-pp-30-gradusov,категория
https://steelborg.ru/catalog/otvod-pp-25-mm,категория
https://steelborg.ru/catalog/otvod-pp-200-mm,категория
https://steelborg.ru/catalog/otvod-pp-20-mm,категория
https://steelborg.ru/catalog/otvod-pp-2,категория
https://steelborg.ru/catalog/otvod-pp-160-mm,категория
https://steelborg.ru/catalog/otvod-pp-15-gradusov,категория
https://steelborg.ru/catalog/otvod-pp-110h90-mm,категория
https://steelborg.ru/catalog/otvod-pp-110h50-mm,категория
https://steelborg.ru/catalog/otvod-pp-110-mm,категория
https://steelborg.ru/catalog/otvod-pp-1-14,категория
https://steelborg.ru/catalog/otvod-pp-1-12,категория
https://steelborg.ru/catalog/otvod-pp,категория
https://steelborg.ru/catalog/otvod-pnd-elektrosvarnoy,категория
https://steelborg.ru/catalog/otvod-pnd-soedinitelnyy,категория
https://steelborg.ru/catalog/otvod-pnd-s-naruzhnoy-rezboy,категория
https://steelborg.ru/catalog/otvod-pnd-s-vnutrenney-rezboy,категория
https://steelborg.ru/catalog/otvod-pnd-rastrubnyy,категория
https://steelborg.ru/catalog/otvod-pnd-perehodnoy,категория
https://steelborg.ru/catalog/otvod-pnd-litoy,категория
https://steelborg.ru/catalog/otvod-pnd-kompressionnyy,категория
https://steelborg.ru/catalog/otvod-pnd-90-mm,категория
https://steelborg.ru/catalog/otvod-pnd-90-gradusov,категория
https://steelborg.ru/catalog/otvod-pnd-75-mm,категория
https://steelborg.ru/catalog/otvod-pnd-63-mm,категория
https://steelborg.ru/catalog/otvod-pnd-50-mm,категория
https://steelborg.ru/catalog/otvod-pnd-45-gradusov,категория
https://steelborg.ru/catalog/otvod-pnd-40h1-14,категория
https://steelborg.ru/catalog/otvod-pnd-40-mm,категория
https://steelborg.ru/catalog/otvod-pnd-32h34,категория
https://steelborg.ru/catalog/otvod-pnd-32h1,категория
https://steelborg.ru/catalog/otvod-pnd-32-mm,категория
https://steelborg.ru/catalog/otvod-pnd-34,категория
https://steelborg.ru/catalog/otvod-pnd-25h34,категория
https://steelborg.ru/catalog/otvod-pnd-25h12,категория
https://steelborg.ru/catalog/otvod-pnd-25h1,категория
https://steelborg.ru/catalog/otvod-pnd-25-mm,категория
https://steelborg.ru/catalog/otvod-pnd-20h34,категория
https://steelborg.ru/catalog/otvod-pnd-20h12,категория
https://steelborg.ru/catalog/otvod-pnd-20-mm,категория
https://steelborg.ru/catalog/otvod-pnd-2,категория
https://steelborg.ru/catalog/otvod-pnd-160-mm,категория
https://steelborg.ru/catalog/otvod-pnd-110-mm,категория
https://steelborg.ru/catalog/otvod-pnd-1,категория
https://steelborg.ru/catalog/otvod-pnd,категория
https://steelborg.ru/catalog/otvod-plastikovyy-elektrosvarnoy,категория
https://steelborg.ru/catalog/otvod-plastikovyy-udlinennyy,категория
https://steelborg.ru/catalog/otvod-plastikovyy-sedlovoy,категория
https://steelborg.ru/catalog/otvod-plastikovyy-privarnoy,категория
https://steelborg.ru/catalog/otvod-plastikovyy-naruzhnaya-rezba,категория
https://steelborg.ru/catalog/otvod-plastikovyy-litoy,категория
https://steelborg.ru/catalog/otvod-plastikovyy-kompressionnyy,категория
https://steelborg.ru/catalog/otvod-plastikovyy-kanalizatsionnyy,категория
https://steelborg.ru/catalog/otvod-plastikovyy-vnutrennyaya-rezba,категория
https://steelborg.ru/catalog/otvod-plastikovyy-90-mm,категория
https://steelborg.ru/catalog/otvod-plastikovyy-90-gradusov,категория
https://steelborg.ru/catalog/otvod-plastikovyy-75-mm,категория
https://steelborg.ru/catalog/otvod-plastikovyy-63-mm,категория
https://steelborg.ru/catalog/otvod-plastikovyy-60-gradusov,категория
https://steelborg.ru/catalog/otvod-plastikovyy-50-mm,категория
https://steelborg.ru/catalog/otvod-plastikovyy-45-gradusov,категория
https://steelborg.ru/catalog/otvod-plastikovyy-40-mm,категория
https://steelborg.ru/catalog/otvod-plastikovyy-32-mm,категория
https://steelborg.ru/catalog/otvod-plastikovyy-30-gradusov,категория
https://steelborg.ru/catalog/otvod-plastikovyy-34,категория
https://steelborg.ru/catalog/otvod-plastikovyy-3-mm,категория
https://steelborg.ru/catalog/otvod-plastikovyy-3-12,категория
https://steelborg.ru/catalog/otvod-plastikovyy-25-mm,категория
https://steelborg.ru/catalog/otvod-plastikovyy-225-mm,категория
https://steelborg.ru/catalog/otvod-plastikovyy-20-mm,категория
https://steelborg.ru/catalog/otvod-plastikovyy-2,категория
https://steelborg.ru/catalog/otvod-plastikovyy-160-mm,категория
https://steelborg.ru/catalog/otvod-plastikovyy-125-mm,категория
https://steelborg.ru/catalog/otvod-plastikovyy-110-mm,категория
https://steelborg.ru/catalog/otvod-plastikovyy-100-mm,категория
https://steelborg.ru/catalog/otvod-plastikovyy-10-mm,категория
https://steelborg.ru/catalog/otvod-plastikovyy-1,категория
https://steelborg.ru/catalog/otvod-plastikovyy-1-14,категория
https://steelborg.ru/catalog/otvod-plastikovyy-1-12,категория
https://steelborg.ru/catalog/otvod-plastikovyy,категория
https://steelborg.ru/catalog/otvod-pvh-ryzhiy,категория
https://steelborg.ru/catalog/otvod-pvh-rastrubnyy,категория
https://steelborg.ru/catalog/otvod-pvh-napornyy,категория
https://steelborg.ru/catalog/otvod-pvh-kleevoy,категория
https://steelborg.ru/catalog/otvod-pvh-kanalizatsionnyy,категория
https://steelborg.ru/catalog/otvod-pvh-pvc-u,категория
https://steelborg.ru/catalog/otvod-pvh-90-gradusov,категория
https://steelborg.ru/catalog/otvod-pvh-87-gradusov,категория
https://steelborg.ru/catalog/otvod-pvh-63-mm,категория
https://steelborg.ru/catalog/otvod-pvh-60-gradusov,категория
https://steelborg.ru/catalog/otvod-pvh-50-mm,категория
https://steelborg.ru/catalog/otvod-pvh-45-mm,категория
https://steelborg.ru/catalog/otvod-pvh-45-gradusov,категория
https://steelborg.ru/catalog/otvod-pvh-400-mm,категория
https://steelborg.ru/catalog/otvod-pvh-40-mm,категория
https://steelborg.ru/catalog/otvod-pvh-32-mm,категория
https://steelborg.ru/catalog/otvod-pvh-315-mm,категория
https://steelborg.ru/catalog/otvod-pvh-30-gradusov,категория
https://steelborg.ru/catalog/otvod-pvh-250-mm,категория
https://steelborg.ru/catalog/otvod-pvh-25-mm,категория
https://steelborg.ru/catalog/otvod-pvh-225-mm,категория
https://steelborg.ru/catalog/otvod-pvh-200-mm,категория
https://steelborg.ru/catalog/otvod-pvh-20-mm,категория
https://steelborg.ru/catalog/otvod-pvh-160-mm,категория
https://steelborg.ru/catalog/otvod-pvh-15-gradusov,категория
https://steelborg.ru/catalog/otvod-pvh-110-mm,категория
https://steelborg.ru/catalog/otvod-pvh-100-mm,категория
https://steelborg.ru/catalog/otvod-pvh,категория
https://steelborg.ru/catalog/otvod-otsinkovannyy-stalnoy,категория
https://steelborg.ru/catalog/otvod-otsinkovannyy-st20,категория
https://steelborg.ru/catalog/otvod-otsinkovannyy-rezbovoy-32-mm,категория
https://steelborg.ru/catalog/otvod-otsinkovannyy-rezbovoy,категория
https://steelborg.ru/catalog/otvod-otsinkovannyy-privarnoy,категория
https://steelborg.ru/catalog/otvod-otsinkovannyy-krutoizognutyy,категория
https://steelborg.ru/catalog/otvod-otsinkovannyy-korotkiy,категория
https://steelborg.ru/catalog/otvod-otsinkovannyy-du65,категория
https://steelborg.ru/catalog/otvod-otsinkovannyy-gnutyy,категория
https://steelborg.ru/catalog/otvod-otsinkovannyy-besshovnyy,категория
https://steelborg.ru/catalog/otvod-otsinkovannyy-90-gradusov,категория
https://steelborg.ru/catalog/otvod-otsinkovannyy-89-mm,категория
https://steelborg.ru/catalog/otvod-otsinkovannyy-80-mm,категория
https://steelborg.ru/catalog/otvod-otsinkovannyy-76-mm,категория
https://steelborg.ru/catalog/otvod-otsinkovannyy-6-mm,категория
https://steelborg.ru/catalog/otvod-otsinkovannyy-57-mm,категория
https://steelborg.ru/catalog/otvod-otsinkovannyy-50-mm,категория
https://steelborg.ru/catalog/otvod-otsinkovannyy-45-gradusov,категория
https://steelborg.ru/catalog/otvod-otsinkovannyy-40-mm,категория
https://steelborg.ru/catalog/otvod-otsinkovannyy-4-mm,категория
https://steelborg.ru/catalog/otvod-otsinkovannyy-32-mm,категория
https://steelborg.ru/catalog/otvod-otsinkovannyy-34,категория
https://steelborg.ru/catalog/otvod-otsinkovannyy-3-d-5-mm,категория
https://steelborg.ru/catalog/otvod-otsinkovannyy-3-mm,категория
https://steelborg.ru/catalog/otvod-otsinkovannyy-25-mm,категория
https://steelborg.ru/catalog/otvod-otsinkovannyy-200-mm,категория
https://steelborg.ru/catalog/otvod-otsinkovannyy-20-mm,категория
https://steelborg.ru/catalog/otvod-otsinkovannyy-159-mm,категория
https://steelborg.ru/catalog/otvod-otsinkovannyy-150-mm,категория
https://steelborg.ru/catalog/otvod-otsinkovannyy-15-mm,категория
https://steelborg.ru/catalog/otvod-otsinkovannyy-133-mm,категория
https://steelborg.ru/catalog/otvod-otsinkovannyy-125-mm,категория
https://steelborg.ru/catalog/otvod-otsinkovannyy-108-mm,категория
https://steelborg.ru/catalog/otvod-otsinkovannyy-100-mm,категория
https://steelborg.ru/catalog/otvod-otsinkovannyy-12,категория
https://steelborg.ru/catalog/otvod-otsinkovannyy-1,категория
https://steelborg.ru/catalog/otvod-otsinkovannyy-1-14,категория
https://steelborg.ru/catalog/otvod-otsinkovannyy,категория
https://steelborg.ru/catalog/otvod-nerzhaveyuschiy-rezbovoy,категория
https://steelborg.ru/catalog/otvod-nerzhaveyuschiy-privarnoy,категория
https://steelborg.ru/catalog/otvod-nerzhaveyuschiy-krutoizognutyy,категория
https://steelborg.ru/catalog/otvod-nerzhaveyuschiy-gnutyy,категория
https://steelborg.ru/catalog/otvod-nerzhaveyuschiy-besshovnyy,категория
https://steelborg.ru/catalog/otvod-nerzhaveyuschiy-aisi-316l,категория
https://steelborg.ru/catalog/otvod-nerzhaveyuschiy-aisi-304,категория
https://steelborg.ru/catalog/otvod-nerzhaveyuschiy-90-gradusov,категория
https://steelborg.ru/catalog/otvod-nerzhaveyuschiy-57h3-mm,категория
https://steelborg.ru/catalog/otvod-nerzhaveyuschiy-57-mm,категория
https://steelborg.ru/catalog/otvod-nerzhaveyuschiy-50-mm,категория
https://steelborg.ru/catalog/otvod-nerzhaveyuschiy-45-mm,категория
https://steelborg.ru/catalog/otvod-nerzhaveyuschiy-45-gradusov,категория
https://steelborg.ru/catalog/otvod-nerzhaveyuschiy-4-mm,категория
https://steelborg.ru/catalog/otvod-nerzhaveyuschiy-38-mm,категория
https://steelborg.ru/catalog/otvod-nerzhaveyuschiy-32-mm,категория
https://steelborg.ru/catalog/otvod-nerzhaveyuschiy-30-mm,категория
https://steelborg.ru/catalog/otvod-nerzhaveyuschiy-30-gradusov,категория
https://steelborg.ru/catalog/otvod-nerzhaveyuschiy-34,категория
https://steelborg.ru/catalog/otvod-nerzhaveyuschiy-3-mm,категория
https://steelborg.ru/catalog/otvod-nerzhaveyuschiy-20h1-d-5-mm,категория
https://steelborg.ru/catalog/otvod-nerzhaveyuschiy-2-mm,категория
https://steelborg.ru/catalog/otvod-nerzhaveyuschiy-180-gradusov,категория
https://steelborg.ru/catalog/otvod-nerzhaveyuschiy-12h18n10t,категория
https://steelborg.ru/catalog/otvod-nerzhaveyuschiy-12,категория
https://steelborg.ru/catalog/otvod-nerzhaveyuschiy-1,категория
https://steelborg.ru/catalog/otvod-nerzhaveyuschiy-1-d-5-mm,категория
https://steelborg.ru/catalog/otvod-nerzhaveyuschiy,категория
https://steelborg.ru/catalog/otvod-napornyy,категория
https://steelborg.ru/catalog/otvod-mednyy-pod-payku,категория
https://steelborg.ru/catalog/otvod-mednyy-odnorastrubnyy,категория
https://steelborg.ru/catalog/otvod-mednyy-dvuhrastrubnyy-90-gradusov,категория
https://steelborg.ru/catalog/otvod-mednyy-dvuhrastrubnyy,категория
https://steelborg.ru/catalog/otvod-mednyy-90-gradusov,категория
https://steelborg.ru/catalog/otvod-mednyy-78,категория
https://steelborg.ru/catalog/otvod-mednyy-54-mm,категория
https://steelborg.ru/catalog/otvod-mednyy-58,категория
https://steelborg.ru/catalog/otvod-mednyy-45-gradusov,категория
https://steelborg.ru/catalog/otvod-mednyy-35-mm,категория
https://steelborg.ru/catalog/otvod-mednyy-32-mm,категория
https://steelborg.ru/catalog/otvod-mednyy-38,категория
https://steelborg.ru/catalog/otvod-mednyy-34,категория
https://steelborg.ru/catalog/otvod-mednyy-3,категория
https://steelborg.ru/catalog/otvod-mednyy-28-mm,категория
https://steelborg.ru/catalog/otvod-mednyy-22-mm,категория
https://steelborg.ru/catalog/otvod-mednyy-20-mm,категория
https://steelborg.ru/catalog/otvod-mednyy-180-gradusov,категория
https://steelborg.ru/catalog/otvod-mednyy-15-mm,категория
https://steelborg.ru/catalog/otvod-mednyy-12,категория
https://steelborg.ru/catalog/otvod-mednyy-1,категория
https://steelborg.ru/catalog/otvod-mednyy-1-58,категория
https://steelborg.ru/catalog/otvod-mednyy-1-38,категория
https://steelborg.ru/catalog/otvod-mednyy-1-18,категория
https://steelborg.ru/catalog/otvod-mednyy-1-14,категория
https://steelborg.ru/catalog/otvod-mednyy,категория
https://steelborg.ru/catalog/otvod-litoy,категория
https://steelborg.ru/catalog/otvod-latunnyy-nikelirovannyy,категория
https://steelborg.ru/catalog/otvod-latunnyy-naruzhnaya-rezba,категория
https://steelborg.ru/catalog/otvod-latunnyy-vnutrenyaya-naruzhnyaya-rezba,категория
https://steelborg.ru/catalog/otvod-latunnyy-vnutrennyaya-rezba,категория
https://steelborg.ru/catalog/otvod-latunnyy-90-gradusov,категория
https://steelborg.ru/catalog/otvod-latunnyy-32-mm,категория
https://steelborg.ru/catalog/otvod-latunnyy-34,категория
https://steelborg.ru/catalog/otvod-latunnyy-25-mm,категория
https://steelborg.ru/catalog/otvod-latunnyy-20-mm,категория
https://steelborg.ru/catalog/otvod-latunnyy-2,категория
https://steelborg.ru/catalog/otvod-latunnyy-15-mm,категория
https://steelborg.ru/catalog/otvod-latunnyy-12-90-gradusov,категория
https://steelborg.ru/catalog/otvod-latunnyy-12,категория
https://steelborg.ru/catalog/otvod-latunnyy-1,категория
https://steelborg.ru/catalog/otvod-latunnyy-1-14,категория
https://steelborg.ru/catalog/otvod-latunnyy,категория
https://steelborg.ru/catalog/otvod-krutoizognutyy,категория
https://steelborg.ru/catalog/otvod-kompressionnyy,категория
https://steelborg.ru/catalog/otvod-kanalizatsionnyy,категория
https://steelborg.ru/catalog/otvod-dvuhrastrubnyy,категория
https://steelborg.ru/catalog/otvod-gnutyy,категория
https://steelborg.ru/catalog/otvod-besshovnyy-530-mm,категория
https://steelborg.ru/catalog/otvod-besshovnyy-32-mm,категория
https://steelborg.ru/catalog/otvod-besshovnyy,категория
https://steelborg.ru/catalog/otvod-belyy,категория
https://steelborg.ru/catalog/otvod-alyuminievyy,категория
https://steelborg.ru/catalog/otvod-aisi-304,категория
https://steelborg.ru/catalog/otvod-90h12-mm,категория
https://steelborg.ru/catalog/otvod-90-mm,категория
https://steelborg.ru/catalog/otvod-90-gradusov,категория
https://steelborg.ru/catalog/otvod-89-mm,категория
https://steelborg.ru/catalog/otvod-80-mm,категория
https://steelborg.ru/catalog/otvod-8-mm,категория
https://steelborg.ru/catalog/otvod-76-mm,категория
https://steelborg.ru/catalog/otvod-75-mm,категория
https://steelborg.ru/catalog/otvod-63-mm,категория
https://steelborg.ru/catalog/otvod-60-gradusov,категория
https://steelborg.ru/catalog/otvod-57h3-mm,категория
https://steelborg.ru/catalog/otvod-57-mm,категория
https://steelborg.ru/catalog/otvod-500-mm,категория
https://steelborg.ru/catalog/otvod-50-mm,категория
https://steelborg.ru/catalog/otvod-50-gradusov,категория
https://steelborg.ru/catalog/otvod-5,категория
https://steelborg.ru/catalog/otvod-45-mm,категория
https://steelborg.ru/catalog/otvod-45-gradusov,категория
https://steelborg.ru/catalog/otvod-400-mm,категория
https://steelborg.ru/catalog/otvod-40-mm,категория
https://steelborg.ru/catalog/otvod-4,категория
https://steelborg.ru/catalog/otvod-4-mm,категория
https://steelborg.ru/catalog/otvod-32-mm,категория
https://steelborg.ru/catalog/otvod-315-mm,категория
https://steelborg.ru/catalog/otvod-304-mm,категория
https://steelborg.ru/catalog/otvod-300-mm,категория
https://steelborg.ru/catalog/otvod-30-gradusov,категория
https://steelborg.ru/catalog/otvod-34,категория
https://steelborg.ru/catalog/otvod-3,категория
https://steelborg.ru/catalog/otvod-3-mm,категория
https://steelborg.ru/catalog/otvod-250-mm,категория
https://steelborg.ru/catalog/otvod-225-mm,категория
https://steelborg.ru/catalog/otvod-219-mm,категория
https://steelborg.ru/catalog/otvod-200-mm,категория
https://steelborg.ru/catalog/otvod-20-mm,категория
https://steelborg.ru/catalog/otvod-20-gradusov,категория
https://steelborg.ru/catalog/otvod-2,категория
https://steelborg.ru/catalog/otvod-180-mm,категория
https://steelborg.ru/catalog/otvod-160-mm,категория
https://steelborg.ru/catalog/otvod-16-mm,категория
https://steelborg.ru/catalog/otvod-159-mm,категория
https://steelborg.ru/catalog/otvod-150-mm,категория
https://steelborg.ru/catalog/otvod-15-mm,категория
https://steelborg.ru/catalog/otvod-12h18n10t,категория
https://steelborg.ru/catalog/otvod-125-mm,категория
https://steelborg.ru/catalog/otvod-110h90-mm,категория
https://steelborg.ru/catalog/otvod-110-mm,категория
https://steelborg.ru/catalog/otvod-108h4-mm,категория
https://steelborg.ru/catalog/otvod-108-mm,категория
https://steelborg.ru/catalog/otvod-100-mm,категория
https://steelborg.ru/catalog/otvod-10-mm,категория
https://steelborg.ru/catalog/otvod-1,категория
https://steelborg.ru/catalog/otvod-09g2s,категория
https://steelborg.ru/catalog/bronzovye-otvody-s-naruzhnoy-rezboy,категория
https://steelborg.ru/catalog/bronzovye-otvody-s-vnutrenney-rezboy,категория
https://steelborg.ru/catalog/bronzovye-otvody-90-gradusov,категория
https://steelborg.ru/catalog/bronzovye-otvody-45-gradusov,категория
https://steelborg.ru/catalog/bronzovye-otvody-34-mm,категория
https://steelborg.ru/catalog/bronzovye-otvody-1-mm,категория
https://steelborg.ru/catalog/bronzovye-otvody,категория
https://steelborg.ru/catalog/otvod,категория
https://steelborg.ru/catalog/oporno-napravlyayuschie-koltsa-onk-speyser,категория
https://steelborg.ru/catalog/oporno-napravlyayuschie-koltsa-onk-polimernye,категория
https://steelborg.ru/catalog/oporno-napravlyayuschie-koltsa-onk-poliamidnye,категория
https://steelborg.ru/catalog/oporno-napravlyayuschie-koltsa-onk-820-mm,категория
https://steelborg.ru/catalog/oporno-napravlyayuschie-koltsa-onk-720-mm,категория
https://steelborg.ru/catalog/oporno-napravlyayuschie-koltsa-onk-630-mm,категория
https://steelborg.ru/catalog/oporno-napravlyayuschie-koltsa-onk-530-mm,категория
https://steelborg.ru/catalog/oporno-napravlyayuschie-koltsa-onk-426-mm,категория
https://steelborg.ru/catalog/oporno-napravlyayuschie-koltsa-onk-400-mm,категория
https://steelborg.ru/catalog/oporno-napravlyayuschie-koltsa-onk-377-mm,категория
https://steelborg.ru/catalog/oporno-napravlyayuschie-koltsa-onk-325-mm,категория
https://steelborg.ru/catalog/oporno-napravlyayuschie-koltsa-onk-315-mm,категория
https://steelborg.ru/catalog/oporno-napravlyayuschie-koltsa-onk-280-mm,категория
https://steelborg.ru/catalog/oporno-napravlyayuschie-koltsa-onk-273-mm,категория
https://steelborg.ru/catalog/oporno-napravlyayuschie-koltsa-onk-225-mm,категория
https://steelborg.ru/catalog/oporno-napravlyayuschie-koltsa-onk-219-mm,категория
https://steelborg.ru/catalog/oporno-napravlyayuschie-koltsa-onk-200-mm,категория
https://steelborg.ru/catalog/oporno-napravlyayuschie-koltsa-onk-160-mm,категория
https://steelborg.ru/catalog/oporno-napravlyayuschie-koltsa-onk-159-mm,категория
https://steelborg.ru/catalog/oporno-napravlyayuschie-koltsa-onk-114-mm,категория
https://steelborg.ru/catalog/oporno-napravlyayuschie-koltsa-onk-110-mm,категория
https://steelborg.ru/catalog/oporno-napravlyayuschie-koltsa-onk-108-mm,категория
https://steelborg.ru/catalog/oporno-napravlyayuschie-koltsa-onk-1020-mm,категория
https://steelborg.ru/catalog/oporno-napravlyayuschie-koltsa-onk,категория
https://steelborg.ru/catalog/opora-homutovaya-tavrovaya-th,категория
https://steelborg.ru/catalog/opora-homutovaya-korpusnaya-kh,категория
https://steelborg.ru/catalog/opora-homutovaya-beskorpusnaya-hb,категория
https://steelborg.ru/catalog/opora-homutovaya-89-mm,категория
https://steelborg.ru/catalog/opora-homutovaya-76-mm,категория
https://steelborg.ru/catalog/opora-homutovaya-57-mm,категория
https://steelborg.ru/catalog/opora-homutovaya-530-mm,категория
https://steelborg.ru/catalog/opora-homutovaya-219-mm,категория
https://steelborg.ru/catalog/opora-homutovaya-159-mm,категория
https://steelborg.ru/catalog/opora-homutovaya-108-mm,категория
https://steelborg.ru/catalog/opora-homutovaya,категория
https://steelborg.ru/catalog/opora-skolzyaschaya-homutovaya,категория
https://steelborg.ru/catalog/opora-skolzyaschaya-fso2,категория
https://steelborg.ru/catalog/opora-skolzyaschaya-ts-625,категория
https://steelborg.ru/catalog/opora-skolzyaschaya-ts,категория
https://steelborg.ru/catalog/opora-skolzyaschaya-t15,категория
https://steelborg.ru/catalog/opora-skolzyaschaya-t14,категория
https://steelborg.ru/catalog/opora-skolzyaschaya-t13,категория
https://steelborg.ru/catalog/opora-skolzyaschaya-spon,категория
https://steelborg.ru/catalog/opora-skolzyaschaya-spok,категория
https://steelborg.ru/catalog/opora-skolzyaschaya-spo,категория
https://steelborg.ru/catalog/opora-skolzyaschaya-privarnaya,категория
https://steelborg.ru/catalog/opora-skolzyaschaya-oph3,категория
https://steelborg.ru/catalog/opora-skolzyaschaya-oph2,категория
https://steelborg.ru/catalog/opora-skolzyaschaya-oph1,категория
https://steelborg.ru/catalog/opora-skolzyaschaya-opp3,категория
https://steelborg.ru/catalog/opora-skolzyaschaya-opp2,категория
https://steelborg.ru/catalog/opora-skolzyaschaya-opp1,категория
https://steelborg.ru/catalog/opora-skolzyaschaya-opb2,категория
https://steelborg.ru/catalog/opora-skolzyaschaya-opb1,категория
https://steelborg.ru/catalog/opora-skolzyaschaya-920-mm,категория
https://steelborg.ru/catalog/opora-skolzyaschaya-89-mm,категория
https://steelborg.ru/catalog/opora-skolzyaschaya-820-mm,категория
https://steelborg.ru/catalog/opora-skolzyaschaya-76-mm,категория
https://steelborg.ru/catalog/opora-skolzyaschaya-720-mm,категория
https://steelborg.ru/catalog/opora-skolzyaschaya-630-mm,категория
https://steelborg.ru/catalog/opora-skolzyaschaya-57-mm,категория
https://steelborg.ru/catalog/opora-skolzyaschaya-530-mm,категория
https://steelborg.ru/catalog/opora-skolzyaschaya-480-mm,категория
https://steelborg.ru/catalog/opora-skolzyaschaya-48-mm,категория
https://steelborg.ru/catalog/opora-skolzyaschaya-426-mm,категория
https://steelborg.ru/catalog/opora-skolzyaschaya-40-mm,категория
https://steelborg.ru/catalog/opora-skolzyaschaya-377-mm,категория
https://steelborg.ru/catalog/opora-skolzyaschaya-325-mm,категория
https://steelborg.ru/catalog/opora-skolzyaschaya-32-mm,категория
https://steelborg.ru/catalog/opora-skolzyaschaya-273-mm,категория
https://steelborg.ru/catalog/opora-skolzyaschaya-219-mm,категория
https://steelborg.ru/catalog/opora-skolzyaschaya-194-mm,категория
https://steelborg.ru/catalog/opora-skolzyaschaya-159-mm,категория
https://steelborg.ru/catalog/opora-skolzyaschaya-1420-mm,категория
https://steelborg.ru/catalog/opora-skolzyaschaya-133-mm,категория
https://steelborg.ru/catalog/opora-skolzyaschaya-1220-mm,категория
https://steelborg.ru/catalog/opora-skolzyaschaya-114-mm,категория
https://steelborg.ru/catalog/opora-skolzyaschaya-108-mm,категория
https://steelborg.ru/catalog/opora-skolzyaschaya-1020-mm,категория
https://steelborg.ru/catalog/opora-skolzyaschaya,категория
https://steelborg.ru/catalog/opora-podvizhnaya-privarnaya,категория
https://steelborg.ru/catalog/opora-podvizhnaya-opp2,категория
https://steelborg.ru/catalog/opora-podvizhnaya-opb2,категория
https://steelborg.ru/catalog/opora-podvizhnaya-du80,категория
https://steelborg.ru/catalog/opora-podvizhnaya-du50,категория
https://steelborg.ru/catalog/opora-podvizhnaya-du100,категория
https://steelborg.ru/catalog/opora-podvizhnaya-dlya-stalnyh-trub,категория
https://steelborg.ru/catalog/opora-podvizhnaya-65-mm,категория
https://steelborg.ru/catalog/opora-podvizhnaya-32-mm,категория
https://steelborg.ru/catalog/opora-podvizhnaya-150-mm,категория
https://steelborg.ru/catalog/opora-podvizhnaya-125-mm,категория
https://steelborg.ru/catalog/opora-podvizhnaya-108-mm,категория
https://steelborg.ru/catalog/opora-podvizhnaya,категория
https://steelborg.ru/catalog/opora-dlya-truboprovoda-trubchataya,категория
https://steelborg.ru/catalog/opora-dlya-truboprovoda-tavrovaya,категория
https://steelborg.ru/catalog/opora-dlya-truboprovoda-privarnaya,категория
https://steelborg.ru/catalog/opora-dlya-truboprovoda-pp-polipropilen,категория
https://steelborg.ru/catalog/opora-dlya-truboprovoda-opp2,категория
https://steelborg.ru/catalog/opora-dlya-truboprovoda-opb2,категория
https://steelborg.ru/catalog/opora-dlya-truboprovoda-nepodvizhnaya,категория
https://steelborg.ru/catalog/opora-dlya-truboprovoda-napravlyayuschaya,категория
https://steelborg.ru/catalog/opora-dlya-truboprovoda-korpusnaya,категория
https://steelborg.ru/catalog/opora-dlya-truboprovoda-katkovaya,категория
https://steelborg.ru/catalog/opora-dlya-truboprovoda-dlya-stalnyh-trub,категория
https://steelborg.ru/catalog/opora-dlya-truboprovoda-vertikalnaya,категория
https://steelborg.ru/catalog/opora-dlya-truboprovoda-bugelnaya,категория
https://steelborg.ru/catalog/opora-dlya-truboprovoda-beskorpusnaya,категория
https://steelborg.ru/catalog/opora-dlya-truboprovoda-belaya,категория
https://steelborg.ru/catalog/opora-dlya-truboprovoda-ppr-sopolimer-polipropilena,категория
https://steelborg.ru/catalog/opora-dlya-truboprovoda-89-mm,категория
https://steelborg.ru/catalog/opora-dlya-truboprovoda-820-mm,категория
https://steelborg.ru/catalog/opora-dlya-truboprovoda-76-mm,категория
https://steelborg.ru/catalog/opora-dlya-truboprovoda-630-mm,категория
https://steelborg.ru/catalog/opora-dlya-truboprovoda-57-mm,категория
https://steelborg.ru/catalog/opora-dlya-truboprovoda-530-mm,категория
https://steelborg.ru/catalog/opora-dlya-truboprovoda-426-mm,категория
https://steelborg.ru/catalog/opora-dlya-truboprovoda-377-mm,категория
https://steelborg.ru/catalog/opora-dlya-truboprovoda-325-mm,категория
https://steelborg.ru/catalog/opora-dlya-truboprovoda-32-mm,категория
https://steelborg.ru/catalog/opora-dlya-truboprovoda-273-mm,категория
https://steelborg.ru/catalog/opora-dlya-truboprovoda-25-mm,категория
https://steelborg.ru/catalog/opora-dlya-truboprovoda-219-mm,категория
https://steelborg.ru/catalog/opora-dlya-truboprovoda-20-mm,категория
https://steelborg.ru/catalog/opora-dlya-truboprovoda-160-mm,категория
https://steelborg.ru/catalog/opora-dlya-truboprovoda-159-mm,категория
https://steelborg.ru/catalog/opora-dlya-truboprovoda-1420-mm,категория
https://steelborg.ru/catalog/opora-dlya-truboprovoda-133-mm,категория
https://steelborg.ru/catalog/opora-dlya-truboprovoda-1220-mm,категория
https://steelborg.ru/catalog/opora-dlya-truboprovoda-114-mm,категория
https://steelborg.ru/catalog/opora-dlya-truboprovoda-108-mm,категория
https://steelborg.ru/catalog/opora-dlya-truboprovoda-1020-mm,категория
https://steelborg.ru/catalog/opora-dlya-truboprovoda-100-mm,категория
https://steelborg.ru/catalog/opora-dlya-truboprovoda,категория
https://steelborg.ru/catalog/nsps-90h89-mm,категория
https://steelborg.ru/catalog/nsps-800h820-mm,категория
https://steelborg.ru/catalog/nsps-75h76-mm,категория
https://steelborg.ru/catalog/nsps-710h720-mm,категория
https://steelborg.ru/catalog/nsps-63h57-mm,категория
https://steelborg.ru/catalog/nsps-630h630-mm,категория
https://steelborg.ru/catalog/nsps-630h530-mm,категория
https://steelborg.ru/catalog/nsps-63-mm,категория
https://steelborg.ru/catalog/nsps-560h530-mm,категория
https://steelborg.ru/catalog/nsps-50h40-mm,категория
https://steelborg.ru/catalog/nsps-500h530-mm,категория
https://steelborg.ru/catalog/nsps-500h426-mm,категория
https://steelborg.ru/catalog/nsps-50-mm,категория
https://steelborg.ru/catalog/nsps-450h426-mm,категория
https://steelborg.ru/catalog/nsps-40h32-mm,категория
https://steelborg.ru/catalog/nsps-400h426-mm,категория
https://steelborg.ru/catalog/nsps-400h377-mm,категория
https://steelborg.ru/catalog/nsps-355h325-mm,категория
https://steelborg.ru/catalog/nsps-32h32-mm,категория
https://steelborg.ru/catalog/nsps-32h25-mm,категория
https://steelborg.ru/catalog/nsps-315h325-mm,категория
https://steelborg.ru/catalog/nsps-315h273-mm,категория
https://steelborg.ru/catalog/nsps-280h273-mm,категория
https://steelborg.ru/catalog/nsps-250h273-mm,категория
https://steelborg.ru/catalog/nsps-250h219-mm,категория
https://steelborg.ru/catalog/nsps-225h219-mm,категория
https://steelborg.ru/catalog/nsps-200h219-mm,категория
https://steelborg.ru/catalog/nsps-200h168-mm,категория
https://steelborg.ru/catalog/nsps-180h159-mm,категория
https://steelborg.ru/catalog/nsps-160h159-mm,категория
https://steelborg.ru/catalog/nsps-140h133-mm,категория
https://steelborg.ru/catalog/nsps-125h108-mm,категория
https://steelborg.ru/catalog/nsps-110h108-mm,категория
https://steelborg.ru/catalog/nsps-110-mm,категория
https://steelborg.ru/catalog/nsps,категория
https://steelborg.ru/catalog/nippel-chugunnyy,категория
https://steelborg.ru/catalog/nippel-udlinennyy,категория
https://steelborg.ru/catalog/nippel-stalnoy,категория
https://steelborg.ru/catalog/nippel-reduktsionnyy-chugunnyy,категория
https://steelborg.ru/catalog/nippel-reduktsionnyy-latunnyy,категория
https://steelborg.ru/catalog/nippel-reduktsionnyy-34h12,категория
https://steelborg.ru/catalog/nippel-reduktsionnyy-12,категория
https://steelborg.ru/catalog/nippel-reduktsionnyy,категория
https://steelborg.ru/catalog/nippel-radiatornyy,категория
https://steelborg.ru/catalog/nippel-pryamoy,категория
https://steelborg.ru/catalog/nippel-privarnoy-12,категория
https://steelborg.ru/catalog/nippel-privarnoy,категория
https://steelborg.ru/catalog/nippel-perehodnoy-chugunnyy,категория
https://steelborg.ru/catalog/nippel-perehodnoy-stalnoy,категория
https://steelborg.ru/catalog/nippel-perehodnoy-pvh,категория
https://steelborg.ru/catalog/nippel-perehodnoy-otsinkovannyy,категория
https://steelborg.ru/catalog/nippel-perehodnoy-naruzhnaya-rezba,категория
https://steelborg.ru/catalog/nippel-perehodnoy-latunnyy,категория
https://steelborg.ru/catalog/nippel-perehodnoy-vnutrennyaya-rezba,категория
https://steelborg.ru/catalog/nippel-perehodnoy-50-mm,категория
https://steelborg.ru/catalog/nippel-perehodnoy-40-mm,категория
https://steelborg.ru/catalog/nippel-perehodnoy-32-mm,категория
https://steelborg.ru/catalog/nippel-perehodnoy-38,категория
https://steelborg.ru/catalog/nippel-perehodnoy-34h12,категория
https://steelborg.ru/catalog/nippel-perehodnoy-34,категория
https://steelborg.ru/catalog/nippel-perehodnoy-3h2,категория
https://steelborg.ru/catalog/nippel-perehodnoy-3,категория
https://steelborg.ru/catalog/nippel-perehodnoy-25-mm,категория
https://steelborg.ru/catalog/nippel-perehodnoy-20-mm,категория
https://steelborg.ru/catalog/nippel-perehodnoy-2h34,категория
https://steelborg.ru/catalog/nippel-perehodnoy-2h1,категория
https://steelborg.ru/catalog/nippel-perehodnoy-2,категория
https://steelborg.ru/catalog/nippel-perehodnoy-15-mm,категория
https://steelborg.ru/catalog/nippel-perehodnoy-10-mm,категория
https://steelborg.ru/catalog/nippel-perehodnoy-12h14,категория
https://steelborg.ru/catalog/nippel-perehodnoy-12,категория
https://steelborg.ru/catalog/nippel-perehodnoy-1h34,категория
https://steelborg.ru/catalog/nippel-perehodnoy-1h12,категория
https://steelborg.ru/catalog/nippel-perehodnoy-1,категория
https://steelborg.ru/catalog/nippel-perehodnoy-1-14h1,категория
https://steelborg.ru/catalog/nippel-perehodnoy-1-14,категория
https://steelborg.ru/catalog/nippel-perehodnoy-1-12,категория
https://steelborg.ru/catalog/nippel-perehodnoy,категория
https://steelborg.ru/catalog/nippel-pvh,категория
https://steelborg.ru/catalog/nippel-otsinkovannyy,категория
https://steelborg.ru/catalog/nippel-nikelirovannyy,категория
https://steelborg.ru/catalog/nippel-nerzhaveyuschiy-rezbovoy,категория
https://steelborg.ru/catalog/nippel-nerzhaveyuschiy-privarnoy-34,категория
https://steelborg.ru/catalog/nippel-nerzhaveyuschiy-privarnoy-12,категория
https://steelborg.ru/catalog/nippel-nerzhaveyuschiy-privarnoy,категория
https://steelborg.ru/catalog/nippel-nerzhaveyuschiy-perehodnoy,категория
https://steelborg.ru/catalog/nippel-nerzhaveyuschiy-naruzhnaya-rezba,категория
https://steelborg.ru/catalog/nippel-nerzhaveyuschiy-dvoynoy,категория
https://steelborg.ru/catalog/nippel-nerzhaveyuschiy-aisi-316,категория
https://steelborg.ru/catalog/nippel-nerzhaveyuschiy-aisi-304,категория
https://steelborg.ru/catalog/nippel-nerzhaveyuschiy-34,категория
https://steelborg.ru/catalog/nippel-nerzhaveyuschiy-25-mm,категория
https://steelborg.ru/catalog/nippel-nerzhaveyuschiy-20-mm,категория
https://steelborg.ru/catalog/nippel-nerzhaveyuschiy-2,категория
https://steelborg.ru/catalog/nippel-nerzhaveyuschiy-14,категория
https://steelborg.ru/catalog/nippel-nerzhaveyuschiy-12,категория
https://steelborg.ru/catalog/nippel-nerzhaveyuschiy-1,категория
https://steelborg.ru/catalog/nippel-nerzhaveyuschiy,категория
https://steelborg.ru/catalog/nippel-naruzhnyy-34,категория
https://steelborg.ru/catalog/nippel-naruzhnaya-rezba,категория
https://steelborg.ru/catalog/nippel-latunnyy-12,категория
https://steelborg.ru/catalog/nippel-latunnyy,категория
https://steelborg.ru/catalog/nippel-vnutrennyaya-rezba,категория
https://steelborg.ru/catalog/nippel-aisi-316,категория
https://steelborg.ru/catalog/nippel-aisi-304,категория
https://steelborg.ru/catalog/nippel-6-mm,категория
https://steelborg.ru/catalog/nippel-50-mm,категория
https://steelborg.ru/catalog/nippel-40-mm,категория
https://steelborg.ru/catalog/nippel-4,категория
https://steelborg.ru/catalog/nippel-32-mm,категория
https://steelborg.ru/catalog/nippel-34,категория
https://steelborg.ru/catalog/nippel-3,категория
https://steelborg.ru/catalog/nippel-25-mm,категория
https://steelborg.ru/catalog/nippel-200-mm,категория
https://steelborg.ru/catalog/nippel-20-mm,категория
https://steelborg.ru/catalog/nippel-2,категория
https://steelborg.ru/catalog/nippel-15-mm,категория
https://steelborg.ru/catalog/nippel-12,категория
https://steelborg.ru/catalog/nippel-1,категория
https://steelborg.ru/catalog/nippel-1-14,категория
https://steelborg.ru/catalog/nippel-1-12,категория
https://steelborg.ru/catalog/nippel,категория
https://steelborg.ru/catalog/obsadnaya-mufta-ottm,категория
https://steelborg.ru/catalog/obsadnaya-mufta-ottg,категория
https://steelborg.ru/catalog/obsadnaya-mufta-m,категория
https://steelborg.ru/catalog/obsadnaya-mufta-l,категория
https://steelborg.ru/catalog/obsadnaya-mufta-e,категория
https://steelborg.ru/catalog/obsadnaya-mufta-d,категория
https://steelborg.ru/catalog/obsadnaya-mufta-batress,категория
https://steelborg.ru/catalog/mufty-dlya-obsadnyh-trub,категория
https://steelborg.ru/catalog/mufta-chugunnaya-chernaya,категория
https://steelborg.ru/catalog/mufta-chugunnaya-flantsevaya,категория
https://steelborg.ru/catalog/mufta-chugunnaya-universalnaya,категория
https://steelborg.ru/catalog/mufta-chugunnaya-soedinitelnaya,категория
https://steelborg.ru/catalog/mufta-chugunnaya-remontnaya,категория
https://steelborg.ru/catalog/mufta-chugunnaya-rezbovaya,категория
https://steelborg.ru/catalog/mufta-chugunnaya-razemnaya,категория
https://steelborg.ru/catalog/mufta-chugunnaya-pryamaya,категория
https://steelborg.ru/catalog/mufta-chugunnaya-perehodnaya,категория
https://steelborg.ru/catalog/mufta-chugunnaya-otsinkovannaya-perehodnaya,категория
https://steelborg.ru/catalog/mufta-chugunnaya-otsinkovannaya-50-mm,категория
https://steelborg.ru/catalog/mufta-chugunnaya-otsinkovannaya,категория
https://steelborg.ru/catalog/mufta-chugunnaya-obzhimnaya,категория
https://steelborg.ru/catalog/mufta-chugunnaya-nadvizhnaya,категория
https://steelborg.ru/catalog/mufta-chugunnaya-korotkaya,категория
https://steelborg.ru/catalog/mufta-chugunnaya-kanalizatsionnaya,категория
https://steelborg.ru/catalog/mufta-chugunnaya-dlya-trub,категория
https://steelborg.ru/catalog/mufta-chugunnaya-dlinnaya,категория
https://steelborg.ru/catalog/mufta-chugunnaya-dvuhsostavnaya,категория
https://steelborg.ru/catalog/mufta-chugunnaya-65-mm,категория
https://steelborg.ru/catalog/mufta-chugunnaya-50-mm,категория
https://steelborg.ru/catalog/mufta-chugunnaya-40-mm,категория
https://steelborg.ru/catalog/mufta-chugunnaya-32-mm,категория
https://steelborg.ru/catalog/mufta-chugunnaya-300-mm,категория
https://steelborg.ru/catalog/mufta-chugunnaya-34,категория
https://steelborg.ru/catalog/mufta-chugunnaya-25-mm,категория
https://steelborg.ru/catalog/mufta-chugunnaya-200-mm,категория
https://steelborg.ru/catalog/mufta-chugunnaya-20-mm,категория
https://steelborg.ru/catalog/mufta-chugunnaya-2,категория
https://steelborg.ru/catalog/mufta-chugunnaya-2-12,категория
https://steelborg.ru/catalog/mufta-chugunnaya-150-mm,категория
https://steelborg.ru/catalog/mufta-chugunnaya-15-mm,категория
https://steelborg.ru/catalog/mufta-chugunnaya-110-mm,категория
https://steelborg.ru/catalog/mufta-chugunnaya-100-mm,категория
https://steelborg.ru/catalog/mufta-chugunnaya-1,категория
https://steelborg.ru/catalog/mufta-chugunnaya-1-14,категория
https://steelborg.ru/catalog/mufta-chugunnaya,категория
https://steelborg.ru/catalog/mufta-termousazhivaemaya-polietilenovaya,категория
https://steelborg.ru/catalog/mufta-termousazhivaemaya-pvd,категория
https://steelborg.ru/catalog/mufta-termousazhivaemaya-dlya-trub,категория
https://steelborg.ru/catalog/mufta-termousazhivaemaya-600-mm,категория
https://steelborg.ru/catalog/mufta-termousazhivaemaya-250-mm,категория
https://steelborg.ru/catalog/mufta-termousazhivaemaya-225-mm,категория
https://steelborg.ru/catalog/mufta-termousazhivaemaya-180-mm,категория
https://steelborg.ru/catalog/mufta-termousazhivaemaya-160-mm,категория
https://steelborg.ru/catalog/mufta-termousazhivaemaya-125-mm,категория
https://steelborg.ru/catalog/mufta-termousazhivaemaya-110-mm,категория
https://steelborg.ru/catalog/mufta-termousazhivaemaya,категория
https://steelborg.ru/catalog/mufta-soedinitelnaya-chugunnaya,категория
https://steelborg.ru/catalog/mufta-soedinitelnaya-stalnaya,категория
https://steelborg.ru/catalog/mufta-soedinitelnaya-razbornaya,категория
https://steelborg.ru/catalog/mufta-soedinitelnaya-polietilenovaya,категория
https://steelborg.ru/catalog/mufta-soedinitelnaya-polipropilenovaya,категория
https://steelborg.ru/catalog/mufta-soedinitelnaya-pnd,категория
https://steelborg.ru/catalog/mufta-soedinitelnaya-pvh,категория
https://steelborg.ru/catalog/mufta-soedinitelnaya-payka,категория
https://steelborg.ru/catalog/mufta-soedinitelnaya-nerzhaveyuschaya,категория
https://steelborg.ru/catalog/mufta-soedinitelnaya-naruzhnaya,категория
https://steelborg.ru/catalog/mufta-soedinitelnaya-latunnaya,категория
https://steelborg.ru/catalog/mufta-soedinitelnaya-kanalizatsionnaya,категория
https://steelborg.ru/catalog/mufta-soedinitelnaya-vnutrennyaya,категория
https://steelborg.ru/catalog/mufta-soedinitelnaya-asbestotsementnaya,категория
https://steelborg.ru/catalog/mufta-soedinitelnaya-90-mm,категория
https://steelborg.ru/catalog/mufta-soedinitelnaya-80-mm,категория
https://steelborg.ru/catalog/mufta-soedinitelnaya-65-mm,категория
https://steelborg.ru/catalog/mufta-soedinitelnaya-63-mm,категория
https://steelborg.ru/catalog/mufta-soedinitelnaya-500-mm,категория
https://steelborg.ru/catalog/mufta-soedinitelnaya-50-mm,категория
https://steelborg.ru/catalog/mufta-soedinitelnaya-400-mm,категория
https://steelborg.ru/catalog/mufta-soedinitelnaya-40-mm,категория
https://steelborg.ru/catalog/mufta-soedinitelnaya-4,категория
https://steelborg.ru/catalog/mufta-soedinitelnaya-300-mm,категория
https://steelborg.ru/catalog/mufta-soedinitelnaya-3,категория
https://steelborg.ru/catalog/mufta-soedinitelnaya-250-mm,категория
https://steelborg.ru/catalog/mufta-soedinitelnaya-225-mm,категория
https://steelborg.ru/catalog/mufta-soedinitelnaya-200-mm,категория
https://steelborg.ru/catalog/mufta-soedinitelnaya-2,категория
https://steelborg.ru/catalog/mufta-soedinitelnaya-160-mm,категория
https://steelborg.ru/catalog/mufta-soedinitelnaya-150-mm,категория
https://steelborg.ru/catalog/mufta-soedinitelnaya-125-mm,категория
https://steelborg.ru/catalog/mufta-soedinitelnaya-110-mm,категория
https://steelborg.ru/catalog/mufta-soedinitelnaya-100-mm,категория
https://steelborg.ru/catalog/mufta-soedinitelnaya,категория
https://steelborg.ru/catalog/mufta-remontnaya-chugunnaya,категория
https://steelborg.ru/catalog/mufta-remontnaya-stalnaya,категория
https://steelborg.ru/catalog/mufta-remontnaya-pe-100,категория
https://steelborg.ru/catalog/mufta-remontnaya-polietilenovaya,категория
https://steelborg.ru/catalog/mufta-remontnaya-polipropilenovaya,категория
https://steelborg.ru/catalog/mufta-remontnaya-pnd,категория
https://steelborg.ru/catalog/mufta-remontnaya-pvh,категория
https://steelborg.ru/catalog/mufta-remontnaya-nerzhaveyuschaya,категория
https://steelborg.ru/catalog/mufta-remontnaya-naruzhnaya,категория
https://steelborg.ru/catalog/mufta-remontnaya-nadvizhnaya,категория
https://steelborg.ru/catalog/mufta-remontnaya-kanalizatsionnaya,категория
https://steelborg.ru/catalog/mufta-remontnaya-dvuhsostavnaya,категория
https://steelborg.ru/catalog/mufta-remontnaya-dvuhrastrubnaya,категория
https://steelborg.ru/catalog/mufta-remontnaya-ppr,категория
https://steelborg.ru/catalog/mufta-remontnaya-63-mm,категория
https://steelborg.ru/catalog/mufta-remontnaya-500-mm,категория
https://steelborg.ru/catalog/mufta-remontnaya-50-mm,категория
https://steelborg.ru/catalog/mufta-remontnaya-400-mm,категория
https://steelborg.ru/catalog/mufta-remontnaya-40-mm,категория
https://steelborg.ru/catalog/mufta-remontnaya-32-mm,категория
https://steelborg.ru/catalog/mufta-remontnaya-315-mm,категория
https://steelborg.ru/catalog/mufta-remontnaya-300-mm,категория
https://steelborg.ru/catalog/mufta-remontnaya-34,категория
https://steelborg.ru/catalog/mufta-remontnaya-250-mm,категория
https://steelborg.ru/catalog/mufta-remontnaya-25-mm,категория
https://steelborg.ru/catalog/mufta-remontnaya-225-mm,категория
https://steelborg.ru/catalog/mufta-remontnaya-200-mm,категория
https://steelborg.ru/catalog/mufta-remontnaya-20-mm,категория
https://steelborg.ru/catalog/mufta-remontnaya-2,категория
https://steelborg.ru/catalog/mufta-remontnaya-160-mm,категория
https://steelborg.ru/catalog/mufta-remontnaya-150-mm,категория
https://steelborg.ru/catalog/mufta-remontnaya-15-mm,категория
https://steelborg.ru/catalog/mufta-remontnaya-125-mm,категория
https://steelborg.ru/catalog/mufta-remontnaya-110-mm,категория
https://steelborg.ru/catalog/mufta-remontnaya-108-mm,категория
https://steelborg.ru/catalog/mufta-remontnaya-100-mm,категория
https://steelborg.ru/catalog/mufta-remontnaya-12,категория
https://steelborg.ru/catalog/mufta-remontnaya-1,категория
https://steelborg.ru/catalog/mufta-remontnaya,категория
https://steelborg.ru/catalog/mufta-rezbovaya-nerzhaveyuschaya,категория
https://steelborg.ru/catalog/mufta-rezbovaya-m8,категория
https://steelborg.ru/catalog/mufta-rezbovaya-m10,категория
https://steelborg.ru/catalog/mufta-rezbovaya-aisi-316,категория
https://steelborg.ru/catalog/mufta-rezbovaya-aisi-304,категория
https://steelborg.ru/catalog/mufta-rezbovaya-50-mm,категория
https://steelborg.ru/catalog/mufta-rezbovaya-40-mm,категория
https://steelborg.ru/catalog/mufta-rezbovaya-32-mm,категория
https://steelborg.ru/catalog/mufta-rezbovaya-38,категория
https://steelborg.ru/catalog/mufta-rezbovaya-25-mm,категория
https://steelborg.ru/catalog/mufta-rezbovaya-20-mm,категория
https://steelborg.ru/catalog/mufta-rezbovaya,категория
https://steelborg.ru/catalog/mufta-razemnaya-stalnaya,категория
https://steelborg.ru/catalog/mufta-razemnaya-polipropilenovaya,категория
https://steelborg.ru/catalog/mufta-razemnaya-pvh,категория
https://steelborg.ru/catalog/mufta-razemnaya-naruzhnaya-rezba,категория
https://steelborg.ru/catalog/mufta-razemnaya-latunnaya,категория
https://steelborg.ru/catalog/mufta-razemnaya-vnutrennyaya-rezba,категория
https://steelborg.ru/catalog/mufta-razemnaya-ppr,категория
https://steelborg.ru/catalog/mufta-razemnaya-90-mm,категория
https://steelborg.ru/catalog/mufta-razemnaya-75-mm,категория
https://steelborg.ru/catalog/mufta-razemnaya-63-mm,категория
https://steelborg.ru/catalog/mufta-razemnaya-50-mm,категория
https://steelborg.ru/catalog/mufta-razemnaya-40-mm,категория
https://steelborg.ru/catalog/mufta-razemnaya-32h1,категория
https://steelborg.ru/catalog/mufta-razemnaya-32-mm,категория
https://steelborg.ru/catalog/mufta-razemnaya-34,категория
https://steelborg.ru/catalog/mufta-razemnaya-25h34,категория
https://steelborg.ru/catalog/mufta-razemnaya-25-mm,категория
https://steelborg.ru/catalog/mufta-razemnaya-20h12,категория
https://steelborg.ru/catalog/mufta-razemnaya-20h1,категория
https://steelborg.ru/catalog/mufta-razemnaya-20-mm,категория
https://steelborg.ru/catalog/mufta-razemnaya-2,категория
https://steelborg.ru/catalog/mufta-razemnaya-110-mm,категория
https://steelborg.ru/catalog/mufta-razemnaya-12,категория
https://steelborg.ru/catalog/mufta-razemnaya-1,категория
https://steelborg.ru/catalog/mufta-razemnaya-1-14,категория
https://steelborg.ru/catalog/mufta-razemnaya,категория
https://steelborg.ru/catalog/mufta-protivopozharnaya-stalnaya,категория
https://steelborg.ru/catalog/mufta-protivopozharnaya-polipropilenovaya,категория
https://steelborg.ru/catalog/mufta-protivopozharnaya-pvh,категория
https://steelborg.ru/catalog/mufta-protivopozharnaya-nerzhaveyuschaya,категория
https://steelborg.ru/catalog/mufta-protivopozharnaya-kanalizatsionnaya,категория
https://steelborg.ru/catalog/mufta-protivopozharnaya-90-mm,категория
https://steelborg.ru/catalog/mufta-protivopozharnaya-75-mm,категория
https://steelborg.ru/catalog/mufta-protivopozharnaya-63-mm,категория
https://steelborg.ru/catalog/mufta-protivopozharnaya-50-mm,категория
https://steelborg.ru/catalog/mufta-protivopozharnaya-40-mm,категория
https://steelborg.ru/catalog/mufta-protivopozharnaya-32-mm,категория
https://steelborg.ru/catalog/mufta-protivopozharnaya-25-mm,категория
https://steelborg.ru/catalog/mufta-protivopozharnaya-200-mm,категория
https://steelborg.ru/catalog/mufta-protivopozharnaya-20-mm,категория
https://steelborg.ru/catalog/mufta-protivopozharnaya-160-mm,категория
https://steelborg.ru/catalog/mufta-protivopozharnaya-16-mm,категория
https://steelborg.ru/catalog/mufta-protivopozharnaya-130-mm,категория
https://steelborg.ru/catalog/mufta-protivopozharnaya-125-mm,категория
https://steelborg.ru/catalog/mufta-protivopozharnaya-110-mm,категория
https://steelborg.ru/catalog/mufta-protivopozharnaya-100-mm,категория
https://steelborg.ru/catalog/mufta-protivopozharnaya,категория
https://steelborg.ru/catalog/mufta-polietilenovaya-termousazhivaemaya,категория
https://steelborg.ru/catalog/mufta-perehodnaya-chugunnaya-rezbovaya,категория
https://steelborg.ru/catalog/mufta-perehodnaya-chugunnaya-otsinkovannaya,категория
https://steelborg.ru/catalog/mufta-perehodnaya-chugunnaya-vnutrennyaya-rezba,категория
https://steelborg.ru/catalog/mufta-perehodnaya-chugunnaya-50h32-mm,категория
https://steelborg.ru/catalog/mufta-perehodnaya-chugunnaya-50h25-mm,категория
https://steelborg.ru/catalog/mufta-perehodnaya-chugunnaya-50-mm,категория
https://steelborg.ru/catalog/mufta-perehodnaya-chugunnaya-40-mm,категория
https://steelborg.ru/catalog/mufta-perehodnaya-chugunnaya-32-mm,категория
https://steelborg.ru/catalog/mufta-perehodnaya-chugunnaya-25-mm,категория
https://steelborg.ru/catalog/mufta-perehodnaya-chugunnaya-20-mm,категория
https://steelborg.ru/catalog/mufta-perehodnaya-chugunnaya-15-mm,категория
https://steelborg.ru/catalog/mufta-perehodnaya-chugunnaya,категория
https://steelborg.ru/catalog/mufta-perehodnaya-elektrosvarnaya,категория
https://steelborg.ru/catalog/mufta-perehodnaya-stalnaya,категория
https://steelborg.ru/catalog/mufta-perehodnaya-soedinitelnaya,категория
https://steelborg.ru/catalog/mufta-perehodnaya-seraya,категория
https://steelborg.ru/catalog/mufta-perehodnaya-s-naruzhnoy-rezboy,категория
https://steelborg.ru/catalog/mufta-perehodnaya-s-gaykoy,категория
https://steelborg.ru/catalog/mufta-perehodnaya-s-vnutrenney-rezboy,категория
https://steelborg.ru/catalog/mufta-perehodnaya-rezbovaya,категория
https://steelborg.ru/catalog/mufta-perehodnaya-razbornaya,категория
https://steelborg.ru/catalog/mufta-perehodnaya-polietilenovaya,категория
https://steelborg.ru/catalog/mufta-perehodnaya-polipropilenovaya,категория
https://steelborg.ru/catalog/mufta-perehodnaya-pvh,категория
https://steelborg.ru/catalog/mufta-perehodnaya-payka,категория
https://steelborg.ru/catalog/mufta-perehodnaya-otsinkovannaya,категория
https://steelborg.ru/catalog/mufta-perehodnaya-odnorastrubnaya,категория
https://steelborg.ru/catalog/mufta-perehodnaya-nikelirovannaya,категория
https://steelborg.ru/catalog/mufta-perehodnaya-nerzhaveyuschaya,категория
https://steelborg.ru/catalog/mufta-perehodnaya-mednaya,категория
https://steelborg.ru/catalog/mufta-perehodnaya-latunnaya,категория
https://steelborg.ru/catalog/mufta-perehodnaya-kompressionnaya,категория
https://steelborg.ru/catalog/mufta-perehodnaya-kanalizatsionnaya,категория
https://steelborg.ru/catalog/mufta-perehodnaya-dvuhrastrubnaya,категория
https://steelborg.ru/catalog/mufta-perehodnaya-ppr,категория
https://steelborg.ru/catalog/mufta-perehodnaya-90-mm,категория
https://steelborg.ru/catalog/mufta-perehodnaya-75-mm,категория
https://steelborg.ru/catalog/mufta-perehodnaya-78,категория
https://steelborg.ru/catalog/mufta-perehodnaya-63-mm,категория
https://steelborg.ru/catalog/mufta-perehodnaya-60-mm,категория
https://steelborg.ru/catalog/mufta-perehodnaya-50h40-mm,категория
https://steelborg.ru/catalog/mufta-perehodnaya-50-mm,категория
https://steelborg.ru/catalog/mufta-perehodnaya-40-mm,категория
https://steelborg.ru/catalog/mufta-perehodnaya-4,категория
https://steelborg.ru/catalog/mufta-perehodnaya-32h25-mm,категория
https://steelborg.ru/catalog/mufta-perehodnaya-32-mm,категория
https://steelborg.ru/catalog/mufta-perehodnaya-38,категория
https://steelborg.ru/catalog/mufta-perehodnaya-34,категория
https://steelborg.ru/catalog/mufta-perehodnaya-3,категория
https://steelborg.ru/catalog/mufta-perehodnaya-3-12,категория
https://steelborg.ru/catalog/mufta-perehodnaya-25h20-mm,категория
https://steelborg.ru/catalog/mufta-perehodnaya-25-mm,категория
https://steelborg.ru/catalog/mufta-perehodnaya-20-mm,категория
https://steelborg.ru/catalog/mufta-perehodnaya-2,категория
https://steelborg.ru/catalog/mufta-perehodnaya-16-mm,категория
https://steelborg.ru/catalog/mufta-perehodnaya-150-mm,категория
https://steelborg.ru/catalog/mufta-perehodnaya-15-mm,категория
https://steelborg.ru/catalog/mufta-perehodnaya-110-mm,категория
https://steelborg.ru/catalog/mufta-perehodnaya-100-mm,категория
https://steelborg.ru/catalog/mufta-perehodnaya-12,категория
https://steelborg.ru/catalog/mufta-perehodnaya-1,категория
https://steelborg.ru/catalog/mufta-perehodnaya-1-18,категория
https://steelborg.ru/catalog/mufta-perehodnaya-1-14,категория
https://steelborg.ru/catalog/mufta-perehodnaya-1-12,категория
https://steelborg.ru/catalog/mufta-perehodnaya,категория
https://steelborg.ru/catalog/mufta-obzhimnaya-s-naruzhnoy-rezboy,категория
https://steelborg.ru/catalog/mufta-obzhimnaya-metalloplastikovaya,категория
https://steelborg.ru/catalog/mufta-obzhimnaya-latunnaya,категория
https://steelborg.ru/catalog/mufta-obzhimnaya-50-mm,категория
https://steelborg.ru/catalog/mufta-obzhimnaya-40-mm,категория
https://steelborg.ru/catalog/mufta-obzhimnaya-32-mm,категория
https://steelborg.ru/catalog/mufta-obzhimnaya-34,категория
https://steelborg.ru/catalog/mufta-obzhimnaya-26-mm,категория
https://steelborg.ru/catalog/mufta-obzhimnaya-25-mm,категория
https://steelborg.ru/catalog/mufta-obzhimnaya-20h34,категория
https://steelborg.ru/catalog/mufta-obzhimnaya-200-mm,категория
https://steelborg.ru/catalog/mufta-obzhimnaya-20-mm,категория
https://steelborg.ru/catalog/mufta-obzhimnaya-2,категория
https://steelborg.ru/catalog/mufta-obzhimnaya-16-mm,категория
https://steelborg.ru/catalog/mufta-obzhimnaya-150-mm,категория
https://steelborg.ru/catalog/mufta-obzhimnaya-15-mm,категория
https://steelborg.ru/catalog/mufta-obzhimnaya-12h18n10t,категория
https://steelborg.ru/catalog/mufta-obzhimnaya-125-mm,категория
https://steelborg.ru/catalog/mufta-obzhimnaya-100-mm,категория
https://steelborg.ru/catalog/mufta-obzhimnaya-12,категория
https://steelborg.ru/catalog/mufta-obzhimnaya-1,категория
https://steelborg.ru/catalog/mufta-obzhimnaya,категория
https://steelborg.ru/catalog/mufta-nadvizhnaya-chugunnaya,категория
https://steelborg.ru/catalog/mufta-nadvizhnaya-pe-100,категория
https://steelborg.ru/catalog/mufta-nadvizhnaya-polietilenovaya,категория
https://steelborg.ru/catalog/mufta-nadvizhnaya-polipropilenovaya,категория
https://steelborg.ru/catalog/mufta-nadvizhnaya-pvh-110-mm,категория
https://steelborg.ru/catalog/mufta-nadvizhnaya-pvh,категория
https://steelborg.ru/catalog/mufta-nadvizhnaya-nerzhaveyuschaya,категория
https://steelborg.ru/catalog/mufta-nadvizhnaya-kanalizatsionnaya,категория
https://steelborg.ru/catalog/mufta-nadvizhnaya-500-mm,категория
https://steelborg.ru/catalog/mufta-nadvizhnaya-50-mm,категория
https://steelborg.ru/catalog/mufta-nadvizhnaya-400-mm,категория
https://steelborg.ru/catalog/mufta-nadvizhnaya-315-mm,категория
https://steelborg.ru/catalog/mufta-nadvizhnaya-250-mm,категория
https://steelborg.ru/catalog/mufta-nadvizhnaya-200-mm,категория
https://steelborg.ru/catalog/mufta-nadvizhnaya-20-mm,категория
https://steelborg.ru/catalog/mufta-nadvizhnaya-160-mm,категория
https://steelborg.ru/catalog/mufta-nadvizhnaya-16-mm,категория
https://steelborg.ru/catalog/mufta-nadvizhnaya-110-mm,категория
https://steelborg.ru/catalog/mufta-nadvizhnaya-100-mm,категория
https://steelborg.ru/catalog/mufta-nadvizhnaya,категория
https://steelborg.ru/catalog/mufta-kompressionnaya-uglovaya,категория
https://steelborg.ru/catalog/mufta-kompressionnaya-stalnaya,категория
https://steelborg.ru/catalog/mufta-kompressionnaya-soedinitelnaya-pnd,категория
https://steelborg.ru/catalog/mufta-kompressionnaya-soedinitelnaya,категория
https://steelborg.ru/catalog/mufta-kompressionnaya-s-naruzhnoy-rezboy,категория
https://steelborg.ru/catalog/mufta-kompressionnaya-s-vnutrenney-rezboy,категория
https://steelborg.ru/catalog/mufta-kompressionnaya-reduktsionnaya,категория
https://steelborg.ru/catalog/mufta-kompressionnaya-polietilenovaya,категория
https://steelborg.ru/catalog/mufta-kompressionnaya-polipropilenovaya,категория
https://steelborg.ru/catalog/mufta-kompressionnaya-pnd-63-mm,категория
https://steelborg.ru/catalog/mufta-kompressionnaya-pnd,категория
https://steelborg.ru/catalog/mufta-kompressionnaya-perehodnaya-pnd,категория
https://steelborg.ru/catalog/mufta-kompressionnaya-perehodnaya,категория
https://steelborg.ru/catalog/mufta-kompressionnaya-obzhimnaya,категория
https://steelborg.ru/catalog/mufta-kompressionnaya-latunnaya,категория
https://steelborg.ru/catalog/mufta-kompressionnaya-90-mm,категория
https://steelborg.ru/catalog/mufta-kompressionnaya-75-mm,категория
https://steelborg.ru/catalog/mufta-kompressionnaya-63h32-mm,категория
https://steelborg.ru/catalog/mufta-kompressionnaya-63h2,категория
https://steelborg.ru/catalog/mufta-kompressionnaya-63-mm,категория
https://steelborg.ru/catalog/mufta-kompressionnaya-50-mm,категория
https://steelborg.ru/catalog/mufta-kompressionnaya-40-mm,категория
https://steelborg.ru/catalog/mufta-kompressionnaya-32h1,категория
https://steelborg.ru/catalog/mufta-kompressionnaya-32-mm,категория
https://steelborg.ru/catalog/mufta-kompressionnaya-34,категория
https://steelborg.ru/catalog/mufta-kompressionnaya-25h34,категория
https://steelborg.ru/catalog/mufta-kompressionnaya-25h25-mm,категория
https://steelborg.ru/catalog/mufta-kompressionnaya-25h1,категория
https://steelborg.ru/catalog/mufta-kompressionnaya-25-mm,категория
https://steelborg.ru/catalog/mufta-kompressionnaya-20h20-mm,категория
https://steelborg.ru/catalog/mufta-kompressionnaya-20-mm,категория
https://steelborg.ru/catalog/mufta-kompressionnaya-2,категория
https://steelborg.ru/catalog/mufta-kompressionnaya-160-mm,категория
https://steelborg.ru/catalog/mufta-kompressionnaya-16-mm,категория
https://steelborg.ru/catalog/mufta-kompressionnaya-110-mm,категория
https://steelborg.ru/catalog/mufta-kompressionnaya-10-mm,категория
https://steelborg.ru/catalog/mufta-kompressionnaya-1,категория
https://steelborg.ru/catalog/mufta-kompressionnaya-1-14,категория
https://steelborg.ru/catalog/mufta-kompressionnaya-1-12,категория
https://steelborg.ru/catalog/mufta-kompressionnaya,категория
https://steelborg.ru/catalog/mufta-kombinirovannaya-s-gaykoy,категория
https://steelborg.ru/catalog/mufta-kombinirovannaya-polipropilenovaya,категория
https://steelborg.ru/catalog/mufta-kombinirovannaya-payka,категория
https://steelborg.ru/catalog/mufta-kombinirovannaya-naruzhnaya,категория
https://steelborg.ru/catalog/mufta-kombinirovannaya-latunnaya,категория
https://steelborg.ru/catalog/mufta-kombinirovannaya-vnutrennyaya,категория
https://steelborg.ru/catalog/mufta-kombinirovannaya-belaya,категория
https://steelborg.ru/catalog/mufta-kombinirovannaya-amerikanka,категория
https://steelborg.ru/catalog/mufta-kombinirovannaya-ppr,категория
https://steelborg.ru/catalog/mufta-kombinirovannaya-90-mm,категория
https://steelborg.ru/catalog/mufta-kombinirovannaya-75h2-12,категория
https://steelborg.ru/catalog/mufta-kombinirovannaya-75-mm,категория
https://steelborg.ru/catalog/mufta-kombinirovannaya-63-mm,категория
https://steelborg.ru/catalog/mufta-kombinirovannaya-50h1,категория
https://steelborg.ru/catalog/mufta-kombinirovannaya-50-mm,категория
https://steelborg.ru/catalog/mufta-kombinirovannaya-40h32-mm,категория
https://steelborg.ru/catalog/mufta-kombinirovannaya-40h14,категория
https://steelborg.ru/catalog/mufta-kombinirovannaya-40h1,категория
https://steelborg.ru/catalog/mufta-kombinirovannaya-40h1-12,категория
https://steelborg.ru/catalog/mufta-kombinirovannaya-40-mm,категория
https://steelborg.ru/catalog/mufta-kombinirovannaya-32h25-mm,категория
https://steelborg.ru/catalog/mufta-kombinirovannaya-32h1,категория
https://steelborg.ru/catalog/mufta-kombinirovannaya-32h1-14,категория
https://steelborg.ru/catalog/mufta-kombinirovannaya-32-mm,категория
https://steelborg.ru/catalog/mufta-kombinirovannaya-34,категория
https://steelborg.ru/catalog/mufta-kombinirovannaya-3,категория
https://steelborg.ru/catalog/mufta-kombinirovannaya-25h34,категория
https://steelborg.ru/catalog/mufta-kombinirovannaya-25h20-mm,категория
https://steelborg.ru/catalog/mufta-kombinirovannaya-25h1,категория
https://steelborg.ru/catalog/mufta-kombinirovannaya-25-mm,категория
https://steelborg.ru/catalog/mufta-kombinirovannaya-20h12,категория
https://steelborg.ru/catalog/mufta-kombinirovannaya-20h1,категория
https://steelborg.ru/catalog/mufta-kombinirovannaya-20-mm,категория
https://steelborg.ru/catalog/mufta-kombinirovannaya-2,категория
https://steelborg.ru/catalog/mufta-kombinirovannaya-16-mm,категория
https://steelborg.ru/catalog/mufta-kombinirovannaya-15-mm,категория
https://steelborg.ru/catalog/mufta-kombinirovannaya-110-mm,категория
https://steelborg.ru/catalog/mufta-kombinirovannaya-12,категория
https://steelborg.ru/catalog/mufta-kombinirovannaya-1,категория
https://steelborg.ru/catalog/mufta-kombinirovannaya-1-14,категория
https://steelborg.ru/catalog/mufta-kombinirovannaya-1-12,категория
https://steelborg.ru/catalog/mufta-kombinirovannaya,категория
https://steelborg.ru/catalog/mufta-dlya-trub-elektrosvarnaya,категория
https://steelborg.ru/catalog/mufta-dlya-trub-stalnaya,категория
https://steelborg.ru/catalog/mufta-dlya-trub-pe-100,категория
https://steelborg.ru/catalog/mufta-dlya-trub-polietilenovaya,категория
https://steelborg.ru/catalog/mufta-dlya-trub-polipropilenovaya,категория
https://steelborg.ru/catalog/mufta-dlya-trub-pnd,категория
https://steelborg.ru/catalog/mufta-dlya-trub-pvh-20-mm,категория
https://steelborg.ru/catalog/mufta-dlya-trub-pvh,категория
https://steelborg.ru/catalog/mufta-dlya-trub-payka,категория
https://steelborg.ru/catalog/mufta-dlya-trub-nerzhaveyuschaya,категория
https://steelborg.ru/catalog/mufta-dlya-trub-mednaya,категория
https://steelborg.ru/catalog/mufta-dlya-trub-latunnaya,категория
https://steelborg.ru/catalog/mufta-dlya-trub-kanalizatsionnaya,категория
https://steelborg.ru/catalog/mufta-dlya-trub-zazhimnaya,категория
https://steelborg.ru/catalog/mufta-dlya-trub-belaya,категория
https://steelborg.ru/catalog/mufta-dlya-trub-ppr,категория
https://steelborg.ru/catalog/mufta-dlya-trub-76-mm,категория
https://steelborg.ru/catalog/mufta-dlya-trub-75-mm,категория
https://steelborg.ru/catalog/mufta-dlya-trub-63-mm,категория
https://steelborg.ru/catalog/mufta-dlya-trub-57-mm,категория
https://steelborg.ru/catalog/mufta-dlya-trub-500-mm,категория
https://steelborg.ru/catalog/mufta-dlya-trub-50-mm,категория
https://steelborg.ru/catalog/mufta-dlya-trub-40-mm,категория
https://steelborg.ru/catalog/mufta-dlya-trub-32-mm,категория
https://steelborg.ru/catalog/mufta-dlya-trub-34,категория
https://steelborg.ru/catalog/mufta-dlya-trub-25-mm,категория
https://steelborg.ru/catalog/mufta-dlya-trub-20-mm,категория
https://steelborg.ru/catalog/mufta-dlya-trub-180-mm,категория
https://steelborg.ru/catalog/mufta-dlya-trub-160-mm,категория
https://steelborg.ru/catalog/mufta-dlya-trub-16-mm,категория
https://steelborg.ru/catalog/mufta-dlya-trub-15-mm,категория
https://steelborg.ru/catalog/mufta-dlya-trub-110-mm,категория
https://steelborg.ru/catalog/mufta-dlya-trub-100-mm,категория
https://steelborg.ru/catalog/mufta-dlya-trub-1,категория
https://steelborg.ru/catalog/mufta-dlya-trub-1-14,категория
https://steelborg.ru/catalog/mufta-dlya-trub-1-12,категория
https://steelborg.ru/catalog/mufta-dlya-trub,категория
https://steelborg.ru/catalog/krestovina-chugunnaya-flantsevaya-kf,категория
https://steelborg.ru/catalog/krestovina-chugunnaya-rastrubnaya-kr,категория
https://steelborg.ru/catalog/krestovina-chugunnaya-rastrub-flanets-krf,категория
https://steelborg.ru/catalog/krestovina-chugunnaya-ppkf,категория
https://steelborg.ru/catalog/krestovina-chugunnaya-ppkrf,категория
https://steelborg.ru/catalog/krestovina-chugunnaya-kanalizatsionnaya,категория
https://steelborg.ru/catalog/krestovina-chugunnaya-dvuhploskostnoy,категория
https://steelborg.ru/catalog/krestovina-chugunnaya-vchshg,категория
https://steelborg.ru/catalog/krestovina-chugunnaya-sml,категория
https://steelborg.ru/catalog/krestovina-chugunnaya-600-mm,категория
https://steelborg.ru/catalog/krestovina-chugunnaya-6,категория
https://steelborg.ru/catalog/krestovina-chugunnaya-500-mm,категория
https://steelborg.ru/catalog/krestovina-chugunnaya-50-mm,категория
https://steelborg.ru/catalog/krestovina-chugunnaya-400-mm,категория
https://steelborg.ru/catalog/krestovina-chugunnaya-4,категория
https://steelborg.ru/catalog/krestovina-chugunnaya-300-mm,категория
https://steelborg.ru/catalog/krestovina-chugunnaya-250-mm,категория
https://steelborg.ru/catalog/krestovina-chugunnaya-200-mm,категория
https://steelborg.ru/catalog/krestovina-chugunnaya-20-mm,категория
https://steelborg.ru/catalog/krestovina-chugunnaya-2,категория
https://steelborg.ru/catalog/krestovina-chugunnaya-150-mm,категория
https://steelborg.ru/catalog/krestovina-chugunnaya-100-mm,категория
https://steelborg.ru/catalog/krestovina-chugunnaya-12,категория
https://steelborg.ru/catalog/krestovina-chugunnaya,категория
https://steelborg.ru/catalog/krestovina-stalnaya-flantsevaya,категория
https://steelborg.ru/catalog/krestovina-stalnaya-st20,категория
https://steelborg.ru/catalog/krestovina-stalnaya-privarnaya,категория
https://steelborg.ru/catalog/krestovina-stalnaya-ppkf,категория
https://steelborg.ru/catalog/krestovina-stalnaya-perehodnaya,категория
https://steelborg.ru/catalog/krestovina-stalnaya-kf,категория
https://steelborg.ru/catalog/krestovina-stalnaya-300-mm,категория
https://steelborg.ru/catalog/krestovina-stalnaya-250-mm,категория
https://steelborg.ru/catalog/krestovina-stalnaya-25-mm,категория
https://steelborg.ru/catalog/krestovina-stalnaya-200-mm,категория
https://steelborg.ru/catalog/krestovina-stalnaya-20-mm,категория
https://steelborg.ru/catalog/krestovina-stalnaya-150-mm,категория
https://steelborg.ru/catalog/krestovina-stalnaya-15-mm,категория
https://steelborg.ru/catalog/krestovina-stalnaya-100-mm,категория
https://steelborg.ru/catalog/krestovina-stalnaya,категория
https://steelborg.ru/catalog/krestovina-polietilenovaya,категория
https://steelborg.ru/catalog/krestovina-polipropilenovaya,категория
https://steelborg.ru/catalog/krestovina-pnd,категория
https://steelborg.ru/catalog/krestovina-plastikovaya-pe-100,категория
https://steelborg.ru/catalog/krestovina-plastikovaya-privarnaya,категория
https://steelborg.ru/catalog/krestovina-plastikovaya-odnoploskostnaya,категория
https://steelborg.ru/catalog/krestovina-plastikovaya-kanalizatsionnaya,категория
https://steelborg.ru/catalog/krestovina-plastikovaya-dvuhploskostnaya,категория
https://steelborg.ru/catalog/krestovina-plastikovaya-ppr,категория
https://steelborg.ru/catalog/krestovina-plastikovaya-50-mm,категория
https://steelborg.ru/catalog/krestovina-plastikovaya-32-mm,категория
https://steelborg.ru/catalog/krestovina-plastikovaya-25-mm,категория
https://steelborg.ru/catalog/krestovina-plastikovaya-20-mm,категория
https://steelborg.ru/catalog/krestovina-plastikovaya-110-mm,категория
https://steelborg.ru/catalog/krestovina-pvh,категория
https://steelborg.ru/catalog/krestovina-plastikovaya,категория
https://steelborg.ru/catalog/krestovina-nerzhaveyuschaya-rezbovaya,категория
https://steelborg.ru/catalog/krestovina-nerzhaveyuschaya-pod-privarku,категория
https://steelborg.ru/catalog/krestovina-nerzhaveyuschaya-vnutrennyaya-rezba,категория
https://steelborg.ru/catalog/krestovina-nerzhaveyuschaya-aisi-316l,категория
https://steelborg.ru/catalog/krestovina-nerzhaveyuschaya-aisi-316,категория
https://steelborg.ru/catalog/krestovina-nerzhaveyuschaya-aisi-304,категория
https://steelborg.ru/catalog/krestovina-nerzhaveyuschaya-78,категория
https://steelborg.ru/catalog/krestovina-nerzhaveyuschaya-65-mm,категория
https://steelborg.ru/catalog/krestovina-nerzhaveyuschaya-50-mm,категория
https://steelborg.ru/catalog/krestovina-nerzhaveyuschaya-40-mm,категория
https://steelborg.ru/catalog/krestovina-nerzhaveyuschaya-32-mm,категория
https://steelborg.ru/catalog/krestovina-nerzhaveyuschaya-25-mm,категория
https://steelborg.ru/catalog/krestovina-nerzhaveyuschaya-20-mm,категория
https://steelborg.ru/catalog/krestovina-nerzhaveyuschaya-2,категория
https://steelborg.ru/catalog/krestovina-nerzhaveyuschaya-2-12,категория
https://steelborg.ru/catalog/krestovina-nerzhaveyuschaya-15-mm,категория
https://steelborg.ru/catalog/krestovina-nerzhaveyuschaya-12,категория
https://steelborg.ru/catalog/krestovina-nerzhaveyuschaya-1,категория
https://steelborg.ru/catalog/krestovina-nerzhaveyuschaya-1-14,категория
https://steelborg.ru/catalog/krestovina-nerzhaveyuschaya-1-12,категория
https://steelborg.ru/catalog/krestovina-nerzhaveyuschaya-08h18n10,категория
https://steelborg.ru/catalog/krestovina-nerzhaveyuschaya,категория
https://steelborg.ru/catalog/krestovina-latunnaya-nikelirovannaya,категория
https://steelborg.ru/catalog/krestovina-latunnaya-muftovaya,категория
https://steelborg.ru/catalog/krestovina-latunnaya-vnutrennyaya-rezba,категория
https://steelborg.ru/catalog/krestovina-latunnaya-78,категория
https://steelborg.ru/catalog/krestovina-latunnaya-58,категория
https://steelborg.ru/catalog/krestovina-latunnaya-34,категория
https://steelborg.ru/catalog/krestovina-latunnaya-25-mm,категория
https://steelborg.ru/catalog/krestovina-latunnaya-20-mm,категория
https://steelborg.ru/catalog/krestovina-latunnaya-2,категория
https://steelborg.ru/catalog/krestovina-latunnaya-16-mm,категория
https://steelborg.ru/catalog/krestovina-latunnaya-15-mm,категория
https://steelborg.ru/catalog/krestovina-latunnaya-12,категория
https://steelborg.ru/catalog/krestovina-latunnaya-1,категория
https://steelborg.ru/catalog/krestovina-latunnaya,категория
https://steelborg.ru/catalog/krestovina-dlya-trub-flantsevaya-kf,категория
https://steelborg.ru/catalog/krestovina-dlya-trub-rastrubnaya-kr,категория
https://steelborg.ru/catalog/krestovina-dlya-trub-rastrub-flanets-krf,категория
https://steelborg.ru/catalog/krestovina-dlya-trub-pe-100,категория
https://steelborg.ru/catalog/krestovina-dlya-trub-privarnaya,категория
https://steelborg.ru/catalog/krestovina-dlya-trub-ppkf,категория
https://steelborg.ru/catalog/krestovina-dlya-trub-ppkrf,категория
https://steelborg.ru/catalog/krestovina-dlya-trub-pnd,категория
https://steelborg.ru/catalog/krestovina-dlya-trub-pvh,категория
https://steelborg.ru/catalog/krestovina-dlya-trub-odnoploskostnaya,категория
https://steelborg.ru/catalog/krestovina-dlya-trub-kanalizatsionnaya,категория
https://steelborg.ru/catalog/krestovina-dlya-trub-dvuhploskostnaya,категория
https://steelborg.ru/catalog/krestovina-dlya-trub-vchshg,категория
https://steelborg.ru/catalog/krestovina-dlya-trub-vnutrennyaya-rezba,категория
https://steelborg.ru/catalog/krestovina-dlya-trub-ppr,категория
https://steelborg.ru/catalog/krestovina-dlya-trub-50-mm,категория
https://steelborg.ru/catalog/krestovina-dlya-trub-40-mm,категория
https://steelborg.ru/catalog/krestovina-dlya-trub-32-mm,категория
https://steelborg.ru/catalog/krestovina-dlya-trub-25-mm,категория
https://steelborg.ru/catalog/krestovina-dlya-trub-20-mm,категория
https://steelborg.ru/catalog/krestovina-dlya-trub-16-mm,категория
https://steelborg.ru/catalog/krestovina-dlya-trub-150-mm,категория
https://steelborg.ru/catalog/krestovina-dlya-trub-110-mm,категория
https://steelborg.ru/catalog/krestovina-dlya-trub-100-mm,категория
https://steelborg.ru/catalog/krestovina-dlya-trub,категория
https://steelborg.ru/catalog/koleno-chugunnoe-flantsevoe-uf,категория
https://steelborg.ru/catalog/koleno-chugunnoe-flanets-gladkiy-konets-ufg,категория
https://steelborg.ru/catalog/koleno-chugunnoe-rastrubnoe-ur,категория
https://steelborg.ru/catalog/koleno-chugunnoe-rastrub-flanets-urf,категория
https://steelborg.ru/catalog/koleno-chugunnoe-rastrub-gladkiy-konets-urg,категория
https://steelborg.ru/catalog/koleno-chugunnoe-kanalizatsionnoe,категория
https://steelborg.ru/catalog/koleno-chugunnoe-90-mm,категория
https://steelborg.ru/catalog/koleno-chugunnoe-80-mm,категория
https://steelborg.ru/catalog/koleno-chugunnoe-600-mm,категория
https://steelborg.ru/catalog/koleno-chugunnoe-500-mm,категория
https://steelborg.ru/catalog/koleno-chugunnoe-50-mm,категория
https://steelborg.ru/catalog/koleno-chugunnoe-400-mm,категория
https://steelborg.ru/catalog/koleno-chugunnoe-300-mm,категория
https://steelborg.ru/catalog/koleno-chugunnoe-250-mm,категория
https://steelborg.ru/catalog/koleno-chugunnoe-200-mm,категория
https://steelborg.ru/catalog/koleno-chugunnoe-150-mm,категория
https://steelborg.ru/catalog/koleno-chugunnoe-100-mm,категория
https://steelborg.ru/catalog/koleno-chugunnoe,категория
https://steelborg.ru/catalog/koleno-truby-flantsevoe-uf,категория
https://steelborg.ru/catalog/koleno-truby-flanets-gladkiy-konets-ufg,категория
https://steelborg.ru/catalog/koleno-truby-uglovoe,категория
https://steelborg.ru/catalog/koleno-truby-rastrubnoe-ur,категория
https://steelborg.ru/catalog/koleno-truby-rastrub-flanets-urf,категория
https://steelborg.ru/catalog/koleno-truby-rastrub-gladkiy-konets-urg,категория
https://steelborg.ru/catalog/koleno-truby-otsinkovannoe,категория
https://steelborg.ru/catalog/koleno-truby-obvodnoe,категория
https://steelborg.ru/catalog/koleno-truby-ppr,категория
https://steelborg.ru/catalog/koleno-truby-90-mm,категория
https://steelborg.ru/catalog/koleno-truby-90-gradusov,категория
https://steelborg.ru/catalog/koleno-truby-600-mm,категория
https://steelborg.ru/catalog/koleno-truby-500-mm,категория
https://steelborg.ru/catalog/koleno-truby-50-mm,категория
https://steelborg.ru/catalog/koleno-truby-45-gradusov,категория
https://steelborg.ru/catalog/koleno-truby-400-mm,категория
https://steelborg.ru/catalog/koleno-truby-300-mm,категория
https://steelborg.ru/catalog/koleno-truby-250-mm,категория
https://steelborg.ru/catalog/koleno-truby-200-mm,категория
https://steelborg.ru/catalog/koleno-truby-2,категория
https://steelborg.ru/catalog/koleno-truby-150-mm,категория
https://steelborg.ru/catalog/koleno-truby-110-mm,категория
https://steelborg.ru/catalog/koleno-truby-100-mm,категория
https://steelborg.ru/catalog/koleno-polietilenovoe,категория
https://steelborg.ru/catalog/koleno-polipropilenovoe,категория
https://steelborg.ru/catalog/koleno-plastikovoe-uglovoe,категория
https://steelborg.ru/catalog/koleno-plastikovoe-obvodnoe,категория
https://steelborg.ru/catalog/koleno-plastikovoe-kanalizatsionnoe,категория
https://steelborg.ru/catalog/koleno-plastikovoe-ppr,категория
https://steelborg.ru/catalog/koleno-plastikovoe-90-gradusov,категория
https://steelborg.ru/catalog/koleno-plastikovoe-45-gradusov,категория
https://steelborg.ru/catalog/koleno-plastikovoe-32-mm,категория
https://steelborg.ru/catalog/koleno-plastikovoe-34,категория
https://steelborg.ru/catalog/koleno-plastikovoe-25-mm,категория
https://steelborg.ru/catalog/koleno-plastikovoe-20-mm,категория
https://steelborg.ru/catalog/koleno-plastikovoe-110-mm,категория
https://steelborg.ru/catalog/koleno-plastikovoe-1,категория
https://steelborg.ru/catalog/koleno-plastikovoe-1-14,категория
https://steelborg.ru/catalog/koleno-pvh,категория
https://steelborg.ru/catalog/koleno-npvh,категория
https://steelborg.ru/catalog/koleno-plastikovoe,категория
https://steelborg.ru/catalog/koleno-truby,категория
https://steelborg.ru/catalog/zaglushka-chugunnaya-flantsevaya,категория
https://steelborg.ru/catalog/zaglushka-chugunnaya-tortsevaya,категория
https://steelborg.ru/catalog/zaglushka-chugunnaya-otsinkovannaya,категория
https://steelborg.ru/catalog/zaglushka-chugunnaya-kch,категория
https://steelborg.ru/catalog/zaglushka-chugunnaya-kanalizatsionnaya,категория
https://steelborg.ru/catalog/zaglushka-chugunnaya-vchshg,категория
https://steelborg.ru/catalog/zaglushka-chugunnaya-sml,категория
https://steelborg.ru/catalog/zaglushka-chugunnaya-80-mm,категория
https://steelborg.ru/catalog/zaglushka-chugunnaya-50-mm,категория
https://steelborg.ru/catalog/zaglushka-chugunnaya-40-mm,категория
https://steelborg.ru/catalog/zaglushka-chugunnaya-32-mm,категория
https://steelborg.ru/catalog/zaglushka-chugunnaya-300-mm,категория
https://steelborg.ru/catalog/zaglushka-chugunnaya-34,категория
https://steelborg.ru/catalog/zaglushka-chugunnaya-250-mm,категория
https://steelborg.ru/catalog/zaglushka-chugunnaya-25-mm,категория
https://steelborg.ru/catalog/zaglushka-chugunnaya-200-mm,категория
https://steelborg.ru/catalog/zaglushka-chugunnaya-20-mm,категория
https://steelborg.ru/catalog/zaglushka-chugunnaya-150-mm,категория
https://steelborg.ru/catalog/zaglushka-chugunnaya-15-mm,категория
https://steelborg.ru/catalog/zaglushka-chugunnaya-125-mm,категория
https://steelborg.ru/catalog/zaglushka-chugunnaya-110-mm,категория
https://steelborg.ru/catalog/zaglushka-chugunnaya-100-mm,категория
https://steelborg.ru/catalog/zaglushka-chugunnaya-1,категория
https://steelborg.ru/catalog/zaglushka-chugunnaya-1-14,категория
https://steelborg.ru/catalog/zaglushka-chugunnaya,категория
https://steelborg.ru/catalog/zaglushka-titanovaya,категория
https://steelborg.ru/catalog/zaglushka-stalnaya,категория
https://steelborg.ru/catalog/zaglushka-polietilenovaya,категория
https://steelborg.ru/catalog/zaglushka-polipropilenovaya,категория
https://steelborg.ru/catalog/zaglushka-pnd,категория
https://steelborg.ru/catalog/zaglushka-plastikovaya-elektrosvarnaya,категория
https://steelborg.ru/catalog/zaglushka-plastikovaya-chernaya,категория
https://steelborg.ru/catalog/zaglushka-plastikovaya-udlinennaya,категория
https://steelborg.ru/catalog/zaglushka-plastikovaya-seraya,категория
https://steelborg.ru/catalog/zaglushka-plastikovaya-pe100,категория
https://steelborg.ru/catalog/zaglushka-plastikovaya-privarnaya,категория
https://steelborg.ru/catalog/zaglushka-plastikovaya-ploskaya,категория
https://steelborg.ru/catalog/zaglushka-plastikovaya-naruzhnaya,категория
https://steelborg.ru/catalog/zaglushka-plastikovaya-litaya,категория
https://steelborg.ru/catalog/zaglushka-plastikovaya-krasnaya,категория
https://steelborg.ru/catalog/zaglushka-plastikovaya-belaya,категория
https://steelborg.ru/catalog/zaglushka-plastikovaya-pprs,категория
https://steelborg.ru/catalog/zaglushka-plastikovaya-ppr,категория
https://steelborg.ru/catalog/zaglushka-plastikovaya-pe-rt,категория
https://steelborg.ru/catalog/zaglushka-plastikovaya-90-mm,категория
https://steelborg.ru/catalog/zaglushka-plastikovaya-80h80-mm,категория
https://steelborg.ru/catalog/zaglushka-plastikovaya-76-mm,категория
https://steelborg.ru/catalog/zaglushka-plastikovaya-63-mm,категория
https://steelborg.ru/catalog/zaglushka-plastikovaya-60h60-mm,категория
https://steelborg.ru/catalog/zaglushka-plastikovaya-60h40-mm,категория
https://steelborg.ru/catalog/zaglushka-plastikovaya-57-mm,категория
https://steelborg.ru/catalog/zaglushka-plastikovaya-50h50-mm,категория
https://steelborg.ru/catalog/zaglushka-plastikovaya-50-mm,категория
https://steelborg.ru/catalog/zaglushka-plastikovaya-48-mm,категория
https://steelborg.ru/catalog/zaglushka-plastikovaya-40h40-mm,категория
https://steelborg.ru/catalog/zaglushka-plastikovaya-40-mm,категория
https://steelborg.ru/catalog/zaglushka-plastikovaya-32-mm,категория
https://steelborg.ru/catalog/zaglushka-plastikovaya-30-mm,категория
https://steelborg.ru/catalog/zaglushka-plastikovaya-3-12,категория
https://steelborg.ru/catalog/zaglushka-plastikovaya-25h25-mm,категория
https://steelborg.ru/catalog/zaglushka-plastikovaya-25-mm,категория
https://steelborg.ru/catalog/zaglushka-plastikovaya-22-mm,категория
https://steelborg.ru/catalog/zaglushka-plastikovaya-20-mm,категория
https://steelborg.ru/catalog/zaglushka-plastikovaya-160-mm,категория
https://steelborg.ru/catalog/zaglushka-plastikovaya-16-mm,категория
https://steelborg.ru/catalog/zaglushka-plastikovaya-15-mm,категория
https://steelborg.ru/catalog/zaglushka-plastikovaya-125-mm,категория
https://steelborg.ru/catalog/zaglushka-plastikovaya-120-mm,категория
https://steelborg.ru/catalog/zaglushka-plastikovaya-100h100-mm,категория
https://steelborg.ru/catalog/zaglushka-plastikovaya-100-mm,категория
https://steelborg.ru/catalog/zaglushka-plastikovaya-10-mm,категория
https://steelborg.ru/catalog/zaglushka-plastikovaya-12,категория
https://steelborg.ru/catalog/zaglushka-plastikovaya-1,категория
https://steelborg.ru/catalog/zaglushka-plastikovaya-1-12,категория
https://steelborg.ru/catalog/zaglushka-pvh,категория
https://steelborg.ru/catalog/zaglushka-plastikovaya,категория
https://steelborg.ru/catalog/zaglushka-nerzhaveyuschaya-ellipticheskaya,категория
https://steelborg.ru/catalog/zaglushka-nerzhaveyuschaya-flantsevaya,категория
https://steelborg.ru/catalog/zaglushka-nerzhaveyuschaya-sfericheskaya,категория
https://steelborg.ru/catalog/zaglushka-nerzhaveyuschaya-rezbovaya,категория
https://steelborg.ru/catalog/zaglushka-nerzhaveyuschaya-privarnaya,категория
https://steelborg.ru/catalog/zaglushka-nerzhaveyuschaya-povorotnaya,категория
https://steelborg.ru/catalog/zaglushka-nerzhaveyuschaya-ploskaya,категория
https://steelborg.ru/catalog/zaglushka-nerzhaveyuschaya-vnutrennyaya-rezba,категория
https://steelborg.ru/catalog/zaglushka-nerzhaveyuschaya-aisi-316,категория
https://steelborg.ru/catalog/zaglushka-nerzhaveyuschaya-aisi-304,категория
https://steelborg.ru/catalog/zaglushka-nerzhaveyuschaya-80-mm,категория
https://steelborg.ru/catalog/zaglushka-nerzhaveyuschaya-65-mm,категория
https://steelborg.ru/catalog/zaglushka-nerzhaveyuschaya-50-mm,категория
https://steelborg.ru/catalog/zaglushka-nerzhaveyuschaya-40-mm,категория
https://steelborg.ru/catalog/zaglushka-nerzhaveyuschaya-32-mm,категория
https://steelborg.ru/catalog/zaglushka-nerzhaveyuschaya-34,категория
https://steelborg.ru/catalog/zaglushka-nerzhaveyuschaya-3-mm,категория
https://steelborg.ru/catalog/zaglushka-nerzhaveyuschaya-25-mm,категория
https://steelborg.ru/catalog/zaglushka-nerzhaveyuschaya-2-mm,категория
https://steelborg.ru/catalog/zaglushka-nerzhaveyuschaya-12h18n10t,категория
https://steelborg.ru/catalog/zaglushka-nerzhaveyuschaya-12,категория
https://steelborg.ru/catalog/zaglushka-nerzhaveyuschaya-1-mm,категория
https://steelborg.ru/catalog/zaglushka-nerzhaveyuschaya,категория
https://steelborg.ru/catalog/zaglushka-mednaya-pod-payku,категория
https://steelborg.ru/catalog/zaglushka-mednaya-14,категория
https://steelborg.ru/catalog/zaglushka-mednaya,категория
https://steelborg.ru/catalog/zaglushka-latunnaya-nikelirovannaya,категория
https://steelborg.ru/catalog/zaglushka-latunnaya-naruzhnaya-rezba,категория
https://steelborg.ru/catalog/zaglushka-latunnaya-muftovaya,категория
https://steelborg.ru/catalog/zaglushka-latunnaya-vnutrennyaya-rezba,категория
https://steelborg.ru/catalog/zaglushka-latunnaya-50-mm,категория
https://steelborg.ru/catalog/zaglushka-latunnaya-40-mm,категория
https://steelborg.ru/catalog/zaglushka-latunnaya-32-mm,категория
https://steelborg.ru/catalog/zaglushka-latunnaya-25-mm,категория
https://steelborg.ru/catalog/zaglushka-latunnaya-2,категория
https://steelborg.ru/catalog/zaglushka-latunnaya-15-mm,категория
https://steelborg.ru/catalog/zaglushka-latunnaya-14,категория
https://steelborg.ru/catalog/zaglushka-latunnaya-12,категория
https://steelborg.ru/catalog/zaglushka-latunnaya-1,категория
https://steelborg.ru/catalog/zaglushka-latunnaya-1-14,категория
https://steelborg.ru/catalog/zaglushka-latunnaya-1-12,категория
https://steelborg.ru/catalog/zaglushka-latunnaya,категория
https://steelborg.ru/catalog/zaglushka-dekorativnaya-plastikovaya-pryamougolnaya,категория
https://steelborg.ru/catalog/zaglushka-dekorativnaya-plastikovaya-kruglaya,категория
https://steelborg.ru/catalog/zaglushka-dekorativnaya-plastikovaya-kvadratnaya,категория
https://steelborg.ru/catalog/zaglushka-dekorativnaya-plastikovaya-dlya-trub,категория
https://steelborg.ru/catalog/zaglushka-alyuminievaya-zazhimnaya,категория
https://steelborg.ru/catalog/zaglushka-alyuminievaya-80-mm,категория
https://steelborg.ru/catalog/zaglushka-alyuminievaya,категория
https://steelborg.ru/catalog/zaglushka-dlya-trub,категория
https://steelborg.ru/catalog/ellipticheskoe-dnische-shtampovka,категория
https://steelborg.ru/catalog/ellipticheskoe-dnische-stalnoe,категория
https://steelborg.ru/catalog/ellipticheskoe-dnische-st20,категория
https://steelborg.ru/catalog/ellipticheskoe-dnische-nerzhaveyuschee,категория
https://steelborg.ru/catalog/ellipticheskoe-dnische-iz-stali-20yuch,категория
https://steelborg.ru/catalog/ellipticheskoe-dnische-820-mm,категория
https://steelborg.ru/catalog/ellipticheskoe-dnische-8-mm,категория
https://steelborg.ru/catalog/ellipticheskoe-dnische-720-mm,категория
https://steelborg.ru/catalog/ellipticheskoe-dnische-630-mm,категория
https://steelborg.ru/catalog/ellipticheskoe-dnische-6-mm,категория
https://steelborg.ru/catalog/ellipticheskoe-dnische-20-mm,категория
https://steelborg.ru/catalog/ellipticheskoe-dnische-17g1s,категория
https://steelborg.ru/catalog/ellipticheskoe-dnische-16-mm,категория
https://steelborg.ru/catalog/ellipticheskoe-dnische-1420-mm,категория
https://steelborg.ru/catalog/ellipticheskoe-dnische-14-mm,категория
https://steelborg.ru/catalog/ellipticheskoe-dnische-12h18n10t,категория
https://steelborg.ru/catalog/ellipticheskoe-dnische-1220-mm,категория
https://steelborg.ru/catalog/ellipticheskoe-dnische-12-mm,категория
https://steelborg.ru/catalog/ellipticheskoe-dnische-1020-mm,категория
https://steelborg.ru/catalog/ellipticheskoe-dnische-10-mm,категория
https://steelborg.ru/catalog/ellipticheskoe-dnische-09g2s,категория
https://steelborg.ru/catalog/ellipticheskoe-dnische,категория
https://steelborg.ru/catalog/torosfericheskoe-dnische,категория
https://steelborg.ru/catalog/ploskoe-dnische,категория
https://steelborg.ru/catalog/konicheskoe-dnische,категория
https://steelborg.ru/catalog/dnischa-dlya-emkostey-stalnoe,категория
https://steelborg.ru/catalog/dnischa-dlya-emkostey-st20,категория
https://steelborg.ru/catalog/dnischa-dlya-emkostey-nerzhaveyuschie,категория
https://steelborg.ru/catalog/dnischa-dlya-emkostey-12-mm,категория
https://steelborg.ru/catalog/dnischa-dlya-emkostey-10-mm,категория
https://steelborg.ru/catalog/dnischa-dlya-emkostey-09g2s,категория
https://steelborg.ru/catalog/dnischa-dlya-emkostey,категория
https://steelborg.ru/catalog/dvoynoy-rastrub-drk,категория
https://steelborg.ru/catalog/dvoynoy-rastrub-dr-100-mm,категория
https://steelborg.ru/catalog/dvoynoy-rastrub-vchshg-150-mm,категория
https://steelborg.ru/catalog/dvoynoy-rastrub-vchshg,категория
https://steelborg.ru/catalog/dvoynoy-rastrub-300-mm,категория
https://steelborg.ru/catalog/dvoynoy-rastrub-250-mm,категория
https://steelborg.ru/catalog/dvoynoy-rastrub-200-mm,категория
https://steelborg.ru/catalog/dvoynoy-rastrub-150-mm,категория
https://steelborg.ru/catalog/dvoynoy-rastrub-100-mm,категория
https://steelborg.ru/catalog/dvoynoy-rastrub,категория
https://steelborg.ru/catalog/vtulka-chugunnaya-sch20,категория
https://steelborg.ru/catalog/vtulka-chugunnaya-90-mm,категория
https://steelborg.ru/catalog/vtulka-chugunnaya-65-mm,категория
https://steelborg.ru/catalog/vtulka-chugunnaya,категория
https://steelborg.ru/catalog/vtulka-udlinennaya,категория
https://steelborg.ru/catalog/vtulka-stalnaya-45,категория
https://steelborg.ru/catalog/vtulka-stalnaya-20g,категория
https://steelborg.ru/catalog/vtulka-stalnaya-20-mm,категория
https://steelborg.ru/catalog/vtulka-stalnaya-12h1mf,категория
https://steelborg.ru/catalog/vtulka-stalnaya-12-mm,категория
https://steelborg.ru/catalog/vtulka-stalnaya-102-mm,категория
https://steelborg.ru/catalog/vtulka-stalnaya,категория
https://steelborg.ru/catalog/vtulka-svarnaya,категория
https://steelborg.ru/catalog/vtulka-ru16,категория
https://steelborg.ru/catalog/vtulka-ru10,категория
https://steelborg.ru/catalog/vtulka-rezinovaya-m8,категория
https://steelborg.ru/catalog/vtulka-rezinovaya-konicheskaya,категория
https://steelborg.ru/catalog/vtulka-rezinovaya-kabelnaya,категория
https://steelborg.ru/catalog/vtulka-rezinovaya-6-mm,категория
https://steelborg.ru/catalog/vtulka-rezinovaya-50-mm,категория
https://steelborg.ru/catalog/vtulka-rezinovaya-5-mm,категория
https://steelborg.ru/catalog/vtulka-rezinovaya-40-mm,категория
https://steelborg.ru/catalog/vtulka-rezinovaya-30-mm,категория
https://steelborg.ru/catalog/vtulka-rezinovaya-25-mm,категория
https://steelborg.ru/catalog/vtulka-rezinovaya-18-mm,категория
https://steelborg.ru/catalog/vtulka-rezinovaya-16-mm,категория
https://steelborg.ru/catalog/vtulka-rezinovaya-15-mm,категория
https://steelborg.ru/catalog/vtulka-rezinovaya-12-mm,категория
https://steelborg.ru/catalog/vtulka-rezinovaya-10-mm,категория
https://steelborg.ru/catalog/vtulka-rezinovaya,категория
https://steelborg.ru/catalog/vtulka-reduktsionnaya,категория
https://steelborg.ru/catalog/vtulka-pe-pod-flanets,категория
https://steelborg.ru/catalog/vtulka-pod-flanets,категория
https://steelborg.ru/catalog/vtulka-pnd,категория
https://steelborg.ru/catalog/vtulka-pe100,категория
https://steelborg.ru/catalog/vtulka-polietilenovaya,категория
https://steelborg.ru/catalog/vtulka-plastikovaya-udlinennaya,категория
https://steelborg.ru/catalog/vtulka-plastikovaya-svarnaya,категория
https://steelborg.ru/catalog/vtulka-plastikovaya-ru16,категория
https://steelborg.ru/catalog/vtulka-plastikovaya-ru10,категория
https://steelborg.ru/catalog/vtulka-plastikovaya-pod-flanets,категория
https://steelborg.ru/catalog/vtulka-plastikovaya-litaya,категория
https://steelborg.ru/catalog/vtulka-plastikovaya-korotkaya,категория
https://steelborg.ru/catalog/vtulka-plastikovaya-76-mm,категория
https://steelborg.ru/catalog/vtulka-plastikovaya-50-mm,категория
https://steelborg.ru/catalog/vtulka-plastikovaya-5,категория
https://steelborg.ru/catalog/vtulka-plastikovaya-40-mm,категория
https://steelborg.ru/catalog/vtulka-plastikovaya-25-mm,категория
https://steelborg.ru/catalog/vtulka-plastikovaya-15-mm,категория
https://steelborg.ru/catalog/vtulka-pvh,категория
https://steelborg.ru/catalog/vtulka-plastikovaya,категория
https://steelborg.ru/catalog/vtulka-mednaya-m3,категория
https://steelborg.ru/catalog/vtulka-mednaya-6-mm,категория
https://steelborg.ru/catalog/vtulka-mednaya-10-mm,категория
https://steelborg.ru/catalog/vtulka-mednaya,категория
https://steelborg.ru/catalog/vtulka-litaya,категория
https://steelborg.ru/catalog/vtulka-latunnaya-lts40s,категория
https://steelborg.ru/catalog/vtulka-latunnaya-lts40mts3zh,категория
https://steelborg.ru/catalog/vtulka-latunnaya-lts40mts3a,категория
https://steelborg.ru/catalog/vtulka-latunnaya-lts40mts15,категория
https://steelborg.ru/catalog/vtulka-latunnaya-lts38mts2s2,категория
https://steelborg.ru/catalog/vtulka-latunnaya-lts37mts2s2k,категория
https://steelborg.ru/catalog/vtulka-latunnaya-lts30a3,категория
https://steelborg.ru/catalog/vtulka-latunnaya-lts25s2,категория
https://steelborg.ru/catalog/vtulka-latunnaya-lts23a6zh3mts2,категория
https://steelborg.ru/catalog/vtulka-latunnaya-lts16k4,категория
https://steelborg.ru/catalog/vtulka-latunnaya-lts14k3s3,категория
https://steelborg.ru/catalog/vtulka-latunnaya-ls59-1,категория
https://steelborg.ru/catalog/vtulka-latunnaya-l63,категория
https://steelborg.ru/catalog/vtulka-latunnaya-8-mm,категория
https://steelborg.ru/catalog/vtulka-latunnaya-40-mm,категория
https://steelborg.ru/catalog/vtulka-latunnaya-30-mm,категория
https://steelborg.ru/catalog/vtulka-latunnaya-290-mm,категория
https://steelborg.ru/catalog/vtulka-latunnaya-20-mm,категория
https://steelborg.ru/catalog/vtulka-latunnaya-15-mm,категория
https://steelborg.ru/catalog/vtulka-latunnaya,категория
https://steelborg.ru/catalog/vtulka-korotkaya,категория
https://steelborg.ru/catalog/vtulka-konicheskaya,категория
https://steelborg.ru/catalog/vtulka-kleevaya,категория
https://steelborg.ru/catalog/vtulka-kabelnaya,категория
https://steelborg.ru/catalog/vtulki-bronzovye-brotss5-5-5,категория
https://steelborg.ru/catalog/vtulki-bronzovye-bro5ts5s5,категория
https://steelborg.ru/catalog/vtulki-bronzovye-bramts9-2,категория
https://steelborg.ru/catalog/vtulki-bronzovye-brazhn10-4-4,категория
https://steelborg.ru/catalog/vtulki-bronzovye-brazhmts10-3-1-d-5,категория
https://steelborg.ru/catalog/vtulki-bronzovye-bra9zh4,категория
https://steelborg.ru/catalog/vtulki-bronzovye-bra9zh3l,категория
https://steelborg.ru/catalog/vtulki-bronzovye-70-mm,категория
https://steelborg.ru/catalog/vtulki-bronzovye-465-mm,категория
https://steelborg.ru/catalog/vtulki-bronzovye-30-mm,категория
https://steelborg.ru/catalog/vtulka-brazh9-4,категория
https://steelborg.ru/catalog/vtulki-bronzovye,категория
https://steelborg.ru/catalog/vtulka-90-mm,категория
https://steelborg.ru/catalog/vtulka-60-mm,категория
https://steelborg.ru/catalog/vtulka-6-mm,категория
https://steelborg.ru/catalog/vtulka-5-mm,категория
https://steelborg.ru/catalog/vtulka-4-mm,категория
https://steelborg.ru/catalog/vtulka-36-mm,категория
https://steelborg.ru/catalog/vtulka-35-mm,категория
https://steelborg.ru/catalog/vtulka-3-mm,категория
https://steelborg.ru/catalog/vtulka-26-mm,категория
https://steelborg.ru/catalog/vtulka-250-mm,категория
https://steelborg.ru/catalog/vtulka-25-mm,категория
https://steelborg.ru/catalog/vtulka-24-mm,категория
https://steelborg.ru/catalog/vtulka-200-mm,категория
https://steelborg.ru/catalog/vtulka-2,категория
https://steelborg.ru/catalog/vtulka-18-mm,категория
https://steelborg.ru/catalog/vtulka-160-mm,категория
https://steelborg.ru/catalog/vtulka-15-mm,категория
https://steelborg.ru/catalog/vtulka-125-mm,категория
https://steelborg.ru/catalog/vtulka-120-mm,категория
https://steelborg.ru/catalog/vtulka-12-mm,категория
https://steelborg.ru/catalog/vtulka-12,категория
https://steelborg.ru/catalog/vtulka,категория
https://steelborg.ru/catalog/bochata-chugunnaya,категория
https://steelborg.ru/catalog/bochata-hromirovannaya,категория
https://steelborg.ru/catalog/bochata-stalnaya,категория
https://steelborg.ru/catalog/bochata-pvh,категория
https://steelborg.ru/catalog/bochata-otsinkovannaya,категория
https://steelborg.ru/catalog/bochata-nikelirovannaya,категория
https://steelborg.ru/catalog/bochata-nerzhaveyuschaya,категория
https://steelborg.ru/catalog/bochata-latunnaya,категория
https://steelborg.ru/catalog/bochata-aisi-304,категория
https://steelborg.ru/catalog/bochata-98-mm,категория
https://steelborg.ru/catalog/bochata-95-mm,категория
https://steelborg.ru/catalog/bochata-90-mm,категория
https://steelborg.ru/catalog/bochata-88-d-9-mm,категория
https://steelborg.ru/catalog/bochata-80-mm,категория
https://steelborg.ru/catalog/bochata-8-mm,категория
https://steelborg.ru/catalog/bochata-76-d-1-mm,категория
https://steelborg.ru/catalog/bochata-75-mm,категория
https://steelborg.ru/catalog/bochata-70-mm,категория
https://steelborg.ru/catalog/bochata-78,категория
https://steelborg.ru/catalog/bochata-68-mm,категория
https://steelborg.ru/catalog/bochata-65-mm,категория
https://steelborg.ru/catalog/bochata-60-d-3-mm,категория
https://steelborg.ru/catalog/bochata-60-mm,категория
https://steelborg.ru/catalog/bochata-6-mm,категория
https://steelborg.ru/catalog/bochata-6,категория
https://steelborg.ru/catalog/bochata-55-mm,категория
https://steelborg.ru/catalog/bochata-50h40-mm,категория
https://steelborg.ru/catalog/bochata-50h32-mm,категория
https://steelborg.ru/catalog/bochata-50h25-mm,категория
https://steelborg.ru/catalog/bochata-50h20-mm,категория
https://steelborg.ru/catalog/bochata-50-mm,категория
https://steelborg.ru/catalog/bochata-48-d-3-mm,категория
https://steelborg.ru/catalog/bochata-47-mm,категория
https://steelborg.ru/catalog/bochata-45-mm,категория
https://steelborg.ru/catalog/bochata-42-d-4-mm,категория
https://steelborg.ru/catalog/bochata-40h32-mm,категория
https://steelborg.ru/catalog/bochata-40h25-mm,категория
https://steelborg.ru/catalog/bochata-40h20-mm,категория
https://steelborg.ru/catalog/bochata-40-mm,категория
https://steelborg.ru/catalog/bochata-4,категория
https://steelborg.ru/catalog/bochata-33-d-7-mm,категория
https://steelborg.ru/catalog/bochata-32h25-mm,категория
https://steelborg.ru/catalog/bochata-32h20-mm,категория
https://steelborg.ru/catalog/bochata-32h15-mm,категория
https://steelborg.ru/catalog/bochata-32-mm,категория
https://steelborg.ru/catalog/bochata-30-mm,категория
https://steelborg.ru/catalog/bochata-38,категория
https://steelborg.ru/catalog/bochata-34,категория
https://steelborg.ru/catalog/bochata-3-12,категория
https://steelborg.ru/catalog/bochata-3,категория
https://steelborg.ru/catalog/bochata-25h20-mm,категория
https://steelborg.ru/catalog/bochata-25h15-mm,категория
https://steelborg.ru/catalog/bochata-250-mm,категория
https://steelborg.ru/catalog/bochata-25-mm,категория
https://steelborg.ru/catalog/bochata-21-d-3-mm,категория
https://steelborg.ru/catalog/bochata-20h15-mm,категория
https://steelborg.ru/catalog/bochata-200-mm,категория
https://steelborg.ru/catalog/bochata-20-mm,категория
https://steelborg.ru/catalog/bochata-2-12,категория
https://steelborg.ru/catalog/bochata-2,категория
https://steelborg.ru/catalog/bochata-180-mm,категория
https://steelborg.ru/catalog/bochata-17-d-2-mm,категория
https://steelborg.ru/catalog/bochata-160-mm,категория
https://steelborg.ru/catalog/bochata-150-mm,категория
https://steelborg.ru/catalog/bochata-15-mm,категория
https://steelborg.ru/catalog/bochata-13-d-7-mm,категория
https://steelborg.ru/catalog/bochata-114-d-3-mm,категория
https://steelborg.ru/catalog/bochata-110-mm,категория
https://steelborg.ru/catalog/bochata-100-mm,категория
https://steelborg.ru/catalog/bochata-10-d-3-mm,категория
https://steelborg.ru/catalog/bochata-10-mm,категория
https://steelborg.ru/catalog/bochata-14,категория
https://steelborg.ru/catalog/bochata-12,категория
https://steelborg.ru/catalog/bochata-1-14,категория
https://steelborg.ru/catalog/bochata-1-12,категория
https://steelborg.ru/catalog/bochata-1,категория
https://steelborg.ru/catalog/bochata,категория
https://steelborg.ru/catalog/bobyshka-stalnaya,категория
https://steelborg.ru/catalog/bobyshka-skoshennaya,категория
https://steelborg.ru/catalog/bobyshka-s-tortsevoy-membranoy,категория
https://steelborg.ru/catalog/bobyshka-s-privarnym-shtutserom,категория
https://steelborg.ru/catalog/bobyshka-s-podvizhnym-shtutserom,категория
https://steelborg.ru/catalog/bobyshka-s-otkrytoy-membranoy,категория
https://steelborg.ru/catalog/bobyshka-pryamaya,категория
https://steelborg.ru/catalog/bobyshka-privarnaya,категория
https://steelborg.ru/catalog/bobyshka-pod-termometr,категория
https://steelborg.ru/catalog/bobyshka-pod-manometr,категория
https://steelborg.ru/catalog/bobyshka-pod-kran-dlya-manometra,категория
https://steelborg.ru/catalog/bobyshka-pod-datchik-davleniya,категория
https://steelborg.ru/catalog/bobyshka-nerzhaveyuschaya,категория
https://steelborg.ru/catalog/bobyshka-m39h2,категория
https://steelborg.ru/catalog/bobyshka-m36h1-d-5,категория
https://steelborg.ru/catalog/bobyshka-m33h2,категория
https://steelborg.ru/catalog/bobyshka-m30h2,категория
https://steelborg.ru/catalog/bobyshka-m30h1-d-5,категория
https://steelborg.ru/catalog/bobyshka-m27h2,категория
https://steelborg.ru/catalog/bobyshka-m272,категория
https://steelborg.ru/catalog/bobyshka-m24h1-d-5,категория
https://steelborg.ru/catalog/bobyshka-m24h1,категория
https://steelborg.ru/catalog/bobyshka-m22h1-d-5,категория
https://steelborg.ru/catalog/bobyshka-m20h1-d-5,категория
https://steelborg.ru/catalog/bobyshka-m201-d-5,категория
https://steelborg.ru/catalog/bobyshka-m18h2,категория
https://steelborg.ru/catalog/bobyshka-m18h1-d-5,категория
https://steelborg.ru/catalog/bobyshka-m16h1-d-5,категория
https://steelborg.ru/catalog/bobyshka-m12h1-d-5,категория
https://steelborg.ru/catalog/bobyshka-m121-d-5,категория
https://steelborg.ru/catalog/bobyshka-bt2,категория
https://steelborg.ru/catalog/bobyshka-bs1,категория
https://steelborg.ru/catalog/bobyshka-bp6,категория
https://steelborg.ru/catalog/bobyshka-bp5,категория
https://steelborg.ru/catalog/bobyshka-bp42,категория
https://steelborg.ru/catalog/bobyshka-bp41,категория
https://steelborg.ru/catalog/bobyshka-bp4,категория
https://steelborg.ru/catalog/bobyshka-bp32,категория
https://steelborg.ru/catalog/bobyshka-bp3,категория
https://steelborg.ru/catalog/bobyshka-bp22,категория
https://steelborg.ru/catalog/bobyshka-bp21,категория
https://steelborg.ru/catalog/bobyshka-bp2,категория
https://steelborg.ru/catalog/bobyshka-bp12,категория
https://steelborg.ru/catalog/bobyshka-bp11,категория
https://steelborg.ru/catalog/bobyshka-bp1,категория
https://steelborg.ru/catalog/bobyshka-bp02,категория
https://steelborg.ru/catalog/bobyshka-bp-bt,категория
https://steelborg.ru/catalog/bobyshka-bp,категория
https://steelborg.ru/catalog/bobyshka-bk,категория
https://steelborg.ru/catalog/bobyshka-rc12,категория
https://steelborg.ru/catalog/bobyshka-npt12,категория
https://steelborg.ru/catalog/bobyshka-k12,категория
https://steelborg.ru/catalog/bobyshka-g34,категория
https://steelborg.ru/catalog/bobyshka-g14,категория
https://steelborg.ru/catalog/bobyshka-g12,категория
https://steelborg.ru/catalog/bobyshka-g1,категория
https://steelborg.ru/catalog/bobyshka-70-mm,категория
https://steelborg.ru/catalog/bobyshka-60-mm,категория
https://steelborg.ru/catalog/bobyshka-55-mm,категория
https://steelborg.ru/catalog/bobyshka-50-mm,категория
https://steelborg.ru/catalog/bobyshka-40-mm,категория
https://steelborg.ru/catalog/bobyshka-35-mm,категория
https://steelborg.ru/catalog/bobyshka-30-mm,категория
https://steelborg.ru/catalog/bobyshka-25-mm,категория
https://steelborg.ru/catalog/bobyshka-13-mm,категория
https://steelborg.ru/catalog/bobyshka-120-mm,категория
https://steelborg.ru/catalog/bobyshka-115-mm,категория
https://steelborg.ru/catalog/bobyshka-100-mm,категория
https://steelborg.ru/catalog/bobyshka,категория
https://steelborg.ru/catalog/fitingi,категория
https://steelborg.ru/catalog/fasadnaya-plitka,категория
https://steelborg.ru/catalog/uglovaya-panel-dlya-fasada,категория
https://steelborg.ru/catalog/termopanel,категория
https://steelborg.ru/catalog/sendvich-panel-stenovaya-s-vatoy-mineralnoy,категория
https://steelborg.ru/catalog/sendvich-panel-stenovaya-bazalt,категория
https://steelborg.ru/catalog/sendvich-panel-stenovaya-z-lock,категория
https://steelborg.ru/catalog/sendvich-panel-stenovaya-ral-9003,категория
https://steelborg.ru/catalog/sendvich-panel-stenovaya-ral-7004,категория
https://steelborg.ru/catalog/sendvich-panel-stenovaya-80-mm,категория
https://steelborg.ru/catalog/sendvich-panel-stenovaya-50-mm,категория
https://steelborg.ru/catalog/sendvich-panel-stenovaya-40-mm,категория
https://steelborg.ru/catalog/sendvich-panel-stenovaya-200-mm,категория
https://steelborg.ru/catalog/sendvich-panel-stenovaya-150-mm,категория
https://steelborg.ru/catalog/sendvich-panel-stenovaya-120-mm,категория
https://steelborg.ru/catalog/sendvich-panel-stenovaya-100-mm,категория
https://steelborg.ru/catalog/sendvich-panel-stenovaya,категория
https://steelborg.ru/catalog/sofity-dlya-podshivki-krovli,категория
https://steelborg.ru/catalog/fibrotsementnyy-sayding,категория
https://steelborg.ru/catalog/skandinavskaya-doska-dlya-fasada,категория
https://steelborg.ru/catalog/sayding-yu-plast,категория
https://steelborg.ru/catalog/sayding-chernyy,категория
https://steelborg.ru/catalog/sayding-fistashkovyy,категория
https://steelborg.ru/catalog/sayding-temnyy-dub,категория
https://steelborg.ru/catalog/sayding-slonovaya-kost,категория
https://steelborg.ru/catalog/sayding-slivki,категория
https://steelborg.ru/catalog/sayding-siniy,категория
https://steelborg.ru/catalog/sayding-seryy,категория
https://steelborg.ru/catalog/sayding-sero-goluboy,категория
https://steelborg.ru/catalog/sayding-svetlo-seryy,категория
https://steelborg.ru/catalog/sayding-svetlo-korichnevyy,категория
https://steelborg.ru/catalog/sayding-salatovyy,категория
https://steelborg.ru/catalog/sayding-s-polimernym-pokrytiem,категория
https://steelborg.ru/catalog/sayding-pod-derevo,категория
https://steelborg.ru/catalog/sayding-pod-brus,категория
https://steelborg.ru/catalog/sayding-persikovyy,категория
https://steelborg.ru/catalog/sayding-pvh-tehnonikol,категория
https://steelborg.ru/catalog/sayding-pvh-pod-brus,категория
https://steelborg.ru/catalog/sayding-pvh-korabelnyy-brus,категория
https://steelborg.ru/catalog/sayding-pvh,категория
https://steelborg.ru/catalog/sayding-oreh-temnyy,категория
https://steelborg.ru/catalog/sayding-oreh,категория
https://steelborg.ru/catalog/sayding-olivkovyy,категория
https://steelborg.ru/catalog/sayding-limonnyy,категория
https://steelborg.ru/catalog/sayding-kremovyy,категория
https://steelborg.ru/catalog/sayding-krem-bryule,категория
https://steelborg.ru/catalog/sayding-krasnyy,категория
https://steelborg.ru/catalog/sayding-korichnevyy,категория
https://steelborg.ru/catalog/sayding-korabelnaya-doska,категория
https://steelborg.ru/catalog/sayding-klen,категория
https://steelborg.ru/catalog/sayding-kirpichnyy,категория
https://steelborg.ru/catalog/sayding-kedr,категория
https://steelborg.ru/catalog/sayding-karamel,категория
https://steelborg.ru/catalog/sayding-zolotoy,категория
https://steelborg.ru/catalog/sayding-zelenyy,категория
https://steelborg.ru/catalog/sayding-evrobrus,категория
https://steelborg.ru/catalog/sayding-dub-temnyy,категория
https://steelborg.ru/catalog/sayding-dub-svetlyy,категория
https://steelborg.ru/catalog/sayding-dub-zolotoy,категория
https://steelborg.ru/catalog/sayding-dub,категория
https://steelborg.ru/catalog/sayding-grafit,категория
https://steelborg.ru/catalog/sayding-goluboy,категория
https://steelborg.ru/catalog/sayding-brus-korabelnyy,категория
https://steelborg.ru/catalog/sayding-blok-haus,категория
https://steelborg.ru/catalog/sayding-belyy,категория
https://steelborg.ru/catalog/sayding-bezhevyy,категория
https://steelborg.ru/catalog/sayding-akatsiya,категория
https://steelborg.ru/catalog/sayding-timberblock,категория
https://steelborg.ru/catalog/sayding-lbrus-xl,категория
https://steelborg.ru/catalog/sayding-lbrus,категория
https://steelborg.ru/catalog/sayding-grand-line-pod-brus,категория
https://steelborg.ru/catalog/sayding-docke,категория
https://steelborg.ru/catalog/sayding-3-m,категория
https://steelborg.ru/catalog/metallicheskiy-sayding,категория
https://steelborg.ru/catalog/vinilovyy-sayding-yu-plast,категория
https://steelborg.ru/catalog/vinilovyy-sayding-tehnonikol,категория
https://steelborg.ru/catalog/vinilovyy-sayding-korabelnyy-brus,категория
https://steelborg.ru/catalog/vinilovyy-sayding-ral7024,категория
https://steelborg.ru/catalog/vinilovyy-sayding-grand-line,категория
https://steelborg.ru/catalog/vinilovyy-sayding-docke-pod-brus,категория
https://steelborg.ru/catalog/vinilovyy-sayding-3000-mm,категория
https://steelborg.ru/catalog/vinilovyy-sayding,категория
https://steelborg.ru/catalog/akrilovyy-sayding-premium,категория
https://steelborg.ru/catalog/akrilovyy-sayding-alta-profil,категория
https://steelborg.ru/catalog/akrilovyy-sayding,категория
https://steelborg.ru/catalog/sayding,категория
https://steelborg.ru/catalog/ugolok-dlya-saydinga-naruzhnyy,категория
https://steelborg.ru/catalog/ugolok-dlya-saydinga,категория
https://steelborg.ru/catalog/reyka-tortsevaya,категория
https://steelborg.ru/catalog/finishnaya-planka-pvh,категория
https://steelborg.ru/catalog/finishnaya-planka-belaya-3000-mm,категория
https://steelborg.ru/catalog/finishnaya-planka-grand-line,категория
https://steelborg.ru/catalog/finishnaya-planka,категория
https://steelborg.ru/catalog/startovaya-planka-dlya-saydinga-pod-brus,категория
https://steelborg.ru/catalog/startovaya-planka-dlya-saydinga-vinilovye,категория
https://steelborg.ru/catalog/startovaya-planka-dlya-saydinga,категория
https://steelborg.ru/catalog/priokonnaya-planka-dlya-saydinga,категория
https://steelborg.ru/catalog/planka-stykovochnaya-dlya-polikarbonata,категория
https://steelborg.ru/catalog/planka-stykovochnaya-dlya-monolitnogo-polikarbonata,категория
https://steelborg.ru/catalog/planka-stykovochnaya,категория
https://steelborg.ru/catalog/planka-soedinitelnaya-dlya-stoleshnitsy,категория
https://steelborg.ru/catalog/planka-soedinitelnaya,категория
https://steelborg.ru/catalog/planka-otkosnaya,категория
https://steelborg.ru/catalog/planka-oblitsovochnaya,категория
https://steelborg.ru/catalog/planka-dlya-saydinga,категория
https://steelborg.ru/catalog/otliv-dlya-tsokolya,категория
https://steelborg.ru/catalog/nalichnik-dlya-saydinga,категория
https://steelborg.ru/catalog/n-profil-dlya-saydinga,категория
https://steelborg.ru/catalog/molding-dlya-sten,категория
https://steelborg.ru/catalog/j-faska,категория
https://steelborg.ru/catalog/j-profil-yu-plast,категория
https://steelborg.ru/catalog/j-profil-tehnonikol,категория
https://steelborg.ru/catalog/j-profil-metallicheskiy,категория
https://steelborg.ru/catalog/j-profil-grand-line,категория
https://steelborg.ru/catalog/j-profil-3-m,категория
https://steelborg.ru/catalog/j-profil-docke-24x18x2000-mm,категория
https://steelborg.ru/catalog/j-profil-18-mm,категория
https://steelborg.ru/catalog/j-profil,категория
https://steelborg.ru/catalog/profil-dlya-saydinga,категория
https://steelborg.ru/catalog/oblitsovochnyy-kirpich-pustotelyy,категория
https://steelborg.ru/catalog/oblitsovochnyy-kirpich-m175,категория
https://steelborg.ru/catalog/oblitsovochnyy-kirpich-m150,категория
https://steelborg.ru/catalog/oblitsovochnyy-kirpich-250x85x65-mm,категория
https://steelborg.ru/catalog/oblitsovochnyy-kirpich-250x120x88-mm,категория
https://steelborg.ru/catalog/oblitsovochnyy-kirpich-250x120x65-mm,категория
https://steelborg.ru/catalog/kirpich-oblitsovochnyy,категория
https://steelborg.ru/catalog/alyuminievye-kompozitnye-paneli-4-mm,категория
https://steelborg.ru/catalog/alyuminievye-kompozitnye-paneli-3-mm,категория
https://steelborg.ru/catalog/alyuminievye-kompozitnye-paneli,категория
https://steelborg.ru/catalog/fasadnye-materialy,категория
https://steelborg.ru/catalog/elevator-vodostruynyy,категория
https://steelborg.ru/catalog/fonar-smotrovoy,категория
https://steelborg.ru/catalog/setchatyy-filtr,категория
https://steelborg.ru/catalog/magnitnyy-filtr,категория
https://steelborg.ru/catalog/lineynyy-filtr,категория
https://steelborg.ru/catalog/filtr-gruboy-ochistki,категория
https://steelborg.ru/catalog/termometr,категория
https://steelborg.ru/catalog/regulyator-davleniya,категория
https://steelborg.ru/catalog/termomanometr,категория
https://steelborg.ru/catalog/manometr,категория
https://steelborg.ru/catalog/kran-sharovoy-stalnoy,категория
https://steelborg.ru/catalog/kran-sharovoy,категория
https://steelborg.ru/catalog/kran-uglovoy,категория
https://steelborg.ru/catalog/kran-t-obraznyy,категория
https://steelborg.ru/catalog/kran-standartnoprohodnoy,категория
https://steelborg.ru/catalog/kran-spusknoy,категория
https://steelborg.ru/catalog/kran-slivnoy,категория
https://steelborg.ru/catalog/kran-reguliruyuschiy,категория
https://steelborg.ru/catalog/kran-razbornyy,категория
https://steelborg.ru/catalog/kran-prohodnoy,категория
https://steelborg.ru/catalog/kran-probkovyy,категория
https://steelborg.ru/catalog/kran-polnoprohodnoy,категория
https://steelborg.ru/catalog/kran-polipropilenovyy,категория
https://steelborg.ru/catalog/kran-podzemnyy,категория
https://steelborg.ru/catalog/kran-pvh,категория
https://steelborg.ru/catalog/kran-4-hodovoy,категория
https://steelborg.ru/catalog/kran-3-hodovoy,категория
https://steelborg.ru/catalog/kran,категория
https://steelborg.ru/catalog/kondensatootvodchik-poplavkovyy,категория
https://steelborg.ru/catalog/kondensatootvodchik,категория
https://steelborg.ru/catalog/kompensator-silfonnyy,категория
https://steelborg.ru/catalog/kompensator-salnikovyy,категория
https://steelborg.ru/catalog/kompensator-rezinovyy,категория
https://steelborg.ru/catalog/kompensator-linzovyy,категория
https://steelborg.ru/catalog/vibrovstavki,категория
https://steelborg.ru/catalog/kompensator-dlya-trub,категория
https://steelborg.ru/catalog/klapan-elektromagnitnyy,категория
https://steelborg.ru/catalog/klapan-chugunnyy,категория
https://steelborg.ru/catalog/klapan-stalnoy,категория
https://steelborg.ru/catalog/klapan-reguliruyuschiy,категория
https://steelborg.ru/catalog/klapan-predohranitelnyy,категория
https://steelborg.ru/catalog/klapan-plastikovyy,категория
https://steelborg.ru/catalog/klapan-obratnyy,категория
https://steelborg.ru/catalog/klapan-nerzhaveyuschiy,категория
https://steelborg.ru/catalog/klapan-latunnyy,категория
https://steelborg.ru/catalog/klapan-zapornyy-otsechnoy,категория
https://steelborg.ru/catalog/klapan-bronzovyy,категория
https://steelborg.ru/catalog/klapan,категория
https://steelborg.ru/catalog/kesson,категория
https://steelborg.ru/catalog/zatvor-shibernyy,категория
https://steelborg.ru/catalog/zatvor-obratnyy,категория
https://steelborg.ru/catalog/zatvor-diskovyy,категория
https://steelborg.ru/catalog/zatvor,категория
https://steelborg.ru/catalog/zadvizhka-shibernaya,категория
https://steelborg.ru/catalog/zadvizhka-chugunnaya,категория
https://steelborg.ru/catalog/zadvizhka-stalnaya,категория
https://steelborg.ru/catalog/zadvizhka-nerzhaveyuschaya,категория
https://steelborg.ru/catalog/zadvizhka-latunnaya,категория
https://steelborg.ru/catalog/zadvizhka,категория
https://steelborg.ru/catalog/datchik-davleniya,категория
https://steelborg.ru/catalog/gryazevik-vertikalnyy,категория
https://steelborg.ru/catalog/gryazevik-abonentskiy,категория
https://steelborg.ru/catalog/gryazevik,категория
https://steelborg.ru/catalog/ventil-elektromagnitnyy,категория
https://steelborg.ru/catalog/ventil-chugunnyy,категория
https://steelborg.ru/catalog/ventil-tsapkovyy,категория
https://steelborg.ru/catalog/ventil-flantsevyy,категория
https://steelborg.ru/catalog/ventil-uglovoy,категория
https://steelborg.ru/catalog/ventil-titanovyy,категория
https://steelborg.ru/catalog/ventil-stalnoy,категория
https://steelborg.ru/catalog/ventil-silfonnyy,категория
https://steelborg.ru/catalog/ventil-salnikovyy,категория
https://steelborg.ru/catalog/ventil-s-elektroprivodom,категория
https://steelborg.ru/catalog/ventil-ruchnoy,категория
https://steelborg.ru/catalog/ventil-ru63,категория
https://steelborg.ru/catalog/ventil-ru6-d-3,категория
https://steelborg.ru/catalog/ventil-ru6,категория
https://steelborg.ru/catalog/ventil-ru400,категория
https://steelborg.ru/catalog/ventil-ru40,категория
https://steelborg.ru/catalog/ventil-ru4,категория
https://steelborg.ru/catalog/ventil-ru250,категория
https://steelborg.ru/catalog/ventil-ru25,категория
https://steelborg.ru/catalog/ventil-ru2-d-5,категория
https://steelborg.ru/catalog/ventil-ru160,категория
https://steelborg.ru/catalog/ventil-ru16,категория
https://steelborg.ru/catalog/ventil-ru100,категория
https://steelborg.ru/catalog/ventil-ru10,категория
https://steelborg.ru/catalog/ventil-ru1-d-6,категория
https://steelborg.ru/catalog/ventil-ru1,категория
https://steelborg.ru/catalog/ventil-rezbovoy,категория
https://steelborg.ru/catalog/ventil-reguliruyuschiy,категория
https://steelborg.ru/catalog/ventil-radiatornyy,категория
https://steelborg.ru/catalog/ventil-pryamotochnyy,категория
https://steelborg.ru/catalog/ventil-prohodnoy,категория
https://steelborg.ru/catalog/ventil-pozharnyy,категория
https://steelborg.ru/catalog/ventil-pod-privarku,категория
https://steelborg.ru/catalog/ventil-pe,категория
https://steelborg.ru/catalog/ventil-polipropilenovyy,категория
https://steelborg.ru/catalog/ventil-plastikovyy,категория
https://steelborg.ru/catalog/ventil-nerzhaveyuschiy,категория
https://steelborg.ru/catalog/ventil-naruzhnaya-rezba,категория
https://steelborg.ru/catalog/ventil-muftovyy,категория
https://steelborg.ru/catalog/ventil-mufta-shtutser,категория
https://steelborg.ru/catalog/ventil-mufta-tsapka,категория
https://steelborg.ru/catalog/ventil-latunnyy-ru16,категория
https://steelborg.ru/catalog/ventil-latunnyy-ru10,категория
https://steelborg.ru/catalog/ventil-latunnyy-pryamotochnyy,категория
https://steelborg.ru/catalog/ventil-latunnyy-muftovyy,категория
https://steelborg.ru/catalog/ventil-latunnyy-zapornyy,категория
https://steelborg.ru/catalog/ventil-latunnyy-vnutrennyaya-rezba,категория
https://steelborg.ru/catalog/ventil-latunnyy-78,категория
https://steelborg.ru/catalog/ventil-latunnyy-50-mm,категория
https://steelborg.ru/catalog/ventil-latunnyy-40-mm,категория
https://steelborg.ru/catalog/ventil-latunnyy-32-mm,категория
https://steelborg.ru/catalog/ventil-latunnyy-25-mm,категория
https://steelborg.ru/catalog/ventil-latunnyy-20-mm,категория
https://steelborg.ru/catalog/ventil-latunnyy-2,категория
https://steelborg.ru/catalog/ventil-latunnyy-15b3r,категория
https://steelborg.ru/catalog/ventil-latunnyy-15b1p,категория
https://steelborg.ru/catalog/ventil-latunnyy-15-mm,категория
https://steelborg.ru/catalog/ventil-latunnyy-12,категория
https://steelborg.ru/catalog/ventil-latunnyy-1-14,категория
https://steelborg.ru/catalog/ventil-latunnyy-1-12,категория
https://steelborg.ru/catalog/ventil-latunnyy-1,категория
https://steelborg.ru/catalog/ventil-latunnyy,категория
https://steelborg.ru/catalog/ventil-igolchatyy,категория
https://steelborg.ru/catalog/ventil-zapornyy,категория
https://steelborg.ru/catalog/ventil-gayka-gayka,категория
https://steelborg.ru/catalog/ventil-vnutrennyaya-naruzhnaya-rezba,категория
https://steelborg.ru/catalog/ventil-vnutrennyaya-rezba,категория
https://steelborg.ru/catalog/ventil-bronzovyy-ru16,категория
https://steelborg.ru/catalog/ventil-bronzovyy-ru10,категория
https://steelborg.ru/catalog/ventil-bronzovyy-muftovyy,категория
https://steelborg.ru/catalog/ventil-bronzovyy-zapornyy,категория
https://steelborg.ru/catalog/ventil-bronzovyy-50-mm,категория
https://steelborg.ru/catalog/ventil-bronzovyy-40-mm,категория
https://steelborg.ru/catalog/ventil-bronzovyy-32-mm,категория
https://steelborg.ru/catalog/ventil-bronzovyy-25-mm,категория
https://steelborg.ru/catalog/ventil-bronzovyy-20-mm,категория
https://steelborg.ru/catalog/ventil-bronzovyy-15b3r,категория
https://steelborg.ru/catalog/ventil-bronzovyy-15b1p,категория
https://steelborg.ru/catalog/ventil-bronzovyy-15-mm,категория
https://steelborg.ru/catalog/ventil-bronzovyy,категория
https://steelborg.ru/catalog/ventil-valtec,категория
https://steelborg.ru/catalog/ventil-itap,категория
https://steelborg.ru/catalog/ventil-danfoss,категория
https://steelborg.ru/catalog/ventil-ci,категория
https://steelborg.ru/catalog/ventil-bugatti,категория
https://steelborg.ru/catalog/ventil-80-mm,категория
https://steelborg.ru/catalog/ventil-78,категория
https://steelborg.ru/catalog/ventil-65-mm,категория
https://steelborg.ru/catalog/ventil-6,категория
https://steelborg.ru/catalog/ventil-50-mm,категория
https://steelborg.ru/catalog/ventil-5,категория
https://steelborg.ru/catalog/ventil-400-mm,категория
https://steelborg.ru/catalog/ventil-40-mm,категория
https://steelborg.ru/catalog/ventil-4-18,категория
https://steelborg.ru/catalog/ventil-4,категория
https://steelborg.ru/catalog/ventil-350-mm,категория
https://steelborg.ru/catalog/ventil-32-mm,категория
https://steelborg.ru/catalog/ventil-31s41nzh,категория
https://steelborg.ru/catalog/ventil-300-mm,категория
https://steelborg.ru/catalog/ventil-38,категория
https://steelborg.ru/catalog/ventil-34,категория
https://steelborg.ru/catalog/ventil-3,категория
https://steelborg.ru/catalog/ventil-250-mm,категория
https://steelborg.ru/catalog/ventil-25-mm,категория
https://steelborg.ru/catalog/ventil-234a,категория
https://steelborg.ru/catalog/ventil-215a,категория
https://steelborg.ru/catalog/ventil-200-mm,категория
https://steelborg.ru/catalog/ventil-20-mm,категория
https://steelborg.ru/catalog/ventil-2-12,категория
https://steelborg.ru/catalog/ventil-2,категория
https://steelborg.ru/catalog/ventil-1b1r,категория
https://steelborg.ru/catalog/ventil-15ch14p,категория
https://steelborg.ru/catalog/ventil-15s68nzh,категория
https://steelborg.ru/catalog/ventil-15s67bk,категория
https://steelborg.ru/catalog/ventil-15s65p,категория
https://steelborg.ru/catalog/ventil-15s65nzh,категория
https://steelborg.ru/catalog/ventil-15s57nzh,категория
https://steelborg.ru/catalog/ventil-15s54bk,категория
https://steelborg.ru/catalog/ventil-15s52nzh9,категория
https://steelborg.ru/catalog/ventil-15s52nzh11,категория
https://steelborg.ru/catalog/ventil-15s52nzh10,категория
https://steelborg.ru/catalog/ventil-15s52nzh,категория
https://steelborg.ru/catalog/ventil-15s27nzh,категория
https://steelborg.ru/catalog/ventil-15s22nzh,категория
https://steelborg.ru/catalog/ventil-15s18p,категория
https://steelborg.ru/catalog/ventil-15s18nzh,категория
https://steelborg.ru/catalog/ventil-15nzh68nzh,категория
https://steelborg.ru/catalog/ventil-15nzh65p,категория
https://steelborg.ru/catalog/ventil-15nzh65nzh,категория
https://steelborg.ru/catalog/ventil-15nzh65bk,категория
https://steelborg.ru/catalog/ventil-15nzh58bk,категория
https://steelborg.ru/catalog/ventil-15nzh54bk,категория
https://steelborg.ru/catalog/ventil-15nzh40p,категория
https://steelborg.ru/catalog/ventil-15nzh22nzh,категория
https://steelborg.ru/catalog/ventil-15ls68nzh,категория
https://steelborg.ru/catalog/ventil-15ls65nzh,категория
https://steelborg.ru/catalog/ventil-15ls22nzh,категория
https://steelborg.ru/catalog/ventil-15kch888r,категория
https://steelborg.ru/catalog/ventil-15kch33p,категория
https://steelborg.ru/catalog/ventil-15kch19p,категория
https://steelborg.ru/catalog/ventil-15kch18p,категория
https://steelborg.ru/catalog/ventil-15kch16p1,категория
https://steelborg.ru/catalog/ventil-15kch16p,категория
https://steelborg.ru/catalog/ventil-15kch16nzh,категория
https://steelborg.ru/catalog/ventil-15kch14p,категория
https://steelborg.ru/catalog/ventil-15b3r,категория
https://steelborg.ru/catalog/ventil-15b1p,категория
https://steelborg.ru/catalog/ventil-150-mm,категория
https://steelborg.ru/catalog/ventil-15-mm,категория
https://steelborg.ru/catalog/ventil-14s17st,категория
https://steelborg.ru/catalog/ventil-14nzh17st,категория
https://steelborg.ru/catalog/ventil-14nzh17p,категория
https://steelborg.ru/catalog/ventil-125-mm,категория
https://steelborg.ru/catalog/ventil-100-mm,категория
https://steelborg.ru/catalog/ventil-10-mm,категория
https://steelborg.ru/catalog/ventil-12,категория
https://steelborg.ru/catalog/ventil-1-14,категория
https://steelborg.ru/catalog/ventil-1-12,категория
https://steelborg.ru/catalog/ventil-1,категория
https://steelborg.ru/catalog/ventil,категория
https://steelborg.ru/catalog/bashmak-kolonnyy,категория
https://steelborg.ru/catalog/truboprovodnaya-armatura,категория
https://steelborg.ru/catalog/truba-tonkostennaya,категория
https://steelborg.ru/catalog/truba-stalnaya-vneshniy-diametr-230-mm,категория
https://steelborg.ru/catalog/truba-stalnaya-900-mm,категория
https://steelborg.ru/catalog/truba-stalnaya-89h4-mm,категория
https://steelborg.ru/catalog/truba-stalnaya-89-mm,категория
https://steelborg.ru/catalog/truba-stalnaya-800-mm,категория
https://steelborg.ru/catalog/truba-stalnaya-80-mm,категория
https://steelborg.ru/catalog/truba-stalnaya-76-mm,категория
https://steelborg.ru/catalog/truba-stalnaya-75mm,категория
https://steelborg.ru/catalog/truba-stalnaya-63-mm,категория
https://steelborg.ru/catalog/truba-stalnaya-600-mm,категория
https://steelborg.ru/catalog/truba-stalnaya-60-mm,категория
https://steelborg.ru/catalog/truba-stalnaya-530x7-mm,категория
https://steelborg.ru/catalog/truba-stalnaya-40-mm,категория
https://steelborg.ru/catalog/truba-stalnaya-325-mm,категория
https://steelborg.ru/catalog/truba-stalnaya-32-mm,категория
https://steelborg.ru/catalog/truba-stalnaya-300-mm,категория
https://steelborg.ru/catalog/truba-stalnaya-25x2-mm,категория
https://steelborg.ru/catalog/truba-stalnaya-25-mm,категория
https://steelborg.ru/catalog/truba-stalnaya-22-mm,категория
https://steelborg.ru/catalog/truba-stalnaya-219x10-mm,категория
https://steelborg.ru/catalog/truba-stalnaya-219-mm,категория
https://steelborg.ru/catalog/truba-stalnaya-20-mm,категория
https://steelborg.ru/catalog/truba-stalnaya-159-mm,категория
https://steelborg.ru/catalog/truba-stalnaya-130-mm,категория
https://steelborg.ru/catalog/truba-stalnaya-120-mm,категория
https://steelborg.ru/catalog/truba-stalnaya-110-mm,категория
https://steelborg.ru/catalog/truba-stalnaya-108x3-mm,категория
https://steelborg.ru/catalog/truba-stalnaya-108-mm,категория
https://steelborg.ru/catalog/truba-stalnaya-100x4-mm,категория
https://steelborg.ru/catalog/truba-stal-40h,категория
https://steelborg.ru/catalog/truba-spiraleshovnaya,категория
https://steelborg.ru/catalog/truba-metallicheskaya-50-mm,категория
https://steelborg.ru/catalog/truba-metallicheskaya-400-mm,категория
https://steelborg.ru/catalog/truba-metallicheskaya-150-mm,категория
https://steelborg.ru/catalog/truba-metallicheskaya-100-mm,категория
https://steelborg.ru/catalog/truboshpunt,категория
https://steelborg.ru/catalog/truba-elektrosvarnaya-pryamoshovnaya,категория
https://steelborg.ru/catalog/truba-elektrosvarnaya-nizkolegirovannaya,категория
https://steelborg.ru/catalog/truba-elektrosvarnaya-bolshogo-diametra,категория
https://steelborg.ru/catalog/truba-elektrosvarnaya-80-mm,категория
https://steelborg.ru/catalog/truba-elektrosvarnaya-76-mm,категория
https://steelborg.ru/catalog/truba-elektrosvarnaya-50-mm,категория
https://steelborg.ru/catalog/truba-elektrosvarnaya,категория
https://steelborg.ru/catalog/truba-chugunnaya-chshg,категория
https://steelborg.ru/catalog/truba-chugunnaya-sch20,категория
https://steelborg.ru/catalog/truba-chugunnaya-s-tspp,категория
https://steelborg.ru/catalog/truba-chugunnaya-otsinkovannaya,категория
https://steelborg.ru/catalog/truba-chugunnaya-lakirovannaya,категория
https://steelborg.ru/catalog/truba-chugunnaya-kanalizatsionnaya,категория
https://steelborg.ru/catalog/truba-chugunnaya-dlya-stoyaka,категория
https://steelborg.ru/catalog/truba-chugunnaya-bezrastrubnaya,категория
https://steelborg.ru/catalog/truba-chugunnaya-sml,категория
https://steelborg.ru/catalog/truba-chugunnaya-900-mm,категория
https://steelborg.ru/catalog/truba-chugunnaya-800-mm,категория
https://steelborg.ru/catalog/truba-chugunnaya-80-mm,категория
https://steelborg.ru/catalog/truba-chugunnaya-700-mm,категория
https://steelborg.ru/catalog/truba-chugunnaya-600-mm,категория
https://steelborg.ru/catalog/truba-chugunnaya-500-mm,категория
https://steelborg.ru/catalog/truba-chugunnaya-50-mm,категория
https://steelborg.ru/catalog/truba-chugunnaya-400-mm,категория
https://steelborg.ru/catalog/truba-chugunnaya-350-mm,категория
https://steelborg.ru/catalog/truba-chugunnaya-300-mm,категория
https://steelborg.ru/catalog/truba-chugunnaya-250-mm,категория
https://steelborg.ru/catalog/truba-chugunnaya-200-mm,категория
https://steelborg.ru/catalog/truba-chugunnaya-150-mm,категория
https://steelborg.ru/catalog/truba-chugunnaya-125-mm,категория
https://steelborg.ru/catalog/truba-chugunnaya-1000-mm,категория
https://steelborg.ru/catalog/truba-chugunnaya-100-mm,категория
https://steelborg.ru/catalog/truba-chugunnaya-vchshg,категория
https://steelborg.ru/catalog/truba-chugunnaya,категория
https://steelborg.ru/catalog/truba-ppu-pe-stalnaya-219x6-mm,категория
https://steelborg.ru/catalog/truba-ppu,категория
https://steelborg.ru/catalog/truba-ppm,категория
https://steelborg.ru/catalog/truba-otsinkovannaya-elektrosvarnaya,категория
https://steelborg.ru/catalog/truba-otsinkovannaya-dlya-dorozhnyh-znakov,категория
https://steelborg.ru/catalog/truba-otsinkovannaya-besshovnaya,категория
https://steelborg.ru/catalog/truba-otsinkovannaya-89x4-mm,категория
https://steelborg.ru/catalog/truba-otsinkovannaya-89-mm,категория
https://steelborg.ru/catalog/truba-otsinkovannaya-80-mm,категория
https://steelborg.ru/catalog/truba-otsinkovannaya-76-mm,категория
https://steelborg.ru/catalog/truba-otsinkovannaya-57-mm,категория
https://steelborg.ru/catalog/truba-otsinkovannaya-50-mm,категория
https://steelborg.ru/catalog/truba-otsinkovannaya-40-mm,категория
https://steelborg.ru/catalog/truba-otsinkovannaya-32-mm,категория
https://steelborg.ru/catalog/truba-otsinkovannaya-3-mm,категория
https://steelborg.ru/catalog/truba-otsinkovannaya-25-mm,категория
https://steelborg.ru/catalog/truba-otsinkovannaya-20-mm,категория
https://steelborg.ru/catalog/truba-otsinkovannaya-159-mm,категория
https://steelborg.ru/catalog/truba-otsinkovannaya-150-mm,категория
https://steelborg.ru/catalog/truba-otsinkovannaya-15-mm,категория
https://steelborg.ru/catalog/truba-otsinkovannaya-108-mm,категория
https://steelborg.ru/catalog/truba-otsinkovannaya-100-mm,категория
https://steelborg.ru/catalog/truba-otsinkovannaya,категория
https://steelborg.ru/catalog/truba-ovalnaya,категория
https://steelborg.ru/catalog/truba-nkt-89h6-d-5-mm,категория
https://steelborg.ru/catalog/truba-nkt-89-mm,категория
https://steelborg.ru/catalog/truba-nkt-73-mm,категория
https://steelborg.ru/catalog/truba-nkt-60x5-mm,категория
https://steelborg.ru/catalog/truba-nkt-60-mm,категория
https://steelborg.ru/catalog/truba-nkt-48-mm,категория
https://steelborg.ru/catalog/truba-nkt,категория
https://steelborg.ru/catalog/truba-metallicheskaya-spiralnovitaya,категория
https://steelborg.ru/catalog/truba-kotelnaya,категория
https://steelborg.ru/catalog/truba-vus,категория
https://steelborg.ru/catalog/truba-stalnaya-vodogazoprovodnaya-20x2-d-5-mm,категория
https://steelborg.ru/catalog/truba-vodogazoprovodnaya-chernaya,категория
https://steelborg.ru/catalog/truba-vgp-st3sp,категория
https://steelborg.ru/catalog/truba-vgp-st3ps,категория
https://steelborg.ru/catalog/truba-vgp-st3,категория
https://steelborg.ru/catalog/truba-vgp-st2ps,категория
https://steelborg.ru/catalog/truba-vgp-st20,категория
https://steelborg.ru/catalog/truba-vgp-st2,категория
https://steelborg.ru/catalog/truba-vgp-st10,категория
https://steelborg.ru/catalog/truba-vgp-st1,категория
https://steelborg.ru/catalog/truba-vgp-neotsinkovannaya,категория
https://steelborg.ru/catalog/truba-vgp-80-mm,категория
https://steelborg.ru/catalog/truba-vgp-65x4-mm,категория
https://steelborg.ru/catalog/truba-vgp-65-mm,категория
https://steelborg.ru/catalog/truba-vgp-50h3-d-5-mm,категория
https://steelborg.ru/catalog/truba-vgp-50-mm,категория
https://steelborg.ru/catalog/truba-vgp-48-mm,категория
https://steelborg.ru/catalog/truba-vgp-42-d-3-mm,категория
https://steelborg.ru/catalog/truba-vgp-40h3-d-5-mm,категория
https://steelborg.ru/catalog/truba-vgp-40-mm,категория
https://steelborg.ru/catalog/truba-vgp-33-d-5-mm,категория
https://steelborg.ru/catalog/truba-vgp-32h3-d-2-mm,категория
https://steelborg.ru/catalog/truba-vgp-32h2-d-8-mm,категория
https://steelborg.ru/catalog/truba-vgp-32-mm,категория
https://steelborg.ru/catalog/truba-vgp-25h3-d-2-mm,категория
https://steelborg.ru/catalog/truba-vgp-25-mm,категория
https://steelborg.ru/catalog/truba-vgp-20h2-d-8-mm,категория
https://steelborg.ru/catalog/truba-vgp-20-mm,категория
https://steelborg.ru/catalog/truba-vgp-15-mm,категория
https://steelborg.ru/catalog/truba-vgp-100-mm,категория
https://steelborg.ru/catalog/truba-vgp-08ps,категория
https://steelborg.ru/catalog/truba-vgp,категория
https://steelborg.ru/catalog/truba-holodnodeformirovannaya,категория
https://steelborg.ru/catalog/truba-stalnaya-besshovnaya-09g2s,категория
https://steelborg.ru/catalog/truba-besshovnaya-goryachedeformirovannaya-20-mm,категория
https://steelborg.ru/catalog/truba-goryachedeformirovannaya,категория
https://steelborg.ru/catalog/truba-besshovnaya-stal-st20,категория
https://steelborg.ru/catalog/truba-besshovnaya-89x5-mm,категория
https://steelborg.ru/catalog/truba-besshovnaya-89x4-mm,категория
https://steelborg.ru/catalog/truba-besshovnaya-76x4-mm,категория
https://steelborg.ru/catalog/truba-besshovnaya-28x3-mm,категория
https://steelborg.ru/catalog/truba-besshovnaya-273x8-mm,категория
https://steelborg.ru/catalog/truba-besshovnaya-219x10-mm,категория
https://steelborg.ru/catalog/truba-besshovnaya-159-mm,категория
https://steelborg.ru/catalog/truba-besshovnaya-14x2-mm,категория
https://steelborg.ru/catalog/truba-besshovnaya-133-mm,категория
https://steelborg.ru/catalog/truba-besshovnaya-108x4-mm,категория
https://steelborg.ru/catalog/truba-besshovnaya,категория
https://steelborg.ru/catalog/treugolnaya-truba,категория
https://steelborg.ru/catalog/truba-pryamougolnaya,категория
https://steelborg.ru/catalog/truba-profilnaya-otsinkovannaya,категория
https://steelborg.ru/catalog/truba-profilnaya-80x80-mm,категория
https://steelborg.ru/catalog/truba-profilnaya-80x40x5-mm,категория
https://steelborg.ru/catalog/truba-profilnaya-70x50x4-mm,категория
https://steelborg.ru/catalog/truba-profilnaya-60x60x3-mm,категория
https://steelborg.ru/catalog/truba-profilnaya-60x40x3-mm,категория
https://steelborg.ru/catalog/truba-profilnaya-60x40-mm,категория
https://steelborg.ru/catalog/truba-profilnaya-50x25x2-d-5-mm,категория
https://steelborg.ru/catalog/truba-profilnaya-50x20-mm,категория
https://steelborg.ru/catalog/truba-profilnaya-45x45x3-mm,категория
https://steelborg.ru/catalog/truba-profilnaya-40x40x3-mm,категория
https://steelborg.ru/catalog/truba-profilnaya-40x20x2-mm,категория
https://steelborg.ru/catalog/truba-profilnaya-40x20x1-d-5-mm,категория
https://steelborg.ru/catalog/truba-profilnaya-30x30x2-mm,категория
https://steelborg.ru/catalog/truba-profilnaya-30x30x1-d-5-mm,категория
https://steelborg.ru/catalog/truba-profilnaya-30x30-mm,категория
https://steelborg.ru/catalog/truba-profilnaya-300x200x8-mm,категория
https://steelborg.ru/catalog/truba-profilnaya-250x150x6-mm,категория
https://steelborg.ru/catalog/truba-profilnaya-20x20x2-mm,категория
https://steelborg.ru/catalog/truba-profilnaya-200x160x8-mm,категория
https://steelborg.ru/catalog/truba-profilnaya-200x100-mm,категория
https://steelborg.ru/catalog/truba-profilnaya-180x180x6-mm,категория
https://steelborg.ru/catalog/truba-profilnaya-160x80x5-mm,категория
https://steelborg.ru/catalog/truba-profilnaya-160x160x8-mm,категория
https://steelborg.ru/catalog/truba-profilnaya-150x150x8-mm,категория
https://steelborg.ru/catalog/truba-profilnaya-150x100-mm,категория
https://steelborg.ru/catalog/truba-profilnaya-140x140x6-mm,категория
https://steelborg.ru/catalog/truba-profilnaya-120x80-mm,категория
https://steelborg.ru/catalog/truba-profilnaya-120x60x5-mm,категория
https://steelborg.ru/catalog/truba-profilnaya-120x120x8-mm,категория
https://steelborg.ru/catalog/truba-profilnaya-100x80x4-mm,категория
https://steelborg.ru/catalog/truba-profilnaya-100x60x4-mm,категория
https://steelborg.ru/catalog/truba-profilnaya-100h40h4-mm,категория
https://steelborg.ru/catalog/truba-profilnaya-100x100x4-mm,категория
https://steelborg.ru/catalog/truba-profilnaya-100x100x3-mm,категория
https://steelborg.ru/catalog/truba-kvadratnaya-90x90x5-mm,категория
https://steelborg.ru/catalog/truba-kvadratnaya-80x80x4-mm,категория
https://steelborg.ru/catalog/truba-kvadratnaya-70h70h4-mm,категория
https://steelborg.ru/catalog/truba-kvadratnaya-50x50x3-mm,категория
https://steelborg.ru/catalog/truba-kvadratnaya-40x40x2-mm,категория
https://steelborg.ru/catalog/truba-kvadratnaya-35x35-mm,категория
https://steelborg.ru/catalog/truba-kvadratnaya-100x100x5-mm,категория
https://steelborg.ru/catalog/truba-kvadratnaya,категория
https://steelborg.ru/catalog/truba-75x75-mm,категория
https://steelborg.ru/catalog/truba-60x60x8-mm,категория
https://steelborg.ru/catalog/truba-60x60-mm,категория
https://steelborg.ru/catalog/truba-40x40-mm,категория
https://steelborg.ru/catalog/truba-40x20x2-d-5-mm,категория
https://steelborg.ru/catalog/truba-40x20-mm,категория
https://steelborg.ru/catalog/truba-25x25-mm,категория
https://steelborg.ru/catalog/truba-20x20-mm,категория
https://steelborg.ru/catalog/truba-200x200-mm,категория
https://steelborg.ru/catalog/truba-150x150x10-mm,категория
https://steelborg.ru/catalog/truba-150x150-mm,категория
https://steelborg.ru/catalog/truba-140x140-mm,категория
https://steelborg.ru/catalog/truba-120x120x4-mm,категория
https://steelborg.ru/catalog/profilnaya-truba-s355,категория
https://steelborg.ru/catalog/profilnaya-truba-90x90x4-mm,категория
https://steelborg.ru/catalog/profilnaya-truba-80x80x3-mm,категория
https://steelborg.ru/catalog/profilnaya-truba-80x50x4-mm,категория
https://steelborg.ru/catalog/profilnaya-truba-80x40x3-mm,категория
https://steelborg.ru/catalog/profilnaya-truba-60x40x5-mm,категория
https://steelborg.ru/catalog/profilnaya-truba-50x50-mm,категория
https://steelborg.ru/catalog/profilnaya-truba-400x200x10-mm,категория
https://steelborg.ru/catalog/profilnaya-truba-40-mm,категория
https://steelborg.ru/catalog/profilnaya-truba-30x30-mm,категория
https://steelborg.ru/catalog/profilnaya-truba-20x40-mm,категория
https://steelborg.ru/catalog/profilnaya-truba-200x200x8-mm,категория
https://steelborg.ru/catalog/profilnaya-truba-180x180x8-mm,категория
https://steelborg.ru/catalog/profilnaya-truba-160x160x5-mm,категория
https://steelborg.ru/catalog/profilnaya-truba-160x100x4-mm,категория
https://steelborg.ru/catalog/profilnaya-truba-15x15-mm,категория
https://steelborg.ru/catalog/profilnaya-truba-140x80x5-mm,категория
https://steelborg.ru/catalog/profilnaya-truba-120x80x8-mm,категория
https://steelborg.ru/catalog/profilnaya-truba-120x60-mm,категория
https://steelborg.ru/catalog/profilnaya-truba-10x10-mm,категория
https://steelborg.ru/catalog/profilnaya-truba-100x50x4-mm,категория
https://steelborg.ru/catalog/profilnaya-truba-100x100-mm,категория
https://steelborg.ru/catalog/profilnaya-truba-09g2s,категория
https://steelborg.ru/catalog/kvadratnaya-truba-120h120-mm,категория
https://steelborg.ru/catalog/profilnaya-truba,категория
https://steelborg.ru/catalog/ploskoovalnaya-truba,категория
https://steelborg.ru/catalog/truba-obsadnaya-plastikovaya-dlya-skvazhin,категория
https://steelborg.ru/catalog/truba-obsadnaya-npvh-125-mm,категория
https://steelborg.ru/catalog/obsadnaya-truba-stalnaya,категория
https://steelborg.ru/catalog/obsadnaya-truba-polietilenovaya,категория
https://steelborg.ru/catalog/obsadnaya-truba-pvh,категория
https://steelborg.ru/catalog/obsadnaya-truba-npvh,категория
https://steelborg.ru/catalog/obsadnaya-truba-dlya-skvazhiny-90-mm,категория
https://steelborg.ru/catalog/obsadnaya-truba-dlya-skvazhiny-160-mm,категория
https://steelborg.ru/catalog/obsadnaya-truba-dlya-skvazhiny-110-mm,категория
https://steelborg.ru/catalog/obsadnaya-truba-340-mm,категория
https://steelborg.ru/catalog/obsadnaya-truba-324-mm,категория
https://steelborg.ru/catalog/obsadnaya-truba-273-mm,категория
https://steelborg.ru/catalog/obsadnaya-truba-245-mm,категория
https://steelborg.ru/catalog/obsadnaya-truba-219-mm,категория
https://steelborg.ru/catalog/obsadnaya-truba-194-mm,категория
https://steelborg.ru/catalog/obsadnaya-truba-178-mm,категория
https://steelborg.ru/catalog/obsadnaya-truba-168-d-3-mm,категория
https://steelborg.ru/catalog/obsadnaya-truba-146-mm,категория
https://steelborg.ru/catalog/obsadnaya-truba-140-mm,категория
https://steelborg.ru/catalog/obsadnaya-truba-139-mm,категория
https://steelborg.ru/catalog/obsadnaya-truba-127-mm,категория
https://steelborg.ru/catalog/obsadnaya-truba-125-mm,категория
https://steelborg.ru/catalog/obsadnaya-truba-114-mm,категория
https://steelborg.ru/catalog/obsadnaya-truba,категория
https://steelborg.ru/catalog/obechaechnaya-truba,категория
https://steelborg.ru/catalog/magistralnaya-truba,категория
https://steelborg.ru/catalog/krekingovaya-truba-8-mm,категория
https://steelborg.ru/catalog/krekingovaya-truba-377-mm,категория
https://steelborg.ru/catalog/krekingovaya-truba-325-mm,категория
https://steelborg.ru/catalog/krekingovaya-truba-219-mm,категория
https://steelborg.ru/catalog/krekingovaya-truba-15h5m,категория
https://steelborg.ru/catalog/krekingovaya-truba-159-mm,категория
https://steelborg.ru/catalog/krekingovaya-truba-14-mm,категория
https://steelborg.ru/catalog/krekingovaya-truba-12-mm,категория
https://steelborg.ru/catalog/krekingovaya-truba-10-mm,категория
https://steelborg.ru/catalog/krekingovaya-truba,категория
https://steelborg.ru/catalog/kapillyarnaya-trubka,категория
https://steelborg.ru/catalog/truba-sbt-127-mm,категория
https://steelborg.ru/catalog/truba-burilnaya-89-mm,категория
https://steelborg.ru/catalog/burilnaya-truba,категория
https://steelborg.ru/catalog/truba-metallicheskaya,категория
https://steelborg.ru/catalog/truba-kruglaya,категория
https://steelborg.ru/catalog/truba-du-450-mm,категория
https://steelborg.ru/catalog/truba-diametr-1000-mm,категория
https://steelborg.ru/catalog/truba-89x5-mm,категория
https://steelborg.ru/catalog/truba-83x4-mm,категория
https://steelborg.ru/catalog/truba-820x8-mm,категория
https://steelborg.ru/catalog/truba-820-mm,категория
https://steelborg.ru/catalog/truba-82-mm,категория
https://steelborg.ru/catalog/truba-800-mm,категория
https://steelborg.ru/catalog/truba-76x6-mm,категория
https://steelborg.ru/catalog/truba-73-mm,категория
https://steelborg.ru/catalog/truba-720x9-mm,категория
https://steelborg.ru/catalog/truba-720x8-mm,категория
https://steelborg.ru/catalog/truba-65-mm,категория
https://steelborg.ru/catalog/truba-630x20-mm,категория
https://steelborg.ru/catalog/truba-630x10-mm,категория
https://steelborg.ru/catalog/truba-6-mm,категория
https://steelborg.ru/catalog/truba-6-m,категория
https://steelborg.ru/catalog/truba-57x5-mm,категория
https://steelborg.ru/catalog/truba-57x3-d-5-mm,категория
https://steelborg.ru/catalog/truba-530x16-mm,категория
https://steelborg.ru/catalog/truba-530x12-mm,категория
https://steelborg.ru/catalog/truba-530x10-mm,категория
https://steelborg.ru/catalog/truba-530-mm,категория
https://steelborg.ru/catalog/truba-53-mm,категория
https://steelborg.ru/catalog/truba-48x2-mm,категория
https://steelborg.ru/catalog/truba-480x10-mm,категория
https://steelborg.ru/catalog/truba-43-mm,категория
https://steelborg.ru/catalog/truba-42x4-mm,категория
https://steelborg.ru/catalog/truba-426x8-mm,категория
https://steelborg.ru/catalog/truba-426x6-mm,категория
https://steelborg.ru/catalog/truba-38x4-mm,категория
https://steelborg.ru/catalog/truba-38x2-mm,категория
https://steelborg.ru/catalog/truba-377-mm,категория
https://steelborg.ru/catalog/truba-355x6-mm,категория
https://steelborg.ru/catalog/truba-351x10-mm,категория
https://steelborg.ru/catalog/truba-325x5-mm,категория
https://steelborg.ru/catalog/truba-320-mm,категория
https://steelborg.ru/catalog/truba-30-mm,категория
https://steelborg.ru/catalog/truba-299x8-mm,категория
https://steelborg.ru/catalog/truba-273x9-mm,категория
https://steelborg.ru/catalog/truba-273x8-mm,категория
https://steelborg.ru/catalog/truba-273x7-mm,категория
https://steelborg.ru/catalog/truba-273x6-mm,категория
https://steelborg.ru/catalog/truba-273x5-mm,категория
https://steelborg.ru/catalog/truba-273x10-mm,категория
https://steelborg.ru/catalog/truba-245-mm,категория
https://steelborg.ru/catalog/truba-219x8-mm,категория
https://steelborg.ru/catalog/truba-219x5-mm,категория
https://steelborg.ru/catalog/truba-219-mm,категория
https://steelborg.ru/catalog/truba-17g1s,категория
https://steelborg.ru/catalog/truba-170-mm,категория
https://steelborg.ru/catalog/truba-168x6-mm,категория
https://steelborg.ru/catalog/truba-168x5-mm,категория
https://steelborg.ru/catalog/truba-168-mm,категория
https://steelborg.ru/catalog/truba-15hm,категория
https://steelborg.ru/catalog/truba-159x5-mm,категория
https://steelborg.ru/catalog/truba-159x4-mm,категория
https://steelborg.ru/catalog/truba-152x5-mm,категория
https://steelborg.ru/catalog/truba-152-mm,категория
https://steelborg.ru/catalog/truba-1420x10-mm,категория
https://steelborg.ru/catalog/truba-140x6-mm,категория
https://steelborg.ru/catalog/truba-140x5-mm,категория
https://steelborg.ru/catalog/truba-140x20-mm,категория
https://steelborg.ru/catalog/truba-140x10-mm,категория
https://steelborg.ru/catalog/truba-133x5-mm,категория
https://steelborg.ru/catalog/truba-133x4-mm,категория
https://steelborg.ru/catalog/truba-133-mm,категория
https://steelborg.ru/catalog/truba-127x5-mm,категория
https://steelborg.ru/catalog/truba-127x4-mm,категория
https://steelborg.ru/catalog/truba-127-mm,категория
https://steelborg.ru/catalog/truba-1220x12-mm-bu,категория
https://steelborg.ru/catalog/truba-1220x12-mm,категория
https://steelborg.ru/catalog/truba-1220x10-mm,категория
https://steelborg.ru/catalog/truba-114x5-mm,категория
https://steelborg.ru/catalog/truba-114x4-mm,категория
https://steelborg.ru/catalog/truba-108h4-mm,категория
https://steelborg.ru/catalog/truba-108x10-mm,категория
https://steelborg.ru/catalog/truba-108-mm,категория
https://steelborg.ru/catalog/truba-102x4-mm,категория
https://steelborg.ru/catalog/truba-102x3-d-5-mm,категория
https://steelborg.ru/catalog/truba-1020x8-mm,категория
https://steelborg.ru/catalog/truba-1020x12-mm,категория
https://steelborg.ru/catalog/truba-1020x10-mm,категория
https://steelborg.ru/catalog/truba-102-mm,категория
https://steelborg.ru/catalog/truba-10-mm,категория
https://steelborg.ru/catalog/truba-09g2s-57x4-mm,категория
https://steelborg.ru/catalog/truba-09g2s-57-mm,категория
https://steelborg.ru/catalog/truba-09g2s,категория
https://steelborg.ru/catalog/elektrokarton-ev,категория
https://steelborg.ru/catalog/elektrokarton-rulon,категория
https://steelborg.ru/catalog/elektrokarton-listovoy,категория
https://steelborg.ru/catalog/elektrokarton-5-mm,категория
https://steelborg.ru/catalog/elektrokarton-2-mm,категория
https://steelborg.ru/catalog/elektrokarton-1-mm,категория
https://steelborg.ru/catalog/elektrokarton-0-d-5-mm,категория
https://steelborg.ru/catalog/elektrokarton-0-d-3-mm,категория
https://steelborg.ru/catalog/elektrokarton-0-d-2-mm,категория
https://steelborg.ru/catalog/elektrokarton,категория
https://steelborg.ru/catalog/lakotkan-f-4d-e01-b,категория
https://steelborg.ru/catalog/lakotkan-f-4d,категория
https://steelborg.ru/catalog/lakotkan-lshms-105,категория
https://steelborg.ru/catalog/lakotkan-lshm-105,категория
https://steelborg.ru/catalog/lakotkan-lsk-155180,категория
https://steelborg.ru/catalog/lakotkan-lkm-105,категория
https://steelborg.ru/catalog/lakotkan-0-d-15-mm,категория
https://steelborg.ru/catalog/lakotkan-0-d-12-mm,категория
https://steelborg.ru/catalog/lakotkan-0-d-1-mm,категория
https://steelborg.ru/catalog/lakotkan,категория
https://steelborg.ru/catalog/steklolenta,категория
https://steelborg.ru/catalog/lenta-slyudinitovaya,категория
https://steelborg.ru/catalog/lenta-samoslipayuschayasya,категория
https://steelborg.ru/catalog/lenta-pvh,категория
https://steelborg.ru/catalog/lenta-izolyatsionnaya-hb,категория
https://steelborg.ru/catalog/lenta-aramidnaya,категория
https://steelborg.ru/catalog/izolenta-chernaya,категория
https://steelborg.ru/catalog/izolenta-sinyaya,категория
https://steelborg.ru/catalog/izolenta-belaya,категория
https://steelborg.ru/catalog/izolenta-20-mm,категория
https://steelborg.ru/catalog/izolenta-19-mm,категория
https://steelborg.ru/catalog/izolenta-15-mm,категория
https://steelborg.ru/catalog/izolenta,категория
https://steelborg.ru/catalog/elektroizolyatsiya,категория
https://steelborg.ru/catalog/fibra-volnovaya,категория
https://steelborg.ru/catalog/fibra-ankernaya,категория
https://steelborg.ru/catalog/fibra-50-mm,категория
https://steelborg.ru/catalog/fibra-30-mm,категория
https://steelborg.ru/catalog/fibra-18-mm,категория
https://steelborg.ru/catalog/fibra-12-mm,категория
https://steelborg.ru/catalog/fibra-1-mm,категория
https://steelborg.ru/catalog/fibra-0-d-3-mm,категория
https://steelborg.ru/catalog/fibra,категория
https://steelborg.ru/catalog/uteplitel,категория
https://steelborg.ru/catalog/polosa-nabivochnaya-layon,категория
https://steelborg.ru/catalog/uplotniteli,категория
https://steelborg.ru/catalog/trotuarnaya-plitka-tanami,категория
https://steelborg.ru/catalog/trotuarnaya-plitka-staryy-dvorik,категория
https://steelborg.ru/catalog/trotuarnaya-plitka-staryy-gorod,категория
https://steelborg.ru/catalog/trotuarnaya-plitka-seryy,категория
https://steelborg.ru/catalog/trotuarnaya-plitka-savoy,категория
https://steelborg.ru/catalog/trotuarnaya-plitka-pryamougolnik,категория
https://steelborg.ru/catalog/trotuarnaya-plitka-marokko,категория
https://steelborg.ru/catalog/trotuarnaya-plitka-krasnyy,категория
https://steelborg.ru/catalog/trotuarnaya-plitka-korichnevyy,категория
https://steelborg.ru/catalog/trotuarnaya-plitka-kongo,категория
https://steelborg.ru/catalog/trotuarnaya-plitka-klinker,категория
https://steelborg.ru/catalog/trotuarnaya-plitka-kvadrat,категория
https://steelborg.ru/catalog/trotuarnaya-plitka-zheltyy,категория
https://steelborg.ru/catalog/trotuarnaya-plitka-granit,категория
https://steelborg.ru/catalog/trotuarnaya-plitka-bismark,категория
https://steelborg.ru/catalog/trotuarnaya-plitka-beton,категория
https://steelborg.ru/catalog/trotuarnaya-plitka-belyy,категория
https://steelborg.ru/catalog/trotuarnaya-plitka-avtostroy,категория
https://steelborg.ru/catalog/trotuarnaya-plitka-steingot,категория
https://steelborg.ru/catalog/trotuarnaya-plitka-400h400h50-mm,категория
https://steelborg.ru/catalog/trotuarnaya-plitka-300h300h30-mm,категория
https://steelborg.ru/catalog/trotuarnaya-plitka-200h200h60-mm,категория
https://steelborg.ru/catalog/trotuarnaya-plitka-200h100h80-mm,категория
https://steelborg.ru/catalog/trotuarnaya-plitka-200h100h60-mm,категория
https://steelborg.ru/catalog/trotuarnaya-plitka-200h100h40-mm,категория
https://steelborg.ru/catalog/trotuarnaya-plitka-200h100h100-mm,категория
https://steelborg.ru/catalog/trotuarnaya-plitka,категория
https://steelborg.ru/catalog/teploizolyatsiya-90-mm,категория
https://steelborg.ru/catalog/teploizolyatsiya-80-mm,категория
https://steelborg.ru/catalog/teploizolyatsiya-70-mm,категория
https://steelborg.ru/catalog/teploizolyatsiya-60-mm,категория
https://steelborg.ru/catalog/teploizolyatsiya-50-mm,категория
https://steelborg.ru/catalog/teploizolyatsiya-40-mm,категория
https://steelborg.ru/catalog/teploizolyatsiya-30-mm,категория
https://steelborg.ru/catalog/teploizolyatsiya-2000x2000-mm,категория
https://steelborg.ru/catalog/teploizolyatsiya-200-mm,категория
https://steelborg.ru/catalog/teploizolyatsiya-20-mm,категория
https://steelborg.ru/catalog/teploizolyatsiya-150-mm,категория
https://steelborg.ru/catalog/teploizolyatsiya-120-mm,категория
https://steelborg.ru/catalog/teploizolyatsiya-1000x2000-mm,категория
https://steelborg.ru/catalog/teploizolyatsiya-1000x1000-mm,категория
https://steelborg.ru/catalog/teploizolyatsiya-100-mm,категория
https://steelborg.ru/catalog/teploizolyatsiya-10-mm,категория
https://steelborg.ru/catalog/porolon-90-mm,категория
https://steelborg.ru/catalog/porolon-80-mm,категория
https://steelborg.ru/catalog/porolon-70-mm,категория
https://steelborg.ru/catalog/porolon-60-mm,категория
https://steelborg.ru/catalog/porolon-50-mm,категория
https://steelborg.ru/catalog/porolon-40-mm,категория
https://steelborg.ru/catalog/porolon-30-mm,категория
https://steelborg.ru/catalog/porolon-2000x2000-mm,категория
https://steelborg.ru/catalog/porolon-200-mm,категория
https://steelborg.ru/catalog/porolon-20-mm,категория
https://steelborg.ru/catalog/porolon-150-mm,категория
https://steelborg.ru/catalog/porolon-120-mm,категория
https://steelborg.ru/catalog/porolon-1000x2000-mm,категория
https://steelborg.ru/catalog/porolon-100-mm,категория
https://steelborg.ru/catalog/porolon-10-mm,категория
https://steelborg.ru/catalog/porolon,категория
https://steelborg.ru/catalog/penoplast-50-mm,категория
https://steelborg.ru/catalog/penoplast-1000x2000-mm,категория
https://steelborg.ru/catalog/penoplast-1000x1000-mm,категория
https://steelborg.ru/catalog/penoplast-100-mm,категория
https://steelborg.ru/catalog/penoplast,категория
https://steelborg.ru/catalog/teploizolyatsiya,категория
https://steelborg.ru/catalog/tsement-navalnyy,категория
https://steelborg.ru/catalog/tsement-m500-d20,категория
https://steelborg.ru/catalog/tsement-m500-d0,категория
https://steelborg.ru/catalog/tsement-m500,категория
https://steelborg.ru/catalog/tsement-1000-kg,категория
https://steelborg.ru/catalog/tamponazhnyy-tsement,категория
https://steelborg.ru/catalog/meshok-tsementa-50-kg,категория
https://steelborg.ru/catalog/meshok-tsementa-25-kg,категория
https://steelborg.ru/catalog/evrotsement,категория
https://steelborg.ru/catalog/glinozemistyy-tsement,категория
https://steelborg.ru/catalog/tsement,категория
https://steelborg.ru/catalog/izvestkovyy-rastvor,категория
https://steelborg.ru/catalog/superplastifikator,категория
https://steelborg.ru/catalog/polifunktsionalnyy-modifikator,категория
https://steelborg.ru/catalog/plastifikator,категория
https://steelborg.ru/catalog/penoobrazovatel,категория
https://steelborg.ru/catalog/zamedlitel-shvatyvaniya,категория
https://steelborg.ru/catalog/dobavki-dlya-betona-protivomoroznaya,категория
https://steelborg.ru/catalog/gidrofobizator,категория
https://steelborg.ru/catalog/dobavki-dlya-betona,категория
https://steelborg.ru/catalog/suhie-stroitelnye-smesi,категория
https://steelborg.ru/catalog/steklo-listovoe-tonirovannoe,категория
https://steelborg.ru/catalog/steklo-listovoe-prozrachnoe,категория
https://steelborg.ru/catalog/steklo-listovoe-matovoe,категория
https://steelborg.ru/catalog/steklo-listovoe-8-mm,категория
https://steelborg.ru/catalog/steklo-listovoe-6-mm,категория
https://steelborg.ru/catalog/steklo-listovoe-4-mm,категория
https://steelborg.ru/catalog/steklo-listovoe-2250x3210-mm,категория
https://steelborg.ru/catalog/steklo-listovoe-1605x2250-mm,категория
https://steelborg.ru/catalog/steklo-listovoe,категория
https://steelborg.ru/catalog/rulonnye-materialy,категория
https://steelborg.ru/catalog/ruberoid-rpp-300,категория
https://steelborg.ru/catalog/ruberoid-rkp-350,категория
https://steelborg.ru/catalog/ruberoid,категория
https://steelborg.ru/catalog/profil-krepezhnyy-psh,категория
https://steelborg.ru/catalog/profil-krepezhnyy-ps,категория
https://steelborg.ru/catalog/profil-krepezhnyy-pn,категория
https://steelborg.ru/catalog/profil-krepezhnyy-kpsh,категория
https://steelborg.ru/catalog/profil-krepezhnyy-75h50-mm,категория
https://steelborg.ru/catalog/profil-krepezhnyy-75h40-mm,категория
https://steelborg.ru/catalog/profil-krepezhnyy-60h27-mm,категория
https://steelborg.ru/catalog/profil-krepezhnyy-59h56h1-d-2-mm,категория
https://steelborg.ru/catalog/profil-krepezhnyy-50h50-mm,категория
https://steelborg.ru/catalog/profil-krepezhnyy-50h40-mm,категория
https://steelborg.ru/catalog/profil-krepezhnyy-3-m,категория
https://steelborg.ru/catalog/profil-krepezhnyy-100h50-mm,категория
https://steelborg.ru/catalog/profil-krepezhnyy-100h40-mm,категория
https://steelborg.ru/catalog/profil-krepezhnyy-0-d-625-m,категория
https://steelborg.ru/catalog/profil-krepezhnyy-0-d-4-m,категория
https://steelborg.ru/catalog/profil-krepezhnyy,категория
https://steelborg.ru/catalog/profil-stroitelnyy,категория
https://steelborg.ru/catalog/poddony,категория
https://steelborg.ru/catalog/plitka-tehnonikol,категория
https://steelborg.ru/catalog/plitka-pryamougolnik,категория
https://steelborg.ru/catalog/plitka-keramika,категория
https://steelborg.ru/catalog/plitka-kvadrat,категория
https://steelborg.ru/catalog/plitka-dlya-fasada,категория
https://steelborg.ru/catalog/plitka-dlya-sten,категория
https://steelborg.ru/catalog/plitka-dlya-pola,категория
https://steelborg.ru/catalog/plitka-glyantsevoe,категория
https://steelborg.ru/catalog/plitka-42h42-mm,категория
https://steelborg.ru/catalog/plitka-31-d-5h63-mm,категория
https://steelborg.ru/catalog/plitka-20-d-1h50-d-5-mm,категория
https://steelborg.ru/catalog/plitka,категория
https://steelborg.ru/catalog/plenka-polietilenovaya-cherno-belaya,категория
https://steelborg.ru/catalog/plenka-polietilenovaya-chernaya,категория
https://steelborg.ru/catalog/plenka-polietilenovaya-tehnicheskaya-150-mkm-3x100-m,категория
https://steelborg.ru/catalog/plenka-polietilenovaya-tehnicheskaya-100-mkm-3x100-m,категория
https://steelborg.ru/catalog/plenka-polietilenovaya-tehnicheskaya,категория
https://steelborg.ru/catalog/plenka-polietilenovaya-termousadochnaya,категория
https://steelborg.ru/catalog/plenka-polietilenovaya-teplichnaya,категория
https://steelborg.ru/catalog/plenka-polietilenovaya-stretch,категория
https://steelborg.ru/catalog/plenka-polietilenovaya-prozrachnaya,категория
https://steelborg.ru/catalog/plenka-polietilenovaya-pnd,категория
https://steelborg.ru/catalog/plenka-polietilenovaya-pischevaya,категория
https://steelborg.ru/catalog/plenka-polietilenovaya-pvd,категория
https://steelborg.ru/catalog/plenka-polietilenovaya-odnosloynaya,категория
https://steelborg.ru/catalog/plenka-polietilenovaya-vozdushno-puzyrkovaya,категория
https://steelborg.ru/catalog/plenka-polietilenovaya-belaya,категория
https://steelborg.ru/catalog/plenka-polietilenovaya-armirovannaya,категория
https://steelborg.ru/catalog/plenka-polietilenovaya-50-m,категория
https://steelborg.ru/catalog/plenka-polietilenovaya-300-m,категория
https://steelborg.ru/catalog/plenka-polietilenovaya-25-m,категория
https://steelborg.ru/catalog/plenka-polietilenovaya-1000-m,категория
https://steelborg.ru/catalog/plenka-polietilenovaya-100-m,категория
https://steelborg.ru/catalog/plenka-polietilenovaya-10-m,категория
https://steelborg.ru/catalog/plenka-polietilenovaya-0-d-2-mm-200-mkm,категория
https://steelborg.ru/catalog/plenka-polietilenovaya-0-d-15-mm-150-mkm,категория
https://steelborg.ru/catalog/plenka-polietilenovaya-0-d-12-mm-120-mkm,категория
https://steelborg.ru/catalog/plenka-polietilenovaya-0-d-1-mm-100-mkm,категория
https://steelborg.ru/catalog/plenka-polietilenovaya-0-d-08-mm-80-mkm,категория
https://steelborg.ru/catalog/plenka-polietilenovaya-0-d-06-mm-60-mkm,категория
https://steelborg.ru/catalog/plenka-polietilenovaya-0-d-04-mm-40-mkm,категория
https://steelborg.ru/catalog/plenka-polietilenovaya-0-d-035-mm-35-mkm,категория
https://steelborg.ru/catalog/plenka-polietilenovaya-0-d-02-mm-20-mkm,категория
https://steelborg.ru/catalog/plenka-polietilenovaya-0-d-015-mm-15-mkm,категория
https://steelborg.ru/catalog/plenka-polietilenovaya,категория
https://steelborg.ru/catalog/chernyy-mramor,категория
https://steelborg.ru/catalog/mramornye-plity,категория
https://steelborg.ru/catalog/mramor-polirovannyy,категория
https://steelborg.ru/catalog/mramor-korichnevyy,категория
https://steelborg.ru/catalog/mramor-zelenyy,категория
https://steelborg.ru/catalog/mramor-zheltyy,категория
https://steelborg.ru/catalog/mramor-v-slebah,категория
https://steelborg.ru/catalog/mramor-bidasar-grin,категория
https://steelborg.ru/catalog/mramor-bidasar-gold,категория
https://steelborg.ru/catalog/mramor-bidasar-braun,категория
https://steelborg.ru/catalog/mramor-bezhevyy,категория
https://steelborg.ru/catalog/mramor-30-mm,категория
https://steelborg.ru/catalog/mramor-20-mm,категория
https://steelborg.ru/catalog/belyy-mramor,категория
https://steelborg.ru/catalog/mramor,категория
https://steelborg.ru/catalog/shifer-seryy,категория
https://steelborg.ru/catalog/shifer-krasnyy,категория
https://steelborg.ru/catalog/shifer-korichnevyy,категория
https://steelborg.ru/catalog/shifer-zelenyy,категория
https://steelborg.ru/catalog/shifer-volnovoy,категория
https://steelborg.ru/catalog/shifer-980x1750-mm,категория
https://steelborg.ru/catalog/shifer-950x1950-mm,категория
https://steelborg.ru/catalog/shifer-8-mi-volnovoy,категория
https://steelborg.ru/catalog/shifer-8-mm,категория
https://steelborg.ru/catalog/shifer-7-mi-volnovoy,категория
https://steelborg.ru/catalog/shifer-6-ti-volnovoy,категория
https://steelborg.ru/catalog/shifer-6-mm,категория
https://steelborg.ru/catalog/shifer-5-d-8-mm,категория
https://steelborg.ru/catalog/shifer-5-d-2-mm,категория
https://steelborg.ru/catalog/shifer-4-mm,категория
https://steelborg.ru/catalog/shifer-3000x1500x10-mm,категория
https://steelborg.ru/catalog/shifer-1500x3000-mm,категория
https://steelborg.ru/catalog/shifer-1130x1750-mm,категория
https://steelborg.ru/catalog/tsvetnoy-shifer,категория
https://steelborg.ru/catalog/evroshifer,категория
https://steelborg.ru/catalog/shifer,категория
https://steelborg.ru/catalog/gipsokarton-magma,категория
https://steelborg.ru/catalog/gipsokarton-dlya-sten,категория
https://steelborg.ru/catalog/gipsokarton-dlya-potolka,категория
https://steelborg.ru/catalog/gipsokarton-vlagostoykiy,категория
https://steelborg.ru/catalog/gipsokarton-knauf,категория
https://steelborg.ru/catalog/gipsokarton-9-d-5-mm,категория
https://steelborg.ru/catalog/gipsokarton-1200x3000-mm,категория
https://steelborg.ru/catalog/gipsokarton-1200x2500-mm,категория
https://steelborg.ru/catalog/gipsokarton-12-d-5-mm,категория
https://steelborg.ru/catalog/gipsokarton,категория
https://steelborg.ru/catalog/gvl-vlagostoykiy,категория
https://steelborg.ru/catalog/gvl-s-faltsevoy-kromkoy,категория
https://steelborg.ru/catalog/gvl-knauf,категория
https://steelborg.ru/catalog/gvl-1200x2500-mm,категория
https://steelborg.ru/catalog/gvl-12-d-5-mm,категория
https://steelborg.ru/catalog/gvl-12-mm,категория
https://steelborg.ru/catalog/gvl-10-mm,категория
https://steelborg.ru/catalog/gvl-gipsovoloknistyy-list,категория
https://steelborg.ru/catalog/listovye-materialy,категория
https://steelborg.ru/catalog/kirpich-schelevoy,категория
https://steelborg.ru/catalog/kirpich-shokolad,категория
https://steelborg.ru/catalog/kirpich-shamotnyy-ogneupornyy,категория
https://steelborg.ru/catalog/kirpich-ryadovoy,категория
https://steelborg.ru/catalog/kirpich-pustotelyy,категория
https://steelborg.ru/catalog/kirpich-polnotelyy,категория
https://steelborg.ru/catalog/kirpich-pechnoy,категория
https://steelborg.ru/catalog/kirpich-persik,категория
https://steelborg.ru/catalog/kirpich-ogneupornyy,категория
https://steelborg.ru/catalog/kirpich-neokrashennyy,категория
https://steelborg.ru/catalog/kirpich-m200,категория
https://steelborg.ru/catalog/kirpich-m175,категория
https://steelborg.ru/catalog/kirpich-m150,категория
https://steelborg.ru/catalog/kirpich-m125,категория
https://steelborg.ru/catalog/kirpich-litsevoy,категория
https://steelborg.ru/catalog/kirpich-krasnyy,категория
https://steelborg.ru/catalog/kirpich-keramicheskiy,категория
https://steelborg.ru/catalog/kirpich-zheltyy,категория
https://steelborg.ru/catalog/kirpich-dekorativnyy,категория
https://steelborg.ru/catalog/kirpich-belyy,категория
https://steelborg.ru/catalog/kirpich-f75,категория
https://steelborg.ru/catalog/kirpich-250h120h88-mm,категория
https://steelborg.ru/catalog/kirpich-250h120h65-mm,категория
https://steelborg.ru/catalog/kirpich-240h120h65-mm,категория
https://steelborg.ru/catalog/evrokirpich,категория
https://steelborg.ru/catalog/kirpich,категория
https://steelborg.ru/catalog/kladochnye-materialy,категория
https://steelborg.ru/catalog/lappatirovannyy-keramogranit,категория
https://steelborg.ru/catalog/keramogranit-8-mm,категория
https://steelborg.ru/catalog/keramogranit-600h600-mm,категория
https://steelborg.ru/catalog/keramogranit-600h1200-mm,категория
https://steelborg.ru/catalog/keramogranit-300h600-mm,категория
https://steelborg.ru/catalog/keramogranit-300h300-mm,категория
https://steelborg.ru/catalog/keramogranit-295h1200-mm,категория
https://steelborg.ru/catalog/keramogranit-11-mm,категория
https://steelborg.ru/catalog/keramogranit-10-mm,категория
https://steelborg.ru/catalog/keramogranit,категория
https://steelborg.ru/catalog/provod-mednyy-petv-2,категория
https://steelborg.ru/catalog/provod-mednyy-pvs,категория
https://steelborg.ru/catalog/provod-mednyy,категория
https://steelborg.ru/catalog/provolochnyy-kabelnyy-lotok-otsinkovannyy,категория
https://steelborg.ru/catalog/provolochnyy-kabelnyy-lotok-nerzhaveyuschiy,категория
https://steelborg.ru/catalog/provolochnyy-kabelnyy-lotok-85-mm,категория
https://steelborg.ru/catalog/provolochnyy-kabelnyy-lotok-60-mm,категория
https://steelborg.ru/catalog/provolochnyy-kabelnyy-lotok-400-mm,категория
https://steelborg.ru/catalog/provolochnyy-kabelnyy-lotok-35-mm,категория
https://steelborg.ru/catalog/provolochnyy-kabelnyy-lotok-300-mm,категория
https://steelborg.ru/catalog/provolochnyy-kabelnyy-lotok-105-mm,категория
https://steelborg.ru/catalog/provolochnyy-kabelnyy-lotok-100-mm,категория
https://steelborg.ru/catalog/provolochnyy-kabelnyy-lotok,категория
https://steelborg.ru/catalog/listovoy-kabelnyy-lotok-perforirovannyy,категория
https://steelborg.ru/catalog/listovoy-kabelnyy-lotok-otsinkovannyy,категория
https://steelborg.ru/catalog/listovoy-kabelnyy-lotok-okrashennyy,категория
https://steelborg.ru/catalog/listovoy-kabelnyy-lotok-nerzhaveyuschiy,категория
https://steelborg.ru/catalog/listovoy-kabelnyy-lotok-neperforirovannyy,категория
https://steelborg.ru/catalog/listovoy-kabelnyy-lotok-80-mm,категория
https://steelborg.ru/catalog/listovoy-kabelnyy-lotok-65-mm,категория
https://steelborg.ru/catalog/listovoy-kabelnyy-lotok-600-mm,категория
https://steelborg.ru/catalog/listovoy-kabelnyy-lotok-500-mm,категория
https://steelborg.ru/catalog/listovoy-kabelnyy-lotok-50-mm,категория
https://steelborg.ru/catalog/listovoy-kabelnyy-lotok-400-mm,категория
https://steelborg.ru/catalog/listovoy-kabelnyy-lotok-300-mm,категория
https://steelborg.ru/catalog/listovoy-kabelnyy-lotok-200-mm,категория
https://steelborg.ru/catalog/listovoy-kabelnyy-lotok-150-mm,категория
https://steelborg.ru/catalog/listovoy-kabelnyy-lotok-100-mm,категория
https://steelborg.ru/catalog/listovoy-kabelnyy-lotok,категория
https://steelborg.ru/catalog/lestnichnyy-kabelnyy-lotok-otsinkovannyy,категория
https://steelborg.ru/catalog/lestnichnyy-kabelnyy-lotok-nerzhaveyuschiy,категория
https://steelborg.ru/catalog/lestnichnyy-kabelnyy-lotok-80-mm,категория
https://steelborg.ru/catalog/lestnichnyy-kabelnyy-lotok-600-mm,категория
https://steelborg.ru/catalog/lestnichnyy-kabelnyy-lotok-500-mm,категория
https://steelborg.ru/catalog/lestnichnyy-kabelnyy-lotok-50-mm,категория
https://steelborg.ru/catalog/lestnichnyy-kabelnyy-lotok-400-mm,категория
https://steelborg.ru/catalog/lestnichnyy-kabelnyy-lotok-300-mm,категория
https://steelborg.ru/catalog/lestnichnyy-kabelnyy-lotok-200-mm,категория
https://steelborg.ru/catalog/lestnichnyy-kabelnyy-lotok-100-mm,категория
https://steelborg.ru/catalog/lestnichnyy-kabelnyy-lotok,категория
https://steelborg.ru/catalog/kabelnyy-lotok-otsinkovannyy,категория
https://steelborg.ru/catalog/kabelnyy-lotok-okrashennyy,категория
https://steelborg.ru/catalog/kabelnyy-lotok-nerzhaveyuschiy,категория
https://steelborg.ru/catalog/kabelnyy-lotok-80-mm,категория
https://steelborg.ru/catalog/kabelnyy-lotok-65-mm,категория
https://steelborg.ru/catalog/kabelnyy-lotok-600-mm,категория
https://steelborg.ru/catalog/kabelnyy-lotok-500-mm,категория
https://steelborg.ru/catalog/kabelnyy-lotok-50-mm,категория
https://steelborg.ru/catalog/kabelnyy-lotok-400-mm,категория
https://steelborg.ru/catalog/kabelnyy-lotok-300-mm,категория
https://steelborg.ru/catalog/kabelnyy-lotok-200-mm,категория
https://steelborg.ru/catalog/kabelnyy-lotok-150-mm,категория
https://steelborg.ru/catalog/kabelnyy-lotok-100-mm,категория
https://steelborg.ru/catalog/kabelnyy-lotok,категория
https://steelborg.ru/catalog/vitaya-para-uutp,категория
https://steelborg.ru/catalog/vitaya-para-futp,категория
https://steelborg.ru/catalog/vitaya-para-4-pary,категория
https://steelborg.ru/catalog/vitaya-para-24-awg,категория
https://steelborg.ru/catalog/vitaya-para-2-zhily,категория
https://steelborg.ru/catalog/vitaya-para-0-d-52-mm,категория
https://steelborg.ru/catalog/vitaya-para,категория
https://steelborg.ru/catalog/kabelnaya-produktsiya,категория
https://steelborg.ru/catalog/frezy-r6m5k5,категория
https://steelborg.ru/catalog/frezy-r6m5,категория
https://steelborg.ru/catalog/frezy-8-zubov,категория
https://steelborg.ru/catalog/frezy-6-sht,категория
https://steelborg.ru/catalog/frezy-450h32h4-mm,категория
https://steelborg.ru/catalog/frezy-450h32h3-d-2-mm,категория
https://steelborg.ru/catalog/frezy-450h30h4-mm,категория
https://steelborg.ru/catalog/frezy-450h30h3-d-2-mm,категория
https://steelborg.ru/catalog/frezy-4-zuba,категория
https://steelborg.ru/catalog/frezy-350h32h2-d-6-mm,категория
https://steelborg.ru/catalog/frezy-3-zuba,категория
https://steelborg.ru/catalog/frezy-225-mm,категория
https://steelborg.ru/catalog/frezy-2-zuba,категория
https://steelborg.ru/catalog/frezy-130-mm,категория
https://steelborg.ru/catalog/frezy-120-mm,категория
https://steelborg.ru/catalog/frezy-100-mm,категория
https://steelborg.ru/catalog/frezy,категория
https://steelborg.ru/catalog/tsentrovochnoe-sverlo,категория
https://steelborg.ru/catalog/tverdosplavnoe-sverlo-tsilindricheskoe,категория
https://steelborg.ru/catalog/tverdosplavnoe-sverlo-po-kafelyu,категория
https://steelborg.ru/catalog/tverdosplavnoe-sverlo,категория
https://steelborg.ru/catalog/stupenchatoe-sverlo-po-metallu,категория
https://steelborg.ru/catalog/stupenchatoe-sverlo,категория
https://steelborg.ru/catalog/sverlo-forstnera-po-fanere,категория
https://steelborg.ru/catalog/sverlo-forstnera-po-derevu,категория
https://steelborg.ru/catalog/sverlo-forstnera-dlya-dsp,категория
https://steelborg.ru/catalog/sverlo-forstnera-90-mm,категория
https://steelborg.ru/catalog/sverlo-forstnera,категория
https://steelborg.ru/catalog/sverlo-spiralnoe-tsilindricheskoe,категория
https://steelborg.ru/catalog/sverlo-spiralnoe-po-metallu,категория
https://steelborg.ru/catalog/sverlo-spiralnoe-po-derevu,категория
https://steelborg.ru/catalog/sverlo-spiralnoe-po-betonu,категория
https://steelborg.ru/catalog/sverlo-spiralnoe-konicheskoe,категория
https://steelborg.ru/catalog/sverlo-spiralnoe-8-mm,категория
https://steelborg.ru/catalog/sverlo-spiralnoe-7-mm,категория
https://steelborg.ru/catalog/sverlo-spiralnoe-6-mm,категория
https://steelborg.ru/catalog/sverlo-spiralnoe-5-mm,категория
https://steelborg.ru/catalog/sverlo-spiralnoe-4-mm,категория
https://steelborg.ru/catalog/sverlo-spiralnoe-300-mm,категория
https://steelborg.ru/catalog/sverlo-spiralnoe-200-mm,категория
https://steelborg.ru/catalog/sverlo-spiralnoe-150-mm,категория
https://steelborg.ru/catalog/sverlo-spiralnoe-14-mm,категория
https://steelborg.ru/catalog/sverlo-spiralnoe-12-mm,категория
https://steelborg.ru/catalog/sverlo-spiralnoe-10-mm,категория
https://steelborg.ru/catalog/sverlo-spiralnoe,категория
https://steelborg.ru/catalog/sverlo-perovoe-shestigrannoe,категория
https://steelborg.ru/catalog/sverlo-perovoe-po-derevu,категория
https://steelborg.ru/catalog/sverlo-perovoe-152-mm,категория
https://steelborg.ru/catalog/sverlo-perovoe-150-mm,категория
https://steelborg.ru/catalog/sverlo-perovoe,категория
https://steelborg.ru/catalog/sverlo-levisa-shestigrannoe,категория
https://steelborg.ru/catalog/sverlo-levisa-po-derevu,категория
https://steelborg.ru/catalog/sverlo-levisa-450-mm,категория
https://steelborg.ru/catalog/sverlo-levisa-235-mm,категория
https://steelborg.ru/catalog/sverlo-levisa,категория
https://steelborg.ru/catalog/sverlo-balerinka,категория
https://steelborg.ru/catalog/sverla-po-metallu,категория
https://steelborg.ru/catalog/sverla-po-derevu,категория
https://steelborg.ru/catalog/sverla-po-betonu,категория
https://steelborg.ru/catalog/sverla-8-mm,категория
https://steelborg.ru/catalog/sverla-6-mm,категория
https://steelborg.ru/catalog/sverla-5-mm,категория
https://steelborg.ru/catalog/sverla-12-mm,категория
https://steelborg.ru/catalog/sverla-10-mm,категория
https://steelborg.ru/catalog/zenker-konusnyy,категория
https://steelborg.ru/catalog/trubchatoe-sverlo-dlya-keramiki,категория
https://steelborg.ru/catalog/sverlo-trubchatoe,категория
https://steelborg.ru/catalog/almaznoe-sverlo-tsilindricheskoe,категория
https://steelborg.ru/catalog/almaznoe-sverlo-trehgrannoe,категория
https://steelborg.ru/catalog/almaznoe-sverlo-po-steklu,категория
https://steelborg.ru/catalog/almaznoe-sverlo-po-keramike,категория
https://steelborg.ru/catalog/almaznoe-sverlo,категория
https://steelborg.ru/catalog/sverla,категория
https://steelborg.ru/catalog/koronka-burovaya-tverdosplavnaya,категория
https://steelborg.ru/catalog/koronka-burovaya-samozatachivayuschayasya,категория
https://steelborg.ru/catalog/koronka-burovaya-sa-4,категория
https://steelborg.ru/catalog/koronka-burovaya-almaznaya,категория
https://steelborg.ru/catalog/koronka-burovaya-93-mm,категория
https://steelborg.ru/catalog/koronka-burovaya-76-mm,категория
https://steelborg.ru/catalog/koronka-burovaya-59-mm,категория
https://steelborg.ru/catalog/koronka-burovaya-151-mm,категория
https://steelborg.ru/catalog/koronka-burovaya-132-mm,категория
https://steelborg.ru/catalog/koronka-burovaya-112-mm,категория
https://steelborg.ru/catalog/koronka-burovaya,категория
https://steelborg.ru/catalog/bury-po-betonu,категория
https://steelborg.ru/catalog/bury-sds-plus,категория
https://steelborg.ru/catalog/bury-sds-max,категория
https://steelborg.ru/catalog/bury-8-mm,категория
https://steelborg.ru/catalog/bury-600-mm,категория
https://steelborg.ru/catalog/bury-6-mm,категория
https://steelborg.ru/catalog/bury-460-mm,категория
https://steelborg.ru/catalog/bury-310-mm,категория
https://steelborg.ru/catalog/bury-260-mm,категория
https://steelborg.ru/catalog/bury-210-mm,категория
https://steelborg.ru/catalog/bury-20-mm,категория
https://steelborg.ru/catalog/bury-160-mm,категория
https://steelborg.ru/catalog/bury-16-mm,категория
https://steelborg.ru/catalog/bury-14-mm,категория
https://steelborg.ru/catalog/bury-12-mm,категория
https://steelborg.ru/catalog/bury-110-mm,категория
https://steelborg.ru/catalog/bury-10-mm,категория
https://steelborg.ru/catalog/bury,категория
https://steelborg.ru/catalog/bita-shestigrannaya,категория
https://steelborg.ru/catalog/bita-udarnaya,категория
https://steelborg.ru/catalog/bita-torsionnaya,категория
https://steelborg.ru/catalog/bita-s-ploskoy-golovkoy-shlitsevaya,категория
https://steelborg.ru/catalog/bita-s-odinarnoy-golovkoy,категория
https://steelborg.ru/catalog/bita-s-dvoynoy-golovkoy,категория
https://steelborg.ru/catalog/bita-s-golovkoy-pz-3,категория
https://steelborg.ru/catalog/bita-s-golovkoy-pz-2,категория
https://steelborg.ru/catalog/bita-s-golovkoy-pz-1,категория
https://steelborg.ru/catalog/bita-s-golovkoy-ph3,категория
https://steelborg.ru/catalog/bita-s-golovkoy-ph2,категория
https://steelborg.ru/catalog/bita-s-golovkoy-ph1,категория
https://steelborg.ru/catalog/bita-s-golovkoy-73-mm,категория
https://steelborg.ru/catalog/bita-s-golovkoy-50-mm,категория
https://steelborg.ru/catalog/bita-s-golovkoy-25-mm,категория
https://steelborg.ru/catalog/bita-s-golovkoy-150-mm,категория
https://steelborg.ru/catalog/bita-s-golovkoy-1-4,категория
https://steelborg.ru/catalog/bita-krestoobraznaya,категория
https://steelborg.ru/catalog/bita-dlya-shurupoverta,категория
https://steelborg.ru/catalog/bita-s-golovkoy,категория
https://steelborg.ru/catalog/instrumenty,категория
https://steelborg.ru/catalog/gips,категория
https://steelborg.ru/catalog/gidroizolyatsiya-pronikayuschaya,категория
https://steelborg.ru/catalog/gidroizolyatsiya-inektsionnaya,категория
https://steelborg.ru/catalog/gidroizolyatsiya,категория
https://steelborg.ru/catalog/georeshetka-poliefirnaya,категория
https://steelborg.ru/catalog/georeshetka-polipropilenovaya,категория
https://steelborg.ru/catalog/georeshetka-polimer,категория
https://steelborg.ru/catalog/georeshetka-polivinilovaya,категория
https://steelborg.ru/catalog/georeshetka-ploskaya,категория
https://steelborg.ru/catalog/georeshetka-obemnaya,категория
https://steelborg.ru/catalog/georeshetka-iz-steklovolokna,категория
https://steelborg.ru/catalog/georeshetka-geoflaks,категория
https://steelborg.ru/catalog/georeshetka-geomaks,категория
https://steelborg.ru/catalog/georeshetka-bazaltovaya,категория
https://steelborg.ru/catalog/georeshetka-80h80-mm,категория
https://steelborg.ru/catalog/georeshetka-75-mm,категория
https://steelborg.ru/catalog/georeshetka-600h420-mm,категория
https://steelborg.ru/catalog/georeshetka-50h50-mm,категория
https://steelborg.ru/catalog/georeshetka-50-mm,категория
https://steelborg.ru/catalog/georeshetka-40h40-mm,категория
https://steelborg.ru/catalog/georeshetka-400h320-mm,категория
https://steelborg.ru/catalog/georeshetka-320h320-mm,категория
https://steelborg.ru/catalog/georeshetka-300h210-mm,категория
https://steelborg.ru/catalog/georeshetka-210h210-mm,категория
https://steelborg.ru/catalog/georeshetka-200h160-mm,категория
https://steelborg.ru/catalog/georeshetka-200-mm,категория
https://steelborg.ru/catalog/georeshetka-150-mm,категория
https://steelborg.ru/catalog/georeshetka-100-mm,категория
https://steelborg.ru/catalog/georeshetka,категория
https://steelborg.ru/catalog/gabiony-s-polimernym-pokrytiem-pvh,категория
https://steelborg.ru/catalog/gabiony-matrasno-tyufyachnyy,категория
https://steelborg.ru/catalog/gabiony-8h10-mm,категория
https://steelborg.ru/catalog/gabiony-80h100-mm,категория
https://steelborg.ru/catalog/gabiony-50h50-mm,категория
https://steelborg.ru/catalog/gabiony-50h100-mm,категория
https://steelborg.ru/catalog/gabiony,категория
https://steelborg.ru/catalog/tvin-blok,категория
https://steelborg.ru/catalog/silikatnyy-blok,категория
https://steelborg.ru/catalog/polistirolbetonnyy-blok-dlya-peremychek-i-armopoyasov,категория
https://steelborg.ru/catalog/polistirolbetonnyy-blok-d600,категория
https://steelborg.ru/catalog/polistirolbetonnyy-blok-d500,категория
https://steelborg.ru/catalog/polistirolbetonnyy-blok-d400,категория
https://steelborg.ru/catalog/polistirolbetonnyy-blok,категория
https://steelborg.ru/catalog/penoblok,категория
https://steelborg.ru/catalog/keramzitobetonnyy-blok-stenovoy,категория
https://steelborg.ru/catalog/keramzitobetonnyy-blok-peregorodochnyy,категория
https://steelborg.ru/catalog/keramzitobetonnyy-blok-m75,категория
https://steelborg.ru/catalog/keramzitobetonnyy-blok-m50,категория
https://steelborg.ru/catalog/keramzitobetonnyy-blok-m35,категория
https://steelborg.ru/catalog/keramzitobetonnyy-blok-m100,категория
https://steelborg.ru/catalog/keramzitobetonnyy-blok-390h190h188-mm,категория
https://steelborg.ru/catalog/keramzitobetonnyy-blok-390h188h90-mm,категория
https://steelborg.ru/catalog/keramzitobetonnyy-blok-390h188h190-mm,категория
https://steelborg.ru/catalog/keramzitobetonnyy-blok,категория
https://steelborg.ru/catalog/gazosilikatnye-bloki,категория
https://steelborg.ru/catalog/gazobetonnyy-blok-stenovoy,категория
https://steelborg.ru/catalog/gazobetonnyy-blok-peregorodochnyy,категория
https://steelborg.ru/catalog/gazobetonnyy-blok-d600,категория
https://steelborg.ru/catalog/gazobetonnyy-blok-d500,категория
https://steelborg.ru/catalog/gazobetonnyy-blok-d400,категория
https://steelborg.ru/catalog/gazobetonnyy-blok,категория
https://steelborg.ru/catalog/blok-stroitelnyy-d600,категория
https://steelborg.ru/catalog/blok-stroitelnyy-d500,категория
https://steelborg.ru/catalog/blok-stroitelnyy-d400,категория
https://steelborg.ru/catalog/blok-stenovoy,категория
https://steelborg.ru/catalog/blok-peregorodochnyy,категория
https://steelborg.ru/catalog/betonnyy-blok-m150,категория
https://steelborg.ru/catalog/betonnyy-blok-m100,категория
https://steelborg.ru/catalog/betonnyy-blok-390h188h190-mm,категория
https://steelborg.ru/catalog/betonnyy-blok,категория
https://steelborg.ru/catalog/blok-stroitelnyy,категория
https://steelborg.ru/catalog/tovarnyy-beton-m400-v30,категория
https://steelborg.ru/catalog/tovarnyy-beton-m350-v25,категория
https://steelborg.ru/catalog/tovarnyy-beton-m300-v22-d-5,категория
https://steelborg.ru/catalog/tovarnyy-beton-m250-v20,категория
https://steelborg.ru/catalog/tovarnyy-beton-m200-v15,категория
https://steelborg.ru/catalog/tovarnyy-beton-m100-v7-d-5,категория
https://steelborg.ru/catalog/tovarnyy-beton,категория
https://steelborg.ru/catalog/polistirolbeton,категория
https://steelborg.ru/catalog/peskobeton-m400,категория
https://steelborg.ru/catalog/peskobeton-m300-40-kg,категория
https://steelborg.ru/catalog/peskobeton-m300-25-kg,категория
https://steelborg.ru/catalog/peskobeton-m300,категория
https://steelborg.ru/catalog/peskobeton-m200,категория
https://steelborg.ru/catalog/peskobeton-m150,категория
https://steelborg.ru/catalog/peskobeton-dlya-styazhki-pola,категория
https://steelborg.ru/catalog/peskobeton-50-kg,категория
https://steelborg.ru/catalog/peskobeton-40-kg,категория
https://steelborg.ru/catalog/peskobeton-25-kg,категория
https://steelborg.ru/catalog/peskobeton,категория
https://steelborg.ru/catalog/smes-m300,категория
https://steelborg.ru/catalog/betonnaya-smes-m400,категория
https://steelborg.ru/catalog/betonnaya-smes,категория
https://steelborg.ru/catalog/beton-plotnyy,категория
https://steelborg.ru/catalog/beton-melkozernistyy,категория
https://steelborg.ru/catalog/beton-m400-v30,категория
https://steelborg.ru/catalog/beton-m350-v25,категория
https://steelborg.ru/catalog/beton-m300-v22-d-5,категория
https://steelborg.ru/catalog/beton-m250-v20,категория
https://steelborg.ru/catalog/beton-m200-v15,категория
https://steelborg.ru/catalog/beton-m150-v12-d-5,категория
https://steelborg.ru/catalog/beton-m100-v7-d-5,категория
https://steelborg.ru/catalog/beton-krupnozernistyy,категория
https://steelborg.ru/catalog/beton-dlya-styazhki-pola,категория
https://steelborg.ru/catalog/beton-dlya-verhnego-sloya,категория
https://steelborg.ru/catalog/asfaltobeton-plotnyy,категория
https://steelborg.ru/catalog/asfaltobeton-melkozernistyy,категория
https://steelborg.ru/catalog/asfaltobeton-krupnozernistyy,категория
https://steelborg.ru/catalog/asfaltobeton,категория
https://steelborg.ru/catalog/beton,категория
https://steelborg.ru/catalog/bentonit-burovoy,категория
https://steelborg.ru/catalog/bentonit,категория
https://steelborg.ru/catalog/poroshok-abrazivnyy,категория
https://steelborg.ru/catalog/abrazivnyy-pesok,категория
https://steelborg.ru/catalog/abrazivnye-materialy,категория
https://steelborg.ru/catalog/stroymaterialy,категория
https://steelborg.ru/catalog/stalnaya-truba-219-mm,категория
https://steelborg.ru/catalog/hromel,категория
https://steelborg.ru/catalog/folga-fehralevaya,категория
https://steelborg.ru/catalog/fehral-prutok,категория
https://steelborg.ru/catalog/fehralevaya-provoloka,категория
https://steelborg.ru/catalog/lenta-fehral,категория
https://steelborg.ru/catalog/fehral,категория
https://steelborg.ru/catalog/splav-roze,категория
https://steelborg.ru/catalog/splav-gutri,категория
https://steelborg.ru/catalog/splav-vuda,категория
https://steelborg.ru/catalog/provoloka-pretsizionnaya,категория
https://steelborg.ru/catalog/provoloka-bimetallicheskaya,категория
https://steelborg.ru/catalog/polosa-bimetallicheskaya,категория
https://steelborg.ru/catalog/list-bimetallicheskiy,категория
https://steelborg.ru/catalog/lenta-bimetallicheskaya,категория
https://steelborg.ru/catalog/bimetallicheskie-truby,категория
https://steelborg.ru/catalog/pretsizionnyy-splav,категория
https://steelborg.ru/catalog/nihromovyy-list,категория
https://steelborg.ru/catalog/nihromovyy-krug,категория
https://steelborg.ru/catalog/nihromovyy-kvadrat,категория
https://steelborg.ru/catalog/nihromovaya-folga,категория
https://steelborg.ru/catalog/nihromovaya-setka,категория
https://steelborg.ru/catalog/nihromovaya-provoloka,категория
https://steelborg.ru/catalog/nihromovaya-polosa,категория
https://steelborg.ru/catalog/nihromovaya-nit,категория
https://steelborg.ru/catalog/nihromovaya-lenta,категория
https://steelborg.ru/catalog/nihrom,категория
https://steelborg.ru/catalog/provoloka-neyzilber,категория
https://steelborg.ru/catalog/neyzilber-listovoy,категория
https://steelborg.ru/catalog/lenta-neyzilber,категория
https://steelborg.ru/catalog/neyzilber,категория
https://steelborg.ru/catalog/provoloka-monel,категория
https://steelborg.ru/catalog/monel-metall,категория
https://steelborg.ru/catalog/truba-medno-nikelevaya,категория
https://steelborg.ru/catalog/polosa-medno-nikelevaya,категория
https://steelborg.ru/catalog/list-medno-nikelevyy,категория
https://steelborg.ru/catalog/lenta-medno-nikelevaya,категория
https://steelborg.ru/catalog/krug-medno-nikelevyy,категория
https://steelborg.ru/catalog/medno-nikelevyy-splav,категория
https://steelborg.ru/catalog/kunial,категория
https://steelborg.ru/catalog/kopel,категория
https://steelborg.ru/catalog/konstantan-provoloka,категория
https://steelborg.ru/catalog/konstantan,категория
https://steelborg.ru/catalog/inkonel,категория
https://steelborg.ru/catalog/devarda,категория
https://steelborg.ru/catalog/alyumel,категория
https://steelborg.ru/catalog/splavy-metallov,категория
https://steelborg.ru/catalog/sharnirnaya-setka-otsinkovannaya,категория
https://steelborg.ru/catalog/sharnirnaya-setka-v-rulone,категория
https://steelborg.ru/catalog/sharnirnaya-setka-8-mm,категория
https://steelborg.ru/catalog/sharnirnaya-setka-50-m,категория
https://steelborg.ru/catalog/sharnirnaya-setka-3-mm,категория
https://steelborg.ru/catalog/sharnirnaya-setka-25-m,категория
https://steelborg.ru/catalog/sharnirnaya-setka-2-d-5-mm,категория
https://steelborg.ru/catalog/sharnirnaya-setka-2-mm,категория
https://steelborg.ru/catalog/sharnirnaya-setka-16-mm,категория
https://steelborg.ru/catalog/sharnirnaya-setka-15-mm,категория
https://steelborg.ru/catalog/sharnirnaya-setka-1-d-9-mm,категория
https://steelborg.ru/catalog/sharnirnaya-setka-1-d-88h50-m,категория
https://steelborg.ru/catalog/sharnirnaya-setka-1-d-88-m,категория
https://steelborg.ru/catalog/sharnirnaya-setka-1-d-8-mm,категория
https://steelborg.ru/catalog/sharnirnaya-setka-1-d-62h50-m,категория
https://steelborg.ru/catalog/sharnirnaya-setka-1-d-62-m,категория
https://steelborg.ru/catalog/sharnirnaya-setka-1-d-42-m,категория
https://steelborg.ru/catalog/sharnirnaya-setka-1-d-19-m,категория
https://steelborg.ru/catalog/sharnirnaya-setka,категория
https://steelborg.ru/catalog/setka-rabitsa-stalnaya,категория
https://steelborg.ru/catalog/setka-rabitsa-s-polimernym-pokrytiem,категория
https://steelborg.ru/catalog/setka-rabitsa-rulon,категория
https://steelborg.ru/catalog/setka-rabitsa-otsinkovannaya,категория
https://steelborg.ru/catalog/setka-rabitsa-zelenaya,категория
https://steelborg.ru/catalog/setka-rabitsa-dekorativnaya,категория
https://steelborg.ru/catalog/setka-rabitsa-80h80-mm,категория
https://steelborg.ru/catalog/setka-rabitsa-70h70-mm,категория
https://steelborg.ru/catalog/setka-rabitsa-65h65-mm,категория
https://steelborg.ru/catalog/setka-rabitsa-60h60-mm,категория
https://steelborg.ru/catalog/setka-rabitsa-5h5-mm,категория
https://steelborg.ru/catalog/setka-rabitsa-55h55-mm,категория
https://steelborg.ru/catalog/setka-rabitsa-50h50h2-mm,категория
https://steelborg.ru/catalog/setka-rabitsa-50h50-mm,категория
https://steelborg.ru/catalog/setka-rabitsa-50h100-mm,категория
https://steelborg.ru/catalog/setka-rabitsa-5-mm,категория
https://steelborg.ru/catalog/setka-rabitsa-45h45-mm,категория
https://steelborg.ru/catalog/setka-rabitsa-40h40-mm,категория
https://steelborg.ru/catalog/setka-rabitsa-4-mm,категория
https://steelborg.ru/catalog/setka-rabitsa-35h35-mm,категория
https://steelborg.ru/catalog/setka-rabitsa-30h30-mm,категория
https://steelborg.ru/catalog/setka-rabitsa-3-mm,категория
https://steelborg.ru/catalog/setka-rabitsa-3-m,категория
https://steelborg.ru/catalog/setka-rabitsa-2h10-m,категория
https://steelborg.ru/catalog/setka-rabitsa-25h25-mm,категория
https://steelborg.ru/catalog/setka-rabitsa-20h20-mm,категория
https://steelborg.ru/catalog/setka-rabitsa-2-d-8-mm,категория
https://steelborg.ru/catalog/setka-rabitsa-2-d-6-mm,категория
https://steelborg.ru/catalog/setka-rabitsa-2-d-5-mm,категория
https://steelborg.ru/catalog/setka-rabitsa-2-d-4-mm,категория
https://steelborg.ru/catalog/setka-rabitsa-2-d-2-mm,категория
https://steelborg.ru/catalog/setka-rabitsa-2-mm,категория
https://steelborg.ru/catalog/setka-rabitsa-2-m,категория
https://steelborg.ru/catalog/setka-rabitsa-1h10-m,категория
https://steelborg.ru/catalog/setka-rabitsa-15h15-mm,категория
https://steelborg.ru/catalog/setka-rabitsa-15-m,категория
https://steelborg.ru/catalog/setka-rabitsa-12h12-mm,категория
https://steelborg.ru/catalog/setka-rabitsa-10h10-mm,категория
https://steelborg.ru/catalog/setka-rabitsa-100h100-mm,категория
https://steelborg.ru/catalog/setka-rabitsa-10-m,категория
https://steelborg.ru/catalog/setka-rabitsa-1-d-8h10-m,категория
https://steelborg.ru/catalog/setka-rabitsa-1-d-8-mm,категория
https://steelborg.ru/catalog/setka-rabitsa-1-d-8-m,категория
https://steelborg.ru/catalog/setka-rabitsa-1-d-7-mm,категория
https://steelborg.ru/catalog/setka-rabitsa-1-d-6-mm,категория
https://steelborg.ru/catalog/setka-rabitsa-1-d-5h15-m,категория
https://steelborg.ru/catalog/setka-rabitsa-1-d-5h10-m,категория
https://steelborg.ru/catalog/setka-rabitsa-1-d-5-mm,категория
https://steelborg.ru/catalog/setka-rabitsa-1-d-5-m,категория
https://steelborg.ru/catalog/setka-rabitsa-1-d-4-mm,категория
https://steelborg.ru/catalog/setka-rabitsa-1-d-2h10-m,категория
https://steelborg.ru/catalog/setka-rabitsa-1-d-2-mm,категория
https://steelborg.ru/catalog/setka-rabitsa-1-d-2-m,категория
https://steelborg.ru/catalog/setka-rabitsa-1-mm,категория
https://steelborg.ru/catalog/setka-rabitsa-1-m,категория
https://steelborg.ru/catalog/setka-rabitsa,категория
https://steelborg.ru/catalog/setka-shtukaturnaya-chernaya,категория
https://steelborg.ru/catalog/setka-shtukaturnaya-fasadnaya,категория
https://steelborg.ru/catalog/setka-shtukaturnaya-otsinkovannaya-20h20-mm,категория
https://steelborg.ru/catalog/setka-shtukaturnaya-otsinkovannaya-10h10-mm,категория
https://steelborg.ru/catalog/setka-shtukaturnaya-otsinkovannaya,категория
https://steelborg.ru/catalog/setka-shtukaturnaya-oranzhevaya,категория
https://steelborg.ru/catalog/setka-shtukaturnaya-zelenaya,категория
https://steelborg.ru/catalog/setka-shtukaturnaya-v-rulone,категория
https://steelborg.ru/catalog/setka-shtukaturnaya-5h5-mm,категория
https://steelborg.ru/catalog/setka-shtukaturnaya-50h50-mm,категория
https://steelborg.ru/catalog/setka-shtukaturnaya-4h4-m,категория
https://steelborg.ru/catalog/setka-shtukaturnaya-2h2-mm,категория
https://steelborg.ru/catalog/setka-shtukaturnaya-2h100-m,категория
https://steelborg.ru/catalog/setka-shtukaturnaya-25h25-mm,категория
https://steelborg.ru/catalog/setka-shtukaturnaya-20h20-mm,категория
https://steelborg.ru/catalog/setka-shtukaturnaya-1hl,категория
https://steelborg.ru/catalog/setka-shtukaturnaya-1h50-m,категория
https://steelborg.ru/catalog/setka-shtukaturnaya-1h30-m,категория
https://steelborg.ru/catalog/setka-shtukaturnaya-1h10-m,категория
https://steelborg.ru/catalog/setka-shtukaturnaya-15h15-mm,категория
https://steelborg.ru/catalog/setka-shtukaturnaya-10h10-mm,категория
https://steelborg.ru/catalog/setka-shtukaturnaya-0-d-8-mm,категория
https://steelborg.ru/catalog/setka-shtukaturnaya,категория
https://steelborg.ru/catalog/setka-tspvs-shtukaturnaya-20h20-mm,категория
https://steelborg.ru/catalog/setka-tspvs-shtukaturnaya,категория
https://steelborg.ru/catalog/setka-tspvs-stalnaya,категория
https://steelborg.ru/catalog/setka-tspvs-rombovidnaya,категория
https://steelborg.ru/catalog/setka-tspvs-otsinkovannaya-5h5-mm,категория
https://steelborg.ru/catalog/setka-tspvs-otsinkovannaya,категория
https://steelborg.ru/catalog/setka-tspvs-nerzhaveyuschaya,категория
https://steelborg.ru/catalog/setka-tspvs-v-rulone,категория
https://steelborg.ru/catalog/setka-tspvs-alyuminievaya,категория
https://steelborg.ru/catalog/setka-tspvs-8h8-mm,категория
https://steelborg.ru/catalog/setka-tspvs-7h7-mm,категория
https://steelborg.ru/catalog/setka-tspvs-6h6-mm,категория
https://steelborg.ru/catalog/setka-tspvs-5h5-mm,категория
https://steelborg.ru/catalog/setka-tspvs-5-m,категория
https://steelborg.ru/catalog/setka-tspvs-4h4-mm,категория
https://steelborg.ru/catalog/setka-tspvs-42h22-mm,категория
https://steelborg.ru/catalog/setka-tspvs-30h30-mm,категория
https://steelborg.ru/catalog/setka-tspvs-3-mm,категория
https://steelborg.ru/catalog/setka-tspvs-2h2-mm,категория
https://steelborg.ru/catalog/setka-tspvs-25h10-mm,категория
https://steelborg.ru/catalog/setka-tspvs-20h20-mm,категория
https://steelborg.ru/catalog/setka-tspvs-20h10-mm,категория
https://steelborg.ru/catalog/setka-tspvs-2-mm,категория
https://steelborg.ru/catalog/setka-tspvs-2-m,категория
https://steelborg.ru/catalog/setka-tspvs-1h5-m,категория
https://steelborg.ru/catalog/setka-tspvs-1h2-m,категория
https://steelborg.ru/catalog/setka-tspvs-1h10-m,категория
https://steelborg.ru/catalog/setka-tspvs-15h15-mm,категория
https://steelborg.ru/catalog/setka-tspvs-10h10-mm,категория
https://steelborg.ru/catalog/setka-tspvs-10-m,категория
https://steelborg.ru/catalog/setka-tspvs-1-d-5-mm,категория
https://steelborg.ru/catalog/setka-tspvs-1-d-25-m,категория
https://steelborg.ru/catalog/setka-tspvs-1-d-2-mm,категория
https://steelborg.ru/catalog/setka-tspvs-1-mm,категория
https://steelborg.ru/catalog/setka-tspvs-1-m,категория
https://steelborg.ru/catalog/setka-tspvs-0-d-8-mm,категория
https://steelborg.ru/catalog/setka-tspvs-0-d-7-mm,категория
https://steelborg.ru/catalog/setka-tspvs-0-d-5-mm,категория
https://steelborg.ru/catalog/setka-tspvs,категория
https://steelborg.ru/catalog/setka-tkanaya-shtukaturnaya-5h5-mm,категория
https://steelborg.ru/catalog/setka-tkanaya-shtukaturnaya,категория
https://steelborg.ru/catalog/setka-tkanaya-chernaya,категория
https://steelborg.ru/catalog/setka-tkanaya-filtrovaya,категория
https://steelborg.ru/catalog/setka-tkanaya-polotnyanaya,категория
https://steelborg.ru/catalog/setka-tkanaya-otsinkovannaya,категория
https://steelborg.ru/catalog/setka-tkanaya-nizkouglerodistaya,категория
https://steelborg.ru/catalog/setka-tkanaya-mikronnaya,категория
https://steelborg.ru/catalog/setka-tkanaya-v-rulone,категория
https://steelborg.ru/catalog/setka-tkanaya-8-mm,категория
https://steelborg.ru/catalog/setka-tkanaya-6h6h1-mm,категория
https://steelborg.ru/catalog/setka-tkanaya-6h6-mm,категория
https://steelborg.ru/catalog/setka-tkanaya-6-mm,категория
https://steelborg.ru/catalog/setka-tkanaya-5h5h1-d-2-mm,категория
https://steelborg.ru/catalog/setka-tkanaya-5h5h0-d-7-mm,категория
https://steelborg.ru/catalog/setka-tkanaya-5h5-mm,категория
https://steelborg.ru/catalog/setka-tkanaya-50h50-mm,категория
https://steelborg.ru/catalog/setka-tkanaya-5-mm,категория
https://steelborg.ru/catalog/setka-tkanaya-4h4-mm,категория
https://steelborg.ru/catalog/setka-tkanaya-4-mm,категория
https://steelborg.ru/catalog/setka-tkanaya-3h3-mm,категория
https://steelborg.ru/catalog/setka-tkanaya-30-m,категория
https://steelborg.ru/catalog/setka-tkanaya-3-mm,категория
https://steelborg.ru/catalog/setka-tkanaya-2h2h1-mm,категория
https://steelborg.ru/catalog/setka-tkanaya-2h2-mm,категория
https://steelborg.ru/catalog/setka-tkanaya-25h25-mm,категория
https://steelborg.ru/catalog/setka-tkanaya-20h20h2-mm,категория
https://steelborg.ru/catalog/setka-tkanaya-20h20-mm,категория
https://steelborg.ru/catalog/setka-tkanaya-2-d-2-mm,категория
https://steelborg.ru/catalog/setka-tkanaya-2-mm,категория
https://steelborg.ru/catalog/setka-tkanaya-1hl,категория
https://steelborg.ru/catalog/setka-tkanaya-1h30-m,категория
https://steelborg.ru/catalog/setka-tkanaya-1h1-mm,категория
https://steelborg.ru/catalog/setka-tkanaya-12h18n9,категория
https://steelborg.ru/catalog/setka-tkanaya-12h18n10t,категория
https://steelborg.ru/catalog/setka-tkanaya-10h10-mm,категория
https://steelborg.ru/catalog/setka-tkanaya-1-d-6-mm,категория
https://steelborg.ru/catalog/setka-tkanaya-1-d-2-mm,категория
https://steelborg.ru/catalog/setka-tkanaya-1-mm,категория
https://steelborg.ru/catalog/setka-tkanaya-1-m,категория
https://steelborg.ru/catalog/setka-tkanaya-0-d-8-mm,категория
https://steelborg.ru/catalog/setka-tkanaya-0-d-7-mm,категория
https://steelborg.ru/catalog/setka-tkanaya-0-d-5h0-d-5h0-d-25-mm,категория
https://steelborg.ru/catalog/setka-tkanaya-0-d-5h0-d-5-mm,категория
https://steelborg.ru/catalog/setka-tkanaya-0-d-5-mm,категория
https://steelborg.ru/catalog/setka-tkanaya-0-d-4-mm,категория
https://steelborg.ru/catalog/setka-tkanaya-0-d-25-mm,категория
https://steelborg.ru/catalog/setka-tkanaya-0-d-2-mm,категория
https://steelborg.ru/catalog/setka-tkanaya,категория
https://steelborg.ru/catalog/setka-svarnaya-otsinkovannaya-v-rulonah,категория
https://steelborg.ru/catalog/setka-svarnaya-otsinkovannaya-50x50-mm,категория
https://steelborg.ru/catalog/setka-svarnaya-otsinkovannaya,категория
https://steelborg.ru/catalog/setka-svarnaya-kladochnaya,категория
https://steelborg.ru/catalog/setka-svarnaya-iz-armaturnoy-provoloki-vr-1,категория
https://steelborg.ru/catalog/setka-svarnaya-dorozhnaya,категория
https://steelborg.ru/catalog/setka-svarnaya-v-rulonah,категория
https://steelborg.ru/catalog/setka-svarnaya-v-pvh,категория
https://steelborg.ru/catalog/setka-svarnaya-v-kartah,категория
https://steelborg.ru/catalog/setka-svarnaya-5x5-mm,категория
https://steelborg.ru/catalog/setka-svarnaya-50x50x4-mm,категория
https://steelborg.ru/catalog/setka-svarnaya-50x50x3-mm,категория
https://steelborg.ru/catalog/setka-svarnaya-50h50-mm,категория
https://steelborg.ru/catalog/setka-svarnaya-5-mm,категория
https://steelborg.ru/catalog/setka-svarnaya-4-mm,категория
https://steelborg.ru/catalog/setka-svarnaya-3-mm,категория
https://steelborg.ru/catalog/setka-svarnaya-2h6-m,категория
https://steelborg.ru/catalog/setka-svarnaya-2h3-m,категория
https://steelborg.ru/catalog/setka-svarnaya-25h25-mm,категория
https://steelborg.ru/catalog/setka-svarnaya-200h200-mm,категория
https://steelborg.ru/catalog/setka-svarnaya-2-d-5-mm,категория
https://steelborg.ru/catalog/setka-svarnaya-2-mm,категория
https://steelborg.ru/catalog/setka-svarnaya-1h3-m,категория
https://steelborg.ru/catalog/setka-svarnaya-1h2-m,категория
https://steelborg.ru/catalog/setka-svarnaya-150h150-mm,категория
https://steelborg.ru/catalog/setka-svarnaya-10x10-mm,категория
https://steelborg.ru/catalog/setka-svarnaya-100x100x5-mm,категория
https://steelborg.ru/catalog/setka-svarnaya-100x100x4-mm,категория
https://steelborg.ru/catalog/setka-svarnaya-100h100-mm,категория
https://steelborg.ru/catalog/setka-svarnaya-1-d-8-mm,категория
https://steelborg.ru/catalog/setka-svarnaya-1-d-6-mm,категория
https://steelborg.ru/catalog/setka-svarnaya-1-d-4-mm,категория
https://steelborg.ru/catalog/setka-svarnaya-0-d-5h2-m,категория
https://steelborg.ru/catalog/setka-armaturnaya,категория
https://steelborg.ru/catalog/setka-svarnaya,категория
https://steelborg.ru/catalog/setka-rukavnaya-rs,категория
https://steelborg.ru/catalog/setka-rukavnaya-nerzhaveyuschaya,категория
https://steelborg.ru/catalog/setka-rukavnaya-gofrirovannaya-rsg,категория
https://steelborg.ru/catalog/setka-rukavnaya-12h18n10t,категория
https://steelborg.ru/catalog/setka-rukavnaya-0-d-3-mm,категория
https://steelborg.ru/catalog/setka-rukavnaya-0-d-15-mm,категория
https://steelborg.ru/catalog/setka-rukavnaya,категория
https://steelborg.ru/catalog/setka-slozhno-riflenaya,категория
https://steelborg.ru/catalog/setka-riflenaya-sr,категория
https://steelborg.ru/catalog/setka-riflenaya-otsinkovannaya-40h40h5-mm,категория
https://steelborg.ru/catalog/setka-riflenaya-nerzhaveyuschaya,категория
https://steelborg.ru/catalog/setka-riflenaya-8-mm,категория
https://steelborg.ru/catalog/setka-riflenaya-6-mm,категория
https://steelborg.ru/catalog/setka-riflenaya-5h5h3-mm,категория
https://steelborg.ru/catalog/setka-riflenaya-50h50h5-mm,категория
https://steelborg.ru/catalog/setka-riflenaya-5-mm,категория
https://steelborg.ru/catalog/setka-riflenaya-4-d-5-m,категория
https://steelborg.ru/catalog/setka-riflenaya-4-mm,категория
https://steelborg.ru/catalog/setka-riflenaya-3-mm,категория
https://steelborg.ru/catalog/setka-riflenaya-20h20h5-mm,категория
https://steelborg.ru/catalog/setka-riflenaya-2-mm,категория
https://steelborg.ru/catalog/setka-riflenaya-10-mm,категория
https://steelborg.ru/catalog/setka-riflenaya-1-d-75h4-d-5-m,категория
https://steelborg.ru/catalog/setka-riflenaya-1-d-75-m,категория
https://steelborg.ru/catalog/setka-riflenaya,категория
https://steelborg.ru/catalog/setka-mane-rulon,категория
https://steelborg.ru/catalog/setka-mane-otsinkovannaya-25h25-mm,категория
https://steelborg.ru/catalog/setka-mane-otsinkovannaya,категория
https://steelborg.ru/catalog/setka-mane-80h100-mm,категория
https://steelborg.ru/catalog/setka-mane-60h80-mm,категория
https://steelborg.ru/catalog/setka-mane-50-m,категория
https://steelborg.ru/catalog/setka-mane-45h45-mm,категория
https://steelborg.ru/catalog/setka-mane-35h35-mm,категория
https://steelborg.ru/catalog/setka-mane-25h25-mm,категория
https://steelborg.ru/catalog/setka-mane-2-d-7-mm,категория
https://steelborg.ru/catalog/setka-mane-2-m,категория
https://steelborg.ru/catalog/setka-mane-10-m,категория
https://steelborg.ru/catalog/setka-mane-1-m,категория
https://steelborg.ru/catalog/setka-mane-0-d-6-mm,категория
https://steelborg.ru/catalog/setka-mane,категория
https://steelborg.ru/catalog/setka-dlya-gabionov-stalnaya,категория
https://steelborg.ru/catalog/setka-dlya-gabionov-svarnaya-otsinkovannaya,категория
https://steelborg.ru/catalog/setka-dlya-gabionov-svarnaya,категория
https://steelborg.ru/catalog/setka-dlya-gabionov-rulon,категория
https://steelborg.ru/catalog/setka-dlya-gabionov-otsinkovannaya-50h50-mm,категория
https://steelborg.ru/catalog/setka-dlya-gabionov-otsinkovannaya-4-mm,категория
https://steelborg.ru/catalog/setka-dlya-gabionov-otsinkovannaya,категория
https://steelborg.ru/catalog/setka-dlya-gabionov-kruchenaya,категория
https://steelborg.ru/catalog/setka-dlya-gabionov-8h10-mm,категория
https://steelborg.ru/catalog/setka-dlya-gabionov-80h100-mm,категория
https://steelborg.ru/catalog/setka-dlya-gabionov-60h80-mm,категория
https://steelborg.ru/catalog/setka-dlya-gabionov-50h50-mm,категория
https://steelborg.ru/catalog/setka-dlya-gabionov-50h100-mm,категория
https://steelborg.ru/catalog/setka-dlya-gabionov-50-m,категория
https://steelborg.ru/catalog/setka-dlya-gabionov-4-mm,категория
https://steelborg.ru/catalog/setka-dlya-gabionov-3-mm,категория
https://steelborg.ru/catalog/setka-dlya-gabionov-3-m,категория
https://steelborg.ru/catalog/setka-dlya-gabionov-2h3-m,категория
https://steelborg.ru/catalog/setka-dlya-gabionov-2-d-7-mm,категория
https://steelborg.ru/catalog/setka-dlya-gabionov-2-d-4-mm,категория
https://steelborg.ru/catalog/setka-dlya-gabionov-2-m,категория
https://steelborg.ru/catalog/setka-dlya-gabionov-1-m,категория
https://steelborg.ru/catalog/setka-dlya-gabionov-0-d-5-m,категория
https://steelborg.ru/catalog/setka-dlya-gabionov-0-d-3-m,категория
https://steelborg.ru/catalog/setka-dlya-gabionov,категория
https://steelborg.ru/catalog/setka-metallicheskaya,категория
https://steelborg.ru/catalog/elektrody-tsn-6l,категория
https://steelborg.ru/catalog/elektrody-uoni-1355-3-s,категория
https://steelborg.ru/catalog/elektrody-uoni-13,категория
https://steelborg.ru/catalog/elektrody-nerzhaveyuschie-tsl-11,категория
https://steelborg.ru/catalog/elektrody-nerzhaveyuschie-4-mm,категория
https://steelborg.ru/catalog/elektrody-nerzhaveyuschie-3-mm,категория
https://steelborg.ru/catalog/elektrody-nerzhaveyuschie-2-mm,категория
https://steelborg.ru/catalog/elektrody-nerzhaveyuschie,категория
https://steelborg.ru/catalog/elektrody-mr-3s-3-mm,категория
https://steelborg.ru/catalog/elektrody-mr-3s,категория
https://steelborg.ru/catalog/elektrody-volframovye-serye-ws-20,категория
https://steelborg.ru/catalog/elektrody-volframovye-zolotistye-wl-15,категория
https://steelborg.ru/catalog/elektrody-volframovye-dlya-argonodugovoy-svarki,категория
https://steelborg.ru/catalog/elektrody-volframovye-wl-20-2-d-4-mm,категория
https://steelborg.ru/catalog/elektrody-volframovye-wl-20-2-mm,категория
https://steelborg.ru/catalog/elektrody-volframovye-wl-20-1-d-6-mm,категория
https://steelborg.ru/catalog/elektrody-volframovye-wl-20-1-mm,категория
https://steelborg.ru/catalog/elektrody-volframovye-wl-20,категория
https://steelborg.ru/catalog/elektrody-volframovye-wl-15-4-mm,категория
https://steelborg.ru/catalog/elektrody-volframovye-wl-15-2-d-4-mm,категория
https://steelborg.ru/catalog/elektrody-volframovye-wl-15,категория
https://steelborg.ru/catalog/elektrody-volframovye-wl-10,категория
https://steelborg.ru/catalog/elektrody-volframovye-6-mm,категория
https://steelborg.ru/catalog/elektrody-volframovye-3-d-2-mm,категория
https://steelborg.ru/catalog/elektrody-volframovye-3-mm,категория
https://steelborg.ru/catalog/elektrody-volframovye-10-mm,категория
https://steelborg.ru/catalog/elektrody-volframovye-1-d-6-mm,категория
https://steelborg.ru/catalog/elektrody-volframovye-1-mm,категория
https://steelborg.ru/catalog/elektrody-volframovye,категория
https://steelborg.ru/catalog/elektrody-alyuminievye-3-mm,категория
https://steelborg.ru/catalog/elektrody-alyuminievye,категория
https://steelborg.ru/catalog/elektrody-3-d-2-mm,категория
https://steelborg.ru/catalog/elektrody-3-mm,категория
https://steelborg.ru/catalog/elektrody-2-d-5-mm,категория
https://steelborg.ru/catalog/elektrody-2-d-4-mm,категория
https://steelborg.ru/catalog/elektrody-2-mm,категория
https://steelborg.ru/catalog/elektrody-1-d-2-mm,категория
https://steelborg.ru/catalog/elektrody-1-mm,категория
https://steelborg.ru/catalog/chugunnyy-elektrod,категория
https://steelborg.ru/catalog/grafitovyy-elektrod,категория
https://steelborg.ru/catalog/elektrody,категория
https://steelborg.ru/catalog/flyus-svarochnyy-an-47,категория
https://steelborg.ru/catalog/flyus-svarochnyy,категория
https://steelborg.ru/catalog/payalnaya-kislota,категория
https://steelborg.ru/catalog/flyus-dlya-nerzhaveyuschey-stali,категория
https://steelborg.ru/catalog/flyus,категория
https://steelborg.ru/catalog/pripoy-provoloka-serebryanaya-psr-45,категория
https://steelborg.ru/catalog/pripoy-provoloka-pos-61-3-mm,категория
https://steelborg.ru/catalog/pripoy-provoloka-pos-61-2-mm,категория
https://steelborg.ru/catalog/pripoy-provoloka-pos-61-1-mm,категория
https://steelborg.ru/catalog/pripoy-provoloka,категория
https://steelborg.ru/catalog/pripoy-bessvintsovyy,категория
https://steelborg.ru/catalog/pripoy-posk50-18,категория
https://steelborg.ru/catalog/pripoy-serebryanyy-5,категория
https://steelborg.ru/catalog/pripoy-pos90,категория
https://steelborg.ru/catalog/pripoy-pos61-1-mm-s-kanifolyu,категория
https://steelborg.ru/catalog/pripoy-medno-tsinkovyy,категория
https://steelborg.ru/catalog/pripoy-sn60pb40,категория
https://steelborg.ru/catalog/pripoy-s-flyusom,категория
https://steelborg.ru/catalog/pripoy-pos61-s-kanifolyu,категория
https://steelborg.ru/catalog/pripoy-pos61-1-mm,категория
https://steelborg.ru/catalog/medno-fosfornyy-pripoy-2-serebra,категория
https://steelborg.ru/catalog/pripoy-tverdyy,категория
https://steelborg.ru/catalog/pripoy-dlya-payki-mednyh-trub,категория
https://steelborg.ru/catalog/pripoy-hts-2000,категория
https://steelborg.ru/catalog/pripoy-dlya-nerzhaveyuschey-stali,категория
https://steelborg.ru/catalog/pripoy-nizkotemperaturnyy,категория
https://steelborg.ru/catalog/pripoy-vysokotemperaturnyy,категория
https://steelborg.ru/catalog/pripoy-serebryanyy-zubotehnicheskiy,категория
https://steelborg.ru/catalog/pripoy-tugoplavkiy,категория
https://steelborg.ru/catalog/legkoplavkiy-pripoy,категория
https://steelborg.ru/catalog/pripoy-dlya-payki-stali,категория
https://steelborg.ru/catalog/pripoy-castolin-5,категория
https://steelborg.ru/catalog/pripoy-felder,категория
https://steelborg.ru/catalog/pripoy-p-81,категория
https://steelborg.ru/catalog/pripoy-dlya-alyuminiya-s-flyusom,категория
https://steelborg.ru/catalog/pripoy-dlya-latuni,категория
https://steelborg.ru/catalog/pripoy-jufeng,категория
https://steelborg.ru/catalog/pripoy-poin-52,категория
https://steelborg.ru/catalog/pripoy-castolin-30-ecobraz-38230f,категория
https://steelborg.ru/catalog/pripoy-1-mm,категория
https://steelborg.ru/catalog/pripoy-0-d-4-mm,категория
https://steelborg.ru/catalog/pripoy-pmf7,категория
https://steelborg.ru/catalog/pripoy-castolin-192fbk,категория
https://steelborg.ru/catalog/pripoy-psr15,категория
https://steelborg.ru/catalog/pripoy-pos63,категория
https://steelborg.ru/catalog/pripoy-lok,категория
https://steelborg.ru/catalog/pripoy-pos61-bez-kanifoli,категория
https://steelborg.ru/catalog/pripoy-trubchatyy,категория
https://steelborg.ru/catalog/pripoy-pom3-sn97cu3,категория
https://steelborg.ru/catalog/pripoy-psr40,категория
https://steelborg.ru/catalog/pripoy-tsop-40,категория
https://steelborg.ru/catalog/pripoy-pos10,категория
https://steelborg.ru/catalog/pripoy-prutok-pos61-8-mm,категория
https://steelborg.ru/catalog/pripoy-2-mm,категория
https://steelborg.ru/catalog/pripoy-possu61,категория
https://steelborg.ru/catalog/pripoy-asahi,категория
https://steelborg.ru/catalog/pripoy-s-kanifolyu,категория
https://steelborg.ru/catalog/pripoy-p-14,категория
https://steelborg.ru/catalog/pripoy-castolin,категория
https://steelborg.ru/catalog/pripoy-serebryanyy-15,категория
https://steelborg.ru/catalog/pripoy-psr72,категория
https://steelborg.ru/catalog/pripoy,категория
https://steelborg.ru/catalog/svarochnye-materialy,категория
https://steelborg.ru/catalog/fum-lenta,категория
https://steelborg.ru/catalog/uplotnitel-rezinovyy-pryamougolnyy,категория
https://steelborg.ru/catalog/uplotnitel-rezinovyy-kvadratnyy,категория
https://steelborg.ru/catalog/uplotnitel-rezinovyy-nbr,категория
https://steelborg.ru/catalog/uplotnitel-rezinovyy-8h40-mm,категория
https://steelborg.ru/catalog/uplotnitel-rezinovyy-5h25-mm,категория
https://steelborg.ru/catalog/uplotnitel-rezinovyy-5h20-mm,категория
https://steelborg.ru/catalog/uplotnitel-rezinovyy-5h15-mm,категория
https://steelborg.ru/catalog/uplotnitel-rezinovyy-5h10-mm,категория
https://steelborg.ru/catalog/uplotnitel-rezinovyy-3h25-mm,категория
https://steelborg.ru/catalog/uplotnitel-rezinovyy-3h20-mm,категория
https://steelborg.ru/catalog/uplotnitel-rezinovyy-3h15-mm,категория
https://steelborg.ru/catalog/uplotnitel-rezinovyy-3h10-mm,категория
https://steelborg.ru/catalog/uplotnitel-rezinovyy-20h40-mm,категория
https://steelborg.ru/catalog/uplotnitel-rezinovyy-20h30-mm,категория
https://steelborg.ru/catalog/uplotnitel-rezinovyy-20h25-mm,категория
https://steelborg.ru/catalog/uplotnitel-rezinovyy-15h40-mm,категория
https://steelborg.ru/catalog/uplotnitel-rezinovyy-15h30-mm,категория
https://steelborg.ru/catalog/uplotnitel-rezinovyy-15h25-mm,категория
https://steelborg.ru/catalog/uplotnitel-rezinovyy-15h20-mm,категория
https://steelborg.ru/catalog/uplotnitel-rezinovyy-15h15-mm,категория
https://steelborg.ru/catalog/uplotnitel-rezinovyy-12h40-mm,категория
https://steelborg.ru/catalog/uplotnitel-rezinovyy-12h30-mm,категория
https://steelborg.ru/catalog/uplotnitel-rezinovyy-12h25-mm,категория
https://steelborg.ru/catalog/uplotnitel-rezinovyy-12h15-mm,категория
https://steelborg.ru/catalog/uplotnitel-rezinovyy-12h12-mm,категория
https://steelborg.ru/catalog/uplotnitel-rezinovyy-10h30-mm,категория
https://steelborg.ru/catalog/uplotnitel-rezinovyy-10h25-mm,категория
https://steelborg.ru/catalog/uplotnitel-rezinovyy-10h20-mm,категория
https://steelborg.ru/catalog/uplotnitel-rezinovyy-10h15-mm,категория
https://steelborg.ru/catalog/uplotnitel-rezinovyy-10h12-mm,категория
https://steelborg.ru/catalog/uplotnitel-rezinovyy,категория
https://steelborg.ru/catalog/trubka-rezinovaya,категория
https://steelborg.ru/catalog/rukav-rezinovyy-vg,категория
https://steelborg.ru/catalog/rukav-rezinovyy-v,категория
https://steelborg.ru/catalog/rukav-rezinovyy-buhta-do-10-p-d-m-m,категория
https://steelborg.ru/catalog/rukav-rezinovyy-b,категория
https://steelborg.ru/catalog/rukav-rezinovyy-8-mm,категория
https://steelborg.ru/catalog/rukav-rezinovyy-75-mm,категория
https://steelborg.ru/catalog/rukav-rezinovyy-65-mm,категория
https://steelborg.ru/catalog/rukav-rezinovyy-6-d-3-mm,категория
https://steelborg.ru/catalog/rukav-rezinovyy-50-mm,категория
https://steelborg.ru/catalog/rukav-rezinovyy-40u,категория
https://steelborg.ru/catalog/rukav-rezinovyy-40-mm,категория
https://steelborg.ru/catalog/rukav-rezinovyy-38-mm,категория
https://steelborg.ru/catalog/rukav-rezinovyy-32-mm,категория
https://steelborg.ru/catalog/rukav-rezinovyy-29-mm,категория
https://steelborg.ru/catalog/rukav-rezinovyy-25-mm,категория
https://steelborg.ru/catalog/rukav-rezinovyy-20-mm,категория
https://steelborg.ru/catalog/rukav-rezinovyy-20-m,категория
https://steelborg.ru/catalog/rukav-rezinovyy-2,категория
https://steelborg.ru/catalog/rukav-rezinovyy-18-mm,категория
https://steelborg.ru/catalog/rukav-rezinovyy-16-mm,категория
https://steelborg.ru/catalog/rukav-rezinovyy-12-mm,категория
https://steelborg.ru/catalog/rukav-rezinovyy-100-mm,категория
https://steelborg.ru/catalog/rukav-rezinovyy-10-mm,категория
https://steelborg.ru/catalog/rezinovyy-rukav-gazovyy,категория
https://steelborg.ru/catalog/rukav-rezinovyy,категория
https://steelborg.ru/catalog/remni-privodnye-ploskie-s-poliamidnym-serdechnikom,категория
https://steelborg.ru/catalog/remen-rezinovyy-ploskiy,категория
https://steelborg.ru/catalog/remen-privodnoy-klinovoy,категория
https://steelborg.ru/catalog/remen-privodnoy-zubchatyy,категория
https://steelborg.ru/catalog/remen-poliuretanovyy,категория
https://steelborg.ru/catalog/remni-privodnye,категория
https://steelborg.ru/catalog/rezinovyy-shnur-pryamougolnyy,категория
https://steelborg.ru/catalog/rezinovyy-shnur-poristyy,категория
https://steelborg.ru/catalog/rezinovyy-shnur-kruglyy,категория
https://steelborg.ru/catalog/rezinovyy-shnur-kvadratnyy,категория
https://steelborg.ru/catalog/rezinovyy-shnur-vakuumnyy,категория
https://steelborg.ru/catalog/rezinovyy-shnur-nbr-70,категория
https://steelborg.ru/catalog/rezinovyy-shnur-nbr,категория
https://steelborg.ru/catalog/rezinovyy-shnur-8-mm,категория
https://steelborg.ru/catalog/rezinovyy-shnur-6-mm,категория
https://steelborg.ru/catalog/rezinovyy-shnur-5-d-5-mm,категория
https://steelborg.ru/catalog/rezinovyy-shnur-5-mm,категория
https://steelborg.ru/catalog/rezinovyy-shnur-40-mm,категория
https://steelborg.ru/catalog/rezinovyy-shnur-3-mm,категория
https://steelborg.ru/catalog/rezinovyy-shnur-20-mm,категория
https://steelborg.ru/catalog/rezinovyy-shnur-2-1s,категория
https://steelborg.ru/catalog/rezinovyy-shnur-2-mm,категория
https://steelborg.ru/catalog/rezinovyy-shnur-10-mm,категория
https://steelborg.ru/catalog/rezinovyy-shnur-1-5s,категория
https://steelborg.ru/catalog/rezinovyy-shnur-1-4s,категория
https://steelborg.ru/catalog/rezinovyy-shnur-1-2s,категория
https://steelborg.ru/catalog/rezinovyy-shnur-1-1s,категория
https://steelborg.ru/catalog/rezinovyy-shnur-1-mm,категория
https://steelborg.ru/catalog/rezinovyy-shnur,категория
https://steelborg.ru/catalog/rezinovyy-zhgut,категория
https://steelborg.ru/catalog/rulonnoe-rezinovoe-pokrytie,категория
https://steelborg.ru/catalog/rezinovoe-pokrytie-ekslibris,категория
https://steelborg.ru/catalog/rezinovoe-pokrytie-chernoe,категория
https://steelborg.ru/catalog/rezinovoe-pokrytie-seroe,категория
https://steelborg.ru/catalog/rezinovoe-pokrytie-zelenoe,категория
https://steelborg.ru/catalog/rezinovoe-pokrytie-dlya-pola-20-mm,категория
https://steelborg.ru/catalog/rezinovoe-pokrytie-dlya-pola-16-mm,категория
https://steelborg.ru/catalog/rezinovoe-pokrytie-dlya-pola,категория
https://steelborg.ru/catalog/rezinovoe-pokrytie-6-mm,категория
https://steelborg.ru/catalog/rezinovoe-pokrytie-500h500-mm,категория
https://steelborg.ru/catalog/rezinovoe-pokrytie-5000-mm,категория
https://steelborg.ru/catalog/rezinovoe-pokrytie-3-mm,категория
https://steelborg.ru/catalog/rezinovoe-pokrytie-2-mm,категория
https://steelborg.ru/catalog/rezinovoe-pokrytie-16-mm,категория
https://steelborg.ru/catalog/rezinovoe-pokrytie-1500-mm,категория
https://steelborg.ru/catalog/rezinovoe-pokrytie-1200-mm,категория
https://steelborg.ru/catalog/rezinovoe-pokrytie-10000-mm,категория
https://steelborg.ru/catalog/rezinovoe-pokrytie-1-mm,категория
https://steelborg.ru/catalog/rezinovaya-plitka-v-rulone,категория
https://steelborg.ru/catalog/rezinovaya-plitka-500h500h40-mm,категория
https://steelborg.ru/catalog/rezinovaya-plitka-500h500h30-mm,категория
https://steelborg.ru/catalog/rezinovaya-plitka-500h500-mm,категория
https://steelborg.ru/catalog/rezinovaya-plitka,категория
https://steelborg.ru/catalog/rezinovaya-dorozhka-ekslibris,категория
https://steelborg.ru/catalog/rezinovaya-dorozhka-shtrih,категория
https://steelborg.ru/catalog/rezinovaya-dorozhka-kovrovaya,категория
https://steelborg.ru/catalog/rezinovaya-dorozhka-elochka,категория
https://steelborg.ru/catalog/rezinovaya-dorozhka,категория
https://steelborg.ru/catalog/kovrovoe-rezinovoe-pokrytie,категория
https://steelborg.ru/catalog/kovrik-dielektricheskiy-750h750-mm,категория
https://steelborg.ru/catalog/kovrik-dielektricheskiy-600h600-mm,категория
https://steelborg.ru/catalog/kovrik-dielektricheskiy-6-mm,категория
https://steelborg.ru/catalog/kovrik-dielektricheskiy-500h500-mm,категория
https://steelborg.ru/catalog/kovrik-dielektricheskiy-2-mm,категория
https://steelborg.ru/catalog/kovrik-dielektricheskiy-1000h1000-mm,категория
https://steelborg.ru/catalog/kovrik-dielektricheskiy-1-mm,категория
https://steelborg.ru/catalog/kovrik-dielektricheskiy,категория
https://steelborg.ru/catalog/dorozhka-gryazezaschitnaya,категория
https://steelborg.ru/catalog/besshovnoe-rezinovoe-pokrytie-5000-mm,категория
https://steelborg.ru/catalog/besshovnoe-rezinovoe-pokrytie-3-mm,категория
https://steelborg.ru/catalog/besshovnoe-rezinovoe-pokrytie-1500-mm,категория
https://steelborg.ru/catalog/besshovnoe-rezinovoe-pokrytie-1200-mm,категория
https://steelborg.ru/catalog/besshovnoe-rezinovoe-pokrytie-10000-mm,категория
https://steelborg.ru/catalog/besshovnoe-rezinovoe-pokrytie-10-mm,категория
https://steelborg.ru/catalog/besshovnoe-rezinovoe-pokrytie,категория
https://steelborg.ru/catalog/rezinovoe-pokrytie,категория
https://steelborg.ru/catalog/rezinovaya-smes,категория
https://steelborg.ru/catalog/rezinovaya-polosa-3h8-mm,категория
https://steelborg.ru/catalog/rezinovaya-polosa-3h50-mm,категория
https://steelborg.ru/catalog/rezinovaya-polosa-3h30-mm,категория
https://steelborg.ru/catalog/rezinovaya-polosa-3h3-mm,категория
https://steelborg.ru/catalog/rezinovaya-polosa-3h25-mm,категория
https://steelborg.ru/catalog/rezinovaya-polosa-3h23-mm,категория
https://steelborg.ru/catalog/rezinovaya-polosa-3h12-mm,категория
https://steelborg.ru/catalog/rezinovaya-polosa-2h95-mm,категория
https://steelborg.ru/catalog/rezinovaya-polosa-2h4-mm,категория
https://steelborg.ru/catalog/rezinovaya-polosa-2h35-mm,категория
https://steelborg.ru/catalog/rezinovaya-polosa-2h3-mm,категория
https://steelborg.ru/catalog/rezinovaya-polosa-2h20-mm,категория
https://steelborg.ru/catalog/rezinovaya-polosa-2h2-mm,категория
https://steelborg.ru/catalog/rezinovaya-polosa-2h17-mm,категория
https://steelborg.ru/catalog/rezinovaya-polosa-2h12-mm,категория
https://steelborg.ru/catalog/rezinovaya-polosa-20h50-mm,категория
https://steelborg.ru/catalog/rezinovaya-polosa,категория
https://steelborg.ru/catalog/rezinovaya-plastina-tmksch-s,категория
https://steelborg.ru/catalog/rezinovaya-plastina-tmksch,категория
https://steelborg.ru/catalog/rezinovaya-plastina-rulonnaya,категория
https://steelborg.ru/catalog/rezinovaya-plastina-mbs-s,категория
https://steelborg.ru/catalog/rezinovaya-plastina-8-mm,категория
https://steelborg.ru/catalog/rezinovaya-plastina-6-mm,категория
https://steelborg.ru/catalog/rezinovaya-plastina-5-mm,категория
https://steelborg.ru/catalog/rezinovaya-plastina-40-mm,категория
https://steelborg.ru/catalog/rezinovaya-plastina-4-mm,категория
https://steelborg.ru/catalog/rezinovaya-plastina-30-mm,категория
https://steelborg.ru/catalog/rezinovaya-plastina-3-mm,категория
https://steelborg.ru/catalog/rezinovaya-plastina-20-mm,категория
https://steelborg.ru/catalog/rezinovaya-plastina-2-mm,категория
https://steelborg.ru/catalog/rezinovaya-plastina-1h1-m,категория
https://steelborg.ru/catalog/rezinovaya-plastina-12-mm,категория
https://steelborg.ru/catalog/rezinovaya-plastina-10-mm,категория
https://steelborg.ru/catalog/rezinovaya-plastina-1-mm,категория
https://steelborg.ru/catalog/rezinovaya-plastina-0-d-72h0-d-72-m,категория
https://steelborg.ru/catalog/rezinovaya-plastina-0-d-6h0-d-6-m,категория
https://steelborg.ru/catalog/rezinovaya-plastina-0-d-5h0-d-5-m,категория
https://steelborg.ru/catalog/rezinovaya-plastina-0-d-4h0-d-4-m,категория
https://steelborg.ru/catalog/rezinovaya-plastina-0-d-3h0-d-3-m,категория
https://steelborg.ru/catalog/rezinovaya-plastina-0-d-25h0-d-25-m,категория
https://steelborg.ru/catalog/rezinovaya-plastina,категория
https://steelborg.ru/catalog/rezinovaya-obkladka,категория
https://steelborg.ru/catalog/prorezinennaya-tkan,категория
https://steelborg.ru/catalog/mufta-rezinovaya-k7,категория
https://steelborg.ru/catalog/mufta-rezinovaya-k5,категория
https://steelborg.ru/catalog/mufta-rezinovaya-k4,категория
https://steelborg.ru/catalog/mufta-rezinovaya-k3,категория
https://steelborg.ru/catalog/mufta-rezinovaya-k2,категория
https://steelborg.ru/catalog/mufta-rezinovaya-k1,категория
https://steelborg.ru/catalog/mufta-rezinovaya,категория
https://steelborg.ru/catalog/manzheta-rezinovaya-shevronnaya,категория
https://steelborg.ru/catalog/manzheta-rezinovaya-uplotnitelnaya,категория
https://steelborg.ru/catalog/manzheta-rezinovaya-perehodnaya,категория
https://steelborg.ru/catalog/manzheta-rezinovaya-dlya-truby,категория
https://steelborg.ru/catalog/manzheta-rezinovaya-dlya-valov,категория
https://steelborg.ru/catalog/manzheta-rezinovaya-gidravlicheskaya,категория
https://steelborg.ru/catalog/manzheta-rezinovaya-armirovannaya,категория
https://steelborg.ru/catalog/manzheta-rezinovaya-8-mm,категория
https://steelborg.ru/catalog/manzheta-rezinovaya-7-mm,категория
https://steelborg.ru/catalog/manzheta-rezinovaya-50-mm,категория
https://steelborg.ru/catalog/manzheta-rezinovaya-40-mm,категория
https://steelborg.ru/catalog/manzheta-rezinovaya-32-mm,категория
https://steelborg.ru/catalog/manzheta-rezinovaya-20-mm,категория
https://steelborg.ru/catalog/manzheta-rezinovaya-12-mm,категория
https://steelborg.ru/catalog/manzheta-rezinovaya-110-mm,категория
https://steelborg.ru/catalog/manzheta-rezinovaya-100-mm,категория
https://steelborg.ru/catalog/manzheta-rezinovaya-10-mm,категория
https://steelborg.ru/catalog/manzheta-rezinovaya,категория
https://steelborg.ru/catalog/kroshka-rezinovaya-chernaya,категория
https://steelborg.ru/catalog/kroshka-rezinovaya-fioletovaya,категория
https://steelborg.ru/catalog/kroshka-rezinovaya-terrakotovaya,категория
https://steelborg.ru/catalog/kroshka-rezinovaya-sinyaya,категория
https://steelborg.ru/catalog/kroshka-rezinovaya-seraya,категория
https://steelborg.ru/catalog/kroshka-rezinovaya-oranzhevaya,категория
https://steelborg.ru/catalog/kroshka-rezinovaya-lososevaya,категория
https://steelborg.ru/catalog/kroshka-rezinovaya-krasnaya,категория
https://steelborg.ru/catalog/kroshka-rezinovaya-korichnevaya,категория
https://steelborg.ru/catalog/kroshka-rezinovaya-izumrudnaya,категория
https://steelborg.ru/catalog/kroshka-rezinovaya-zelenaya,категория
https://steelborg.ru/catalog/kroshka-rezinovaya-zheltaya,категория
https://steelborg.ru/catalog/kroshka-rezinovaya-dlya-ulitsy,категория
https://steelborg.ru/catalog/kroshka-rezinovaya-dlya-dorozhek,категория
https://steelborg.ru/catalog/kroshka-rezinovaya-dlya-detskih-ploschadok,категория
https://steelborg.ru/catalog/kroshka-rezinovaya-golubaya,категория
https://steelborg.ru/catalog/kroshka-rezinovaya-bolotnaya,категория
https://steelborg.ru/catalog/kroshka-rezinovaya-belaya,категория
https://steelborg.ru/catalog/kroshka-rezinovaya-bezhevaya,категория
https://steelborg.ru/catalog/kroshka-rezinovaya-2-4-mm,категория
https://steelborg.ru/catalog/kroshka-rezinovaya-1-d-5-3-d-5-mm,категория
https://steelborg.ru/catalog/kroshka-rezinovaya-0-d-6-1-d-5-mm,категория
https://steelborg.ru/catalog/kroshka-rezinovaya-0-d-6-1-mm,категория
https://steelborg.ru/catalog/kroshka-rezinovaya,категория
https://steelborg.ru/catalog/koltso-rezinovoe,категория
https://steelborg.ru/catalog/impeller,категория
https://steelborg.ru/catalog/gryazesemnik-tip-e50,категория
https://steelborg.ru/catalog/gryazesemnik-tip-pw,категория
https://steelborg.ru/catalog/gryazesemnik-rezinovyy-4,категория
https://steelborg.ru/catalog/gryazesemnik-rezinovyy-3,категория
https://steelborg.ru/catalog/gryazesemnik-rezinovyy-2,категория
https://steelborg.ru/catalog/gryazesemnik-rezinovyy-1,категория
https://steelborg.ru/catalog/gryazesemnik-rezinovyy-90-mm,категория
https://steelborg.ru/catalog/gryazesemnik-rezinovyy-80-mm,категория
https://steelborg.ru/catalog/gryazesemnik-rezinovyy-70-mm,категория
https://steelborg.ru/catalog/gryazesemnik-rezinovyy-63-mm,категория
https://steelborg.ru/catalog/gryazesemnik-rezinovyy-60-mm,категория
https://steelborg.ru/catalog/gryazesemnik-rezinovyy-50-mm,категория
https://steelborg.ru/catalog/gryazesemnik-rezinovyy-45-mm,категория
https://steelborg.ru/catalog/gryazesemnik-rezinovyy-40-mm,категория
https://steelborg.ru/catalog/gryazesemnik-rezinovyy-36-mm,категория
https://steelborg.ru/catalog/gryazesemnik-rezinovyy-32-mm,категория
https://steelborg.ru/catalog/gryazesemnik-rezinovyy-28-mm,категория
https://steelborg.ru/catalog/gryazesemnik-rezinovyy-25-mm,категория
https://steelborg.ru/catalog/gryazesemnik-rezinovyy-20-mm,категория
https://steelborg.ru/catalog/gryazesemnik-rezinovyy-125-mm,категория
https://steelborg.ru/catalog/gryazesemnik-rezinovyy-110-mm,категория
https://steelborg.ru/catalog/gryazesemnik-rezinovyy-100-mm,категория
https://steelborg.ru/catalog/gryazesemnik-poliuretan-pu,категория
https://steelborg.ru/catalog/gryazesemnik-armirovannyy,категория
https://steelborg.ru/catalog/gryazesemnik-pu-6-mm,категория
https://steelborg.ru/catalog/gryazesyomnik-ghk,категория
https://steelborg.ru/catalog/gryazesemnik-rezinovyy,категория
https://steelborg.ru/catalog/bentonitovyy-shnur-pryamougolnyy,категория
https://steelborg.ru/catalog/bentonitovyy-shnur-pnb-akvastop,категория
https://steelborg.ru/catalog/bentonitovyy-shnur-kruglyy,категория
https://steelborg.ru/catalog/bentonitovyy-shnur-gidroizolyatsionnyy,категория
https://steelborg.ru/catalog/bentonitovyy-shnur-50-mm,категория
https://steelborg.ru/catalog/bentonitovyy-shnur-40-mm,категория
https://steelborg.ru/catalog/bentonitovyy-shnur-30-mm,категория
https://steelborg.ru/catalog/bentonitovyy-shnur-20h25-mm,категория
https://steelborg.ru/catalog/bentonitovyy-shnur-20-mm,категория
https://steelborg.ru/catalog/bentonitovyy-shnur-15h25-mm,категория
https://steelborg.ru/catalog/bentonitovyy-shnur-10h20-mm,категория
https://steelborg.ru/catalog/bentonitovyy-shnur,категория
https://steelborg.ru/catalog/rti,категория
https://steelborg.ru/catalog/shirma-rentgenozaschitnaya,категория
https://steelborg.ru/catalog/rentgenozaschitnye-dveri,категория
https://steelborg.ru/catalog/rentgenozaschitnoe-okno,категория
https://steelborg.ru/catalog/rentgenozaschitnoe-oborudovanie,категория
https://steelborg.ru/catalog/profnastil-s-polimernym-pokrytiem-shokoladno-korichnevyy,категория
https://steelborg.ru/catalog/profnastil-s-polimernym-pokrytiem-siniy-nasyschennyy,категория
https://steelborg.ru/catalog/profnastil-s-polimernym-pokrytiem-seryy,категория
https://steelborg.ru/catalog/profnastil-s-polimernym-pokrytiem-s8,категория
https://steelborg.ru/catalog/profnastil-s-polimernym-pokrytiem-s44,категория
https://steelborg.ru/catalog/profnastil-s-polimernym-pokrytiem-s21,категория
https://steelborg.ru/catalog/profnastil-s-polimernym-pokrytiem-s20,категория
https://steelborg.ru/catalog/profnastil-s-polimernym-pokrytiem-s10,категория
https://steelborg.ru/catalog/profnastil-s-polimernym-pokrytiem-poliester,категория
https://steelborg.ru/catalog/profnastil-s-polimernym-pokrytiem-ns35,категория
https://steelborg.ru/catalog/profnastil-s-polimernym-pokrytiem-n75,категория
https://steelborg.ru/catalog/profnastil-s-polimernym-pokrytiem-n60,категория
https://steelborg.ru/catalog/profnastil-s-polimernym-pokrytiem-n114,категория
https://steelborg.ru/catalog/profnastil-s-polimernym-pokrytiem-mp35,категория
https://steelborg.ru/catalog/profnastil-s-polimernym-pokrytiem-mp20,категория
https://steelborg.ru/catalog/profnastil-s-polimernym-pokrytiem-krasnoe-vino,категория
https://steelborg.ru/catalog/profnastil-s-polimernym-pokrytiem-zelenyy-moh,категория
https://steelborg.ru/catalog/profnastil-s-polimernym-pokrytiem-viking-mp-e,категория
https://steelborg.ru/catalog/profnastil-s-polimernym-pokrytiem-purman,категория
https://steelborg.ru/catalog/profnastil-s-polimernym-pokrytiem-norman-mp,категория
https://steelborg.ru/catalog/profnastil-s-polimernym-pokrytiem-902-mm,категория
https://steelborg.ru/catalog/profnastil-s-polimernym-pokrytiem-845-mm,категория
https://steelborg.ru/catalog/profnastil-s-polimernym-pokrytiem-750-mm,категория
https://steelborg.ru/catalog/profnastil-s-polimernym-pokrytiem-6000-m,категория
https://steelborg.ru/catalog/profnastil-s-polimernym-pokrytiem-3000-m,категория
https://steelborg.ru/catalog/profnastil-s-polimernym-pokrytiem-2500-m,категория
https://steelborg.ru/catalog/profnastil-s-polimernym-pokrytiem-2000-m,категория
https://steelborg.ru/catalog/profnastil-s-polimernym-pokrytiem-1200-mm,категория
https://steelborg.ru/catalog/profnastil-s-polimernym-pokrytiem-1180-mm,категория
https://steelborg.ru/catalog/profnastil-s-polimernym-pokrytiem-1150-mm,категория
https://steelborg.ru/catalog/profnastil-s-polimernym-pokrytiem-1100-mm,категория
https://steelborg.ru/catalog/profnastil-s-polimernym-pokrytiem-1076-mm,категория
https://steelborg.ru/catalog/profnastil-s-polimernym-pokrytiem-1060-mm,категория
https://steelborg.ru/catalog/profnastil-s-polimernym-pokrytiem-1051-mm,категория
https://steelborg.ru/catalog/profnastil-s-polimernym-pokrytiem-1047-mm,категория
https://steelborg.ru/catalog/profnastil-s-polimernym-pokrytiem-1000-mm,категория
https://steelborg.ru/catalog/profnastil-s-polimernym-pokrytiem-0-d-8-mm,категория
https://steelborg.ru/catalog/profnastil-s-polimernym-pokrytiem-0-d-7-mm,категория
https://steelborg.ru/catalog/profnastil-s-polimernym-pokrytiem-0-d-65-mm,категория
https://steelborg.ru/catalog/profnastil-s-polimernym-pokrytiem-0-d-6-mm,категория
https://steelborg.ru/catalog/profnastil-s-polimernym-pokrytiem-0-d-5-mm,категория
https://steelborg.ru/catalog/profnastil-s-polimernym-pokrytiem-0-d-45-mm,категория
https://steelborg.ru/catalog/profnastil-s-polimernym-pokrytiem-0-d-4-mm,категория
https://steelborg.ru/catalog/profnastil-s-polimernym-pokrytiem-0-d-35-mm,категория
https://steelborg.ru/catalog/profnastil-s-polimernym-pokrytiem,категория
https://steelborg.ru/catalog/profnastil-otsinkovannyy-s8,категория
https://steelborg.ru/catalog/profnastil-otsinkovannyy-s44,категория
https://steelborg.ru/catalog/profnastil-otsinkovannyy-s21,категория
https://steelborg.ru/catalog/profnastil-otsinkovannyy-s20,категория
https://steelborg.ru/catalog/profnastil-otsinkovannyy-s10,категория
https://steelborg.ru/catalog/profnastil-otsinkovannyy-ns35,категория
https://steelborg.ru/catalog/profnastil-otsinkovannyy-n75-750x0-d-8-mm,категория
https://steelborg.ru/catalog/profnastil-otsinkovannyy-n75,категория
https://steelborg.ru/catalog/profnastil-otsinkovannyy-n60,категория
https://steelborg.ru/catalog/profnastil-otsinkovannyy-n57,категория
https://steelborg.ru/catalog/profnastil-otsinkovannyy-n114,категория
https://steelborg.ru/catalog/profnastil-otsinkovannyy-mp20,категория
https://steelborg.ru/catalog/profnastil-otsinkovannyy-902-mm,категория
https://steelborg.ru/catalog/profnastil-otsinkovannyy-845-mm,категория
https://steelborg.ru/catalog/profnastil-otsinkovannyy-750-mm,категория
https://steelborg.ru/catalog/profnastil-otsinkovannyy-6000-mm,категория
https://steelborg.ru/catalog/profnastil-otsinkovannyy-3000-mm,категория
https://steelborg.ru/catalog/profnastil-otsinkovannyy-2500-mm,категория
https://steelborg.ru/catalog/profnastil-otsinkovannyy-2000-mm,категория
https://steelborg.ru/catalog/profnastil-otsinkovannyy-12000-mm,категория
https://steelborg.ru/catalog/profnastil-otsinkovannyy-1200-mm,категория
https://steelborg.ru/catalog/profnastil-otsinkovannyy-1150-mm,категория
https://steelborg.ru/catalog/profnastil-otsinkovannyy-1100-mm,категория
https://steelborg.ru/catalog/profnastil-otsinkovannyy-1060-mm,категория
https://steelborg.ru/catalog/profnastil-otsinkovannyy-1047-mm,категория
https://steelborg.ru/catalog/profnastil-otsinkovannyy-1000-mm,категория
https://steelborg.ru/catalog/profnastil-otsinkovannyy-0-d-9-mm,категория
https://steelborg.ru/catalog/profnastil-otsinkovannyy-0-d-8-mm,категория
https://steelborg.ru/catalog/profnastil-otsinkovannyy-0-d-7-mm,категория
https://steelborg.ru/catalog/profnastil-otsinkovannyy-0-d-65-mm,категория
https://steelborg.ru/catalog/profnastil-otsinkovannyy-0-d-6-mm,категория
https://steelborg.ru/catalog/profnastil-otsinkovannyy-0-d-55-mm,категория
https://steelborg.ru/catalog/profnastil-otsinkovannyy-0-d-5-mm,категория
https://steelborg.ru/catalog/profnastil-otsinkovannyy-0-d-45-mm,категория
https://steelborg.ru/catalog/profnastil-otsinkovannyy-0-d-4-mm,категория
https://steelborg.ru/catalog/profnastil-otsinkovannyy-0-d-35-mm,категория
https://steelborg.ru/catalog/profnastil-otsinkovannyy,категория
https://steelborg.ru/catalog/profnastil-nerzhaveyuschiy,категория
https://steelborg.ru/catalog/alyuminievyy-profnastil,категория
https://steelborg.ru/catalog/proflist-dlya-zabora,категория
https://steelborg.ru/catalog/nesuschiy-profnastil,категория
https://steelborg.ru/catalog/stenovoy-profnastil,категория
https://steelborg.ru/catalog/profnastil-n-75,категория
https://steelborg.ru/catalog/profnastil-s-20,категория
https://steelborg.ru/catalog/profnastil-s-21,категория
https://steelborg.ru/catalog/profnastil-s-8,категория
https://steelborg.ru/catalog/profnastil-mp,категория
https://steelborg.ru/catalog/profnastil-n-60,категория
https://steelborg.ru/catalog/profnastil-ns-35,категория
https://steelborg.ru/catalog/profnastil,категория
https://steelborg.ru/catalog/prozrachnyy-shifer,категория
https://steelborg.ru/catalog/shplintovaya-provoloka,категория
https://steelborg.ru/catalog/uglerodistaya-provoloka-st50,категория
https://steelborg.ru/catalog/uglerodistaya-provoloka-st35,категория
https://steelborg.ru/catalog/uglerodistaya-provoloka-st20,категория
https://steelborg.ru/catalog/uglerodistaya-provoloka-st10,категория
https://steelborg.ru/catalog/uglerodistaya-provoloka-dlya-setok,категория
https://steelborg.ru/catalog/uglerodistaya-provoloka-8-mm,категория
https://steelborg.ru/catalog/uglerodistaya-provoloka-6-mm,категория
https://steelborg.ru/catalog/uglerodistaya-provoloka-5-mm,категория
https://steelborg.ru/catalog/uglerodistaya-provoloka-4-mm,категория
https://steelborg.ru/catalog/uglerodistaya-provoloka-3-d-4-mm,категория
https://steelborg.ru/catalog/uglerodistaya-provoloka-3-mm,категория
https://steelborg.ru/catalog/uglerodistaya-provoloka-2-mm,категория
https://steelborg.ru/catalog/uglerodistaya-provoloka-1-d-5-mm,категория
https://steelborg.ru/catalog/uglerodistaya-provoloka-1-d-2-mm,категория
https://steelborg.ru/catalog/uglerodistaya-provoloka-1-mm,категория
https://steelborg.ru/catalog/uglerodistaya-provoloka-0-d-8-mm,категория
https://steelborg.ru/catalog/uglerodistaya-provoloka-0-d-32-mm,категория
https://steelborg.ru/catalog/provoloka-iz-uglerodistoy-konstruktsionnoy-stali,категория
https://steelborg.ru/catalog/uglerodistaya-provoloka,категория
https://steelborg.ru/catalog/svarochnaya-provoloka-chernaya,категория
https://steelborg.ru/catalog/svarochnaya-provoloka-sploshnaya,категория
https://steelborg.ru/catalog/svarochnaya-provoloka-sv-08ga,категория
https://steelborg.ru/catalog/svarochnaya-provoloka-sv-08g2s-o,категория
https://steelborg.ru/catalog/svarochnaya-provoloka-sv-08g2s,категория
https://steelborg.ru/catalog/svarochnaya-provoloka-sv-08a,категория
https://steelborg.ru/catalog/svarochnaya-provoloka-samozaschitnaya,категория
https://steelborg.ru/catalog/svarochnaya-provoloka-poroshkovaya-gazozaschitnaya,категория
https://steelborg.ru/catalog/svarochnaya-provoloka-poroshkovaya,категория
https://steelborg.ru/catalog/svarochnaya-provoloka-polirovannaya,категория
https://steelborg.ru/catalog/svarochnaya-provoloka-omednennaya-6-mm,категория
https://steelborg.ru/catalog/svarochnaya-provoloka-omednennaya-5-kg,категория
https://steelborg.ru/catalog/svarochnaya-provoloka-omednennaya-1-mm,категория
https://steelborg.ru/catalog/svarochnaya-provoloka-omednennaya-0-d-8-mm,категория
https://steelborg.ru/catalog/svarochnaya-provoloka-omednennaya,категория
https://steelborg.ru/catalog/svarochnaya-provoloka-bez-pokrytiya,категория
https://steelborg.ru/catalog/svarochnaya-provoloka-er-70s-6,категория
https://steelborg.ru/catalog/svarochnaya-provoloka-8-mm,категория
https://steelborg.ru/catalog/svarochnaya-provoloka-5-mm,категория
https://steelborg.ru/catalog/svarochnaya-provoloka-5-kg,категория
https://steelborg.ru/catalog/svarochnaya-provoloka-4-mm,категория
https://steelborg.ru/catalog/svarochnaya-provoloka-3-mm,категория
https://steelborg.ru/catalog/svarochnaya-provoloka-2-d-5-mm,категория
https://steelborg.ru/catalog/svarochnaya-provoloka-2-d-4-mm,категория
https://steelborg.ru/catalog/svarochnaya-provoloka-2-mm,категория
https://steelborg.ru/catalog/svarochnaya-provoloka-18-kg,категория
https://steelborg.ru/catalog/svarochnaya-provoloka-1-d-6-mm,категория
https://steelborg.ru/catalog/svarochnaya-provoloka-1-d-4-mm,категория
https://steelborg.ru/catalog/svarochnaya-provoloka-1-d-2-mm,категория
https://steelborg.ru/catalog/svarochnaya-provoloka-1-mm,категория
https://steelborg.ru/catalog/svarochnaya-provoloka-1-kg,категория
https://steelborg.ru/catalog/svarochnaya-provoloka-0-d-8-mm-5-kg,категория
https://steelborg.ru/catalog/svarochnaya-provoloka-0-d-8-mm,категория
https://steelborg.ru/catalog/svarochnaya-provoloka-0-d-6-mm,категория
https://steelborg.ru/catalog/svarochnaya-provoloka,категория
https://steelborg.ru/catalog/pruzhinnaya-provoloka-uglerodistaya,категория
https://steelborg.ru/catalog/pruzhinnaya-provoloka-legirovannaya,категория
https://steelborg.ru/catalog/pruzhinnaya-provoloka-b-2,категория
https://steelborg.ru/catalog/pruzhinnaya-provoloka-b-1,категория
https://steelborg.ru/catalog/pruzhinnaya-provoloka-a-1,категория
https://steelborg.ru/catalog/pruzhinnaya-provoloka-80,категория
https://steelborg.ru/catalog/pruzhinnaya-provoloka-8-mm,категория
https://steelborg.ru/catalog/pruzhinnaya-provoloka-75,категория
https://steelborg.ru/catalog/pruzhinnaya-provoloka-65g,категория
https://steelborg.ru/catalog/pruzhinnaya-provoloka-60s2a,категория
https://steelborg.ru/catalog/pruzhinnaya-provoloka-60,категория
https://steelborg.ru/catalog/pruzhinnaya-provoloka-6-mm,категория
https://steelborg.ru/catalog/pruzhinnaya-provoloka-55,категория
https://steelborg.ru/catalog/pruzhinnaya-provoloka-51hfa,категория
https://steelborg.ru/catalog/pruzhinnaya-provoloka-50,категория
https://steelborg.ru/catalog/pruzhinnaya-provoloka-5-mm,категория
https://steelborg.ru/catalog/pruzhinnaya-provoloka-45,категория
https://steelborg.ru/catalog/pruzhinnaya-provoloka-4-mm,категория
https://steelborg.ru/catalog/pruzhinnaya-provoloka-3-d-5-mm,категория
https://steelborg.ru/catalog/pruzhinnaya-provoloka-3-mm,категория
https://steelborg.ru/catalog/pruzhinnaya-provoloka-2-d-5-mm,категория
https://steelborg.ru/catalog/pruzhinnaya-provoloka-2-d-2-mm,категория
https://steelborg.ru/catalog/pruzhinnaya-provoloka-2-mm,категория
https://steelborg.ru/catalog/pruzhinnaya-provoloka-1-d-8-mm,категория
https://steelborg.ru/catalog/pruzhinnaya-provoloka-1-d-6-mm,категория
https://steelborg.ru/catalog/pruzhinnaya-provoloka-1-d-5-mm,категория
https://steelborg.ru/catalog/pruzhinnaya-provoloka-1-d-4-mm,категория
https://steelborg.ru/catalog/pruzhinnaya-provoloka-1-d-2-mm,категория
https://steelborg.ru/catalog/pruzhinnaya-provoloka-1-mm,категория
https://steelborg.ru/catalog/pruzhinnaya-provoloka-0-d-9-mm,категория
https://steelborg.ru/catalog/pruzhinnaya-provoloka-0-d-8-mm,категория
https://steelborg.ru/catalog/pruzhinnaya-provoloka-0-d-6-mm,категория
https://steelborg.ru/catalog/pruzhinnaya-provoloka-0-d-5-mm,категория
https://steelborg.ru/catalog/pruzhinnaya-provoloka-0-d-4-mm,категория
https://steelborg.ru/catalog/pruzhinnaya-provoloka-0-d-3-mm,категория
https://steelborg.ru/catalog/pruzhinnaya-provoloka-0-d-2-mm,категория
https://steelborg.ru/catalog/pruzhinnaya-provoloka,категория
https://steelborg.ru/catalog/provoloka-telegrafnaya,категория
https://steelborg.ru/catalog/provoloka-s-polimernym-pokrytiem-tn,категория
https://steelborg.ru/catalog/provoloka-s-polimernym-pokrytiem-obschego-naznacheniya,категория
https://steelborg.ru/catalog/provoloka-s-polimernym-pokrytiem-zelenaya,категория
https://steelborg.ru/catalog/provoloka-s-polimernym-pokrytiem-2-d-5-mm,категория
https://steelborg.ru/catalog/provoloka-s-polimernym-pokrytiem-2-mm,категория
https://steelborg.ru/catalog/provoloka-s-polimernym-pokrytiem,категория
https://steelborg.ru/catalog/provoloka-poligraficheskaya,категория
https://steelborg.ru/catalog/provoloka-luzhenaya-bandazhnaya,категория
https://steelborg.ru/catalog/provoloka-kolyuchaya-chernaya,категория
https://steelborg.ru/catalog/provoloka-kolyuchaya-sbb-akl,категория
https://steelborg.ru/catalog/provoloka-kolyuchaya-sbb-900-mm,категория
https://steelborg.ru/catalog/provoloka-kolyuchaya-sbb,категория
https://steelborg.ru/catalog/provoloka-kolyuchaya-riflenaya,категория
https://steelborg.ru/catalog/provoloka-kolyuchaya-pbb,категория
https://steelborg.ru/catalog/provoloka-kolyuchaya-otsinkovannaya,категория
https://steelborg.ru/catalog/provoloka-kolyuchaya-odnoosnovnaya-otsinkovannaya,категория
https://steelborg.ru/catalog/provoloka-kolyuchaya-odnoosnovnaya-35-kg,категория
https://steelborg.ru/catalog/provoloka-kolyuchaya-odnoosnovnaya-2-d-8-mm,категория
https://steelborg.ru/catalog/provoloka-kolyuchaya-odnoosnovnaya-2-d-5-mm,категория
https://steelborg.ru/catalog/provoloka-kolyuchaya-odnoosnovnaya-2-mm,категория
https://steelborg.ru/catalog/provoloka-kolyuchaya-odnoosnovnaya,категория
https://steelborg.ru/catalog/provoloka-kolyuchaya-egoza-sbb-akl,категория
https://steelborg.ru/catalog/provoloka-kolyuchaya-egoza-sbb-500-mm-10-m,категория
https://steelborg.ru/catalog/provoloka-kolyuchaya-egoza-sbb-500-mm,категория
https://steelborg.ru/catalog/provoloka-kolyuchaya-egoza-sbb,категория
https://steelborg.ru/catalog/provoloka-kolyuchaya-egoza-pbb-akl,категория
https://steelborg.ru/catalog/provoloka-kolyuchaya-egoza-pbb,категория
https://steelborg.ru/catalog/provoloka-kolyuchaya-egoza-otsinkovannaya,категория
https://steelborg.ru/catalog/provoloka-kolyuchaya-egoza-askl,категория
https://steelborg.ru/catalog/provoloka-kolyuchaya-egoza-akl-500-mm,категория
https://steelborg.ru/catalog/provoloka-kolyuchaya-egoza-akl,категория
https://steelborg.ru/catalog/provoloka-kolyuchaya-egoza-955-mm,категория
https://steelborg.ru/catalog/provoloka-kolyuchaya-egoza-950-mm,категория
https://steelborg.ru/catalog/provoloka-kolyuchaya-egoza-900-mm,категория
https://steelborg.ru/catalog/provoloka-kolyuchaya-egoza-8-10-m,категория
https://steelborg.ru/catalog/provoloka-kolyuchaya-egoza-8-m,категория
https://steelborg.ru/catalog/provoloka-kolyuchaya-egoza-600-mm,категория
https://steelborg.ru/catalog/provoloka-kolyuchaya-egoza-500-mm,категория
https://steelborg.ru/catalog/provoloka-kolyuchaya-egoza-5-m,категория
https://steelborg.ru/catalog/provoloka-kolyuchaya-egoza-450-mm,категория
https://steelborg.ru/catalog/provoloka-kolyuchaya-egoza-20-m,категория
https://steelborg.ru/catalog/provoloka-kolyuchaya-egoza-15-m,категория
https://steelborg.ru/catalog/provoloka-kolyuchaya-egoza-10-m,категория
https://steelborg.ru/catalog/provoloka-kolyuchaya-egoza,категория
https://steelborg.ru/catalog/provoloka-kolyuchaya-dvuhosnovnaya,категория
https://steelborg.ru/catalog/provoloka-kolyuchaya-akl-500-mm,категория
https://steelborg.ru/catalog/provoloka-kolyuchaya-akl,категория
https://steelborg.ru/catalog/provoloka-kolyuchaya-900-mm,категория
https://steelborg.ru/catalog/provoloka-kolyuchaya-8-10-m,категория
https://steelborg.ru/catalog/provoloka-kolyuchaya-600-mm,категория
https://steelborg.ru/catalog/provoloka-kolyuchaya-500-mm,категория
https://steelborg.ru/catalog/provoloka-kolyuchaya-450-mm,категория
https://steelborg.ru/catalog/provoloka-kolyuchaya-3-mm,категория
https://steelborg.ru/catalog/provoloka-kolyuchaya-20-m,категория
https://steelborg.ru/catalog/provoloka-kolyuchaya-2-d-8-mm,категория
https://steelborg.ru/catalog/provoloka-kolyuchaya-2-mm,категория
https://steelborg.ru/catalog/provoloka-kolyuchaya-15-m,категория
https://steelborg.ru/catalog/provoloka-kolyuchaya-100-m,категория
https://steelborg.ru/catalog/provoloka-kolyuchaya-10-m,категория
https://steelborg.ru/catalog/provoloka-kolyuchaya,категория
https://steelborg.ru/catalog/provoloka-kachestvennaya,категория
https://steelborg.ru/catalog/provoloka-kanatnaya-80,категория
https://steelborg.ru/catalog/provoloka-kanatnaya-45,категория
https://steelborg.ru/catalog/provoloka-kanatnaya-3-mm,категория
https://steelborg.ru/catalog/provoloka-kanatnaya-2-d-6-mm,категория
https://steelborg.ru/catalog/provoloka-kanatnaya-2-d-5-mm,категория
https://steelborg.ru/catalog/provoloka-kanatnaya-2-d-2-mm,категория
https://steelborg.ru/catalog/provoloka-kanatnaya-1-d-8-mm,категория
https://steelborg.ru/catalog/provoloka-kanatnaya-0-d-6-mm,категория
https://steelborg.ru/catalog/provoloka-kanatnaya-0-d-2-mm,категория
https://steelborg.ru/catalog/provoloka-kanatnaya,категория
https://steelborg.ru/catalog/provoloka-dlya-holodnoy-vysadki-uglerodistaya,категория
https://steelborg.ru/catalog/provoloka-dlya-holodnoy-vysadki-6-mm,категория
https://steelborg.ru/catalog/provoloka-dlya-holodnoy-vysadki-4-mm,категория
https://steelborg.ru/catalog/provoloka-dlya-holodnoy-vysadki-30hgsa,категория
https://steelborg.ru/catalog/provoloka-dlya-holodnoy-vysadki-20,категория
https://steelborg.ru/catalog/provoloka-dlya-holodnoy-vysadki-16hsn,категория
https://steelborg.ru/catalog/provoloka-dlya-holodnoy-vysadki-10,категория
https://steelborg.ru/catalog/provoloka-dlya-holodnoy-vysadki,категория
https://steelborg.ru/catalog/provoloka-dlya-pruzhinnyh-shayb,категория
https://steelborg.ru/catalog/provoloka-gvozdilnaya-tns,категория
https://steelborg.ru/catalog/provoloka-gvozdilnaya-tn,категория
https://steelborg.ru/catalog/provoloka-gvozdilnaya-6-mm,категория
https://steelborg.ru/catalog/provoloka-gvozdilnaya-5-mm,категория
https://steelborg.ru/catalog/provoloka-gvozdilnaya-4-mm,категория
https://steelborg.ru/catalog/provoloka-gvozdilnaya-2-d-5-mm,категория
https://steelborg.ru/catalog/provoloka-gvozdilnaya-2-mm,категория
https://steelborg.ru/catalog/provoloka-gvozdilnaya-1-d-6-mm,категория
https://steelborg.ru/catalog/provoloka-gvozdilnaya-1-d-2-mm,категория
https://steelborg.ru/catalog/provoloka-gvozdilnaya,категория
https://steelborg.ru/catalog/provoloka-vyazalnaya-toch,категория
https://steelborg.ru/catalog/provoloka-vyazalnaya-tos,категория
https://steelborg.ru/catalog/provoloka-vyazalnaya-to,категория
https://steelborg.ru/catalog/provoloka-vyazalnaya-och,категория
https://steelborg.ru/catalog/provoloka-vyazalnaya-ok,категория
https://steelborg.ru/catalog/provoloka-vyazalnaya-nizkouglerodistaya,категория
https://steelborg.ru/catalog/provoloka-vyazalnaya-buhta,категория
https://steelborg.ru/catalog/provoloka-vyazalnaya-6-d-5-mm,категория
https://steelborg.ru/catalog/provoloka-vyazalnaya-6-mm,категория
https://steelborg.ru/catalog/provoloka-vyazalnaya-5-mm,категория
https://steelborg.ru/catalog/provoloka-vyazalnaya-4-mm,категория
https://steelborg.ru/catalog/provoloka-vyazalnaya-3-mm,категория
https://steelborg.ru/catalog/provoloka-vyazalnaya-2-d-5-mm,категория
https://steelborg.ru/catalog/provoloka-vyazalnaya-2-d-2-mm,категория
https://steelborg.ru/catalog/provoloka-vyazalnaya-2-mm,категория
https://steelborg.ru/catalog/provoloka-vyazalnaya-10-mm,категория
https://steelborg.ru/catalog/provoloka-vyazalnaya-10-kg,категория
https://steelborg.ru/catalog/provoloka-vyazalnaya-1-d-8-mm,категория
https://steelborg.ru/catalog/provoloka-vyazalnaya-1-d-6-mm,категория
https://steelborg.ru/catalog/provoloka-vyazalnaya-1-d-5-mm,категория
https://steelborg.ru/catalog/provoloka-vyazalnaya-1-d-4-mm,категория
https://steelborg.ru/catalog/provoloka-vyazalnaya-1-d-2-mm-5-kg,категория
https://steelborg.ru/catalog/provoloka-vyazalnaya-1-d-2-mm,категория
https://steelborg.ru/catalog/provoloka-vyazalnaya-1-mm,категория
https://steelborg.ru/catalog/provoloka-vyazalnaya-1-kg,категория
https://steelborg.ru/catalog/provoloka-vyazalnaya-0-d-9-mm,категория
https://steelborg.ru/catalog/provoloka-vyazalnaya-0-d-8-mm,категория
https://steelborg.ru/catalog/provoloka-vyazalnaya-0-d-6-mm,категория
https://steelborg.ru/catalog/provoloka-vyazalnaya-0-d-5-mm,категория
https://steelborg.ru/catalog/provoloka-vyazalnaya-0-d-3-mm,категория
https://steelborg.ru/catalog/provoloka-vyazalnaya-0-d-2-mm,категория
https://steelborg.ru/catalog/provoloka-vyazalnaya,категория
https://steelborg.ru/catalog/provoloka-armaturnaya-st3sp,категория
https://steelborg.ru/catalog/provoloka-armaturnaya-st3ps,категория
https://steelborg.ru/catalog/provoloka-armaturnaya-st1ps,категория
https://steelborg.ru/catalog/provoloka-armaturnaya-st1kp,категория
https://steelborg.ru/catalog/provoloka-armaturnaya-nizkougleodisatya,категория
https://steelborg.ru/catalog/provoloka-armaturnaya-vr-2,категория
https://steelborg.ru/catalog/provoloka-armaturnaya-vr-1,категория
https://steelborg.ru/catalog/provoloka-armaturnaya-80,категория
https://steelborg.ru/catalog/provoloka-armaturnaya-6-mm,категория
https://steelborg.ru/catalog/provoloka-armaturnaya-5-mm,категория
https://steelborg.ru/catalog/provoloka-armaturnaya-4-d-8-mm,категория
https://steelborg.ru/catalog/provoloka-armaturnaya-4-mm,категория
https://steelborg.ru/catalog/provoloka-armaturnaya-3-d-8-mm,категория
https://steelborg.ru/catalog/provoloka-armaturnaya-3-d-7-mm,категория
https://steelborg.ru/catalog/provoloka-armaturnaya-3-mm,категория
https://steelborg.ru/catalog/provoloka-armaturnaya-2-d-8-mm,категория
https://steelborg.ru/catalog/provoloka-armaturnaya-2-d-5-mm,категория
https://steelborg.ru/catalog/provoloka-armaturnaya,категория
https://steelborg.ru/catalog/otsinkovannaya-provoloka-to,категория
https://steelborg.ru/catalog/otsinkovannaya-provoloka-tn,категория
https://steelborg.ru/catalog/otsinkovannaya-provoloka-ko,категория
https://steelborg.ru/catalog/otsinkovannaya-provoloka-kanatnaya,категория
https://steelborg.ru/catalog/otsinkovannaya-provoloka-vyazalnaya,категория
https://steelborg.ru/catalog/otsinkovannaya-provoloka-vr-1,категория
https://steelborg.ru/catalog/otsinkovannaya-provoloka-85,категория
https://steelborg.ru/catalog/otsinkovannaya-provoloka-8-mm,категория
https://steelborg.ru/catalog/otsinkovannaya-provoloka-6-mm,категория
https://steelborg.ru/catalog/otsinkovannaya-provoloka-5-mm,категория
https://steelborg.ru/catalog/otsinkovannaya-provoloka-4-d-5-mm,категория
https://steelborg.ru/catalog/otsinkovannaya-provoloka-4-mm,категория
https://steelborg.ru/catalog/otsinkovannaya-provoloka-3-d-5-mm,категория
https://steelborg.ru/catalog/otsinkovannaya-provoloka-3-mm,категория
https://steelborg.ru/catalog/otsinkovannaya-provoloka-2-d-8-mm,категория
https://steelborg.ru/catalog/otsinkovannaya-provoloka-2-d-7-mm,категория
https://steelborg.ru/catalog/otsinkovannaya-provoloka-2-d-5-mm,категория
https://steelborg.ru/catalog/otsinkovannaya-provoloka-2-d-4-mm,категория
https://steelborg.ru/catalog/otsinkovannaya-provoloka-2-d-3-mm,категория
https://steelborg.ru/catalog/otsinkovannaya-provoloka-2-d-2-mm,категория
https://steelborg.ru/catalog/otsinkovannaya-provoloka-2-mm,категория
https://steelborg.ru/catalog/otsinkovannaya-provoloka-1-d-8-mm,категория
https://steelborg.ru/catalog/otsinkovannaya-provoloka-1-d-6-mm,категория
https://steelborg.ru/catalog/otsinkovannaya-provoloka-1-d-5-mm,категория
https://steelborg.ru/catalog/otsinkovannaya-provoloka-1-d-4-mm,категория
https://steelborg.ru/catalog/otsinkovannaya-provoloka-1-d-3-mm,категория
https://steelborg.ru/catalog/otsinkovannaya-provoloka-1-d-2-mm,категория
https://steelborg.ru/catalog/otsinkovannaya-provoloka-1-mm,категория
https://steelborg.ru/catalog/otsinkovannaya-provoloka-0-d-8-mm,категория
https://steelborg.ru/catalog/otsinkovannaya-provoloka-0-d-7-mm,категория
https://steelborg.ru/catalog/otsinkovannaya-provoloka-0-d-6-mm,категория
https://steelborg.ru/catalog/otsinkovannaya-provoloka-0-d-5-mm,категория
https://steelborg.ru/catalog/otsinkovannaya-provoloka-0-d-4-mm,категория
https://steelborg.ru/catalog/otsinkovannaya-provoloka-0-d-3-mm,категория
https://steelborg.ru/catalog/otsinkovannaya-provoloka,категория
https://steelborg.ru/catalog/naplavochnaya-provoloka-4-mm,категория
https://steelborg.ru/catalog/naplavochnaya-provoloka-30hgsa,категория
https://steelborg.ru/catalog/naplavochnaya-provoloka-1-d-6-mm,категория
https://steelborg.ru/catalog/naplavochnaya-provoloka,категория
https://steelborg.ru/catalog/provoloka,категория
https://steelborg.ru/catalog/pressovannyy-shifer,категория
https://steelborg.ru/catalog/ftoroplastovye-sterzhni-f-4pn,категория
https://steelborg.ru/catalog/ftoroplastovye-sterzhni-f-4k20,категория
https://steelborg.ru/catalog/ftoroplastovye-sterzhni-f-4,категория
https://steelborg.ru/catalog/ftoroplastovye-sterzhni-80-mm,категория
https://steelborg.ru/catalog/ftoroplastovye-sterzhni-70-mm,категория
https://steelborg.ru/catalog/ftoroplastovye-sterzhni-60-mm,категория
https://steelborg.ru/catalog/ftoroplastovye-sterzhni-50-mm,категория
https://steelborg.ru/catalog/ftoroplastovye-sterzhni-400-mm,категория
https://steelborg.ru/catalog/ftoroplastovye-sterzhni-40-mm,категория
https://steelborg.ru/catalog/ftoroplastovye-sterzhni-30-mm,категория
https://steelborg.ru/catalog/ftoroplastovye-sterzhni-20-mm,категория
https://steelborg.ru/catalog/ftoroplastovye-sterzhni-1000-mm,категория
https://steelborg.ru/catalog/ftoroplastovye-sterzhni-100-mm,категория
https://steelborg.ru/catalog/ftoroplastovye-sterzhni,категория
https://steelborg.ru/catalog/ftoroplastovaya-plita-f-4,категория
https://steelborg.ru/catalog/ftoroplastovaya-plita-6-mm,категория
https://steelborg.ru/catalog/ftoroplastovaya-plita-500h500-mm,категория
https://steelborg.ru/catalog/ftoroplastovaya-plita-5-mm,категория
https://steelborg.ru/catalog/ftoroplastovaya-plita-4x1000x1000-mm,категория
https://steelborg.ru/catalog/ftoroplastovaya-plita-4-mm,категория
https://steelborg.ru/catalog/ftoroplastovaya-plita-3x1000x1000-mm,категория
https://steelborg.ru/catalog/ftoroplastovaya-plita-300h300-mm,категория
https://steelborg.ru/catalog/ftoroplastovaya-plita-30-mm,категория
https://steelborg.ru/catalog/ftoroplastovaya-plita-3-mm,категория
https://steelborg.ru/catalog/ftoroplastovaya-plita-250h250-mm,категория
https://steelborg.ru/catalog/ftoroplastovaya-plita-20-mm,категория
https://steelborg.ru/catalog/ftoroplastovaya-plita-2-mm,категория
https://steelborg.ru/catalog/ftoroplastovaya-plita-15-mm,категория
https://steelborg.ru/catalog/ftoroplastovaya-plita-1000h1000-mm,категория
https://steelborg.ru/catalog/ftoroplastovaya-plita-10-mm,категория
https://steelborg.ru/catalog/ftoroplastovaya-plita-1-mm,категория
https://steelborg.ru/catalog/ftoroplastovaya-plita,категория
https://steelborg.ru/catalog/ftoroplast,категория
https://steelborg.ru/catalog/fenoplast,категория
https://steelborg.ru/catalog/tekstolit-listovoy-ptk,категория
https://steelborg.ru/catalog/tekstolit-listovoy-pt,категория
https://steelborg.ru/catalog/tekstolit-listovoy-8-mm,категория
https://steelborg.ru/catalog/tekstolit-listovoy-6-mm,категория
https://steelborg.ru/catalog/tekstolit-listovoy-40-mm,категория
https://steelborg.ru/catalog/tekstolit-listovoy-4-mm,категория
https://steelborg.ru/catalog/tekstolit-listovoy-30-mm,категория
https://steelborg.ru/catalog/tekstolit-listovoy-3-mm,категория
https://steelborg.ru/catalog/tekstolit-listovoy-25-mm,категория
https://steelborg.ru/catalog/tekstolit-listovoy-20-mm,категория
https://steelborg.ru/catalog/tekstolit-listovoy-2-mm,категория
https://steelborg.ru/catalog/tekstolit-listovoy-15-mm,категория
https://steelborg.ru/catalog/tekstolit-listovoy-1000h2000-mm,категория
https://steelborg.ru/catalog/tekstolit-listovoy-10-mm,категория
https://steelborg.ru/catalog/tekstolit-listovoy-1-mm,категория
https://steelborg.ru/catalog/tekstolit-listovoy-0-d-5-mm,категория
https://steelborg.ru/catalog/list-tekstolita-5-mm,категория
https://steelborg.ru/catalog/tekstolit-listovoy,категория
https://steelborg.ru/catalog/tekstolitovyy-sterzhen-10-mm,категория
https://steelborg.ru/catalog/tekstolit-kruglyak-30-mm,категория
https://steelborg.ru/catalog/sterzhen-tekstolitovyy-pt,категория
https://steelborg.ru/catalog/sterzhen-tekstolitovyy-8-mm,категория
https://steelborg.ru/catalog/sterzhen-tekstolitovyy-1-m,категория
https://steelborg.ru/catalog/sterzhen-tekstolitovyy,категория
https://steelborg.ru/catalog/tekstolit,категория
https://steelborg.ru/catalog/steklotkan-elektroizolyatsionnaya,категория
https://steelborg.ru/catalog/steklotkan-e3-200,категория
https://steelborg.ru/catalog/steklotkan-t-23,категория
https://steelborg.ru/catalog/steklotkan-t-13,категория
https://steelborg.ru/catalog/steklotkan-t-10,категория
https://steelborg.ru/catalog/steklotkan-konstruktsionnaya,категория
https://steelborg.ru/catalog/steklotkan-1250-mm,категория
https://steelborg.ru/catalog/steklotkan-1000-mm,категория
https://steelborg.ru/catalog/steklotkan-100-m,категория
https://steelborg.ru/catalog/steklotkan-0-d-1-mm,категория
https://steelborg.ru/catalog/steklotkan,категория
https://steelborg.ru/catalog/steklotekstolitovaya-truba-stef-1,категория
https://steelborg.ru/catalog/steklotekstolitovaya-truba,категория
https://steelborg.ru/catalog/steklotekstolit-sterzhni-stef,категория
https://steelborg.ru/catalog/steklotekstolit-sterzhni-40-mm,категория
https://steelborg.ru/catalog/steklotekstolit-sterzhni-1-m,категория
https://steelborg.ru/catalog/steklotekstolit-sterzhni,категория
https://steelborg.ru/catalog/steklotekstolit-plita-8-mm,категория
https://steelborg.ru/catalog/steklotekstolit-plita-60-mm,категория
https://steelborg.ru/catalog/steklotekstolit-plita-6-mm,категория
https://steelborg.ru/catalog/steklotekstolit-plita-50-mm,категория
https://steelborg.ru/catalog/steklotekstolit-plita-5-mm,категория
https://steelborg.ru/catalog/steklotekstolit-plita-40-mm,категория
https://steelborg.ru/catalog/steklotekstolit-plita-4-mm,категория
https://steelborg.ru/catalog/steklotekstolit-plita-30-mm,категория
https://steelborg.ru/catalog/steklotekstolit-plita-3-d-5-mm,категория
https://steelborg.ru/catalog/steklotekstolit-plita-3-mm,категория
https://steelborg.ru/catalog/steklotekstolit-plita-25-mm,категория
https://steelborg.ru/catalog/steklotekstolit-plita-20-mm,категория
https://steelborg.ru/catalog/steklotekstolit-plita-2-d-5-mm,категория
https://steelborg.ru/catalog/steklotekstolit-plita-2-mm,категория
https://steelborg.ru/catalog/steklotekstolit-plita-1h2-m,категория
https://steelborg.ru/catalog/steklotekstolit-plita-1h1-d-2-m,категория
https://steelborg.ru/catalog/steklotekstolit-plita-1h1-m,категория
https://steelborg.ru/catalog/steklotekstolit-plita-15-mm,категория
https://steelborg.ru/catalog/steklotekstolit-plita-12-mm,категория
https://steelborg.ru/catalog/steklotekstolit-plita-10-mm,категория
https://steelborg.ru/catalog/steklotekstolit-plita-1-d-5-mm,категория
https://steelborg.ru/catalog/steklotekstolit-plita-1-mm,категория
https://steelborg.ru/catalog/steklotekstolit-plita-0-d-98h0-d-98-m,категория
https://steelborg.ru/catalog/steklotekstolit-plita-0-d-8-mm,категория
https://steelborg.ru/catalog/steklotekstolit-plita-0-d-5h1-m,категория
https://steelborg.ru/catalog/steklotekstolit-plita-0-d-5h0-d-6-m,категория
https://steelborg.ru/catalog/steklotekstolit-plita-0-d-5h0-d-5-m,категория
https://steelborg.ru/catalog/steklotekstolit-plita-0-d-5-mm,категория
https://steelborg.ru/catalog/steklotekstolit-plita-0-d-3h0-d-5-m,категория
https://steelborg.ru/catalog/steklotekstolit-plita-0-d-2h0-d-3-m,категория
https://steelborg.ru/catalog/steklotekstolit-plita-0-d-05h0-d-5-m,категория
https://steelborg.ru/catalog/steklotekstolit-plita,категория
https://steelborg.ru/catalog/steklotekstolit,категория
https://steelborg.ru/catalog/ugolok-stekloplastikovyy,категория
https://steelborg.ru/catalog/truba-stekloplastikovaya-pryamougolnaya,категория
https://steelborg.ru/catalog/truba-stekloplastikovaya-kvadratnaya,категория
https://steelborg.ru/catalog/truba-profilnaya-stekloplastikovaya,категория
https://steelborg.ru/catalog/stekloplastikovaya-truba-ru6,категория
https://steelborg.ru/catalog/stekloplastikovaya-truba-ru10,категория
https://steelborg.ru/catalog/stekloplastikovaya-truba-ru1,категория
https://steelborg.ru/catalog/stekloplastikovaya-truba-vodopropusknaya,категория
https://steelborg.ru/catalog/stekloplastikovaya-truba,категория
https://steelborg.ru/catalog/stekloplastikovaya-kladochnaya-setka-50h50-mm,категория
https://steelborg.ru/catalog/setka-stekloplastikovaya-fasadnaya-dlya-shtukaturki,категория
https://steelborg.ru/catalog/setka-stekloplastikovaya-kladochnaya,категория
https://steelborg.ru/catalog/setka-stekloplastikovaya-dlya-shtukaturki,категория
https://steelborg.ru/catalog/setka-stekloplastikovaya-dlya-styazhki,категория
https://steelborg.ru/catalog/setka-stekloplastikovaya-dlya-zabora,категория
https://steelborg.ru/catalog/setka-stekloplastikovaya-50h50-mm,категория
https://steelborg.ru/catalog/setka-stekloplastikovaya-4-mm,категория
https://steelborg.ru/catalog/setka-stekloplastikovaya-25h25-mm,категория
https://steelborg.ru/catalog/setka-stekloplastikovaya-2-d-5-mm,категория
https://steelborg.ru/catalog/setka-stekloplastikovaya-2-mm,категория
https://steelborg.ru/catalog/setka-stekloplastikovaya-1h50-m,категория
https://steelborg.ru/catalog/setka-stekloplastikovaya-150h150-mm,категория
https://steelborg.ru/catalog/setka-stekloplastikovaya-100h100-mm,категория
https://steelborg.ru/catalog/setka-kompozitnaya-stekloplastikovaya-50h50h2-mm,категория
https://steelborg.ru/catalog/setka-stekloplastikovaya,категория
https://steelborg.ru/catalog/armatura-stekloplastikovaya-dlya-fundamenta-zabora,категория
https://steelborg.ru/catalog/armatura-stekloplastikovaya-dlya-sada,категория
https://steelborg.ru/catalog/armatura-stekloplastikovaya-dlya-garazha,категория
https://steelborg.ru/catalog/armatura-stekloplastikovaya-ask-8,категория
https://steelborg.ru/catalog/armatura-stekloplastikovaya-8-mm,категория
https://steelborg.ru/catalog/armatura-stekloplastikovaya-6-mm,категория
https://steelborg.ru/catalog/armatura-stekloplastikovaya-5-mm,категория
https://steelborg.ru/catalog/armatura-stekloplastikovaya-4-mm,категория
https://steelborg.ru/catalog/armatura-stekloplastikovaya-25-mm,категория
https://steelborg.ru/catalog/armatura-stekloplastikovaya-20-mm,категория
https://steelborg.ru/catalog/armatura-stekloplastikovaya-18-mm,категория
https://steelborg.ru/catalog/armatura-stekloplastikovaya-16-mm,категория
https://steelborg.ru/catalog/armatura-stekloplastikovaya-14-mm,категория
https://steelborg.ru/catalog/armatura-stekloplastikovaya-12-mm-50-m,категория
https://steelborg.ru/catalog/armatura-stekloplastikovaya-12-mm,категория
https://steelborg.ru/catalog/armatura-stekloplastikovaya-10-mm-buhta,категория
https://steelborg.ru/catalog/armatura-stekloplastikovaya-10-mm-50-m,категория
https://steelborg.ru/catalog/armatura-stekloplastikovaya-10-mm,категория
https://steelborg.ru/catalog/armatura-kompozitnaya-buhta-50-m,категория
https://steelborg.ru/catalog/armatura-kompozitnaya-ask-8-50-m,категория
https://steelborg.ru/catalog/armatura-kompozitnaya-ask-12,категория
https://steelborg.ru/catalog/armatura-kompozitnaya-ask-10,категория
https://steelborg.ru/catalog/armatura-kompozitnaya-ask,категория
https://steelborg.ru/catalog/armatura-kompozitnaya-8-mm-50-m,категория
https://steelborg.ru/catalog/armatura-kompozitnaya-6-mm-50-m,категория
https://steelborg.ru/catalog/armatura-ask-6-mm,категория
https://steelborg.ru/catalog/armatura-kompozitnaya,категория
https://steelborg.ru/catalog/stekloplastik,категория
https://steelborg.ru/catalog/steklovolokno,категория
https://steelborg.ru/catalog/polietilen-listovoy-5-mm,категория
https://steelborg.ru/catalog/polietilen-listovoy-3000-mm,категория
https://steelborg.ru/catalog/polietilen-listovoy-3-mm,категория
https://steelborg.ru/catalog/polietilen-listovoy-2000-mm,категория
https://steelborg.ru/catalog/polietilen-listovoy-20-mm,категория
https://steelborg.ru/catalog/polietilen-listovoy-2-mm,категория
https://steelborg.ru/catalog/polietilen-listovoy-1500x3000-mm,категория
https://steelborg.ru/catalog/polietilen-listovoy-1500-mm,категория
https://steelborg.ru/catalog/polietilen-listovoy-1250x2050-mm,категория
https://steelborg.ru/catalog/polietilen-listovoy-1000x2000-mm,категория
https://steelborg.ru/catalog/polietilen-listovoy-1000-mm,категория
https://steelborg.ru/catalog/polietilen-listovoy-100-mm,категория
https://steelborg.ru/catalog/polietilen-listovoy-10-mm,категория
https://steelborg.ru/catalog/polietilen-listovoy-1-mm,категория
https://steelborg.ru/catalog/pnd-listovoy,категория
https://steelborg.ru/catalog/polietilen-listovoy,категория
https://steelborg.ru/catalog/polietilen,категория
https://steelborg.ru/catalog/poliuretanovaya-polosa,категория
https://steelborg.ru/catalog/poliuretanovyy-sterzhen-65-mm,категория
https://steelborg.ru/catalog/poliuretan-sterzhni-sku-7l,категория
https://steelborg.ru/catalog/poliuretan-sterzhni-500-mm,категория
https://steelborg.ru/catalog/poliuretan-sterzhni-400-mm,категория
https://steelborg.ru/catalog/poliuretan-sterzhen-25-mm,категория
https://steelborg.ru/catalog/poliuretan-sterzhni,категория
https://steelborg.ru/catalog/poliuretan-listovoy-sku-pfl,категория
https://steelborg.ru/catalog/poliuretan-listovoy-sku-7l,категория
https://steelborg.ru/catalog/poliuretan-listovoy-500h500-mm,категория
https://steelborg.ru/catalog/poliuretan-listovoy-50-mm,категория
https://steelborg.ru/catalog/poliuretan-listovoy-5-mm,категория
https://steelborg.ru/catalog/poliuretan-listovoy-40-mm,категория
https://steelborg.ru/catalog/poliuretan-listovoy-30-mm,категория
https://steelborg.ru/catalog/poliuretan-listovoy-3-mm,категория
https://steelborg.ru/catalog/poliuretan-listovoy-25-mm,категория
https://steelborg.ru/catalog/poliuretan-listovoy-20-mm,категория
https://steelborg.ru/catalog/poliuretan-listovoy-15-mm,категория
https://steelborg.ru/catalog/poliuretan-listovoy-1000h1000-mm,категория
https://steelborg.ru/catalog/poliuretan-listovoy-10-mm,категория
https://steelborg.ru/catalog/poliuretan-listovoy,категория
https://steelborg.ru/catalog/plastina-poliuretanovaya-sku-pfl,категория
https://steelborg.ru/catalog/plastina-poliuretanovaya-sku-7l,категория
https://steelborg.ru/catalog/plastina-poliuretanovaya-500h500-mm,категория
https://steelborg.ru/catalog/plastina-poliuretanovaya-50-mm,категория
https://steelborg.ru/catalog/plastina-poliuretanovaya-5-mm,категория
https://steelborg.ru/catalog/plastina-poliuretanovaya-40-mm,категория
https://steelborg.ru/catalog/plastina-poliuretanovaya-30-mm,категория
https://steelborg.ru/catalog/plastina-poliuretanovaya-20-mm,категория
https://steelborg.ru/catalog/plastina-poliuretanovaya-15-mm,категория
https://steelborg.ru/catalog/plastina-poliuretanovaya-10-mm,категория
https://steelborg.ru/catalog/plastina-poliuretanovaya,категория
https://steelborg.ru/catalog/poliuretan,категория
https://steelborg.ru/catalog/polipropilen-listovoy-seryy,категория
https://steelborg.ru/catalog/polipropilen-listovoy-s-uf-zaschitoy,категория
https://steelborg.ru/catalog/polipropilen-listovoy-naturalnyy,категория
https://steelborg.ru/catalog/polipropilen-listovoy-goluboy,категория
https://steelborg.ru/catalog/polipropilen-listovoy-bez-uf-zaschity,категория
https://steelborg.ru/catalog/polipropilen-listovoy-pp-h,категория
https://steelborg.ru/catalog/polipropilen-listovoy-pp-b,категория
https://steelborg.ru/catalog/polipropilen-listovoy-8-mm,категория
https://steelborg.ru/catalog/polipropilen-listovoy-5-mm,категория
https://steelborg.ru/catalog/polipropilen-listovoy-4000-mm,категория
https://steelborg.ru/catalog/polipropilen-listovoy-3000-mm,категория
https://steelborg.ru/catalog/polipropilen-listovoy-3-mm,категория
https://steelborg.ru/catalog/polipropilen-listovoy-2000x4000-m,категория
https://steelborg.ru/catalog/polipropilen-listovoy-2000-mm,категория
https://steelborg.ru/catalog/polipropilen-listovoy-1500x4000-mm,категория
https://steelborg.ru/catalog/polipropilen-listovoy-1500x3000-mm,категория
https://steelborg.ru/catalog/polipropilen-listovoy-1500-mm,категория
https://steelborg.ru/catalog/polipropilen-listovoy,категория
https://steelborg.ru/catalog/polipropilen,категория
https://steelborg.ru/catalog/truby-polikarbonatnye,категория
https://steelborg.ru/catalog/sterzhni-polikarbonatnye,категория
https://steelborg.ru/catalog/sotovyy-polikarbonat,категория
https://steelborg.ru/catalog/profilirovannyy-polikarbonat,категория
https://steelborg.ru/catalog/polikarbonat-prozrachnyy-listovoy-monolitnyy-6-mm,категория
https://steelborg.ru/catalog/polikarbonat-prozrachnyy-listovoy-monolitnyy-4-mm,категория
https://steelborg.ru/catalog/polikarbonat-prozrachnyy-listovoy-monolitnyy-10-mm,категория
https://steelborg.ru/catalog/polikarbonat-monolitnyy,категория
https://steelborg.ru/catalog/polikarbonat-listovoy-prozrachnyy-6x2000-mm,категория
https://steelborg.ru/catalog/polikarbonat-listovoy-prozrachnyy-6-mm,категория
https://steelborg.ru/catalog/polikarbonat-listovoy-prozrachnyy,категория
https://steelborg.ru/catalog/polikarbonat-listovoy-8-mm,категория
https://steelborg.ru/catalog/polikarbonat-listovoy-6-mm,категория
https://steelborg.ru/catalog/polikarbonat-listovoy-4-mm,категория
https://steelborg.ru/catalog/polikarbonat-listovoy-2-d-1h6-m,категория
https://steelborg.ru/catalog/polikarbonat-listovoy-2-d-1h12-m,категория
https://steelborg.ru/catalog/polikarbonat-listovoy-2-d-05h3-d-05-m,категория
https://steelborg.ru/catalog/polikarbonat-listovoy-10-mm,категория
https://steelborg.ru/catalog/polikarbonat-listovoy,категория
https://steelborg.ru/catalog/polikarbonat,категория
https://steelborg.ru/catalog/poliatsetal-sterzhni-1-m,категория
https://steelborg.ru/catalog/poliatsetal-sterzhni,категория
https://steelborg.ru/catalog/list-poliatsetal-pom-s,категория
https://steelborg.ru/catalog/list-poliatsetal-pom-n,категория
https://steelborg.ru/catalog/list-poliatsetal-60-mm,категория
https://steelborg.ru/catalog/list-poliatsetal-50-mm,категория
https://steelborg.ru/catalog/list-poliatsetal-12-mm,категория
https://steelborg.ru/catalog/list-poliatsetal-1000h2000-mm,категория
https://steelborg.ru/catalog/list-poliatsetal-1000h1000-mm,категория
https://steelborg.ru/catalog/list-poliatsetal-10-mm,категория
https://steelborg.ru/catalog/list-poliatsetal,категория
https://steelborg.ru/catalog/poliatsetal,категория
https://steelborg.ru/catalog/truby-pvh-serye,категория
https://steelborg.ru/catalog/truby-pvh-s-protyazhkoy,категория
https://steelborg.ru/catalog/truby-pvh-ru6-d-3,категория
https://steelborg.ru/catalog/truby-pvh-ru6,категория
https://steelborg.ru/catalog/truby-pvh-ru16,категория
https://steelborg.ru/catalog/truby-pvh-ru12-d-5,категория
https://steelborg.ru/catalog/truby-pvh-ru10,категория
https://steelborg.ru/catalog/truby-pvh-kanalizatsionnye-110-mm,категория
https://steelborg.ru/catalog/truby-pvh-zhestkie,категория
https://steelborg.ru/catalog/truby-pvh-dlya-naruzhnoy-kanalizatsii-110-mm,категория
https://steelborg.ru/catalog/truby-pvh-dlya-naruzhnoy-kanalizatsii,категория
https://steelborg.ru/catalog/truby-pvh-sn8,категория
https://steelborg.ru/catalog/truby-pvh-sn4,категория
https://steelborg.ru/catalog/truby-pvh-500-mm,категория
https://steelborg.ru/catalog/truby-pvh-50-mm,категория
https://steelborg.ru/catalog/truby-pvh-5-mm,категория
https://steelborg.ru/catalog/truby-pvh-400-mm,категория
https://steelborg.ru/catalog/truby-pvh-315-mm,категория
https://steelborg.ru/catalog/truby-pvh-250-mm,категория
https://steelborg.ru/catalog/truby-pvh-25-mm,категория
https://steelborg.ru/catalog/truby-pvh-225-mm,категория
https://steelborg.ru/catalog/truby-pvh-200-mm,категория
https://steelborg.ru/catalog/truby-pvh-20-mm,категория
https://steelborg.ru/catalog/truby-pvh-160-mm,категория
https://steelborg.ru/catalog/truby-pvh-12-d-3-mm,категория
https://steelborg.ru/catalog/truby-pvh-110-mm,категория
https://steelborg.ru/catalog/truby-kanalizatsionnye-pvh,категория
https://steelborg.ru/catalog/truba-pvh-s-zondom,категория
https://steelborg.ru/catalog/truba-pvh-ryzhaya,категория
https://steelborg.ru/catalog/truba-pvh-legkaya,категория
https://steelborg.ru/catalog/truba-pvh-110x3-d-2-mm,категория
https://steelborg.ru/catalog/truba-gofrirovannaya-pvh,категория
https://steelborg.ru/catalog/truba-gibkaya-pvh,категория
https://steelborg.ru/catalog/truby-pvh,категория
https://steelborg.ru/catalog/trubka-silikonovaya-elektroizolyatsionnaya,категория
https://steelborg.ru/catalog/trubka-silikonovaya-tkr-m,категория
https://steelborg.ru/catalog/trubka-silikonovaya-termostoykaya,категория
https://steelborg.ru/catalog/trubka-silikonovaya-pvkv,категория
https://steelborg.ru/catalog/trubka-silikonovaya-meditsinskaya,категория
https://steelborg.ru/catalog/trubka-silikonovaya-karkasnaya,категория
https://steelborg.ru/catalog/trubka-silikonovaya-armirovannaya,категория
https://steelborg.ru/catalog/trubka-silikonovaya-9-mm,категория
https://steelborg.ru/catalog/trubka-silikonovaya-8-mm,категория
https://steelborg.ru/catalog/trubka-silikonovaya-7-mm,категория
https://steelborg.ru/catalog/trubka-silikonovaya-6-mm,категория
https://steelborg.ru/catalog/trubka-silikonovaya-50-mm,категория
https://steelborg.ru/catalog/trubka-silikonovaya-5-mm,категория
https://steelborg.ru/catalog/trubka-silikonovaya-4-mm,категория
https://steelborg.ru/catalog/trubka-silikonovaya-3-mm,категория
https://steelborg.ru/catalog/trubka-silikonovaya-25-mm,категория
https://steelborg.ru/catalog/trubka-silikonovaya-20-mm,категория
https://steelborg.ru/catalog/trubka-silikonovaya-2-d-5-mm,категория
https://steelborg.ru/catalog/trubka-silikonovaya-18-mm,категория
https://steelborg.ru/catalog/trubka-silikonovaya-16-mm,категория
https://steelborg.ru/catalog/trubka-silikonovaya-14-mm,категория
https://steelborg.ru/catalog/trubka-silikonovaya-12-mm,категория
https://steelborg.ru/catalog/trubka-silikonovaya-10-mm,категория
https://steelborg.ru/catalog/trubka-gofrirovannaya-silikonovaya,категория
https://steelborg.ru/catalog/trubka-silikonovaya,категория
https://steelborg.ru/catalog/truby-pe-80-sdr-17-d-6,категория
https://steelborg.ru/catalog/truby-iz-sshitogo-polietilena-pe-xa-16x2-d-2-mm,категория
https://steelborg.ru/catalog/truby-iz-sshitogo-polietilena-pe-x,категория
https://steelborg.ru/catalog/truby-iz-sshitogo-polietilena-2-d-2-mm,категория
https://steelborg.ru/catalog/truby-iz-sshitogo-polietilena-evoh,категория
https://steelborg.ru/catalog/truby-iz-sshitogo-polietilena-krasnye,категория
https://steelborg.ru/catalog/truby-iz-sshitogo-polietilena-pe-xa,категория
https://steelborg.ru/catalog/truby-iz-sshitogo-polietilena-pe-x-serye,категория
https://steelborg.ru/catalog/truby-iz-sshitogo-polietilena-valtec,категория
https://steelborg.ru/catalog/truby-iz-sshitogo-polietilena-pe-x-16-mm,категория
https://steelborg.ru/catalog/truby-iz-sshitogo-polietilena-40-mm,категория
https://steelborg.ru/catalog/truby-iz-sshitogo-polietilena-32-mm,категория
https://steelborg.ru/catalog/truby-iz-sshitogo-polietilena-25x3-d-5-mm,категория
https://steelborg.ru/catalog/truby-iz-sshitogo-polietilena-25-mm,категория
https://steelborg.ru/catalog/truby-iz-sshitogo-polietilena-20x2-d-8-mm,категория
https://steelborg.ru/catalog/truby-iz-sshitogo-polietilena-20x2-mm,категория
https://steelborg.ru/catalog/truby-iz-sshitogo-polietilena-20-mm,категория
https://steelborg.ru/catalog/truby-iz-sshitogo-polietilena-16x2-d-2-mm,категория
https://steelborg.ru/catalog/truby-iz-sshitogo-polietilena-16x2-mm,категория
https://steelborg.ru/catalog/truby-iz-sshitogo-polietilena-16-mm-dlya-teplogo-pola,категория
https://steelborg.ru/catalog/truby-iz-sshitogo-polietilena-16-mm,категория
https://steelborg.ru/catalog/truby-iz-sshitogo-polietilena,категория
https://steelborg.ru/catalog/truba-pe-225h20-d-5-mm,категория
https://steelborg.ru/catalog/gazovaya-polietilenovaya-truba,категория
https://steelborg.ru/catalog/truba-polietilenovaya-vodoprovodnaya,категория
https://steelborg.ru/catalog/truba-polietilenovaya-gofrirovannaya,категория
https://steelborg.ru/catalog/truba-polietilenovaya-63-mm,категория
https://steelborg.ru/catalog/truba-pe-110-mm-sdr-11,категория
https://steelborg.ru/catalog/truba-pe100-sdr-17,категория
https://steelborg.ru/catalog/truba-polietilenovaya-80-mm,категория
https://steelborg.ru/catalog/truba-polietilenovaya-ru12-d-5,категория
https://steelborg.ru/catalog/truba-polietilenovaya-ru10,категория
https://steelborg.ru/catalog/truba-polietilenovaya-pe80-sdr11,категория
https://steelborg.ru/catalog/truba-polietilenovaya-pe80,категория
https://steelborg.ru/catalog/truba-polietilenovaya-pe100-sdr-11,категория
https://steelborg.ru/catalog/truba-polietilenovaya-pe100-rc,категория
https://steelborg.ru/catalog/truba-polietilenovaya-pe100,категория
https://steelborg.ru/catalog/truba-polietilenovaya-drenazhnaya-gofrirovannaya-dvuhsloynaya,категория
https://steelborg.ru/catalog/truba-polietilenovaya-drenazhnaya-gofrirovannaya,категория
https://steelborg.ru/catalog/truba-polietilenovaya-drenazhnaya-110-mm,категория
https://steelborg.ru/catalog/truba-polietilenovaya-dlya-livnevoy-kanalizatsii,категория
https://steelborg.ru/catalog/truba-polietilenovaya-dlya-kanalizatsii-110-mm,категория
https://steelborg.ru/catalog/truba-polietilenovaya-dlya-vodosnabzheniya,категория
https://steelborg.ru/catalog/truba-polietilenovaya-sdr-9,категория
https://steelborg.ru/catalog/truba-polietilenovaya-sdr-26,категория
https://steelborg.ru/catalog/truba-polietilenovaya-sdr-21,категория
https://steelborg.ru/catalog/truba-polietilenovaya-sdr-17-d-6,категория
https://steelborg.ru/catalog/truba-polietilenovaya-sdr-17,категория
https://steelborg.ru/catalog/truba-polietilenovaya-sdr-13-d-6,категория
https://steelborg.ru/catalog/truba-polietilenovaya-sdr-11,категория
https://steelborg.ru/catalog/truba-polietilenovaya-90-mm,категория
https://steelborg.ru/catalog/truba-polietilenovaya-50-mm,категория
https://steelborg.ru/catalog/truba-polietilenovaya-40-mm,категория
https://steelborg.ru/catalog/truba-polietilenovaya-32-mm,категория
https://steelborg.ru/catalog/truba-polietilenovaya-25-mm,категория
https://steelborg.ru/catalog/truba-polietilenovaya-225-mm,категория
https://steelborg.ru/catalog/truba-polietilenovaya-200-mm,категория
https://steelborg.ru/catalog/truba-polietilenovaya-160-mm,категория
https://steelborg.ru/catalog/truba-polietilenovaya-16-mm,категория
https://steelborg.ru/catalog/truba-polietilenovaya-110,категория
https://steelborg.ru/catalog/truba-polietilenovaya-100-mm,категория
https://steelborg.ru/catalog/truba-pnd-225-mm-sdr-17,категория
https://steelborg.ru/catalog/truba-pnd-dlya-vody,категория
https://steelborg.ru/catalog/truba-pnd-32h3-mm,категория
https://steelborg.ru/catalog/truby-pnd-bolshogo-diametra,категория
https://steelborg.ru/catalog/truba-pnd-75-mm,категория
https://steelborg.ru/catalog/truba-pnd-125-mm,категория
https://steelborg.ru/catalog/truba-pnd-250-mm,категория
https://steelborg.ru/catalog/truba-pnd-chernaya,категория
https://steelborg.ru/catalog/truba-pnd-32-mm-gazovaya,категория
https://steelborg.ru/catalog/truba-pnd-800-mm,категория
https://steelborg.ru/catalog/truba-pnd-sinyaya,категория
https://steelborg.ru/catalog/truba-pnd-315-mm,категория
https://steelborg.ru/catalog/truba-pnd-krasnaya,категория
https://steelborg.ru/catalog/truba-pnd-100-metrov,категория
https://steelborg.ru/catalog/truba-pnd-zhestkaya,категория
https://steelborg.ru/catalog/truba-pnd-355-mm,категория
https://steelborg.ru/catalog/truba-pnd-1-dyuym,категория
https://steelborg.ru/catalog/truba-pnd-630-mm,категория
https://steelborg.ru/catalog/truba-pnd-gazovaya,категория
https://steelborg.ru/catalog/truba-pnd-25-mm,категория
https://steelborg.ru/catalog/truba-pnd-140-mm,категория
https://steelborg.ru/catalog/truba-pnd-63-mm,категория
https://steelborg.ru/catalog/truba-pnd-napornaya,категория
https://steelborg.ru/catalog/truba-pnd-200-mm,категория
https://steelborg.ru/catalog/truba-pnd-dlya-kabelya,категория
https://steelborg.ru/catalog/truba-pnd-16-mm,категория
https://steelborg.ru/catalog/truba-pnd-500-mm,категория
https://steelborg.ru/catalog/truba-pnd-400-mm,категория
https://steelborg.ru/catalog/truba-pnd-110h6-d-6-mm,категория
https://steelborg.ru/catalog/truba-pnd-50-mm-50-metrov,категория
https://steelborg.ru/catalog/truba-pnd-tyazhelaya-s-protyazhkoy,категория
https://steelborg.ru/catalog/truba-pnd-tehnicheskaya-63-mm,категория
https://steelborg.ru/catalog/truba-pnd-s-protyazhkoy-20-mm,категория
https://steelborg.ru/catalog/truba-pnd-s-protyazhkoy,категория
https://steelborg.ru/catalog/truba-pnd-s-zondom,категория
https://steelborg.ru/catalog/truba-pnd-legkaya-s-protyazhkoy,категория
https://steelborg.ru/catalog/truba-pnd-gofrirovannaya-legkaya-s-zondom,категория
https://steelborg.ru/catalog/truba-pnd-gofrirovannaya-dvuhsloynaya-110-mm,категория
https://steelborg.ru/catalog/truba-pnd-gofrirovannaya-110-mm,категория
https://steelborg.ru/catalog/truba-pnd-gofrirovannaya,категория
https://steelborg.ru/catalog/truba-pnd-50-mm-vodoprovodnaya,категория
https://steelborg.ru/catalog/truba-pnd-50-mm,категория
https://steelborg.ru/catalog/truba-pnd-450-mm,категория
https://steelborg.ru/catalog/truba-pnd-40x3-mm,категория
https://steelborg.ru/catalog/truba-pnd-32-mm-dlya-vodoprovoda,категория
https://steelborg.ru/catalog/truba-pnd-32-mm,категория
https://steelborg.ru/catalog/truba-pnd-20-mm,категория
https://steelborg.ru/catalog/truba-pnd-20-m,категория
https://steelborg.ru/catalog/truba-pnd-160-mm,категория
https://steelborg.ru/catalog/truba-pnd-110-mm-vodoprovodnaya,категория
https://steelborg.ru/catalog/truba-pnd-110-mm,категория
https://steelborg.ru/catalog/truba-1000-mm,категория
https://steelborg.ru/catalog/truba-pnd,категория
https://steelborg.ru/catalog/truba-polietilenovaya,категория
https://steelborg.ru/catalog/truba-polipropilenovaya-ru25,категория
https://steelborg.ru/catalog/truba-polipropilenovaya-ru20,категория
https://steelborg.ru/catalog/truba-polipropilenovaya-nearmirovannaya,категория
https://steelborg.ru/catalog/truba-polipropilenovaya-dlya-otopleniya-25-mm,категория
https://steelborg.ru/catalog/truba-polipropilenovaya-armirovannaya-steklovoloknom-sdr-7-d-4,категория
https://steelborg.ru/catalog/truba-polipropilenovaya-armirovannaya-steklovoloknom-pn25,категория
https://steelborg.ru/catalog/truba-polipropilenovaya-armirovannaya-steklovoloknom-25-mm,категория
https://steelborg.ru/catalog/truba-polipropilenovaya-armirovannaya-steklovoloknom-20-mm,категория
https://steelborg.ru/catalog/truba-polipropilenovaya-armirovannaya-steklovoloknom,категория
https://steelborg.ru/catalog/truba-polipropilenovaya-ppr,категория
https://steelborg.ru/catalog/truba-polipropilenovaya-pn25-32-mm,категория
https://steelborg.ru/catalog/truba-polipropilenovaya-90-mm,категория
https://steelborg.ru/catalog/truba-polipropilenovaya-800-mm,категория
https://steelborg.ru/catalog/truba-polipropilenovaya-63-mm,категория
https://steelborg.ru/catalog/truba-polipropilenovaya-50-mm,категория
https://steelborg.ru/catalog/truba-polipropilenovaya-40-mm,категория
https://steelborg.ru/catalog/truba-polipropilenovaya-32-mm-4-m,категория
https://steelborg.ru/catalog/truba-polipropilenovaya-32-mm,категория
https://steelborg.ru/catalog/truba-polipropilenovaya-25-mm-4-m,категория
https://steelborg.ru/catalog/truba-polipropilenovaya-25-mm,категория
https://steelborg.ru/catalog/truba-polipropilenovaya-200-mm,категория
https://steelborg.ru/catalog/truba-polipropilenovaya-20-mm-4-m,категория
https://steelborg.ru/catalog/truba-polipropilenovaya-20-mm,категория
https://steelborg.ru/catalog/truba-polipropilenovaya-110-mm,категория
https://steelborg.ru/catalog/truba-polipropilenovaya-1000-mm,категория
https://steelborg.ru/catalog/truba-polipropilenovaya-100-mm,категория
https://steelborg.ru/catalog/truba-polipropilenovaya,категория
https://steelborg.ru/catalog/truba-polibutenovaya,категория
https://steelborg.ru/catalog/truba-plastikovaya-gofrirovannaya,категория
https://steelborg.ru/catalog/truba-plastikovaya-60-mm,категория
https://steelborg.ru/catalog/truba-plastikovaya-300-mm,категория
https://steelborg.ru/catalog/truba-plastikovaya-16-mm,категория
https://steelborg.ru/catalog/truba-plastikovaya-1000-mm,категория
https://steelborg.ru/catalog/truba-metalloplastikovaya-valtec,категория
https://steelborg.ru/catalog/truba-metalloplastikovaya-pex-al-pex,категория
https://steelborg.ru/catalog/truba-metalloplastikovaya-pert-al-pert,категория
https://steelborg.ru/catalog/truba-metalloplastikovaya-32-mm,категория
https://steelborg.ru/catalog/truba-metalloplastikovaya-26-mm,категория
https://steelborg.ru/catalog/truba-metalloplastikovaya-25-mm,категория
https://steelborg.ru/catalog/truba-metalloplastikovaya-20h2-mm,категория
https://steelborg.ru/catalog/truba-metalloplastikovaya-20-mm,категория
https://steelborg.ru/catalog/truba-metalloplastikovaya-16x2-mm,категория
https://steelborg.ru/catalog/truba-metalloplastikovaya-16-mm,категория
https://steelborg.ru/catalog/truba-metalloplastikovaya,категория
https://steelborg.ru/catalog/truba-kanalizatsionnaya-plastikovaya,категория
https://steelborg.ru/catalog/plastikovye-truby-dlya-otopleniya,категория
https://steelborg.ru/catalog/plastikovye-truby-dlya-vodoprovoda,категория
https://steelborg.ru/catalog/plastikovye-truby-90-mm,категория
https://steelborg.ru/catalog/plastikovye-truby-75-mm,категория
https://steelborg.ru/catalog/plastikovye-truby-63-mm,категория
https://steelborg.ru/catalog/plastikovye-truby-50-mm,категория
https://steelborg.ru/catalog/plastikovye-truby-400-mm,категория
https://steelborg.ru/catalog/plastikovye-truby-40-mm,категория
https://steelborg.ru/catalog/plastikovye-truby-32-mm,категория
https://steelborg.ru/catalog/plastikovye-truby-315-mm,категория
https://steelborg.ru/catalog/plastikovye-truby-250-mm,категория
https://steelborg.ru/catalog/plastikovye-truby-25-mm,категория
https://steelborg.ru/catalog/plastikovye-truby-225-mm,категория
https://steelborg.ru/catalog/plastikovye-truby-200-mm,категория
https://steelborg.ru/catalog/plastikovye-truby-20-mm,категория
https://steelborg.ru/catalog/plastikovye-truby-160-mm,категория
https://steelborg.ru/catalog/plastikovye-truby-110-mm,категория
https://steelborg.ru/catalog/plastikovye-truby-100-mm,категория
https://steelborg.ru/catalog/plastikovaya-truba-dlya-kabelya,категория
https://steelborg.ru/catalog/plastikovaya-truba-200-mm,категория
https://steelborg.ru/catalog/plastikovye-truby,категория
https://steelborg.ru/catalog/penokarton-chernyy,категория
https://steelborg.ru/catalog/penokarton-seryy,категория
https://steelborg.ru/catalog/penokarton-belyy-3-mm,категория
https://steelborg.ru/catalog/penokarton-belyy,категория
https://steelborg.ru/catalog/penokarton-50x70x0-d-5-sm,категория
https://steelborg.ru/catalog/penokarton-500x700-mm,категория
https://steelborg.ru/catalog/penokarton-5-mm,категория
https://steelborg.ru/catalog/penokarton-3-mm,категория
https://steelborg.ru/catalog/penokarton-20-mm,категория
https://steelborg.ru/catalog/penokarton-19-mm,категория
https://steelborg.ru/catalog/penokarton-15-mm,категория
https://steelborg.ru/catalog/penokarton-13-mm,категория
https://steelborg.ru/catalog/penokarton-10-mm,категория
https://steelborg.ru/catalog/penokarton,категория
https://steelborg.ru/catalog/sterzhen-pvh-80-mm,категория
https://steelborg.ru/catalog/sterzhen-pvh-70-mm,категория
https://steelborg.ru/catalog/sterzhen-pvh-50-mm,категория
https://steelborg.ru/catalog/sterzhen-pvh-40-mm,категория
https://steelborg.ru/catalog/sterzhen-pvh-35-mm,категория
https://steelborg.ru/catalog/sterzhen-pvh-20-mm,категория
https://steelborg.ru/catalog/sterzhen-pvh-150-mm,категория
https://steelborg.ru/catalog/sterzhen-pvh-140-mm,категория
https://steelborg.ru/catalog/sterzhen-pvh-130-mm,категория
https://steelborg.ru/catalog/sterzhen-pvh-120-mm,категория
https://steelborg.ru/catalog/sterzhen-pvh-110-mm,категория
https://steelborg.ru/catalog/sterzhen-pvh-100-mm,категория
https://steelborg.ru/catalog/sterzhen-pvh,категория
https://steelborg.ru/catalog/pvh-zavesy-300-mm,категория
https://steelborg.ru/catalog/pvh-zavesy,категория
https://steelborg.ru/catalog/pvh,категория
https://steelborg.ru/catalog/prokladka-paronitovaya-pon-b,категория
https://steelborg.ru/catalog/prokladka-paronitovaya-pon-a,категория
https://steelborg.ru/catalog/prokladka-paronitovaya-pon,категория
https://steelborg.ru/catalog/prokladka-paronitovaya-pmb-maslobenzostoykaya,категория
https://steelborg.ru/catalog/prokladka-paronitovaya-80-mm,категория
https://steelborg.ru/catalog/prokladka-paronitovaya-65-mm,категория
https://steelborg.ru/catalog/prokladka-paronitovaya-50-mm,категория
https://steelborg.ru/catalog/prokladka-paronitovaya-400-mm,категория
https://steelborg.ru/catalog/prokladka-paronitovaya-40-mm,категория
https://steelborg.ru/catalog/prokladka-paronitovaya-32-mm,категория
https://steelborg.ru/catalog/prokladka-paronitovaya-300-mm,категория
https://steelborg.ru/catalog/prokladka-paronitovaya-250-mm,категория
https://steelborg.ru/catalog/prokladka-paronitovaya-25-mm,категория
https://steelborg.ru/catalog/prokladka-paronitovaya-200-mm,категория
https://steelborg.ru/catalog/prokladka-paronitovaya-20-mm,категория
https://steelborg.ru/catalog/prokladka-paronitovaya-150-mm,категория
https://steelborg.ru/catalog/prokladka-paronitovaya-15-mm,категория
https://steelborg.ru/catalog/prokladka-paronitovaya-125-mm,категория
https://steelborg.ru/catalog/prokladka-paronitovaya-100-mm,категория
https://steelborg.ru/catalog/prokladka-paronitovaya,категория
https://steelborg.ru/catalog/paronit-list-elektrolizernyy,категория
https://steelborg.ru/catalog/paronit-list-pe,категория
https://steelborg.ru/catalog/paronit-list-pon-b,категория
https://steelborg.ru/catalog/paronit-list-pon,категория
https://steelborg.ru/catalog/paronit-list-pmb-1,категория
https://steelborg.ru/catalog/paronit-list-pmb,категория
https://steelborg.ru/catalog/paronit-list-maslobenzostoykiy,категория
https://steelborg.ru/catalog/paronit-list-5-mm,категория
https://steelborg.ru/catalog/paronit-list-4-mm,категория
https://steelborg.ru/catalog/paronit-list-3-mm,категория
https://steelborg.ru/catalog/paronit-list-2-mm,категория
https://steelborg.ru/catalog/paronit-list-1500x3000-mm,категория
https://steelborg.ru/catalog/paronit-list-1500x1700-mm,категория
https://steelborg.ru/catalog/paronit-list-1500x1500-mm,категория
https://steelborg.ru/catalog/paronit-list-1000x1700-mm,категория
https://steelborg.ru/catalog/paronit-list-1000x1500-mm,категория
https://steelborg.ru/catalog/paronit-list-1000-mm,категория
https://steelborg.ru/catalog/paronit-list-1-d-5-mm,категория
https://steelborg.ru/catalog/paronit-list-1-mm,категория
https://steelborg.ru/catalog/paronit-list-0-d-8-mm,категория
https://steelborg.ru/catalog/paronit-list-0-d-6-mm,категория
https://steelborg.ru/catalog/paronit-list-0-d-5-mm,категория
https://steelborg.ru/catalog/paronit-list-0-d-4-mm,категория
https://steelborg.ru/catalog/paronit-list,категория
https://steelborg.ru/catalog/paronit,категория
https://steelborg.ru/catalog/truba-iz-orgstekla-prozrachnaya,категория
https://steelborg.ru/catalog/truba-iz-orgstekla-100-mm,категория
https://steelborg.ru/catalog/truba-akrilovaya,категория
https://steelborg.ru/catalog/orgsteklo-truba-plexiglas,категория
https://steelborg.ru/catalog/truba-iz-orgstekla,категория
https://steelborg.ru/catalog/listy-iz-orgstekla-tosp,категория
https://steelborg.ru/catalog/listy-iz-orgstekla-tosn,категория
https://steelborg.ru/catalog/listy-iz-orgstekla-novattro,категория
https://steelborg.ru/catalog/listy-iz-orgstekla-acryma-xt-72,категория
https://steelborg.ru/catalog/listy-iz-orgstekla-8-mm,категория
https://steelborg.ru/catalog/listy-iz-orgstekla-6-mm,категория
https://steelborg.ru/catalog/listy-iz-orgstekla-5-mm,категория
https://steelborg.ru/catalog/listy-iz-orgstekla-4-mm,категория
https://steelborg.ru/catalog/listy-iz-orgstekla-3-mm,категория
https://steelborg.ru/catalog/listy-iz-orgstekla-2050x3050-mm,категория
https://steelborg.ru/catalog/listy-iz-orgstekla-2-mm,категория
https://steelborg.ru/catalog/listy-iz-orgstekla-1525x2050-mm,категория
https://steelborg.ru/catalog/listy-iz-orgstekla-1500x1700-mm,категория
https://steelborg.ru/catalog/listy-iz-orgstekla-1250x2050-mm,категория
https://steelborg.ru/catalog/listy-iz-orgstekla-12-mm,категория
https://steelborg.ru/catalog/listy-iz-orgstekla-10-mm,категория
https://steelborg.ru/catalog/listy-iz-orgstekla-1-d-5-mm,категория
https://steelborg.ru/catalog/listy-iz-orgstekla,категория
https://steelborg.ru/catalog/orgsteklo,категория
https://steelborg.ru/catalog/mikanit,категория
https://steelborg.ru/catalog/kauchuk,категория
https://steelborg.ru/catalog/kaprolonovye-sterzhni-pa-6-mg,категория
https://steelborg.ru/catalog/kaprolonovye-sterzhni-pa-6,категория
https://steelborg.ru/catalog/kaprolonovye-sterzhni-60-mm,категория
https://steelborg.ru/catalog/kaprolonovye-sterzhni-500-mm,категория
https://steelborg.ru/catalog/kaprolonovye-sterzhni-1000-mm,категория
https://steelborg.ru/catalog/kaprolonovye-sterzhni,категория
https://steelborg.ru/catalog/kaprolon-plita-pa-6-50-mm,категория
https://steelborg.ru/catalog/kaprolon-plita-pa-6,категория
https://steelborg.ru/catalog/kaprolon-plita-8-mm,категория
https://steelborg.ru/catalog/kaprolon-plita-700h1000-mm,категория
https://steelborg.ru/catalog/kaprolon-plita-700-mm,категория
https://steelborg.ru/catalog/kaprolon-plita-7-mm,категория
https://steelborg.ru/catalog/kaprolon-plita-50-mm,категория
https://steelborg.ru/catalog/kaprolon-plita-40-mm,категория
https://steelborg.ru/catalog/kaprolon-plita-4-mm,категория
https://steelborg.ru/catalog/kaprolon-plita-30-mm,категория
https://steelborg.ru/catalog/kaprolon-plita-20-mm,категория
https://steelborg.ru/catalog/kaprolon-plita-15-mm,категория
https://steelborg.ru/catalog/kaprolon-plita-14-mm,категория
https://steelborg.ru/catalog/kaprolon-plita-120-mm,категория
https://steelborg.ru/catalog/kaprolon-plita-1000h2000-mm,категория
https://steelborg.ru/catalog/kaprolon-plita-1000h1400-mm,категория
https://steelborg.ru/catalog/kaprolon-plita-1000h1000-mm,категория
https://steelborg.ru/catalog/kaprolon-plita-1000-mm,категория
https://steelborg.ru/catalog/kaprolon-plita-10-mm,категория
https://steelborg.ru/catalog/kaprolon-plita,категория
https://steelborg.ru/catalog/kaprolon,категория
https://steelborg.ru/catalog/getinaks-listovoy-980-mm,категория
https://steelborg.ru/catalog/getinaks-listovoy-50-mm,категория
https://steelborg.ru/catalog/getinaks-listovoy-3-mm,категория
https://steelborg.ru/catalog/getinaks-listovoy-2-mm,категория
https://steelborg.ru/catalog/getinaks-listovoy-15-mm,категория
https://steelborg.ru/catalog/getinaks-listovoy-1000x2000-mm,категория
https://steelborg.ru/catalog/getinaks-listovoy-10-mm,категория
https://steelborg.ru/catalog/getinaks-listovoy,категория
https://steelborg.ru/catalog/getinaks,категория
https://steelborg.ru/catalog/viniplast-listovoy-vne,категория
https://steelborg.ru/catalog/viniplast-listovoy-vd,категория
https://steelborg.ru/catalog/viniplast-listovoy-8-mm,категория
https://steelborg.ru/catalog/viniplast-listovoy-730x1520-mm,категория
https://steelborg.ru/catalog/viniplast-listovoy-730-mm,категория
https://steelborg.ru/catalog/viniplast-listovoy-6-mm,категория
https://steelborg.ru/catalog/viniplast-listovoy-5-mm,категория
https://steelborg.ru/catalog/viniplast-listovoy-4-mm,категория
https://steelborg.ru/catalog/viniplast-listovoy-3-mm,категория
https://steelborg.ru/catalog/viniplast-listovoy-20-mm,категория
https://steelborg.ru/catalog/viniplast-listovoy-2-mm,категория
https://steelborg.ru/catalog/viniplast-listovoy-1300x2000-mm,категория
https://steelborg.ru/catalog/viniplast-listovoy-1300-mm,категория
https://steelborg.ru/catalog/viniplast-listovoy-1000x2000-mm,категория
https://steelborg.ru/catalog/viniplast-listovoy-1000-mm,категория
https://steelborg.ru/catalog/viniplast-listovoy-10-mm,категория
https://steelborg.ru/catalog/viniplast-listovoy,категория
https://steelborg.ru/catalog/viniplast,категория
https://steelborg.ru/catalog/polimer,категория
https://steelborg.ru/catalog/schit-pozharnyy-stal,категория
https://steelborg.ru/catalog/schit-pozharnyy-otkrytyy,категория
https://steelborg.ru/catalog/schit-pozharnyy-metallicheskiy-zakrytyy-schp-v,категория
https://steelborg.ru/catalog/schit-pozharnyy-metallicheskiy,категория
https://steelborg.ru/catalog/schit-pozharnyy-kombinirovannyy-schp-v,категория
https://steelborg.ru/catalog/schit-pozharnyy-kombinirovannyy,категория
https://steelborg.ru/catalog/schit-pozharnyy-nerzhaveyuschaya-stal,категория
https://steelborg.ru/catalog/schit-pozharnyy-zakrytyy,категория
https://steelborg.ru/catalog/schit-pozharnyy,категория
https://steelborg.ru/catalog/shkaf-pozharnyy-shpo-113,категория
https://steelborg.ru/catalog/shkaf-pozharnyy-shpk-320-21-nok,категория
https://steelborg.ru/catalog/shkaf-pozharnyy-shpk-320-21-nzb,категория
https://steelborg.ru/catalog/shkaf-pozharnyy-shpk-320-nok,категория
https://steelborg.ru/catalog/shkaf-pozharnyy-shpk-320-nzk,категория
https://steelborg.ru/catalog/shkaf-pozharnyy-shpk-320-nz,категория
https://steelborg.ru/catalog/shkaf-pozharnyy-shpk-320-vz,категория
https://steelborg.ru/catalog/shkaf-pozharnyy-shpk-315-nok,категория
https://steelborg.ru/catalog/shkaf-pozharnyy-shpk-315-vz,категория
https://steelborg.ru/catalog/shkaf-pozharnyy-shpk-310-nok,категория
https://steelborg.ru/catalog/shkaf-pozharnyy-shpk-310-nob,категория
https://steelborg.ru/catalog/shkaf-pozharnyy-shpk-310-nzk,категория
https://steelborg.ru/catalog/shkaf-pozharnyy-shpk-310-nz,категория
https://steelborg.ru/catalog/shkaf-pozharnyy-shpk-310-vzb,категория
https://steelborg.ru/catalog/shkaf-pozharnyy-shpk-310-vz,категория
https://steelborg.ru/catalog/shkaf-pozharnyy-stal,категория
https://steelborg.ru/catalog/shkaf-pozharnyy-navesnoy,категория
https://steelborg.ru/catalog/shkaf-pozharnyy-krasnyy,категория
https://steelborg.ru/catalog/shkaf-pozharnyy-nerzhaveyuschaya-stal,категория
https://steelborg.ru/catalog/shkaf-pozharnyy-zakrytyy,категория
https://steelborg.ru/catalog/shkaf-pozharnyy-dlya-rukavov,категория
https://steelborg.ru/catalog/shkaf-pozharnyy-dlya-protivogazov,категория
https://steelborg.ru/catalog/shkaf-pozharnyy-dlya-ognetushiteley,категория
https://steelborg.ru/catalog/shkaf-pozharnyy-vstraivaemyy,категория
https://steelborg.ru/catalog/shkaf-pozharnyy-belyy,категория
https://steelborg.ru/catalog/shkaf-pozharnyy,категория
https://steelborg.ru/catalog/stvol-pozharnyy-slk-p20,категория
https://steelborg.ru/catalog/stvol-pozharnyy-ruchnoy-rsk-50,категория
https://steelborg.ru/catalog/stvol-pozharnyy-ruchnoy-rs-70a,категория
https://steelborg.ru/catalog/stvol-pozharnyy-ruchnoy-rs-50,категория
https://steelborg.ru/catalog/stvol-pozharnyy-ruchnoy-perekryvnoy-50,категория
https://steelborg.ru/catalog/stvol-pozharnyy-ruchnoy-16-mm,категория
https://steelborg.ru/catalog/stvol-pozharnyy-rs-70,категория
https://steelborg.ru/catalog/stvol-pozharnyy-rs-25,категория
https://steelborg.ru/catalog/stvol-pozharnyy-lafetnyy,категория
https://steelborg.ru/catalog/stvol-pozharnyy-38-mm,категория
https://steelborg.ru/catalog/stvol-pozharnyy,категория
https://steelborg.ru/catalog/rukav-pozharnyy-rpmd,категория
https://steelborg.ru/catalog/rukav-pozharnyy-rpmv,категория
https://steelborg.ru/catalog/rukav-pozharnyy-rpm,категория
https://steelborg.ru/catalog/rukav-pozharnyy-rpk-v,категория
https://steelborg.ru/catalog/rukav-pozharnyy-du-50,категория
https://steelborg.ru/catalog/rukav-pozharnyy-diametr-77-mm,категория
https://steelborg.ru/catalog/rukav-pozharnyy-gr-50,категория
https://steelborg.ru/catalog/rukav-pozharnyy-80-mm,категория
https://steelborg.ru/catalog/rukav-pozharnyy-65-mm,категория
https://steelborg.ru/catalog/rukav-pozharnyy-51-mm-20-m,категория
https://steelborg.ru/catalog/rukav-pozharnyy-51-mm,категория
https://steelborg.ru/catalog/rukav-pozharnyy-50-mm,категория
https://steelborg.ru/catalog/rukav-pozharnyy-40-mm,категория
https://steelborg.ru/catalog/rukav-pozharnyy-25-mm,категория
https://steelborg.ru/catalog/rukav-pozharnyy-20-m,категория
https://steelborg.ru/catalog/rukav-pozharnyy-150-mm,категория
https://steelborg.ru/catalog/rukav-pozharnyy-1-d-6,категория
https://steelborg.ru/catalog/rukav-pozharnyy-1,категория
https://steelborg.ru/catalog/rukav-pozharnyy,категория
https://steelborg.ru/catalog/protivopozharnoe-polotno-pp-1200,категория
https://steelborg.ru/catalog/protivopozharnoe-polotno-pp-1000-1-d-5h2-m,категория
https://steelborg.ru/catalog/protivopozharnoe-polotno-pp-1000,категория
https://steelborg.ru/catalog/protivopozharnoe-polotno-asbestovoe,категория
https://steelborg.ru/catalog/protivopozharnoe-polotno-koshma-1-d-5h2-m,категория
https://steelborg.ru/catalog/protivopozharnoe-polotno-koshma,категория
https://steelborg.ru/catalog/pozharnyy-gidrant-chugun,категория
https://steelborg.ru/catalog/pozharnyy-gidrant-stal,категория
https://steelborg.ru/catalog/pozharnyy-gidrant-ru16,категория
https://steelborg.ru/catalog/pozharnyy-gidrant-ru10,категория
https://steelborg.ru/catalog/pozharnyy-gidrant-podzemnyy-125-mm,категория
https://steelborg.ru/catalog/pozharnyy-gidrant-podzemnyy,категория
https://steelborg.ru/catalog/pozharnyy-gidrant-nazemnyy,категория
https://steelborg.ru/catalog/pozharnyy-gidrant-750-mm,категория
https://steelborg.ru/catalog/pozharnyy-gidrant-500-mm,категория
https://steelborg.ru/catalog/pozharnyy-gidrant-50-mm,категория
https://steelborg.ru/catalog/pozharnyy-gidrant-4000-mm,категория
https://steelborg.ru/catalog/pozharnyy-gidrant-3750-mm,категория
https://steelborg.ru/catalog/pozharnyy-gidrant-3500-mm,категория
https://steelborg.ru/catalog/pozharnyy-gidrant-3250-mm,категория
https://steelborg.ru/catalog/pozharnyy-gidrant-3000-mm,категория
https://steelborg.ru/catalog/pozharnyy-gidrant-2750-mm,категория
https://steelborg.ru/catalog/pozharnyy-gidrant-2500-mm,категория
https://steelborg.ru/catalog/pozharnyy-gidrant-2250-mm,категория
https://steelborg.ru/catalog/pozharnyy-gidrant-2000-mm,категория
https://steelborg.ru/catalog/pozharnyy-gidrant-1750-mm,категория
https://steelborg.ru/catalog/pozharnyy-gidrant-1500-mm,категория
https://steelborg.ru/catalog/pozharnyy-gidrant-150-mm,категория
https://steelborg.ru/catalog/pozharnyy-gidrant-1250-mm,категория
https://steelborg.ru/catalog/pozharnyy-gidrant-125-mm,категория
https://steelborg.ru/catalog/pozharnyy-gidrant-1000-mm,категория
https://steelborg.ru/catalog/pozharnyy-gidrant-100-mm,категория
https://steelborg.ru/catalog/pozharnyy-gidrant,категория
https://steelborg.ru/catalog/pozharnaya-podstavka-chugun,категория
https://steelborg.ru/catalog/pozharnaya-podstavka-ppf,категория
https://steelborg.ru/catalog/pozharnaya-podstavka-stal,категория
https://steelborg.ru/catalog/pozharnaya-podstavka-ppr,категория
https://steelborg.ru/catalog/pozharnaya-podstavka-pptf,категория
https://steelborg.ru/catalog/pozharnaya-podstavka-pps,категория
https://steelborg.ru/catalog/pozharnaya-podstavka-ppof,категория
https://steelborg.ru/catalog/pozharnaya-podstavka-ppdf,категория
https://steelborg.ru/catalog/pozharnaya-podstavka-vchshg,категория
https://steelborg.ru/catalog/pozharnaya-podstavka-80-mm,категория
https://steelborg.ru/catalog/pozharnaya-podstavka-600-mm,категория
https://steelborg.ru/catalog/pozharnaya-podstavka-500-mm,категория
https://steelborg.ru/catalog/pozharnaya-podstavka-50-mm,категория
https://steelborg.ru/catalog/pozharnaya-podstavka-400-mm,категория
https://steelborg.ru/catalog/pozharnaya-podstavka-350-mm,категория
https://steelborg.ru/catalog/pozharnaya-podstavka-300-mm,категория
https://steelborg.ru/catalog/pozharnaya-podstavka-250-mm,категория
https://steelborg.ru/catalog/pozharnaya-podstavka-200-mm,категория
https://steelborg.ru/catalog/pozharnaya-podstavka-150-mm,категория
https://steelborg.ru/catalog/pozharnaya-podstavka-100-mm,категория
https://steelborg.ru/catalog/pozharnaya-podstavka,категория
https://steelborg.ru/catalog/ognetushitel-hladonovyy,категория
https://steelborg.ru/catalog/ognetushitel-uglekislotnyy,категория
https://steelborg.ru/catalog/ognetushitel-samosrabatyvayuschiy,категория
https://steelborg.ru/catalog/ognetushitel-poroshkovyy,категория
https://steelborg.ru/catalog/ognetushitel-vozdushno-emulsionnyy,категория
https://steelborg.ru/catalog/ognetushitel-vozdushno-pennyy,категория
https://steelborg.ru/catalog/ognetushitel,категория
https://steelborg.ru/catalog/golovki-soedinitelnye-pozharnye-tsapkovaya-gts,категория
https://steelborg.ru/catalog/golovki-soedinitelnye-pozharnye-rukavnaya-gr,категория
https://steelborg.ru/catalog/golovki-soedinitelnye-pozharnye-rukavnaya-vsasyvayuschaya-grv,категория
https://steelborg.ru/catalog/golovki-soedinitelnye-pozharnye-perehodnaya-gp,категория
https://steelborg.ru/catalog/golovki-soedinitelnye-pozharnye-muftovaya-gm,категория
https://steelborg.ru/catalog/golovki-soedinitelnye-pozharnye-muftovaya-vsasyvayuschaya-gmv,категория
https://steelborg.ru/catalog/golovki-soedinitelnye-pozharnye-zaglushka-vsasyvayuschaya-gzv,категория
https://steelborg.ru/catalog/golovki-soedinitelnye-pozharnye-gr-50-mm,категория
https://steelborg.ru/catalog/golovki-soedinitelnye-pozharnye-golovki-zaglushki-gz,категория
https://steelborg.ru/catalog/golovki-soedinitelnye-pozharnye-gm-80-mm,категория
https://steelborg.ru/catalog/golovki-soedinitelnye-pozharnye-alyuminievye,категория
https://steelborg.ru/catalog/golovki-soedinitelnye-pozharnye-80-mm,категория
https://steelborg.ru/catalog/golovki-soedinitelnye-pozharnye-70-mm,категория
https://steelborg.ru/catalog/golovki-soedinitelnye-pozharnye-65-mm,категория
https://steelborg.ru/catalog/golovki-soedinitelnye-pozharnye-50-mm,категория
https://steelborg.ru/catalog/golovki-soedinitelnye-pozharnye-150-mm,категория
https://steelborg.ru/catalog/golovki-soedinitelnye-pozharnye-125-mm,категория
https://steelborg.ru/catalog/golovki-soedinitelnye-pozharnye-100-mm,категория
https://steelborg.ru/catalog/golovki-soedinitelnye-pozharnye,категория
https://steelborg.ru/catalog/pozharnoe-oborudovanie,категория
https://steelborg.ru/catalog/plastikovyy-shifer,категория
https://steelborg.ru/catalog/ekran-dlya-radiatora-metallicheskiy,категория
https://steelborg.ru/catalog/ekran-dlya-radiatora-belyy,категория
https://steelborg.ru/catalog/ekran-dlya-radiatora-8-sht,категория
https://steelborg.ru/catalog/ekran-dlya-radiatora-7-sht,категория
https://steelborg.ru/catalog/ekran-dlya-radiatora-4-sht,категория
https://steelborg.ru/catalog/ekran-dlya-radiatora-150-mm,категория
https://steelborg.ru/catalog/ekran-dlya-radiatora-10-sht,категория
https://steelborg.ru/catalog/ekrany-dlya-radiatorov,категория
https://steelborg.ru/catalog/chugunnye-radiatory-ms-140m4-500-mm,категория
https://steelborg.ru/catalog/chugunnye-radiatory-ms-140m4,категория
https://steelborg.ru/catalog/chugunnye-radiatory-ms-140m2-500-mm,категория
https://steelborg.ru/catalog/chugunnye-radiatory-ms-140m2,категория
https://steelborg.ru/catalog/chugunnye-radiatory-ms-140m-300-mm,категория
https://steelborg.ru/catalog/chugunnye-radiatory-ms-140m,категория
https://steelborg.ru/catalog/chugunnye-radiatory-ms-140-500-mm,категория
https://steelborg.ru/catalog/chugunnye-radiatory-ms-140,категория
https://steelborg.ru/catalog/chugunnye-radiatory-96-mm,категория
https://steelborg.ru/catalog/chugunnye-radiatory-90-mm,категория
https://steelborg.ru/catalog/chugunnye-radiatory-8-sht,категория
https://steelborg.ru/catalog/chugunnye-radiatory-7-sht,категория
https://steelborg.ru/catalog/chugunnye-radiatory-500-mm,категория
https://steelborg.ru/catalog/chugunnye-radiatory-4-sht,категория
https://steelborg.ru/catalog/chugunnye-radiatory-350-mm,категория
https://steelborg.ru/catalog/chugunnye-radiatory-300-mm,категория
https://steelborg.ru/catalog/chugunnye-radiatory-140h500-mm,категория
https://steelborg.ru/catalog/chugunnye-radiatory-108-mm,категория
https://steelborg.ru/catalog/chugunnye-radiatory-10-sht,категория
https://steelborg.ru/catalog/chugunnye-radiatory-1-sht,категория
https://steelborg.ru/catalog/chugunnye-radiatory,категория
https://steelborg.ru/catalog/radiator-trubchatyy-rs-2,категория
https://steelborg.ru/catalog/radiator-trubchatyy-vertikalnyy,категория
https://steelborg.ru/catalog/radiator-trubchatyy-zehnder-charleston-2180,категория
https://steelborg.ru/catalog/radiator-trubchatyy-zehnder-3057,категория
https://steelborg.ru/catalog/radiator-trubchatyy-zehnder-3030,категория
https://steelborg.ru/catalog/radiator-trubchatyy-2200-mm,категория
https://steelborg.ru/catalog/radiator-trubchatyy-2000-mm,категория
https://steelborg.ru/catalog/radiator-trubchatyy-1800-mm,категория
https://steelborg.ru/catalog/trubchatye-radiatory,категория
https://steelborg.ru/catalog/stalnye-radiatory-tip-33,категория
https://steelborg.ru/catalog/stalnye-radiatory-tip-22,категория
https://steelborg.ru/catalog/stalnye-radiatory-tip-21,категория
https://steelborg.ru/catalog/stalnye-radiatory-tip-20,категория
https://steelborg.ru/catalog/stalnye-radiatory-tip-11,категория
https://steelborg.ru/catalog/stalnye-radiatory-tip-10,категория
https://steelborg.ru/catalog/stalnye-radiatory-ventil-compact-vc,категория
https://steelborg.ru/catalog/stalnye-radiatory-compact-hc,категория
https://steelborg.ru/catalog/stalnye-radiatory-compact-c,категория
https://steelborg.ru/catalog/stalnye-radiatory-600h600-mm-tip-33,категория
https://steelborg.ru/catalog/stalnye-radiatory-500h700-mm,категория
https://steelborg.ru/catalog/stalnye-radiatory-500h500-mm-tip-22,категория
https://steelborg.ru/catalog/stalnye-radiatory-500h400-mm,категория
https://steelborg.ru/catalog/stalnye-radiatory-500h2000-mm-tip-22,категория
https://steelborg.ru/catalog/stalnye-radiatory-500h1800-mm-tip-22,категория
https://steelborg.ru/catalog/stalnye-radiatory-500h1600-mm-tip-22,категория
https://steelborg.ru/catalog/stalnye-radiatory-500h1000-mm-tip-22,категория
https://steelborg.ru/catalog/stalnye-radiatory-500h1000-mm-tip-11,категория
https://steelborg.ru/catalog/stalnye-radiatory-500-mm,категория
https://steelborg.ru/catalog/stalnye-radiatory-400-mm-tip-22,категория
https://steelborg.ru/catalog/stalnye-radiatory-400-mm,категория
https://steelborg.ru/catalog/stalnye-radiatory-300h2000-mm,категория
https://steelborg.ru/catalog/stalnye-radiatory-300h1400-mm-tip-22,категория
https://steelborg.ru/catalog/stalnye-radiatory-300h1000-mm,категория
https://steelborg.ru/catalog/stalnye-radiatory-200h1000-mm,категория
https://steelborg.ru/catalog/stalnye-panelnye-radiatory-tip-33,категория
https://steelborg.ru/catalog/stalnye-panelnye-radiatory-tip-22,категория
https://steelborg.ru/catalog/stalnye-panelnye-radiatory-tip-21,категория
https://steelborg.ru/catalog/stalnye-panelnye-radiatory-tip-20,категория
https://steelborg.ru/catalog/stalnye-panelnye-radiatory-tip-11,категория
https://steelborg.ru/catalog/stalnye-panelnye-radiatory-tip-10,категория
https://steelborg.ru/catalog/stalnye-panelnye-radiatory-ventil-compact-vc,категория
https://steelborg.ru/catalog/stalnye-panelnye-radiatory-compact-hc,категория
https://steelborg.ru/catalog/stalnye-panelnye-radiatory-compact-c,категория
https://steelborg.ru/catalog/stalnye-panelnye-radiatory-900h900-mm-tip-22,категория
https://steelborg.ru/catalog/stalnye-panelnye-radiatory-500h900-mm,категория
https://steelborg.ru/catalog/stalnye-panelnye-radiatory-500h800-mm,категория
https://steelborg.ru/catalog/stalnye-panelnye-radiatory-500h500-mm-tip-22,категория
https://steelborg.ru/catalog/stalnye-panelnye-radiatory-500h500-mm-tip-11,категория
https://steelborg.ru/catalog/stalnye-panelnye-radiatory-500h400-mm-tip-22,категория
https://steelborg.ru/catalog/stalnye-panelnye-radiatory-500h1800-mm,категория
https://steelborg.ru/catalog/stalnye-panelnye-radiatory-500h1600-mm-tip-22,категория
https://steelborg.ru/catalog/stalnye-panelnye-radiatory-500h1400-mm-tip-22,категория
https://steelborg.ru/catalog/stalnye-panelnye-radiatory-500h1200-mm-tip-22,категория
https://steelborg.ru/catalog/stalnye-panelnye-radiatory-500h1200-mm,категория
https://steelborg.ru/catalog/stalnye-panelnye-radiatory-500h1000-mm-tip-22,категория
https://steelborg.ru/catalog/stalnye-panelnye-radiatory-500h1000-mm,категория
https://steelborg.ru/catalog/stalnye-panelnye-radiatory-500-mm-tip-22,категория
https://steelborg.ru/catalog/stalnye-panelnye-radiatory-500-mm,категория
https://steelborg.ru/catalog/stalnye-panelnye-radiatory-400-mm,категория
https://steelborg.ru/catalog/stalnye-panelnye-radiatory-300h1000-mm-tip-22,категория
https://steelborg.ru/catalog/stalnye-panelnye-radiatory-1800-mm,категория
https://steelborg.ru/catalog/stalnye-panelnye-radiatory,категория
https://steelborg.ru/catalog/stalnye-radiatory,категория
https://steelborg.ru/catalog/radiatory-otopleniya-96h500-mm,категория
https://steelborg.ru/catalog/radiatory-otopleniya-80h350-mm,категория
https://steelborg.ru/catalog/radiatory-otopleniya-800-mm,категория
https://steelborg.ru/catalog/radiatory-otopleniya-80-mm,категория
https://steelborg.ru/catalog/radiatory-otopleniya-8-sht,категория
https://steelborg.ru/catalog/radiatory-otopleniya-7-sht,категория
https://steelborg.ru/catalog/radiatory-otopleniya-6-sht,категория
https://steelborg.ru/catalog/radiatory-otopleniya-500-mm,категория
https://steelborg.ru/catalog/radiatory-otopleniya-5-sht,категория
https://steelborg.ru/catalog/radiatory-otopleniya-4-sht,категория
https://steelborg.ru/catalog/radiatory-otopleniya-350-mm,категория
https://steelborg.ru/catalog/radiatory-otopleniya-300-mm,категория
https://steelborg.ru/catalog/radiatory-otopleniya-3-sht,категория
https://steelborg.ru/catalog/radiatory-otopleniya-250-mm,категория
https://steelborg.ru/catalog/radiatory-otopleniya-200-mm,категория
https://steelborg.ru/catalog/radiatory-otopleniya-2-sht,категория
https://steelborg.ru/catalog/radiatory-otopleniya-14-sht,категория
https://steelborg.ru/catalog/radiatory-otopleniya-12-sht,категория
https://steelborg.ru/catalog/radiatory-otopleniya-100-mm,категория
https://steelborg.ru/catalog/radiatory-otopleniya-10-sht,категория
https://steelborg.ru/catalog/bimetallicheskie-radiatory-belye,категория
https://steelborg.ru/catalog/bimetallicheskie-radiatory-80-mm,категория
https://steelborg.ru/catalog/bimetallicheskie-radiatory-8-sht,категория
https://steelborg.ru/catalog/bimetallicheskie-radiatory-6-sht,категория
https://steelborg.ru/catalog/bimetallicheskie-radiatory-500h80-mm-6-sht,категория
https://steelborg.ru/catalog/bimetallicheskie-radiatory-500h80-mm,категория
https://steelborg.ru/catalog/bimetallicheskie-radiatory-500-mm-6-sht,категория
https://steelborg.ru/catalog/bimetallicheskie-radiatory-500-mm-12-sht,категория
https://steelborg.ru/catalog/bimetallicheskie-radiatory-500-mm-10-sht,категория
https://steelborg.ru/catalog/bimetallicheskie-radiatory-500-mm,категория
https://steelborg.ru/catalog/bimetallicheskie-radiatory-4-sht,категория
https://steelborg.ru/catalog/bimetallicheskie-radiatory-350-mm,категория
https://steelborg.ru/catalog/bimetallicheskie-radiatory-300-mm,категория
https://steelborg.ru/catalog/bimetallicheskie-radiatory-200-mm-14-sht,категория
https://steelborg.ru/catalog/bimetallicheskie-radiatory-200-mm-10-sht,категория
https://steelborg.ru/catalog/bimetallicheskie-radiatory-13-sht,категория
https://steelborg.ru/catalog/bimetallicheskie-radiatory-12-sht,категория
https://steelborg.ru/catalog/bimetallicheskie-radiatory-100-mm,категория
https://steelborg.ru/catalog/bimetallicheskie-radiatory-10-sht,категория
https://steelborg.ru/catalog/bimetallicheskie-radiatory-1-sht,категория
https://steelborg.ru/catalog/bimetallicheskie-radiatory,категория
https://steelborg.ru/catalog/alyuminievye-radiatory-belye-6-sht,категория
https://steelborg.ru/catalog/alyuminievye-radiatory-belye-12-sht,категория
https://steelborg.ru/catalog/alyuminievye-radiatory-96-mm,категория
https://steelborg.ru/catalog/alyuminievye-radiatory-80-mm,категория
https://steelborg.ru/catalog/alyuminievye-radiatory-8-sht,категория
https://steelborg.ru/catalog/alyuminievye-radiatory-7-sht,категория
https://steelborg.ru/catalog/alyuminievye-radiatory-6-sht,категория
https://steelborg.ru/catalog/alyuminievye-radiatory-500h80-mm-8-sht,категория
https://steelborg.ru/catalog/alyuminievye-radiatory-500h80-mm,категория
https://steelborg.ru/catalog/alyuminievye-radiatory-500h100-mm-12-sht,категория
https://steelborg.ru/catalog/alyuminievye-radiatory-500h100-mm-10-sht,категория
https://steelborg.ru/catalog/alyuminievye-radiatory-500-mm,категория
https://steelborg.ru/catalog/alyuminievye-radiatory-4-sht,категория
https://steelborg.ru/catalog/alyuminievye-radiatory-350-mm-6-sht,категория
https://steelborg.ru/catalog/alyuminievye-radiatory-350-mm-4-sht,категория
https://steelborg.ru/catalog/alyuminievye-radiatory-350-mm,категория
https://steelborg.ru/catalog/alyuminievye-radiatory-200-mm-12-sht,категория
https://steelborg.ru/catalog/alyuminievye-radiatory-2-sht,категория
https://steelborg.ru/catalog/alyuminievye-radiatory-14-sht,категория
https://steelborg.ru/catalog/alyuminievye-radiatory-12-sht,категория
https://steelborg.ru/catalog/alyuminievye-radiatory-100-mm,категория
https://steelborg.ru/catalog/alyuminievye-radiatory-10-sht,категория
https://steelborg.ru/catalog/alyuminievye-radiatory-1-sht,категория
https://steelborg.ru/catalog/alyuminievye-radiatory,категория
https://steelborg.ru/catalog/radiatory-otopleniya,категория
https://steelborg.ru/catalog/probka-dlya-radiatora-chugunnaya,категория
https://steelborg.ru/catalog/probka-dlya-radiatora-stalnaya,категория
https://steelborg.ru/catalog/probka-dlya-radiatora-prohodnaya,категория
https://steelborg.ru/catalog/probka-dlya-radiatora-pravaya,категория
https://steelborg.ru/catalog/probka-dlya-radiatora-levaya-34,категория
https://steelborg.ru/catalog/probka-dlya-radiatora-levaya,категория
https://steelborg.ru/catalog/probka-dlya-radiatora-latunnaya,категория
https://steelborg.ru/catalog/probka-dlya-radiatora-gluhaya,категория
https://steelborg.ru/catalog/probka-dlya-radiatora-34,категория
https://steelborg.ru/catalog/probka-dlya-radiatora-20-mm,категория
https://steelborg.ru/catalog/probka-dlya-radiatora-15-mm,категория
https://steelborg.ru/catalog/probka-dlya-radiatora-12,категория
https://steelborg.ru/catalog/probka-dlya-radiatora-1h34,категория
https://steelborg.ru/catalog/probka-dlya-radiatora-1h12,категория
https://steelborg.ru/catalog/probka-dlya-radiatora-1,категория
https://steelborg.ru/catalog/probka-dlya-radiatora-1-14,категория
https://steelborg.ru/catalog/probki-dlya-radiatorov,категория
https://steelborg.ru/catalog/otopitelnye-pribory,категория
https://steelborg.ru/catalog/scheben-m-1200,категория
https://steelborg.ru/catalog/scheben-izvestnyakovyy,категория
https://steelborg.ru/catalog/scheben-iz-gornyh-porod,категория
https://steelborg.ru/catalog/scheben-diabazovyy,категория
https://steelborg.ru/catalog/scheben-granitnyy-5-20-mm,категория
https://steelborg.ru/catalog/scheben-granitnyy-5-10-mm,категория
https://steelborg.ru/catalog/scheben-granitnyy-40-70-mm,категория
https://steelborg.ru/catalog/scheben-granitnyy-20-40-mm,категория
https://steelborg.ru/catalog/scheben-granitnyy,категория
https://steelborg.ru/catalog/scheben-graviynyy,категория
https://steelborg.ru/catalog/scheben-5-40,категория
https://steelborg.ru/catalog/scheben-5-20,категория
https://steelborg.ru/catalog/scheben-5-10,категория
https://steelborg.ru/catalog/scheben-40-80,категория
https://steelborg.ru/catalog/scheben-40-70,категория
https://steelborg.ru/catalog/scheben-20-40,категория
https://steelborg.ru/catalog/scheben-10-20,категория
https://steelborg.ru/catalog/scheben-0-20,категория
https://steelborg.ru/catalog/scheben,категория
https://steelborg.ru/catalog/torf,категория
https://steelborg.ru/catalog/peschano-graviynaya-smes,категория
https://steelborg.ru/catalog/pesok-rastvornyy,категория
https://steelborg.ru/catalog/pesok-prirodnyy,категория
https://steelborg.ru/catalog/pesok-mytyy,категория
https://steelborg.ru/catalog/pesok-krupnozernistyy,категория
https://steelborg.ru/catalog/pesok-karernyy,категория
https://steelborg.ru/catalog/pesok-goryachiy,категория
https://steelborg.ru/catalog/pesok,категория
https://steelborg.ru/catalog/keramzit,категория
https://steelborg.ru/catalog/vermikulit,категория
https://steelborg.ru/catalog/nerudnye-materialy,категория
https://steelborg.ru/catalog/shtrips-nerzhaveyuschiy-aisi-304,категория
https://steelborg.ru/catalog/shtrips-iz-nerzhaveyuschey-stali-0-d-5-mm,категория
https://steelborg.ru/catalog/shtrips-iz-nerzhaveyuschey-stali,категория
https://steelborg.ru/catalog/shestigrannik-nerzhaveyuschiy-kalibrovannyy,категория
https://steelborg.ru/catalog/shestigrannik-nerzhaveyuschiy-goryachekatanyy,категория
https://steelborg.ru/catalog/shestigrannik-nerzhaveyuschiy-12h18n10t,категория
https://steelborg.ru/catalog/shestigrannik-nerzhaveyuschiy,категория
https://steelborg.ru/catalog/shveller-nerzhaveyuschiy-matovyy,категория
https://steelborg.ru/catalog/shveller-nerzhaveyuschiy-goryachekatanyy,категория
https://steelborg.ru/catalog/shveller-nerzhaveyuschiy-gnutyy,категория
https://steelborg.ru/catalog/shveller-nerzhaveyuschiy-aisi-304,категория
https://steelborg.ru/catalog/shveller-nerzhaveyuschiy-12h18n10t,категория
https://steelborg.ru/catalog/shveller-nerzhaveyuschiy-08h18n10,категория
https://steelborg.ru/catalog/shveller-nerzhaveyuschiy,категория
https://steelborg.ru/catalog/folga-nerzhaveyuschaya-0-d-1-mm,категория
https://steelborg.ru/catalog/folga-nerzhaveyuschaya-0-d-02-mm,категория
https://steelborg.ru/catalog/folga-nerzhaveyuschaya,категория
https://steelborg.ru/catalog/ugolok-iz-nerzhaveyuschey-stali-aisi-304,категория
https://steelborg.ru/catalog/ugolok-iz-nerzhaveyuschey-stali-50x50-mm,категория
https://steelborg.ru/catalog/ugolok-iz-nerzhaveyuschey-stali-40x40-mm,категория
https://steelborg.ru/catalog/ugolok-iz-nerzhaveyuschey-stali-30x30-mm,категория
https://steelborg.ru/catalog/ugolok-iz-nerzhaveyuschey-stali-25x25-mm,категория
https://steelborg.ru/catalog/ugolok-iz-nerzhaveyuschey-stali-20x20-mm,категория
https://steelborg.ru/catalog/ugolok-iz-nerzhaveyuschey-stali-10x10-mm,категория
https://steelborg.ru/catalog/ugolok-iz-nerzhaveyuschey-stali-100x100-mm,категория
https://steelborg.ru/catalog/ugolok-iz-nerzhaveyuschey-stali,категория
https://steelborg.ru/catalog/truba-nerzhaveyuschaya-profilnaya-aisi-304,категория
https://steelborg.ru/catalog/truba-profilnaya-nerzhaveyuschaya,категория
https://steelborg.ru/catalog/truba-nerzhaveyuschaya-elektrosvarnaya,категория
https://steelborg.ru/catalog/truba-nerzhaveyuschaya-shlifovannaya,категория
https://steelborg.ru/catalog/truba-nerzhaveyuschaya-pryamougolnaya,категория
https://steelborg.ru/catalog/truba-nerzhaveyuschaya-matovaya,категория
https://steelborg.ru/catalog/truba-nerzhaveyuschaya-kvadratnaya,категория
https://steelborg.ru/catalog/truba-nerzhaveyuschaya-zerkalnaya,категория
https://steelborg.ru/catalog/gofrirovannaya-truba-iz-nerzhaveyuschey-stali-gazovaya,категория
https://steelborg.ru/catalog/truba-nerzhaveyuschaya-gofrirovannaya,категория
https://steelborg.ru/catalog/truba-nerzhaveyuschaya-aisi-430,категория
https://steelborg.ru/catalog/truba-nerzhaveyuschaya-aisi-321,категория
https://steelborg.ru/catalog/truba-nerzhaveyuschaya-aisi-316l,категория
https://steelborg.ru/catalog/truba-nerzhaveyuschaya-aisi-316,категория
https://steelborg.ru/catalog/truba-nerzhaveyuschaya-aisi-304,категория
https://steelborg.ru/catalog/truba-nerzhaveyuschaya-aisi-201,категория
https://steelborg.ru/catalog/truba-nerzhaveyuschaya-89-mm,категория
https://steelborg.ru/catalog/truba-nerzhaveyuschaya-8-mm,категория
https://steelborg.ru/catalog/truba-nerzhaveyuschaya-7-mm,категория
https://steelborg.ru/catalog/truba-nerzhaveyuschaya-65-mm,категория
https://steelborg.ru/catalog/truba-nerzhaveyuschaya-60-mm,категория
https://steelborg.ru/catalog/truba-nerzhaveyuschaya-6-mm,категория
https://steelborg.ru/catalog/truba-nerzhaveyuschaya-50-mm,категория
https://steelborg.ru/catalog/truba-nerzhaveyuschaya-5-mm,категория
https://steelborg.ru/catalog/truba-nerzhaveyuschaya-40-mm,категория
https://steelborg.ru/catalog/truba-nerzhaveyuschaya-4-d-5-mm,категория
https://steelborg.ru/catalog/truba-nerzhaveyuschaya-4-mm,категория
https://steelborg.ru/catalog/truba-nerzhaveyuschaya-38-mm,категория
https://steelborg.ru/catalog/truba-nerzhaveyuschaya-35-mm,категория
https://steelborg.ru/catalog/truba-nerzhaveyuschaya-32-mm,категория
https://steelborg.ru/catalog/truba-nerzhaveyuschaya-30-mm,категория
https://steelborg.ru/catalog/truba-nerzhaveyuschaya-3-mm,категория
https://steelborg.ru/catalog/truba-nerzhaveyuschaya-28-mm,категория
https://steelborg.ru/catalog/truba-nerzhaveyuschaya-25-mm,категория
https://steelborg.ru/catalog/truba-nerzhaveyuschaya-24-mm,категория
https://steelborg.ru/catalog/truba-nerzhaveyuschaya-22-mm,категория
https://steelborg.ru/catalog/truba-nerzhaveyuschaya-20-mm,категория
https://steelborg.ru/catalog/truba-nerzhaveyuschaya-2-d-5-mm,категория
https://steelborg.ru/catalog/truba-nerzhaveyuschaya-2-mm,категория
https://steelborg.ru/catalog/truba-nerzhaveyuschaya-18-mm,категория
https://steelborg.ru/catalog/truba-nerzhaveyuschaya-16-mm,категория
https://steelborg.ru/catalog/truba-nerzhaveyuschaya-15-mm,категория
https://steelborg.ru/catalog/truba-nerzhaveyuschaya-12h18n9,категория
https://steelborg.ru/catalog/truba-nerzhaveyuschaya-12h18n10t,категория
https://steelborg.ru/catalog/truba-nerzhaveyuschaya-12-mm,категория
https://steelborg.ru/catalog/truba-nerzhaveyuschaya-10h17n13m2t,категория
https://steelborg.ru/catalog/truba-nerzhaveyuschaya-100-mm,категория
https://steelborg.ru/catalog/truba-nerzhaveyuschaya-10-mm,категория
https://steelborg.ru/catalog/truba-nerzhaveyuschaya-1-d-5-mm,категория
https://steelborg.ru/catalog/truba-nerzhaveyuschaya-1-d-4-mm,категория
https://steelborg.ru/catalog/truba-nerzhaveyuschaya-1-d-2-mm,категория
https://steelborg.ru/catalog/truba-nerzhaveyuschaya-1-mm,категория
https://steelborg.ru/catalog/truba-nerzhaveyuschaya-08h18n10t,категория
https://steelborg.ru/catalog/truba-nerzhaveyuschaya-08h18n10,категория
https://steelborg.ru/catalog/truba-nerzhaveyuschaya-0-d-9-mm,категория
https://steelborg.ru/catalog/truba-nerzhaveyuschaya-0-d-8-mm,категория
https://steelborg.ru/catalog/truba-nerzhaveyuschaya-0-d-6-mm,категория
https://steelborg.ru/catalog/truba-nerzhaveyuschaya-0-d-5-mm,категория
https://steelborg.ru/catalog/truba-nerzhaveyuschaya-0-d-3-mm,категория
https://steelborg.ru/catalog/truba-nerzhaveyuschaya,категория
https://steelborg.ru/catalog/tavr-nerzhaveyuschiy-aisi-304,категория
https://steelborg.ru/catalog/tavr-nerzhaveyuschiy,категория
https://steelborg.ru/catalog/setka-nerzhaveyuschaya-tkanaya,категория
https://steelborg.ru/catalog/setka-nerzhaveyuschaya-aisi-304,категория
https://steelborg.ru/catalog/setka-nerzhaveyuschaya-6x6-mm,категория
https://steelborg.ru/catalog/setka-nerzhaveyuschaya-5x5-mm,категория
https://steelborg.ru/catalog/setka-nerzhaveyuschaya-50x50-mm,категория
https://steelborg.ru/catalog/setka-nerzhaveyuschaya-4x4-mm,категория
https://steelborg.ru/catalog/setka-nerzhaveyuschaya-3x3-mm,категория
https://steelborg.ru/catalog/setka-nerzhaveyuschaya-2x2x1-mm,категория
https://steelborg.ru/catalog/setka-nerzhaveyuschaya-20x20-mm,категория
https://steelborg.ru/catalog/setka-nerzhaveyuschaya-2-mm,категория
https://steelborg.ru/catalog/setka-nerzhaveyuschaya-12h18n10t,категория
https://steelborg.ru/catalog/setka-nerzhaveyuschaya-10x10-mm,категория
https://steelborg.ru/catalog/setka-nerzhaveyuschaya-1-mm,категория
https://steelborg.ru/catalog/setka-nerzhaveyuschaya-0-d-4-mm,категория
https://steelborg.ru/catalog/prosechnaya-setka-iz-nerzhaveyuschey-stali,категория
https://steelborg.ru/catalog/setka-nerzhaveyuschaya,категория
https://steelborg.ru/catalog/provoloka-svarochnaya-nerzhaveyuschaya,категория
https://steelborg.ru/catalog/provoloka-nerzhaveyuschaya-aisi-304,категория
https://steelborg.ru/catalog/provoloka-nerzhaveyuschaya-5-mm,категория
https://steelborg.ru/catalog/provoloka-nerzhaveyuschaya-4-mm,категория
https://steelborg.ru/catalog/provoloka-nerzhaveyuschaya-3-mm,категория
https://steelborg.ru/catalog/provoloka-nerzhaveyuschaya-2-mm,категория
https://steelborg.ru/catalog/provoloka-nerzhaveyuschaya-12h18n10t,категория
https://steelborg.ru/catalog/provoloka-nerzhaveyuschaya-1-d-6-mm,категория
https://steelborg.ru/catalog/provoloka-nerzhaveyuschaya-1-d-2-mm,категория
https://steelborg.ru/catalog/provoloka-nerzhaveyuschaya-1-mm,категория
https://steelborg.ru/catalog/provoloka-nerzhaveyuschaya-08h18n10,категория
https://steelborg.ru/catalog/provoloka-nerzhaveyuschaya-0-d-8-mm,категория
https://steelborg.ru/catalog/provoloka-nerzhaveyuschaya,категория
https://steelborg.ru/catalog/polosa-nerzhaveyuschaya-matovaya,категория
https://steelborg.ru/catalog/polosa-nerzhaveyuschaya-zagotovka,категория
https://steelborg.ru/catalog/polosa-nerzhaveyuschaya-goryachekatanaya,категория
https://steelborg.ru/catalog/polosa-nerzhaveyuschaya-aisi-321,категория
https://steelborg.ru/catalog/polosa-nerzhaveyuschaya-aisi-316l,категория
https://steelborg.ru/catalog/polosa-nerzhaveyuschaya-aisi-304,категория
https://steelborg.ru/catalog/polosa-nerzhaveyuschaya-80-mm,категория
https://steelborg.ru/catalog/polosa-nerzhaveyuschaya-8-mm,категория
https://steelborg.ru/catalog/polosa-nerzhaveyuschaya-70-mm,категория
https://steelborg.ru/catalog/polosa-nerzhaveyuschaya-60-mm,категория
https://steelborg.ru/catalog/polosa-nerzhaveyuschaya-6-mm,категория
https://steelborg.ru/catalog/polosa-nerzhaveyuschaya-50-mm,категория
https://steelborg.ru/catalog/polosa-nerzhaveyuschaya-5-mm,категория
https://steelborg.ru/catalog/polosa-nerzhaveyuschaya-40-mm,категория
https://steelborg.ru/catalog/polosa-nerzhaveyuschaya-4-mm,категория
https://steelborg.ru/catalog/polosa-nerzhaveyuschaya-35-mm,категория
https://steelborg.ru/catalog/polosa-nerzhaveyuschaya-30-mm,категория
https://steelborg.ru/catalog/polosa-nerzhaveyuschaya-3-mm,категория
https://steelborg.ru/catalog/polosa-nerzhaveyuschaya-25-mm,категория
https://steelborg.ru/catalog/polosa-nerzhaveyuschaya-20-mm,категория
https://steelborg.ru/catalog/polosa-nerzhaveyuschaya-15-mm,категория
https://steelborg.ru/catalog/polosa-nerzhaveyuschaya-12-mm,категория
https://steelborg.ru/catalog/polosa-nerzhaveyuschaya-100-mm,категория
https://steelborg.ru/catalog/polosa-nerzhaveyuschaya-10-mm,категория
https://steelborg.ru/catalog/polosa-nerzhaveyuschaya-08h18n10,категория
https://steelborg.ru/catalog/polosa-nerzhaveyuschaya,категория
https://steelborg.ru/catalog/lyuk-nerzhaveyuschiy-pryamougolnyy,категория
https://steelborg.ru/catalog/lyuk-nerzhaveyuschiy-pod-davlenie,категория
https://steelborg.ru/catalog/lyuk-nerzhaveyuschiy-ovalnyy,категория
https://steelborg.ru/catalog/lyuk-nerzhaveyuschiy-kruglyy,категория
https://steelborg.ru/catalog/lyuk-nerzhaveyuschiy-dlya-emkostey,категория
https://steelborg.ru/catalog/lyuk-nerzhaveyuschiy-aisi-316l,категория
https://steelborg.ru/catalog/lyuk-nerzhaveyuschiy-aisi-316,категория
https://steelborg.ru/catalog/lyuk-nerzhaveyuschiy-aisi-304,категория
https://steelborg.ru/catalog/lyuk-nerzhaveyuschiy-600-mm,категория
https://steelborg.ru/catalog/lyuk-nerzhaveyuschiy-500-mm,категория
https://steelborg.ru/catalog/lyuk-nerzhaveyuschiy-400-mm,категория
https://steelborg.ru/catalog/lyuk-nerzhaveyuschiy-300-mm,категория
https://steelborg.ru/catalog/lyuk-nerzhaveyuschiy,категория
https://steelborg.ru/catalog/rulon-nerzhaveyuschiy,категория
https://steelborg.ru/catalog/list-nerzhaveyuschiy-shlifovannyy,категория
https://steelborg.ru/catalog/list-nerzhaveyuschiy-holodnokatanyy,категория
https://steelborg.ru/catalog/list-nerzhaveyuschiy-riflenyy,категория
https://steelborg.ru/catalog/list-nerzhaveyuschiy-prosechno-vytyazhnoy,категория
https://steelborg.ru/catalog/list-nerzhaveyuschiy-perforirovannyy,категория
https://steelborg.ru/catalog/list-nerzhaveyuschiy-matovyy,категория
https://steelborg.ru/catalog/list-nerzhaveyuschiy-zerkalnyy,категория
https://steelborg.ru/catalog/list-nerzhaveyuschiy-dekorativnyy,категория
https://steelborg.ru/catalog/list-nerzhaveyuschiy-goryachekatanyy,категория
https://steelborg.ru/catalog/list-nerzhaveyuschiy-gladkiy,категория
https://steelborg.ru/catalog/list-nerzhaveyuschiy-v-plenke,категория
https://steelborg.ru/catalog/list-nerzhaveyuschiy-no1,категория
https://steelborg.ru/catalog/list-nerzhaveyuschiy-aisi-430,категория
https://steelborg.ru/catalog/list-nerzhaveyuschiy-aisi-321,категория
https://steelborg.ru/catalog/list-nerzhaveyuschiy-aisi-304,категория
https://steelborg.ru/catalog/list-nerzhaveyuschiy-6000-mm,категория
https://steelborg.ru/catalog/list-nerzhaveyuschiy-3000-mm,категория
https://steelborg.ru/catalog/list-nerzhaveyuschiy-3-mm,категория
https://steelborg.ru/catalog/list-nerzhaveyuschiy-2b,категория
https://steelborg.ru/catalog/list-nerzhaveyuschiy-2500-mm,категория
https://steelborg.ru/catalog/list-nerzhaveyuschiy-2000-mm,категория
https://steelborg.ru/catalog/list-nerzhaveyuschiy-2-mm,категория
https://steelborg.ru/catalog/list-nerzhaveyuschiy-1h2-m,категория
https://steelborg.ru/catalog/list-nerzhaveyuschiy-12h18n10t,категория
https://steelborg.ru/catalog/list-nerzhaveyuschiy-1250-mm,категория
https://steelborg.ru/catalog/list-nerzhaveyuschiy-1-d-5h6-m,категория
https://steelborg.ru/catalog/list-nerzhaveyuschiy-1-d-5h3-m,категория
https://steelborg.ru/catalog/list-nerzhaveyuschiy-1-d-5-mm,категория
https://steelborg.ru/catalog/list-nerzhaveyuschiy-1-d-25h2-d-5-m,категория
https://steelborg.ru/catalog/list-nerzhaveyuschiy-1-mm,категория
https://steelborg.ru/catalog/list-nerzhaveyuschiy-08h18n10,категория
https://steelborg.ru/catalog/list-nerzhaveyuschiy-0-d-8-mm,категория
https://steelborg.ru/catalog/list-nerzhaveyuschiy-0-d-5-mm,категория
https://steelborg.ru/catalog/list-nerzhaveyuschiy,категория
https://steelborg.ru/catalog/lenta-nerzhaveyuschaya-matovaya,категория
https://steelborg.ru/catalog/lenta-nerzhaveyuschaya-aisi-430,категория
https://steelborg.ru/catalog/lenta-nerzhaveyuschaya-aisi-304,категория
https://steelborg.ru/catalog/lenta-nerzhaveyuschaya-400-mm,категория
https://steelborg.ru/catalog/lenta-nerzhaveyuschaya-20-mm,категория
https://steelborg.ru/catalog/lenta-nerzhaveyuschaya-12h18n10t,категория
https://steelborg.ru/catalog/lenta-nerzhaveyuschaya-1-mm,категория
https://steelborg.ru/catalog/lenta-nerzhaveyuschaya-0-d-8-mm,категория
https://steelborg.ru/catalog/lenta-nerzhaveyuschaya-0-d-6-mm,категория
https://steelborg.ru/catalog/lenta-nerzhaveyuschaya-0-d-5-mm,категория
https://steelborg.ru/catalog/lenta-nerzhaveyuschaya-0-d-4-mm,категория
https://steelborg.ru/catalog/lenta-nerzhaveyuschaya-0-d-3-mm,категория
https://steelborg.ru/catalog/lenta-nerzhaveyuschaya-0-d-2-mm,категория
https://steelborg.ru/catalog/lenta-nerzhaveyuschaya-0-d-15-mm,категория
https://steelborg.ru/catalog/lenta-nerzhaveyuschaya,категория
https://steelborg.ru/catalog/krugi-20h23n18,категория
https://steelborg.ru/catalog/krug-hn78t,категория
https://steelborg.ru/catalog/krug-hn70yu,категория
https://steelborg.ru/catalog/krug-nerzhaveyuschiy-obtochennyy,категория
https://steelborg.ru/catalog/krug-nerzhaveyuschiy-matovyy,категория
https://steelborg.ru/catalog/krug-nerzhaveyuschiy-90-mm,категория
https://steelborg.ru/catalog/krug-nerzhaveyuschiy-80-mm,категория
https://steelborg.ru/catalog/krug-nerzhaveyuschiy-8-mm,категория
https://steelborg.ru/catalog/krug-nerzhaveyuschiy-70-mm,категория
https://steelborg.ru/catalog/krug-nerzhaveyuschiy-65-mm,категория
https://steelborg.ru/catalog/krug-nerzhaveyuschiy-60-mm,категория
https://steelborg.ru/catalog/krug-nerzhaveyuschiy-50-mm,категория
https://steelborg.ru/catalog/krug-nerzhaveyuschiy-45-mm,категория
https://steelborg.ru/catalog/krug-nerzhaveyuschiy-40-mm,категория
https://steelborg.ru/catalog/krug-nerzhaveyuschiy-36-mm,категория
https://steelborg.ru/catalog/krug-nerzhaveyuschiy-35-mm,категория
https://steelborg.ru/catalog/krug-nerzhaveyuschiy-32-mm,категория
https://steelborg.ru/catalog/krug-nerzhaveyuschiy-30-mm,категория
https://steelborg.ru/catalog/krug-nerzhaveyuschiy-28-mm,категория
https://steelborg.ru/catalog/krug-nerzhaveyuschiy-25-mm,категория
https://steelborg.ru/catalog/krug-nerzhaveyuschiy-22-mm,категория
https://steelborg.ru/catalog/krug-nerzhaveyuschiy-20-mm,категория
https://steelborg.ru/catalog/krug-nerzhaveyuschiy-18-mm,категория
https://steelborg.ru/catalog/krug-nerzhaveyuschiy-16-mm,категория
https://steelborg.ru/catalog/krug-nerzhaveyuschiy-150-mm,категория
https://steelborg.ru/catalog/krug-nerzhaveyuschiy-14-mm,категория
https://steelborg.ru/catalog/krug-nerzhaveyuschiy-130-mm,категория
https://steelborg.ru/catalog/krug-nerzhaveyuschiy-120-mm,категория
https://steelborg.ru/catalog/krug-nerzhaveyuschiy-12-mm,категория
https://steelborg.ru/catalog/krug-nerzhaveyuschiy-110-mm,категория
https://steelborg.ru/catalog/krug-nerzhaveyuschiy-100-mm,категория
https://steelborg.ru/catalog/krug-nerzhaveyuschiy-10-mm,категория
https://steelborg.ru/catalog/krug-aisi-316l,категория
https://steelborg.ru/catalog/krug-aisi-304,категория
https://steelborg.ru/catalog/krug-nerzhaveyuschiy-95h18,категория
https://steelborg.ru/catalog/krug-40h13,категория
https://steelborg.ru/catalog/krug-36nhtyu,категория
https://steelborg.ru/catalog/krug-30h13,категория
https://steelborg.ru/catalog/krug-20h13,категория
https://steelborg.ru/catalog/krug-14h17n2,категория
https://steelborg.ru/catalog/krug-12h18n10t,категория
https://steelborg.ru/catalog/krug-10h17n13m2t,категория
https://steelborg.ru/catalog/krug-08h18n10t,категория
https://steelborg.ru/catalog/krug-08h18n10,категория
https://steelborg.ru/catalog/krug-08h17n5m3,категория
https://steelborg.ru/catalog/krug-nerzhaveyuschiy,категория
https://steelborg.ru/catalog/kvadrat-nerzhaveyuschiy-kalibrovannyy,категория
https://steelborg.ru/catalog/kvadrat-nerzhaveyuschiy-zagotovka,категория
https://steelborg.ru/catalog/kvadrat-nerzhaveyuschiy-goryachekatanyy,категория
https://steelborg.ru/catalog/kvadrat-nerzhaveyuschiy-aisi-304,категория
https://steelborg.ru/catalog/kvadrat-nerzhaveyuschiy-8-mm,категория
https://steelborg.ru/catalog/kvadrat-nerzhaveyuschiy-40-mm,категория
https://steelborg.ru/catalog/kvadrat-nerzhaveyuschiy-30-mm,категория
https://steelborg.ru/catalog/kvadrat-nerzhaveyuschiy-20-mm,категория
https://steelborg.ru/catalog/kvadrat-nerzhaveyuschiy-12h18n10t,категория
https://steelborg.ru/catalog/kvadrat-nerzhaveyuschiy-10-mm,категория
https://steelborg.ru/catalog/kvadrat-nerzhaveyuschiy-08h18n10,категория
https://steelborg.ru/catalog/kvadrat-nerzhaveyuschiy,категория
https://steelborg.ru/catalog/dvutavr-nerzhaveyuschiy,категория
https://steelborg.ru/catalog/nerzhaveyuschiy-metalloprokat,категория
https://steelborg.ru/catalog/shurup-shpilka-santehnicheskiy-m8,категория
https://steelborg.ru/catalog/shurup-shpilka-santehnicheskiy-m10h300,категория
https://steelborg.ru/catalog/shurup-shpilka-santehnicheskiy,категория
https://steelborg.ru/catalog/shurup-shpilka-otsinkovannyy,категория
https://steelborg.ru/catalog/shurup-shpilka-m8h80,категория
https://steelborg.ru/catalog/shurup-shpilka-m8h60,категория
https://steelborg.ru/catalog/shurup-shpilka-m8h240,категория
https://steelborg.ru/catalog/shurup-shpilka-m8h200,категория
https://steelborg.ru/catalog/shurup-shpilka-m8h180,категория
https://steelborg.ru/catalog/shurup-shpilka-m8h160,категория
https://steelborg.ru/catalog/shurup-shpilka-m8h120,категория
https://steelborg.ru/catalog/shurup-shpilka-m8h100,категория
https://steelborg.ru/catalog/shurup-shpilka-m8,категория
https://steelborg.ru/catalog/shurup-shpilka-m6h80,категория
https://steelborg.ru/catalog/shurup-shpilka-m6h60,категория
https://steelborg.ru/catalog/shurup-shpilka-m6h140,категория
https://steelborg.ru/catalog/shurup-shpilka-m6,категория
https://steelborg.ru/catalog/shurup-shpilka-m10h300,категория
https://steelborg.ru/catalog/shurup-shpilka-m10h160,категория
https://steelborg.ru/catalog/shurup-shpilka-m10h120,категория
https://steelborg.ru/catalog/shurup-shpilka-m10h100,категория
https://steelborg.ru/catalog/shurup-shpilka-m10,категория
https://steelborg.ru/catalog/shurup-shpilka-8h140-mm,категория
https://steelborg.ru/catalog/shurup-shpilka-80-mm,категория
https://steelborg.ru/catalog/shurup-shpilka-60-mm,категория
https://steelborg.ru/catalog/shurup-shpilka-200-mm,категория
https://steelborg.ru/catalog/shurup-shpilka-180-mm,категория
https://steelborg.ru/catalog/shurup-shpilka-160-mm,категория
https://steelborg.ru/catalog/shurup-shpilka-140-mm,категория
https://steelborg.ru/catalog/shurup-shpilka-120-mm,категория
https://steelborg.ru/catalog/shurup-shpilka-100-mm,категория
https://steelborg.ru/catalog/shurup-shpilka,категория
https://steelborg.ru/catalog/shurup-samorez-universalnyy,категория
https://steelborg.ru/catalog/shurup-samorez-s-potaynoy-golovkoy,категория
https://steelborg.ru/catalog/shurup-samorez-po-metallu,категория
https://steelborg.ru/catalog/shurup-samorez-po-derevu,категория
https://steelborg.ru/catalog/shurup-samorez-otsinkovannyy,категория
https://steelborg.ru/catalog/shurup-samorez-nerzhaveyuschiy,категория
https://steelborg.ru/catalog/shurup-samorez-konstruktsionnyy-dlya-dereva,категория
https://steelborg.ru/catalog/shurup-samorez-konstruktsionnyy,категория
https://steelborg.ru/catalog/shurup-samorez-zheltyy-tsink,категория
https://steelborg.ru/catalog/shurup-samorez-8h70-mm,категория
https://steelborg.ru/catalog/shurup-samorez-8-mm,категория
https://steelborg.ru/catalog/shurup-samorez-6-mm,категория
https://steelborg.ru/catalog/shurup-samorez-5-mm,категория
https://steelborg.ru/catalog/shurup-samorez-4h40-mm,категория
https://steelborg.ru/catalog/shurup-samorez-4h35-mm,категория
https://steelborg.ru/catalog/shurup-samorez-4-d-5h25-mm,категория
https://steelborg.ru/catalog/shurup-samorez-4-d-5-mm,категория
https://steelborg.ru/catalog/shurup-samorez-4-mm,категория
https://steelborg.ru/catalog/shurup-samorez-35-mm,категория
https://steelborg.ru/catalog/shurup-samorez-3-d-5h25-mm,категория
https://steelborg.ru/catalog/shurup-samorez-3-d-5-mm,категория
https://steelborg.ru/catalog/shurup-samorez-2-d-5h16-mm,категория
https://steelborg.ru/catalog/shurup-samorez-10-mm,категория
https://steelborg.ru/catalog/shurup-samorez,категория
https://steelborg.ru/catalog/shurup-s-shestigrannoy-golovkoy-santehnicheskiy,категория
https://steelborg.ru/catalog/shurup-s-shestigrannoy-golovkoy-po-derevu,категория
https://steelborg.ru/catalog/shurup-s-shestigrannoy-golovkoy-po-betonu,категория
https://steelborg.ru/catalog/shurup-s-shestigrannoy-golovkoy-otsinkovannyy,категория
https://steelborg.ru/catalog/shurup-s-shestigrannoy-golovkoy-m6h200,категория
https://steelborg.ru/catalog/shurup-s-shestigrannoy-golovkoy-bez-pokrytiya,категория
https://steelborg.ru/catalog/shurup-s-shestigrannoy-golovkoy-90-mm,категория
https://steelborg.ru/catalog/shurup-s-shestigrannoy-golovkoy-8h80-mm,категория
https://steelborg.ru/catalog/shurup-s-shestigrannoy-golovkoy-8h70-mm,категория
https://steelborg.ru/catalog/shurup-s-shestigrannoy-golovkoy-8h60-mm,категория
https://steelborg.ru/catalog/shurup-s-shestigrannoy-golovkoy-8h50-mm,категория
https://steelborg.ru/catalog/shurup-s-shestigrannoy-golovkoy-8h40-mm,категория
https://steelborg.ru/catalog/shurup-s-shestigrannoy-golovkoy-8h120-mm,категория
https://steelborg.ru/catalog/shurup-s-shestigrannoy-golovkoy-8h100-mm,категория
https://steelborg.ru/catalog/shurup-s-shestigrannoy-golovkoy-80-mm,категория
https://steelborg.ru/catalog/shurup-s-shestigrannoy-golovkoy-8-mm,категория
https://steelborg.ru/catalog/shurup-s-shestigrannoy-golovkoy-70-mm,категория
https://steelborg.ru/catalog/shurup-s-shestigrannoy-golovkoy-6h80-mm,категория
https://steelborg.ru/catalog/shurup-s-shestigrannoy-golovkoy-6h70-mm,категория
https://steelborg.ru/catalog/shurup-s-shestigrannoy-golovkoy-6h60-mm,категория
https://steelborg.ru/catalog/shurup-s-shestigrannoy-golovkoy-6h50-mm,категория
https://steelborg.ru/catalog/shurup-s-shestigrannoy-golovkoy-6h40-mm,категория
https://steelborg.ru/catalog/shurup-s-shestigrannoy-golovkoy-6h30-mm,категория
https://steelborg.ru/catalog/shurup-s-shestigrannoy-golovkoy-6h100-mm,категория
https://steelborg.ru/catalog/shurup-s-shestigrannoy-golovkoy-60-mm,категория
https://steelborg.ru/catalog/shurup-s-shestigrannoy-golovkoy-6-mm,категория
https://steelborg.ru/catalog/shurup-s-shestigrannoy-golovkoy-50-mm,категория
https://steelborg.ru/catalog/shurup-s-shestigrannoy-golovkoy-5-d-5-mm,категория
https://steelborg.ru/catalog/shurup-s-shestigrannoy-golovkoy-40-mm,категория
https://steelborg.ru/catalog/shurup-s-shestigrannoy-golovkoy-160-mm,категория
https://steelborg.ru/catalog/shurup-s-shestigrannoy-golovkoy-150-mm,категория
https://steelborg.ru/catalog/shurup-s-shestigrannoy-golovkoy-140-mm,категория
https://steelborg.ru/catalog/shurup-s-shestigrannoy-golovkoy-12h70-mm,категория
https://steelborg.ru/catalog/shurup-s-shestigrannoy-golovkoy-120-mm,категория
https://steelborg.ru/catalog/shurup-s-shestigrannoy-golovkoy-12-mm,категория
https://steelborg.ru/catalog/shurup-s-shestigrannoy-golovkoy-10h80-mm,категория
https://steelborg.ru/catalog/shurup-s-shestigrannoy-golovkoy-10h100-mm,категория
https://steelborg.ru/catalog/shurup-s-shestigrannoy-golovkoy-100-mm,категория
https://steelborg.ru/catalog/shurup-s-shestigrannoy-golovkoy-10-mm,категория
https://steelborg.ru/catalog/shurup-s-shestigrannoy-golovkoy,категория
https://steelborg.ru/catalog/shurup-s-polusfericheskoy-golovkoy,категория
https://steelborg.ru/catalog/shurup-s-ploskoy-golovkoy,категория
https://steelborg.ru/catalog/shurup-s-polukrugloy-golovkoy,категория
https://steelborg.ru/catalog/shurup-s-polupotaynoy-golovkoy,категория
https://steelborg.ru/catalog/shurup-s-potaynoy-golovkoy,категория
https://steelborg.ru/catalog/shurup-s-koltsom-otsinkovannyy,категория
https://steelborg.ru/catalog/shurup-s-koltsom-dlya-stroitelnyh-lesov,категория
https://steelborg.ru/catalog/shurup-s-koltsom-8h80-mm,категория
https://steelborg.ru/catalog/shurup-s-koltsom-80-mm,категория
https://steelborg.ru/catalog/shurup-s-koltsom-8-mm,категория
https://steelborg.ru/catalog/shurup-s-koltsom-70-mm,категория
https://steelborg.ru/catalog/shurup-s-koltsom-6h80-mm,категория
https://steelborg.ru/catalog/shurup-s-koltsom-6h60-mm,категория
https://steelborg.ru/catalog/shurup-s-koltsom-6h40-mm,категория
https://steelborg.ru/catalog/shurup-s-koltsom-60-mm,категория
https://steelborg.ru/catalog/shurup-s-koltsom-6-mm,категория
https://steelborg.ru/catalog/shurup-s-koltsom-5h40-mm,категория
https://steelborg.ru/catalog/shurup-s-koltsom-5h30-mm,категория
https://steelborg.ru/catalog/shurup-s-koltsom-50-mm,категория
https://steelborg.ru/catalog/shurup-s-koltsom-5-mm,категория
https://steelborg.ru/catalog/shurup-s-koltsom-4h40-mm,категория
https://steelborg.ru/catalog/shurup-s-koltsom-40-mm,категория
https://steelborg.ru/catalog/shurup-s-koltsom-4-mm,категория
https://steelborg.ru/catalog/shurup-s-koltsom-30-mm,категория
https://steelborg.ru/catalog/shurup-s-koltsom-3-d-5h30-mm,категория
https://steelborg.ru/catalog/shurup-s-koltsom-3-d-5-mm,категория
https://steelborg.ru/catalog/shurup-s-koltsom-3-mm,категория
https://steelborg.ru/catalog/shurup-s-koltsom-20-mm,категория
https://steelborg.ru/catalog/shurup-s-koltsom-12h350-mm,категория
https://steelborg.ru/catalog/shurup-s-koltsom-12h230-mm,категория
https://steelborg.ru/catalog/shurup-s-koltsom-12h160-mm,категория
https://steelborg.ru/catalog/shurup-s-koltsom-12h120-mm,категория
https://steelborg.ru/catalog/shurup-s-koltsom-120-mm,категория
https://steelborg.ru/catalog/shurup-s-koltsom-12-mm,категория
https://steelborg.ru/catalog/shurup-s-koltsom-10h120-mm,категория
https://steelborg.ru/catalog/shurup-s-koltsom-10h100-mm,категория
https://steelborg.ru/catalog/shurup-s-koltsom-100-mm,категория
https://steelborg.ru/catalog/shurup-s-koltsom-10-mm,категория
https://steelborg.ru/catalog/shurup-s-koltsom,категория
https://steelborg.ru/catalog/shurup-kostyl-otsinkovannyy,категория
https://steelborg.ru/catalog/shurup-kostyl-8h80-mm,категория
https://steelborg.ru/catalog/shurup-kostyl-8h100-mm,категория
https://steelborg.ru/catalog/shurup-kostyl-80-mm,категория
https://steelborg.ru/catalog/shurup-kostyl-8-mm,категория
https://steelborg.ru/catalog/shurup-kostyl-70-mm,категория
https://steelborg.ru/catalog/shurup-kostyl-6h60-mm,категория
https://steelborg.ru/catalog/shurup-kostyl-60-mm,категория
https://steelborg.ru/catalog/shurup-kostyl-6-mm,категория
https://steelborg.ru/catalog/shurup-kostyl-50-mm,категория
https://steelborg.ru/catalog/shurup-kostyl-5-mm,категория
https://steelborg.ru/catalog/shurup-kostyl-40-mm,категория
https://steelborg.ru/catalog/shurup-kostyl-4-mm,категория
https://steelborg.ru/catalog/shurup-kostyl-30-mm,категория
https://steelborg.ru/catalog/shurup-kostyl-3-d-5-mm,категория
https://steelborg.ru/catalog/shurup-kostyl-3-mm,категория
https://steelborg.ru/catalog/shurup-kostyl-140-mm,категория
https://steelborg.ru/catalog/shurup-kostyl-120-mm,категория
https://steelborg.ru/catalog/shurup-kostyl-10h80-mm,категория
https://steelborg.ru/catalog/shurup-kostyl-10h120-mm,категория
https://steelborg.ru/catalog/shurup-kostyl-10h100-mm,категория
https://steelborg.ru/catalog/shurup-kostyl-100-mm,категория
https://steelborg.ru/catalog/shurup-kostyl-10-mm,категория
https://steelborg.ru/catalog/shurup-kostyl,категория
https://steelborg.ru/catalog/shurup-gluhar,категория
https://steelborg.ru/catalog/kryuk-shurup-polukoltso-universalnyy,категория
https://steelborg.ru/catalog/kryuk-shurup-polukoltso-stalnoy,категория
https://steelborg.ru/catalog/kryuk-shurup-polukoltso-otsinkovannyy,категория
https://steelborg.ru/catalog/kryuk-shurup-polukoltso-nerzhaveyuschiy,категория
https://steelborg.ru/catalog/kryuk-shurup-polukoltso-bez-pokrytiya,категория
https://steelborg.ru/catalog/kryuk-shurup-polukoltso-90-mm,категория
https://steelborg.ru/catalog/kryuk-shurup-polukoltso-8h80-mm,категория
https://steelborg.ru/catalog/kryuk-shurup-polukoltso-8h100-mm,категория
https://steelborg.ru/catalog/kryuk-shurup-polukoltso-80-mm,категория
https://steelborg.ru/catalog/kryuk-shurup-polukoltso-8-mm,категория
https://steelborg.ru/catalog/kryuk-shurup-polukoltso-75-mm,категория
https://steelborg.ru/catalog/kryuk-shurup-polukoltso-70-mm,категория
https://steelborg.ru/catalog/kryuk-shurup-polukoltso-6h80-mm,категория
https://steelborg.ru/catalog/kryuk-shurup-polukoltso-6h60-mm,категория
https://steelborg.ru/catalog/kryuk-shurup-polukoltso-6h100-mm,категория
https://steelborg.ru/catalog/kryuk-shurup-polukoltso-65-mm,категория
https://steelborg.ru/catalog/kryuk-shurup-polukoltso-60-mm,категория
https://steelborg.ru/catalog/kryuk-shurup-polukoltso-6-mm,категория
https://steelborg.ru/catalog/kryuk-shurup-polukoltso-50-mm,категория
https://steelborg.ru/catalog/kryuk-shurup-polukoltso-5-mm,категория
https://steelborg.ru/catalog/kryuk-shurup-polukoltso-4h40-mm,категория
https://steelborg.ru/catalog/kryuk-shurup-polukoltso-4h30-mm,категория
https://steelborg.ru/catalog/kryuk-shurup-polukoltso-45-mm,категория
https://steelborg.ru/catalog/kryuk-shurup-polukoltso-40-mm,категория
https://steelborg.ru/catalog/kryuk-shurup-polukoltso-4-mm,категория
https://steelborg.ru/catalog/kryuk-shurup-polukoltso-3h30-mm,категория
https://steelborg.ru/catalog/kryuk-shurup-polukoltso-3h20-mm,категория
https://steelborg.ru/catalog/kryuk-shurup-polukoltso-35-mm,категория
https://steelborg.ru/catalog/kryuk-shurup-polukoltso-30-mm,категория
https://steelborg.ru/catalog/kryuk-shurup-polukoltso-3-d-5-mm,категория
https://steelborg.ru/catalog/kryuk-shurup-polukoltso-3-mm,категория
https://steelborg.ru/catalog/kryuk-shurup-polukoltso-25-mm,категория
https://steelborg.ru/catalog/kryuk-shurup-polukoltso-200-mm,категория
https://steelborg.ru/catalog/kryuk-shurup-polukoltso-20-mm,категория
https://steelborg.ru/catalog/kryuk-shurup-polukoltso-180-mm,категория
https://steelborg.ru/catalog/kryuk-shurup-polukoltso-160-mm,категория
https://steelborg.ru/catalog/kryuk-shurup-polukoltso-16-mm,категория
https://steelborg.ru/catalog/kryuk-shurup-polukoltso-150-mm,категория
https://steelborg.ru/catalog/kryuk-shurup-polukoltso-15-mm,категория
https://steelborg.ru/catalog/kryuk-shurup-polukoltso-140-mm,категория
https://steelborg.ru/catalog/kryuk-shurup-polukoltso-120-mm,категория
https://steelborg.ru/catalog/kryuk-shurup-polukoltso-12-mm,категория
https://steelborg.ru/catalog/kryuk-shurup-polukoltso-10h120-mm,категория
https://steelborg.ru/catalog/kryuk-shurup-polukoltso-100-mm,категория
https://steelborg.ru/catalog/kryuk-shurup-polukoltso-10-mm,категория
https://steelborg.ru/catalog/kryuk-shurup-polukoltso,категория
https://steelborg.ru/catalog/shurup-kryuk,категория
https://steelborg.ru/catalog/shurup,категория
https://steelborg.ru/catalog/shtift-tsilindricheskiy,категория
https://steelborg.ru/catalog/shtift-trubchatyy,категория
https://steelborg.ru/catalog/shtift-spiralnyy,категория
https://steelborg.ru/catalog/shtift-rezbovoy,категория
https://steelborg.ru/catalog/shtift-razreznoy,категория
https://steelborg.ru/catalog/shtift-pruzhinnyy,категория
https://steelborg.ru/catalog/shtift-nezakalennyy,категория
https://steelborg.ru/catalog/shtift-napravlyayuschiy,категория
https://steelborg.ru/catalog/shtift-metallicheskiy,категория
https://steelborg.ru/catalog/shtift-konicheskiy,категория
https://steelborg.ru/catalog/shtift-kombinirovannyy,категория
https://steelborg.ru/catalog/shtift-zakalennyy,категория
https://steelborg.ru/catalog/shtift-a4,категория
https://steelborg.ru/catalog/shtift-a2,категория
https://steelborg.ru/catalog/shtift-a1,категория
https://steelborg.ru/catalog/shtift-aisi-303,категория
https://steelborg.ru/catalog/shtift-8h45-mm,категория
https://steelborg.ru/catalog/shtift-8-mm,категория
https://steelborg.ru/catalog/shtift-6-mm,категория
https://steelborg.ru/catalog/shtift-50-mm,категория
https://steelborg.ru/catalog/shtift-5-mm,категория
https://steelborg.ru/catalog/shtift-40-mm,категория
https://steelborg.ru/catalog/shtift-4-mm,категория
https://steelborg.ru/catalog/shtift-32-mm,категория
https://steelborg.ru/catalog/shtift-30-mm,категория
https://steelborg.ru/catalog/shtift-3-mm,категория
https://steelborg.ru/catalog/shtift-24-mm,категория
https://steelborg.ru/catalog/shtift-20-mm,категория
https://steelborg.ru/catalog/shtift-2-d-5-mm,категория
https://steelborg.ru/catalog/shtift-2-mm,категория
https://steelborg.ru/catalog/shtift-18-mm,категория
https://steelborg.ru/catalog/shtift-16-mm,категория
https://steelborg.ru/catalog/shtift-15-mm,категория
https://steelborg.ru/catalog/shtift-12-mm,категория
https://steelborg.ru/catalog/shtift-10-mm,категория
https://steelborg.ru/catalog/shtift-1-d-5-mm,категория
https://steelborg.ru/catalog/titanovyy-shtift,категория
https://steelborg.ru/catalog/shtift,категория
https://steelborg.ru/catalog/shtanga-rezbovaya-stal,категория
https://steelborg.ru/catalog/shtanga-rezbovaya-m8h2000,категория
https://steelborg.ru/catalog/shtanga-rezbovaya-m8,категория
https://steelborg.ru/catalog/shtanga-rezbovaya-m6,категория
https://steelborg.ru/catalog/shtanga-rezbovaya-m30,категория
https://steelborg.ru/catalog/shtanga-rezbovaya-m24,категория
https://steelborg.ru/catalog/shtanga-rezbovaya-m20,категория
https://steelborg.ru/catalog/shtanga-rezbovaya-m18,категория
https://steelborg.ru/catalog/shtanga-rezbovaya-m16h1000,категория
https://steelborg.ru/catalog/shtanga-rezbovaya-m16,категория
https://steelborg.ru/catalog/shtanga-rezbovaya-m14,категория
https://steelborg.ru/catalog/shtanga-rezbovaya-m12,категория
https://steelborg.ru/catalog/shtanga-rezbovaya-m10,категория
https://steelborg.ru/catalog/shtanga-rezbovaya-nerzhaveyuschaya-stal,категория
https://steelborg.ru/catalog/shtanga-rezbovaya-22-mm,категория
https://steelborg.ru/catalog/shtanga-rezbovaya-2000-mm,категория
https://steelborg.ru/catalog/shtanga-rezbovaya-1000-mm,категория
https://steelborg.ru/catalog/shtanga-rezbovaya,категория
https://steelborg.ru/catalog/shplint-s-koltsom,категория
https://steelborg.ru/catalog/shplint-razvodnoy,категория
https://steelborg.ru/catalog/shplint-pryamoy,категория
https://steelborg.ru/catalog/shplint-pruzhinnyy-s-koltsom,категория
https://steelborg.ru/catalog/shplint-pruzhinnyy,категория
https://steelborg.ru/catalog/shplint-otsinkovannyy,категория
https://steelborg.ru/catalog/shplint-nerzhaveyuschiy,категория
https://steelborg.ru/catalog/shplint-igolchatyy-s-koltsom,категория
https://steelborg.ru/catalog/shplint-igolchatyy,категория
https://steelborg.ru/catalog/shplint-belyy-tsink,категория
https://steelborg.ru/catalog/shplint-bez-pokrytiya,категория
https://steelborg.ru/catalog/shplint-a4,категория
https://steelborg.ru/catalog/shplint-a2,категория
https://steelborg.ru/catalog/shplint-8-mm,категория
https://steelborg.ru/catalog/shplint-7-mm,категория
https://steelborg.ru/catalog/shplint-6-d-3-mm,категория
https://steelborg.ru/catalog/shplint-6-mm,категория
https://steelborg.ru/catalog/shplint-5-mm,категория
https://steelborg.ru/catalog/shplint-4-d-5-mm,категория
https://steelborg.ru/catalog/shplint-4-mm,категория
https://steelborg.ru/catalog/shplint-3-d-2-mm,категория
https://steelborg.ru/catalog/shplint-3-mm,категория
https://steelborg.ru/catalog/shplint-2-d-5-mm,категория
https://steelborg.ru/catalog/shplint-2-mm,категория
https://steelborg.ru/catalog/shplint-13-mm,категория
https://steelborg.ru/catalog/shplint-12h18n10t,категория
https://steelborg.ru/catalog/shplint-10-mm,категория
https://steelborg.ru/catalog/shplint-1-d-6-mm,категория
https://steelborg.ru/catalog/shplint-1-d-2-mm,категория
https://steelborg.ru/catalog/shplint-1-mm,категория
https://steelborg.ru/catalog/shplint,категория
https://steelborg.ru/catalog/shpilka-flantsevaya-stalnaya-35,категория
https://steelborg.ru/catalog/shpilka-flantsevaya-m20,категория
https://steelborg.ru/catalog/shpilka-flantsevaya-m16,категория
https://steelborg.ru/catalog/shpilka-flantsevaya-bez-pokrytiya,категория
https://steelborg.ru/catalog/shpilka-flantsevaya,категория
https://steelborg.ru/catalog/shpilka-santehnicheskaya,категория
https://steelborg.ru/catalog/shpilka-s-gaykoy,категория
https://steelborg.ru/catalog/shpilka-s-vvinchivaemym-kontsom,категория
https://steelborg.ru/catalog/shpilka-rezbovaya-otsinkovannaya,категория
https://steelborg.ru/catalog/shpilka-rezbovaya-m8h2000,категория
https://steelborg.ru/catalog/shpilka-rezbovaya-m8-1000-mm,категория
https://steelborg.ru/catalog/shpilka-rezbovaya-m8,категория
https://steelborg.ru/catalog/shpilka-rezbovaya-m6h1000,категория
https://steelborg.ru/catalog/shpilka-rezbovaya-m6,категория
https://steelborg.ru/catalog/shpilka-rezbovaya-m5,категория
https://steelborg.ru/catalog/shpilka-rezbovaya-m4,категория
https://steelborg.ru/catalog/shpilka-rezbovaya-m36,категория
https://steelborg.ru/catalog/shpilka-rezbovaya-m30,категория
https://steelborg.ru/catalog/shpilka-rezbovaya-m27,категория
https://steelborg.ru/catalog/shpilka-rezbovaya-m24,категория
https://steelborg.ru/catalog/shpilka-rezbovaya-m22,категория
https://steelborg.ru/catalog/shpilka-rezbovaya-m20h1000,категория
https://steelborg.ru/catalog/shpilka-rezbovaya-m20,категория
https://steelborg.ru/catalog/shpilka-rezbovaya-m18,категория
https://steelborg.ru/catalog/shpilka-rezbovaya-m16-1000-mm,категория
https://steelborg.ru/catalog/shpilka-rezbovaya-m16,категория
https://steelborg.ru/catalog/shpilka-rezbovaya-m12h2000,категория
https://steelborg.ru/catalog/shpilka-rezbovaya-m12-1000-mm,категория
https://steelborg.ru/catalog/shpilka-rezbovaya-m12-1000-mm-otsinkovannaya,категория
https://steelborg.ru/catalog/shpilka-rezbovaya-m12,категория
https://steelborg.ru/catalog/shpilka-rezbovaya-m10h2000,категория
https://steelborg.ru/catalog/shpilka-rezbovaya-m10-1000-mm,категория
https://steelborg.ru/catalog/shpilka-rezbovaya-m10,категория
https://steelborg.ru/catalog/shpilka-rezbovaya-42-mm,категория
https://steelborg.ru/catalog/shpilka-rezbovaya-2000-mm,категория
https://steelborg.ru/catalog/shpilka-rezbovaya-14-mm,категория
https://steelborg.ru/catalog/shpilka-rezbovaya-1000-mm,категория
https://steelborg.ru/catalog/shpilka-rezbovaya,категория
https://steelborg.ru/catalog/shpilka-privarnaya-stalnaya,категория
https://steelborg.ru/catalog/shpilka-privarnaya-s-gaykoy,категория
https://steelborg.ru/catalog/shpilka-privarnaya-m8,категория
https://steelborg.ru/catalog/shpilka-privarnaya-m6h16,категория
https://steelborg.ru/catalog/shpilka-privarnaya-m6,категория
https://steelborg.ru/catalog/shpilka-privarnaya-m5,категория
https://steelborg.ru/catalog/shpilka-privarnaya-m4h10,категория
https://steelborg.ru/catalog/shpilka-privarnaya-m4,категория
https://steelborg.ru/catalog/shpilka-privarnaya-m3,категория
https://steelborg.ru/catalog/shpilka-privarnaya-m10,категория
https://steelborg.ru/catalog/shpilka-privarnaya,категория
https://steelborg.ru/catalog/shpilka-polnorezbovaya,категория
https://steelborg.ru/catalog/shpilka-poliamidnaya,категория
https://steelborg.ru/catalog/shpilka-plastikovaya-m8,категория
https://steelborg.ru/catalog/shpilka-plastikovaya-m6,категория
https://steelborg.ru/catalog/shpilka-plastikovaya-m10,категория
https://steelborg.ru/catalog/shpilka-plastikovaya-1000-mm,категория
https://steelborg.ru/catalog/shpilka-plastikovaya,категория
https://steelborg.ru/catalog/shpilka-8-d-8,категория
https://steelborg.ru/catalog/shpilka-400-mm,категория
https://steelborg.ru/catalog/vysokoprochnaya-shpilka,категория
https://steelborg.ru/catalog/shpilka-iz-nerzhaveyuschey-stali,категория
https://steelborg.ru/catalog/shpilka-s-dvuhstoronney-rezboy,категория
https://steelborg.ru/catalog/shpilka-dlya-homutov,категория
https://steelborg.ru/catalog/shpilka-m30h1000,категория
https://steelborg.ru/catalog/shpilka-usilennaya-m10,категория
https://steelborg.ru/catalog/shpilka-m4,категория
https://steelborg.ru/catalog/shpilka-m6h1000,категория
https://steelborg.ru/catalog/shpilka-nerzhaveyuschaya-m8,категория
https://steelborg.ru/catalog/shpilka-m8-otsinkovannaya,категория
https://steelborg.ru/catalog/shpilka-santehnicheskaya-8h100,категория
https://steelborg.ru/catalog/shpilka-santehnicheskaya-8h200,категория
https://steelborg.ru/catalog/shpilka-nerzhaveyuschaya-m10,категория
https://steelborg.ru/catalog/shpilka-santehnicheskaya-10h200,категория
https://steelborg.ru/catalog/shpilka-m12h1000,категория
https://steelborg.ru/catalog/shpilka-m12h2000,категория
https://steelborg.ru/catalog/shpilka-nerzhaveyuschaya-m12,категория
https://steelborg.ru/catalog/shpilka-usilennaya-m12,категория
https://steelborg.ru/catalog/shpilka-m16-usilennaya,категория
https://steelborg.ru/catalog/shpilka-m20h1000,категория
https://steelborg.ru/catalog/shpilka-santehnicheskaya-8h120,категория
https://steelborg.ru/catalog/shpilka-otsinkovannaya,категория
https://steelborg.ru/catalog/shpilka-m8h2000,категория
https://steelborg.ru/catalog/shpilka-m8h1000,категория
https://steelborg.ru/catalog/shpilka-m8,категория
https://steelborg.ru/catalog/shpilka-m5,категория
https://steelborg.ru/catalog/shpilka-m36,категория
https://steelborg.ru/catalog/shpilka-m30,категория
https://steelborg.ru/catalog/shpilka-m3,категория
https://steelborg.ru/catalog/shpilka-m24,категория
https://steelborg.ru/catalog/shpilka-m22,категория
https://steelborg.ru/catalog/shpilka-m20,категория
https://steelborg.ru/catalog/shpilka-m18,категория
https://steelborg.ru/catalog/shpilka-m16-1-m,категория
https://steelborg.ru/catalog/shpilka-m16,категория
https://steelborg.ru/catalog/shpilka-m14,категория
https://steelborg.ru/catalog/shpilka-m12,категория
https://steelborg.ru/catalog/shpilka-m10h2000,категория
https://steelborg.ru/catalog/shpilka-m10h1000,категория
https://steelborg.ru/catalog/shpilka-m10,категория
https://steelborg.ru/catalog/shpilka-bez-pokrytiya,категория
https://steelborg.ru/catalog/shpilka-ankernaya,категория
https://steelborg.ru/catalog/shpilka-a2,категория
https://steelborg.ru/catalog/shpilka-90-mm,категория
https://steelborg.ru/catalog/shpilka-80-mm,категория
https://steelborg.ru/catalog/shpilka-70-mm,категория
https://steelborg.ru/catalog/shpilka-60-mm,категория
https://steelborg.ru/catalog/shpilka-6-mm,категория
https://steelborg.ru/catalog/shpilka-500-mm,категория
https://steelborg.ru/catalog/shpilka-300-mm,категория
https://steelborg.ru/catalog/shpilka-27-mm,категория
https://steelborg.ru/catalog/shpilka-2-m,категория
https://steelborg.ru/catalog/shpilka-160-mm,категория
https://steelborg.ru/catalog/shpilka-140-mm,категория
https://steelborg.ru/catalog/shpilka-130-mm,категория
https://steelborg.ru/catalog/shpilka-120-mm,категория
https://steelborg.ru/catalog/shpilka-110-mm,категория
https://steelborg.ru/catalog/shpilka-1000-mm,категория
https://steelborg.ru/catalog/shpilka-100-mm,категория
https://steelborg.ru/catalog/shpilka-09g2s,категория
https://steelborg.ru/catalog/shpilka,категория
https://steelborg.ru/catalog/shayba-tarelchataya-stalnaya,категория
https://steelborg.ru/catalog/shayba-tarelchataya-pruzhinnaya-m8,категория
https://steelborg.ru/catalog/shayba-tarelchataya-pruzhinnaya-m6,категория
https://steelborg.ru/catalog/shayba-tarelchataya-pruzhinnaya-m16,категория
https://steelborg.ru/catalog/shayba-tarelchataya-pruzhinnaya-m12,категория
https://steelborg.ru/catalog/shayba-tarelchataya-pruzhinnaya-m10,категория
https://steelborg.ru/catalog/shayba-tarelchataya-pruzhinnaya,категория
https://steelborg.ru/catalog/shayba-tarelchataya-otsinkovannaya,категория
https://steelborg.ru/catalog/shayba-tarelchataya-nerzhaveyuschaya,категория
https://steelborg.ru/catalog/shayba-tarelchataya-m8,категория
https://steelborg.ru/catalog/shayba-tarelchataya-m6,категория
https://steelborg.ru/catalog/shayba-tarelchataya-m16,категория
https://steelborg.ru/catalog/shayba-tarelchataya-m12,категория
https://steelborg.ru/catalog/shayba-tarelchataya-m10,категория
https://steelborg.ru/catalog/shayba-tarelchataya-kontaktnaya,категория
https://steelborg.ru/catalog/shayba-tarelchataya-bez-pokrytiya,категория
https://steelborg.ru/catalog/shayba-tarelchataya-5-mm,категория
https://steelborg.ru/catalog/shayba-tarelchataya-4-mm,категория
https://steelborg.ru/catalog/shayba-tarelchataya-20-mm,категория
https://steelborg.ru/catalog/shayba-tarelchataya-14-mm,категория
https://steelborg.ru/catalog/shayba-tarelchataya,категория
https://steelborg.ru/catalog/shayba-stopornaya-stalnaya,категория
https://steelborg.ru/catalog/shayba-stopornaya-s-nasechkami,категория
https://steelborg.ru/catalog/shayba-stopornaya-s-dvumya-lapkami,категория
https://steelborg.ru/catalog/shayba-stopornaya-s-vnutrennimi-zubyami,категория
https://steelborg.ru/catalog/shayba-stopornaya-s-vneshnimi-zubyami,категория
https://steelborg.ru/catalog/shayba-stopornaya-ploskaya,категория
https://steelborg.ru/catalog/shayba-stopornaya-otsinkovannaya-m6,категория
https://steelborg.ru/catalog/shayba-stopornaya-nerzhaveyuschaya,категория
https://steelborg.ru/catalog/shayba-stopornaya-mnogolapchataya-90-mm,категория
https://steelborg.ru/catalog/shayba-stopornaya-mnogolapchataya,категория
https://steelborg.ru/catalog/shayba-stopornaya-m30,категория
https://steelborg.ru/catalog/shayba-stopornaya-m3,категория
https://steelborg.ru/catalog/shayba-stopornaya-m2,категория
https://steelborg.ru/catalog/shayba-stopornaya-zubchataya,категория
https://steelborg.ru/catalog/shayba-stopornaya-bystrosemnaya,категория
https://steelborg.ru/catalog/shayba-stopornaya-9-mm,категория
https://steelborg.ru/catalog/shayba-stopornaya-8-mm,категория
https://steelborg.ru/catalog/shayba-stopornaya-7-mm,категория
https://steelborg.ru/catalog/shayba-stopornaya-6-mm,категория
https://steelborg.ru/catalog/shayba-stopornaya-4-mm,категория
https://steelborg.ru/catalog/shayba-stopornaya-25-mm,категория
https://steelborg.ru/catalog/shayba-stopornaya-16-mm,категория
https://steelborg.ru/catalog/shayba-stopornaya-15-mm,категория
https://steelborg.ru/catalog/shayba-stopornaya-12-mm,категория
https://steelborg.ru/catalog/shayba-stopornaya-10-mm,категория
https://steelborg.ru/catalog/shayba-stopornaya,категория
https://steelborg.ru/catalog/shayba-ploskaya-tsink,категория
https://steelborg.ru/catalog/shayba-ploskaya-usilennaya-m8,категория
https://steelborg.ru/catalog/shayba-ploskaya-usilennaya,категория
https://steelborg.ru/catalog/shayba-ploskaya-uvelichennaya-m8,категория
https://steelborg.ru/catalog/shayba-ploskaya-uvelichennaya-m6,категория
https://steelborg.ru/catalog/shayba-ploskaya-uvelichennaya,категория
https://steelborg.ru/catalog/shayba-ploskaya-stopornaya,категория
https://steelborg.ru/catalog/shayba-ploskaya-stalnaya-uvelichennaya,категория
https://steelborg.ru/catalog/shayba-ploskaya-stalnaya,категория
https://steelborg.ru/catalog/shayba-ploskaya-pruzhinnaya,категория
https://steelborg.ru/catalog/shayba-ploskaya-poliamidnaya,категория
https://steelborg.ru/catalog/shayba-ploskaya-otsinkovannaya-m8,категория
https://steelborg.ru/catalog/shayba-ploskaya-otsinkovannaya-m6,категория
https://steelborg.ru/catalog/shayba-ploskaya-otsinkovannaya-m12,категория
https://steelborg.ru/catalog/shayba-ploskaya-otsinkovannaya-m10,категория
https://steelborg.ru/catalog/shayba-ploskaya-otsinkovannaya,категория
https://steelborg.ru/catalog/shayba-ploskaya-nerzhaveyuschaya,категория
https://steelborg.ru/catalog/shayba-ploskaya-m8,категория
https://steelborg.ru/catalog/shayba-ploskaya-m6,категория
https://steelborg.ru/catalog/shayba-ploskaya-m5,категория
https://steelborg.ru/catalog/shayba-ploskaya-m4,категория
https://steelborg.ru/catalog/shayba-ploskaya-m30,категория
https://steelborg.ru/catalog/shayba-ploskaya-m27,категория
https://steelborg.ru/catalog/shayba-ploskaya-m24,категория
https://steelborg.ru/catalog/shayba-ploskaya-m22,категория
https://steelborg.ru/catalog/shayba-ploskaya-m20,категория
https://steelborg.ru/catalog/shayba-ploskaya-m18,категория
https://steelborg.ru/catalog/shayba-ploskaya-m16,категория
https://steelborg.ru/catalog/shayba-ploskaya-m14,категория
https://steelborg.ru/catalog/shayba-ploskaya-m12,категория
https://steelborg.ru/catalog/shayba-ploskaya-m10,категория
https://steelborg.ru/catalog/shayba-ploskaya-kuzovnaya,категория
https://steelborg.ru/catalog/shayba-ploskaya-kruglaya,категория
https://steelborg.ru/catalog/shayba-ploskaya-a4,категория
https://steelborg.ru/catalog/shayba-ploskaya-a2,категория
https://steelborg.ru/catalog/shayba-ploskaya-36-mm,категория
https://steelborg.ru/catalog/shayba-ploskaya-3-mm,категория
https://steelborg.ru/catalog/shayba-ploskaya,категория
https://steelborg.ru/catalog/shayba-poliamidnaya-ploskaya,категория
https://steelborg.ru/catalog/shayba-plastikovaya-chernaya,категория
https://steelborg.ru/catalog/shayba-plastikovaya-uvelichennaya,категория
https://steelborg.ru/catalog/shayba-plastikovaya-pruzhinnaya,категория
https://steelborg.ru/catalog/shayba-plastikovaya-prozrachnaya,категория
https://steelborg.ru/catalog/shayba-plastikovaya-ploskaya-m20,категория
https://steelborg.ru/catalog/shayba-plastikovaya-ploskaya,категория
https://steelborg.ru/catalog/shayba-plastikovaya-m8,категория
https://steelborg.ru/catalog/shayba-plastikovaya-m6,категория
https://steelborg.ru/catalog/shayba-plastikovaya-m5,категория
https://steelborg.ru/catalog/shayba-plastikovaya-m4,категория
https://steelborg.ru/catalog/shayba-plastikovaya-m3,категория
https://steelborg.ru/catalog/shayba-plastikovaya-m2,категория
https://steelborg.ru/catalog/shayba-plastikovaya-m16,категория
https://steelborg.ru/catalog/shayba-plastikovaya-m12,категория
https://steelborg.ru/catalog/shayba-plastikovaya-m10,категория
https://steelborg.ru/catalog/shayba-plastikovaya-kuzovnaya,категория
https://steelborg.ru/catalog/shayba-plastikovaya-kruglaya,категория
https://steelborg.ru/catalog/shayba-plastikovaya-grover,категория
https://steelborg.ru/catalog/shayba-plastikovaya-bez-faski,категория
https://steelborg.ru/catalog/shayba-plastikovaya-50-mm,категория
https://steelborg.ru/catalog/shayba-plastikovaya-40-mm,категория
https://steelborg.ru/catalog/shayba-plastikovaya-20-mm,категория
https://steelborg.ru/catalog/shayba-plastikovaya,категория
https://steelborg.ru/catalog/shayba-otsinkovannaya-usilennaya,категория
https://steelborg.ru/catalog/shayba-otsinkovannaya-uvelichennaya-m8,категория
https://steelborg.ru/catalog/shayba-otsinkovannaya-uvelichennaya-m12,категория
https://steelborg.ru/catalog/shayba-otsinkovannaya-uvelichennaya,категория
https://steelborg.ru/catalog/shayba-otsinkovannaya-stopornaya,категория
https://steelborg.ru/catalog/shayba-otsinkovannaya-stalnaya-ploskaya,категория
https://steelborg.ru/catalog/shayba-otsinkovannaya-stalnaya-m16,категория
https://steelborg.ru/catalog/shayba-otsinkovannaya-stalnaya,категория
https://steelborg.ru/catalog/shayba-otsinkovannaya-pruzhinnaya-m6,категория
https://steelborg.ru/catalog/shayba-otsinkovannaya-pruzhinnaya-m10,категория
https://steelborg.ru/catalog/shayba-otsinkovannaya-pruzhinnaya,категория
https://steelborg.ru/catalog/shayba-otsinkovannaya-ploskaya-m8,категория
https://steelborg.ru/catalog/shayba-otsinkovannaya-ploskaya-m16,категория
https://steelborg.ru/catalog/shayba-otsinkovannaya-ploskaya-m14,категория
https://steelborg.ru/catalog/shayba-otsinkovannaya-ploskaya,категория
https://steelborg.ru/catalog/shayba-otsinkovannaya-m8,категория
https://steelborg.ru/catalog/shayba-otsinkovannaya-m6,категория
https://steelborg.ru/catalog/shayba-otsinkovannaya-m30,категория
https://steelborg.ru/catalog/shayba-otsinkovannaya-m27,категория
https://steelborg.ru/catalog/shayba-otsinkovannaya-m20,категория
https://steelborg.ru/catalog/shayba-otsinkovannaya-m18,категория
https://steelborg.ru/catalog/shayba-otsinkovannaya-m16,категория
https://steelborg.ru/catalog/shayba-otsinkovannaya-m12,категория
https://steelborg.ru/catalog/shayba-otsinkovannaya-m10,категория
https://steelborg.ru/catalog/shayba-otsinkovannaya-kuzovnaya-m8,категория
https://steelborg.ru/catalog/shayba-otsinkovannaya-kuzovnaya-m12,категория
https://steelborg.ru/catalog/shayba-otsinkovannaya-kuzovnaya,категория
https://steelborg.ru/catalog/shayba-otsinkovannaya-krovelnaya,категория
https://steelborg.ru/catalog/shayba-otsinkovannaya-grover-m8,категория
https://steelborg.ru/catalog/shayba-otsinkovannaya-grover,категория
https://steelborg.ru/catalog/shayba-otsinkovannaya-epdm,категория
https://steelborg.ru/catalog/shayba-otsinkovannaya-50-mm,категория
https://steelborg.ru/catalog/shayba-otsinkovannaya-5-mm,категория
https://steelborg.ru/catalog/shayba-otsinkovannaya-42-mm,категория
https://steelborg.ru/catalog/shayba-otsinkovannaya-4-mm,категория
https://steelborg.ru/catalog/shayba-otsinkovannaya-36-mm,категория
https://steelborg.ru/catalog/shayba-otsinkovannaya-3-mm,категория
https://steelborg.ru/catalog/shayba-otsinkovannaya-24-mm,категория
https://steelborg.ru/catalog/shayba-otsinkovannaya-22-mm,категория
https://steelborg.ru/catalog/shayba-otsinkovannaya-14-mm,категория
https://steelborg.ru/catalog/shayba-otsinkovannaya,категория
https://steelborg.ru/catalog/shayba-nerzhaveyuschaya-uvelichennaya-m8,категория
https://steelborg.ru/catalog/shayba-nerzhaveyuschaya-uvelichennaya,категория
https://steelborg.ru/catalog/shayba-nerzhaveyuschaya-stopornaya,категория
https://steelborg.ru/catalog/shayba-nerzhaveyuschaya-regulirovochnaya,категория
https://steelborg.ru/catalog/shayba-nerzhaveyuschaya-pruzhinnaya,категория
https://steelborg.ru/catalog/shayba-nerzhaveyuschaya-ploskaya,категория
https://steelborg.ru/catalog/shayba-nerzhaveyuschaya-m8-uvelichennaya,категория
https://steelborg.ru/catalog/shayba-nerzhaveyuschaya-m8,категория
https://steelborg.ru/catalog/shayba-nerzhaveyuschaya-m6-uvelichennaya,категория
https://steelborg.ru/catalog/shayba-nerzhaveyuschaya-m6,категория
https://steelborg.ru/catalog/shayba-nerzhaveyuschaya-m5,категория
https://steelborg.ru/catalog/shayba-nerzhaveyuschaya-m4,категория
https://steelborg.ru/catalog/shayba-nerzhaveyuschaya-m3,категория
https://steelborg.ru/catalog/shayba-nerzhaveyuschaya-m20,категория
https://steelborg.ru/catalog/shayba-nerzhaveyuschaya-m16,категория
https://steelborg.ru/catalog/shayba-nerzhaveyuschaya-m14,категория
https://steelborg.ru/catalog/shayba-nerzhaveyuschaya-m12,категория
https://steelborg.ru/catalog/shayba-nerzhaveyuschaya-m10,категория
https://steelborg.ru/catalog/shayba-nerzhaveyuschaya-kuzovnaya-m8,категория
https://steelborg.ru/catalog/shayba-nerzhaveyuschaya-kuzovnaya,категория
https://steelborg.ru/catalog/shayba-nerzhaveyuschaya-grover-m8,категория
https://steelborg.ru/catalog/shayba-nerzhaveyuschaya-grover,категория
https://steelborg.ru/catalog/shayba-nerzhaveyuschaya-a4,категория
https://steelborg.ru/catalog/shayba-nerzhaveyuschaya-a2,категория
https://steelborg.ru/catalog/shayba-nerzhaveyuschaya,категория
https://steelborg.ru/catalog/shayba-metallicheskaya-shirokaya,категория
https://steelborg.ru/catalog/shayba-metallicheskaya-chernaya,категория
https://steelborg.ru/catalog/shayba-metallicheskaya-usilennaya,категория
https://steelborg.ru/catalog/shayba-metallicheskaya-uvelichennaya,категория
https://steelborg.ru/catalog/shayba-metallicheskaya-regulirovochnaya,категория
https://steelborg.ru/catalog/shayba-metallicheskaya-mnogolapchataya,категория
https://steelborg.ru/catalog/shayba-metallicheskaya-mebelnaya,категория
https://steelborg.ru/catalog/shayba-metallicheskaya-m6,категория
https://steelborg.ru/catalog/shayba-metallicheskaya-krepezhnaya,категория
https://steelborg.ru/catalog/shayba-metallicheskaya-bez-pokrytiya,категория
https://steelborg.ru/catalog/shayba-metallicheskaya-a4,категория
https://steelborg.ru/catalog/shayba-metallicheskaya-a2,категория
https://steelborg.ru/catalog/shayba-metallicheskaya-8-mm,категория
https://steelborg.ru/catalog/shayba-metallicheskaya-60-mm,категория
https://steelborg.ru/catalog/shayba-metallicheskaya-50-mm,категория
https://steelborg.ru/catalog/shayba-metallicheskaya-5-mm,категория
https://steelborg.ru/catalog/shayba-metallicheskaya-42-mm,категория
https://steelborg.ru/catalog/shayba-metallicheskaya-40-mm,категория
https://steelborg.ru/catalog/shayba-metallicheskaya-4-mm,категория
https://steelborg.ru/catalog/shayba-metallicheskaya-36-mm,категория
https://steelborg.ru/catalog/shayba-metallicheskaya-30-mm,категория
https://steelborg.ru/catalog/shayba-metallicheskaya-3-mm,категория
https://steelborg.ru/catalog/shayba-metallicheskaya-27-mm,категория
https://steelborg.ru/catalog/shayba-metallicheskaya-24-mm,категория
https://steelborg.ru/catalog/shayba-metallicheskaya-22-mm,категория
https://steelborg.ru/catalog/shayba-metallicheskaya-20-mm,категория
https://steelborg.ru/catalog/shayba-metallicheskaya-18-mm,категория
https://steelborg.ru/catalog/shayba-metallicheskaya-16-mm,категория
https://steelborg.ru/catalog/shayba-metallicheskaya-14-mm,категория
https://steelborg.ru/catalog/shayba-metallicheskaya-12-mm,категория
https://steelborg.ru/catalog/shayba-metallicheskaya-100-mm,категория
https://steelborg.ru/catalog/shayba-metallicheskaya-10-mm,категория
https://steelborg.ru/catalog/shayba-mednaya-uplotnitelnaya,категория
https://steelborg.ru/catalog/shayba-mednaya-m5,категория
https://steelborg.ru/catalog/shayba-mednaya-m3,категория
https://steelborg.ru/catalog/shayba-mednaya-bez-pokrytiya,категория
https://steelborg.ru/catalog/shayba-mednaya-9-mm,категория
https://steelborg.ru/catalog/shayba-mednaya-8-mm,категория
https://steelborg.ru/catalog/shayba-mednaya-6-mm,категория
https://steelborg.ru/catalog/shayba-mednaya-30-mm,категория
https://steelborg.ru/catalog/shayba-mednaya-26-mm,категория
https://steelborg.ru/catalog/shayba-mednaya-22-mm,категория
https://steelborg.ru/catalog/shayba-mednaya-20-mm,категория
https://steelborg.ru/catalog/shayba-mednaya-18-mm,категория
https://steelborg.ru/catalog/shayba-mednaya-16-mm,категория
https://steelborg.ru/catalog/shayba-mednaya-15-mm,категория
https://steelborg.ru/catalog/shayba-mednaya-14-mm,категория
https://steelborg.ru/catalog/shayba-mednaya-12-mm,категория
https://steelborg.ru/catalog/shayba-mednaya-10-mm,категория
https://steelborg.ru/catalog/shayba-mednaya,категория
https://steelborg.ru/catalog/shayba-krovelnaya-stalnaya-50-mm,категория
https://steelborg.ru/catalog/shayba-krovelnaya-stalnaya,категория
https://steelborg.ru/catalog/shayba-krovelnaya-s-rezinovoy-prokladkoy,категория
https://steelborg.ru/catalog/shayba-krovelnaya-otsinkovannaya-50-mm,категория
https://steelborg.ru/catalog/shayba-krovelnaya-otsinkovannaya,категория
https://steelborg.ru/catalog/shayba-krovelnaya-epdm,категория
https://steelborg.ru/catalog/shayba-krovelnaya-8-mm,категория
https://steelborg.ru/catalog/shayba-krovelnaya-50-mm,категория
https://steelborg.ru/catalog/shayba-krovelnaya-25-mm,категория
https://steelborg.ru/catalog/shayba-krovelnaya-19-mm,категория
https://steelborg.ru/catalog/shayba-krovelnaya,категория
https://steelborg.ru/catalog/shayba-grovera-chernaya,категория
https://steelborg.ru/catalog/shayba-grovera-stalnaya,категория
https://steelborg.ru/catalog/shayba-grovera-poliamidnaya,категория
https://steelborg.ru/catalog/shayba-grovera-otsinkovannaya,категория
https://steelborg.ru/catalog/shayba-grovera-nerzhaveyuschaya,категория
https://steelborg.ru/catalog/shayba-grovera-m8-otsinkovannaya,категория
https://steelborg.ru/catalog/shayba-grovera-m8,категория
https://steelborg.ru/catalog/shayba-grovera-m6,категория
https://steelborg.ru/catalog/shayba-grovera-m5,категория
https://steelborg.ru/catalog/shayba-grovera-m4,категория
https://steelborg.ru/catalog/shayba-grovera-m30,категория
https://steelborg.ru/catalog/shayba-grovera-m3,категория
https://steelborg.ru/catalog/shayba-grovera-m27,категория
https://steelborg.ru/catalog/shayba-grovera-m24,категория
https://steelborg.ru/catalog/shayba-grovera-m22,категория
https://steelborg.ru/catalog/shayba-grovera-m20,категория
https://steelborg.ru/catalog/shayba-grovera-m18,категория
https://steelborg.ru/catalog/shayba-grovera-m16,категория
https://steelborg.ru/catalog/shayba-grovera-m14,категория
https://steelborg.ru/catalog/shayba-grovera-m12,категория
https://steelborg.ru/catalog/shayba-grovera-m10,категория
https://steelborg.ru/catalog/shayba-grovera-iz-nerzhaveyuschey-stali-m8,категория
https://steelborg.ru/catalog/shayba-grovera-bronzovaya,категория
https://steelborg.ru/catalog/shayba-grovera-belyy-tsink,категория
https://steelborg.ru/catalog/shayba-grovera-bez-pokrytiya,категория
https://steelborg.ru/catalog/shayba-grovera-a4,категория
https://steelborg.ru/catalog/shayba-grovera-48-mm,категория
https://steelborg.ru/catalog/shayba-grovera-42-mm,категория
https://steelborg.ru/catalog/shayba-grovera-36-mm,категория
https://steelborg.ru/catalog/shayba-grovera-2-d-5-mm,категория
https://steelborg.ru/catalog/shayba-grovera-2-mm,категория
https://steelborg.ru/catalog/shayba-grovera,категория
https://steelborg.ru/catalog/shayba-metallicheskaya,категория
https://steelborg.ru/catalog/tsanga-m8,категория
https://steelborg.ru/catalog/tsanga-m16,категория
https://steelborg.ru/catalog/tsanga-m10,категория
https://steelborg.ru/catalog/tsanga-latunnaya-m8,категория
https://steelborg.ru/catalog/tsanga-latunnaya,категория
https://steelborg.ru/catalog/tsanga-zabivnaya-latunnaya-m8,категория
https://steelborg.ru/catalog/tsanga-zabivnaya,категория
https://steelborg.ru/catalog/tsanga-6-mm,категория
https://steelborg.ru/catalog/tsanga-20-mm,категория
https://steelborg.ru/catalog/tsanga-12-mm,категория
https://steelborg.ru/catalog/tsanga,категория
https://steelborg.ru/catalog/homuty-obzhimnye-metallicheskie,категория
https://steelborg.ru/catalog/homut-dyubel-neylonovyy,категория
https://steelborg.ru/catalog/homut-chernyy,категория
https://steelborg.ru/catalog/homut-chervyachnyy-s-klyuchom,категория
https://steelborg.ru/catalog/homut-chervyachnyy-s-barashkom,категория
https://steelborg.ru/catalog/homut-chervyachnyy-otsinkovannyy-40-60-mm,категория
https://steelborg.ru/catalog/homut-chervyachnyy-nerzhaveyuschiy,категория
https://steelborg.ru/catalog/homut-chervyachnyy-metallicheskiy-40-60-mm,категория
https://steelborg.ru/catalog/homut-chervyachnyy-metallicheskiy,категория
https://steelborg.ru/catalog/homut-chervyachnyy-vintovoy,категория
https://steelborg.ru/catalog/homut-chervyachnyy-a4,категория
https://steelborg.ru/catalog/homut-chervyachnyy-a2,категория
https://steelborg.ru/catalog/homut-chervyachnyy-90-110-mm,категория
https://steelborg.ru/catalog/homut-chervyachnyy-9-mm,категория
https://steelborg.ru/catalog/homut-chervyachnyy-80-100-mm,категория
https://steelborg.ru/catalog/homut-chervyachnyy-8-12-mm,категория
https://steelborg.ru/catalog/homut-chervyachnyy-70-90-mm,категория
https://steelborg.ru/catalog/homut-chervyachnyy-60-80-mm,категория
https://steelborg.ru/catalog/homut-chervyachnyy-50-70-mm,категория
https://steelborg.ru/catalog/homut-chervyachnyy-40-60-mm,категория
https://steelborg.ru/catalog/homut-chervyachnyy-32-50-mm,категория
https://steelborg.ru/catalog/homut-chervyachnyy-25-40-mm,категория
https://steelborg.ru/catalog/homut-chervyachnyy-25-mm,категория
https://steelborg.ru/catalog/homut-chervyachnyy-20-32-mm,категория
https://steelborg.ru/catalog/homut-chervyachnyy-16-32-mm,категория
https://steelborg.ru/catalog/homut-chervyachnyy-16-mm,категория
https://steelborg.ru/catalog/homut-chervyachnyy-15-mm,категория
https://steelborg.ru/catalog/homut-chervyachnyy-12-mm,категория
https://steelborg.ru/catalog/homut-chervyachnyy-110-130-mm,категория
https://steelborg.ru/catalog/homut-chervyachnyy-10-16-mm,категория
https://steelborg.ru/catalog/homut-chervyachnyy,категория
https://steelborg.ru/catalog/homut-usilennyy,категория
https://steelborg.ru/catalog/homut-universalnyy,категория
https://steelborg.ru/catalog/homut-trubnyy-s-gaykoy-otsinkovannyy-4,категория
https://steelborg.ru/catalog/homut-trubnyy-s-gaykoy-otsinkovannyy,категория
https://steelborg.ru/catalog/homut-trubnyy-s-gaykoy-8,категория
https://steelborg.ru/catalog/homut-trubnyy-s-gaykoy-34,категория
https://steelborg.ru/catalog/homut-trubnyy-s-gaykoy-3,категория
https://steelborg.ru/catalog/homut-trubnyy-s-gaykoy-2,категория
https://steelborg.ru/catalog/homut-trubnyy-s-gaykoy,категория
https://steelborg.ru/catalog/homut-trubnyy-usilennyy,категория
https://steelborg.ru/catalog/homut-trubnyy-stalnoy,категория
https://steelborg.ru/catalog/homut-trubnyy-so-shpilkoy,категория
https://steelborg.ru/catalog/homut-trubnyy-so-sterzhnem,категория
https://steelborg.ru/catalog/homut-trubnyy-s-shurupom,категория
https://steelborg.ru/catalog/homut-trubnyy-s-usilennym-zapornym-vintom-i-prisoed-d-gaykoy,категория
https://steelborg.ru/catalog/homut-trubnyy-s-rezinovym-uplotneniem,категория
https://steelborg.ru/catalog/homut-trubnyy-s-rezinovoy-prokladkoy-i-gaykoy,категория
https://steelborg.ru/catalog/homut-trubnyy-s-rezinovoy-prokladkoy,категория
https://steelborg.ru/catalog/homut-trubnyy-s-nozhkoy,категория
https://steelborg.ru/catalog/homut-trubnyy-s-izolyatsionnym-blokom,категория
https://steelborg.ru/catalog/homut-trubnyy-s-zapornym-vintom-s-nespadayuschey-shayboy,категория
https://steelborg.ru/catalog/homut-trubnyy-s-zamkom,категория
https://steelborg.ru/catalog/homut-trubnyy-s-dyubelem-i-shpilkoy,категория
https://steelborg.ru/catalog/homut-trubnyy-s-derzhatelem,категория
https://steelborg.ru/catalog/homut-trubnyy-s-gaykoy-m8,категория
https://steelborg.ru/catalog/homut-trubnyy-s-gaykoy-m10,категория
https://steelborg.ru/catalog/homut-trubnyy-odinarnyy,категория
https://steelborg.ru/catalog/homut-trubnyy-nerzhaveyuschiy-aisi-304,категория
https://steelborg.ru/catalog/homut-trubnyy-m8,категория
https://steelborg.ru/catalog/homut-trubnyy-m10,категория
https://steelborg.ru/catalog/homut-trubnyy-a4,категория
https://steelborg.ru/catalog/homut-trubnyy-a2,категория
https://steelborg.ru/catalog/homut-trubnyy-u-obraznyy,категория
https://steelborg.ru/catalog/homut-trubnyy-87-94-mm,категория
https://steelborg.ru/catalog/homut-trubnyy-8,категория
https://steelborg.ru/catalog/homut-trubnyy-74-80-mm,категория
https://steelborg.ru/catalog/homut-trubnyy-6,категория
https://steelborg.ru/catalog/homut-trubnyy-59-66-mm,категория
https://steelborg.ru/catalog/homut-trubnyy-50-mm,категория
https://steelborg.ru/catalog/homut-trubnyy-48-53-mm,категория
https://steelborg.ru/catalog/homut-trubnyy-40-mm,категория
https://steelborg.ru/catalog/homut-trubnyy-4,категория
https://steelborg.ru/catalog/homut-trubnyy-39-46-mm,категория
https://steelborg.ru/catalog/homut-trubnyy-32-35-mm,категория
https://steelborg.ru/catalog/homut-trubnyy-38,категория
https://steelborg.ru/catalog/homut-trubnyy-34,категория
https://steelborg.ru/catalog/homut-trubnyy-3,категория
https://steelborg.ru/catalog/homut-trubnyy-25-28-mm,категория
https://steelborg.ru/catalog/homut-trubnyy-25-mm,категория
https://steelborg.ru/catalog/homut-trubnyy-20-24-mm,категория
https://steelborg.ru/catalog/homut-trubnyy-20-mm,категория
https://steelborg.ru/catalog/homut-trubnyy-2,категория
https://steelborg.ru/catalog/homut-trubnyy-2-12,категория
https://steelborg.ru/catalog/homut-trubnyy-159-166-mm,категория
https://steelborg.ru/catalog/homut-trubnyy-132-137-mm,категория
https://steelborg.ru/catalog/homut-trubnyy-108-116-mm,категория
https://steelborg.ru/catalog/homut-trubnyy-10,категория
https://steelborg.ru/catalog/homut-trubnyy-12,категория
https://steelborg.ru/catalog/homut-trubnyy-1,категория
https://steelborg.ru/catalog/homut-trubnyy-1-14,категория
https://steelborg.ru/catalog/homut-trubnyy-1-12,категория
https://steelborg.ru/catalog/homut-trubnyy,категория
https://steelborg.ru/catalog/homut-sprinklernyy-du-65,категория
https://steelborg.ru/catalog/homut-sprinklernyy-du-150,категория
https://steelborg.ru/catalog/homut-sprinklernyy-8,категория
https://steelborg.ru/catalog/homut-sprinklernyy-6,категория
https://steelborg.ru/catalog/homut-sprinklernyy-50-mm,категория
https://steelborg.ru/catalog/homut-sprinklernyy-5,категория
https://steelborg.ru/catalog/homut-sprinklernyy-4,категория
https://steelborg.ru/catalog/homut-sprinklernyy-39-46-mm,категория
https://steelborg.ru/catalog/homut-sprinklernyy-32-mm,категория
https://steelborg.ru/catalog/homut-sprinklernyy-34,категория
https://steelborg.ru/catalog/homut-sprinklernyy-3,категория
https://steelborg.ru/catalog/homut-sprinklernyy-25-mm,категория
https://steelborg.ru/catalog/homut-sprinklernyy-2,категория
https://steelborg.ru/catalog/homut-sprinklernyy-2-12,категория
https://steelborg.ru/catalog/homut-sprinklernyy-110-mm,категория
https://steelborg.ru/catalog/homut-sprinklernyy-100-mm,категория
https://steelborg.ru/catalog/homut-sprinklernyy-1,категория
https://steelborg.ru/catalog/homut-sprinklernyy-1-14,категория
https://steelborg.ru/catalog/homut-sprinklernyy,категория
https://steelborg.ru/catalog/homut-soedinitelnyy,категория
https://steelborg.ru/catalog/homut-so-shpilkoy,категория
https://steelborg.ru/catalog/homut-silovoy,категория
https://steelborg.ru/catalog/homut-s-rezinovoy-prokladkoy,категория
https://steelborg.ru/catalog/homut-s-klyuchom,категория
https://steelborg.ru/catalog/homut-s-gaykoy,категория
https://steelborg.ru/catalog/homut-s-barashkom-chervyachnyy-20-32-mm,категория
https://steelborg.ru/catalog/homut-s-barashkom-chervyachnyy-16-25-mm,категория
https://steelborg.ru/catalog/homut-s-barashkom-chervyachnyy,категория
https://steelborg.ru/catalog/homut-s-barashkom-metallicheskiy,категория
https://steelborg.ru/catalog/homut-s-barashkom-34,категория
https://steelborg.ru/catalog/homut-s-barashkom-16-25-mm,категория
https://steelborg.ru/catalog/homut-s-barashkom,категория
https://steelborg.ru/catalog/homut-remontnyy-chugunnyy,категория
https://steelborg.ru/catalog/homut-remontnyy-stalnoy,категория
https://steelborg.ru/catalog/homut-remontnyy-s-chugunnym-zamkom,категория
https://steelborg.ru/catalog/homut-remontnyy-s-rezinovoy-prokladkoy,категория
https://steelborg.ru/catalog/homut-remontnyy-polietilenovyy,категория
https://steelborg.ru/catalog/homut-remontnyy-otsinkovannyy-krab,категория
https://steelborg.ru/catalog/homut-remontnyy-otsinkovannyy-80-mm,категория
https://steelborg.ru/catalog/homut-remontnyy-odnostoronniy,категория
https://steelborg.ru/catalog/homut-remontnyy-nerzhaveyuschiy,категория
https://steelborg.ru/catalog/homut-remontnyy-krab,категория
https://steelborg.ru/catalog/homut-remontnyy-du-65,категория
https://steelborg.ru/catalog/homut-remontnyy-du-32-stalnoy,категория
https://steelborg.ru/catalog/homut-remontnyy-dlya-trub,категория
https://steelborg.ru/catalog/homut-remontnyy-dvuhstoronniy,категория
https://steelborg.ru/catalog/homut-remontnyy-dvuhzamkovyy,категория
https://steelborg.ru/catalog/homut-remontnyy-80-mm,категория
https://steelborg.ru/catalog/homut-remontnyy-70-mm,категория
https://steelborg.ru/catalog/homut-remontnyy-65-mm,категория
https://steelborg.ru/catalog/homut-remontnyy-50-mm,категория
https://steelborg.ru/catalog/homut-remontnyy-400-mm,категория
https://steelborg.ru/catalog/homut-remontnyy-40-mm,категория
https://steelborg.ru/catalog/homut-remontnyy-350-mm,категория
https://steelborg.ru/catalog/homut-remontnyy-32-mm,категория
https://steelborg.ru/catalog/homut-remontnyy-300-mm,категория
https://steelborg.ru/catalog/homut-remontnyy-34,категория
https://steelborg.ru/catalog/homut-remontnyy-250-mm,категория
https://steelborg.ru/catalog/homut-remontnyy-25-mm,категория
https://steelborg.ru/catalog/homut-remontnyy-225-mm,категория
https://steelborg.ru/catalog/homut-remontnyy-200-mm,категория
https://steelborg.ru/catalog/homut-remontnyy-20,категория
https://steelborg.ru/catalog/homut-remontnyy-2,категория
https://steelborg.ru/catalog/homut-remontnyy-150-mm,категория
https://steelborg.ru/catalog/homut-remontnyy-15-mm,категория
https://steelborg.ru/catalog/homut-remontnyy-125-mm,категория
https://steelborg.ru/catalog/homut-remontnyy-108-118-mm,категория
https://steelborg.ru/catalog/homut-remontnyy-100-mm,категория
https://steelborg.ru/catalog/homut-remontnyy-12,категория
https://steelborg.ru/catalog/homut-remontnyy-1,категория
https://steelborg.ru/catalog/homut-remontnyy-1-12,категория
https://steelborg.ru/catalog/homut-remontnyy,категория
https://steelborg.ru/catalog/homut-pruzhinnyy-8,категория
https://steelborg.ru/catalog/homut-pruzhinnyy-8-mm,категория
https://steelborg.ru/catalog/homut-pruzhinnyy-7,категория
https://steelborg.ru/catalog/homut-pruzhinnyy-6,категория
https://steelborg.ru/catalog/homut-pruzhinnyy-40-mm,категория
https://steelborg.ru/catalog/homut-pruzhinnyy-25-mm,категория
https://steelborg.ru/catalog/homut-pruzhinnyy-16,категория
https://steelborg.ru/catalog/homut-pruzhinnyy-12,категория
https://steelborg.ru/catalog/homut-pruzhinnyy-10-mm,категория
https://steelborg.ru/catalog/homut-pruzhinnyy,категория
https://steelborg.ru/catalog/homut-plastikovyy-chernyy,категория
https://steelborg.ru/catalog/homut-plastikovyy-chervyachnyy,категория
https://steelborg.ru/catalog/homut-plastikovyy-silovoy,категория
https://steelborg.ru/catalog/homut-plastikovyy-sedlovidnyy,категория
https://steelborg.ru/catalog/homut-plastikovyy-s-zaschelkoy,категория
https://steelborg.ru/catalog/homut-plastikovyy-s-zazhimom,категория
https://steelborg.ru/catalog/homut-plastikovyy-s-dyubelem-i-shurupom,категория
https://steelborg.ru/catalog/homut-plastikovyy-remontnyy,категория
https://steelborg.ru/catalog/homut-plastikovyy-provolochnyy,категория
https://steelborg.ru/catalog/homut-plastikovyy-odnoboltovyy,категория
https://steelborg.ru/catalog/homut-plastikovyy-kanalizatsionnyy,категория
https://steelborg.ru/catalog/homut-plastikovyy-dlya-trub,категория
https://steelborg.ru/catalog/homut-plastikovyy-dlya-krepleniya,категория
https://steelborg.ru/catalog/homut-plastikovyy-vreznoy,категория
https://steelborg.ru/catalog/homut-plastikovyy-belyy,категория
https://steelborg.ru/catalog/homut-plastikovyy-90-mm,категория
https://steelborg.ru/catalog/homut-plastikovyy-80-mm,категория
https://steelborg.ru/catalog/homut-plastikovyy-8,категория
https://steelborg.ru/catalog/homut-plastikovyy-50-mm,категория
https://steelborg.ru/catalog/homut-plastikovyy-40-mm,категория
https://steelborg.ru/catalog/homut-plastikovyy-110-mm,категория
https://steelborg.ru/catalog/homut-plastikovyy,категория
https://steelborg.ru/catalog/homut-otsinkovannyy,категория
https://steelborg.ru/catalog/homut-nerzhaveyuschiy,категория
https://steelborg.ru/catalog/homut-neylonovyy-chernyy,категория
https://steelborg.ru/catalog/homut-neylonovyy-belyy,категория
https://steelborg.ru/catalog/homut-neylonovyy-9-mm,категория
https://steelborg.ru/catalog/homut-neylonovyy-8,категория
https://steelborg.ru/catalog/homut-neylonovyy-500-mm-chernyy,категория
https://steelborg.ru/catalog/homut-neylonovyy-400-mm,категория
https://steelborg.ru/catalog/homut-neylonovyy-4,категория
https://steelborg.ru/catalog/homut-neylonovyy-4-d-8,категория
https://steelborg.ru/catalog/homut-neylonovyy-300-mm,категория
https://steelborg.ru/catalog/homut-neylonovyy-3-d-6,категория
https://steelborg.ru/catalog/homut-neylonovyy-250-mm,категория
https://steelborg.ru/catalog/homut-neylonovyy-200-mm,категория
https://steelborg.ru/catalog/homut-neylonovyy-2-d-5,категория
https://steelborg.ru/catalog/homut-neylonovyy-150-mm,категория
https://steelborg.ru/catalog/homut-neylonovyy-100-mm,категория
https://steelborg.ru/catalog/homut-neylonovyy,категория
https://steelborg.ru/catalog/homut-montazhnyy-200-mm,категория
https://steelborg.ru/catalog/homut-montazhnyy-100-mm,категория
https://steelborg.ru/catalog/homut-montazhnyy,категория
https://steelborg.ru/catalog/homut-metallicheskiy-s-gaykoy-m8,категория
https://steelborg.ru/catalog/homut-metallicheskiy-s-gaykoy-m10,категория
https://steelborg.ru/catalog/homut-metallicheskiy-s-gaykoy,категория
https://steelborg.ru/catalog/homut-lentochnyy-300-mm,категория
https://steelborg.ru/catalog/homut-lentochnyy-25-mm,категория
https://steelborg.ru/catalog/homut-lentochnyy-20-mm,категория
https://steelborg.ru/catalog/homut-lentochnyy-100-mm,категория
https://steelborg.ru/catalog/homut-lentochnyy,категория
https://steelborg.ru/catalog/homut-krepezhnyy-s-rezinovoy-prokladkoy,категория
https://steelborg.ru/catalog/homut-krepezhnyy-s-dyubelem-i-shpilkoy,категория
https://steelborg.ru/catalog/homut-krepezhnyy-plastikovyy,категория
https://steelborg.ru/catalog/homut-krepezhnyy-pvh-110-mm,категория
https://steelborg.ru/catalog/homut-krepezhnyy-50-mm,категория
https://steelborg.ru/catalog/homut-krepezhnyy-4-mm,категория
https://steelborg.ru/catalog/homut-krepezhnyy-32-mm,категория
https://steelborg.ru/catalog/homut-krepezhnyy-34,категория
https://steelborg.ru/catalog/homut-krepezhnyy-25-mm,категория
https://steelborg.ru/catalog/homut-krepezhnyy-20-25-mm,категория
https://steelborg.ru/catalog/homut-krepezhnyy-110-mm,категория
https://steelborg.ru/catalog/homut-krepezhnyy,категория
https://steelborg.ru/catalog/homut-kanalizatsionnyy,категория
https://steelborg.ru/catalog/homut-kabelnyy,категория
https://steelborg.ru/catalog/homut-dvuhstoronniy,категория
https://steelborg.ru/catalog/homut-vintovoy,категория
https://steelborg.ru/catalog/homut-belyy,категория
https://steelborg.ru/catalog/homut-a4,категория
https://steelborg.ru/catalog/homut-u-obraznyy,категория
https://steelborg.ru/catalog/homut-clamp-trubnyy-odinarnyy,категория
https://steelborg.ru/catalog/homut-clamp-remontnyy,категория
https://steelborg.ru/catalog/homut-clamp-nerzhaveyuschiy-aisi-304,категория
https://steelborg.ru/catalog/homut-clamp-315-mm,категория
https://steelborg.ru/catalog/homut-clamp-200-mm,категория
https://steelborg.ru/catalog/homut-clamp,категория
https://steelborg.ru/catalog/homut-aisi-304,категория
https://steelborg.ru/catalog/homut-80-mm,категория
https://steelborg.ru/catalog/homut-8,категория
https://steelborg.ru/catalog/homut-60-mm,категория
https://steelborg.ru/catalog/homut-6,категория
https://steelborg.ru/catalog/homut-50-mm,категория
https://steelborg.ru/catalog/homut-5,категория
https://steelborg.ru/catalog/homut-40-mm,категория
https://steelborg.ru/catalog/homut-4,категория
https://steelborg.ru/catalog/homut-32-mm,категория
https://steelborg.ru/catalog/homut-34,категория
https://steelborg.ru/catalog/homut-3,категория
https://steelborg.ru/catalog/homut-25-mm,категория
https://steelborg.ru/catalog/homut-200-mm,категория
https://steelborg.ru/catalog/homut-20-mm,категория
https://steelborg.ru/catalog/homut-2,категория
https://steelborg.ru/catalog/homut-16,категория
https://steelborg.ru/catalog/homut-150-mm,категория
https://steelborg.ru/catalog/homut-110-mm,категория
https://steelborg.ru/catalog/homut-100-mm,категория
https://steelborg.ru/catalog/homut-10,категория
https://steelborg.ru/catalog/homut-12,категория
https://steelborg.ru/catalog/homut-1,категория
https://steelborg.ru/catalog/styazhka-neylonovaya-chernaya,категория
https://steelborg.ru/catalog/styazhka-neylonovaya-kabelnaya,категория
https://steelborg.ru/catalog/styazhka-neylonovaya-belaya,категория
https://steelborg.ru/catalog/styazhka-neylonovaya-8-mm,категория
https://steelborg.ru/catalog/styazhka-neylonovaya-7-d-6-mm,категория
https://steelborg.ru/catalog/styazhka-neylonovaya-400-mm,категория
https://steelborg.ru/catalog/styazhka-neylonovaya-4-d-8-mm,категория
https://steelborg.ru/catalog/styazhka-neylonovaya-300-mm,категория
https://steelborg.ru/catalog/styazhka-neylonovaya-3,категория
https://steelborg.ru/catalog/styazhka-neylonovaya-3-d-6-mm,категория
https://steelborg.ru/catalog/styazhka-neylonovaya-250-mm,категория
https://steelborg.ru/catalog/styazhka-neylonovaya-200-mm,категория
https://steelborg.ru/catalog/styazhka-neylonovaya-2-d-5h100-mm,категория
https://steelborg.ru/catalog/styazhka-neylonovaya-2-d-5-mm,категория
https://steelborg.ru/catalog/styazhka-neylonovaya-150-mm,категория
https://steelborg.ru/catalog/styazhka-neylonovaya-100-mm,категория
https://steelborg.ru/catalog/styazhka-neylonovaya,категория
https://steelborg.ru/catalog/homut,категория
https://steelborg.ru/catalog/fiksator-armatury-fsu,категория
https://steelborg.ru/catalog/fiksator-armatury-universalnyy,категория
https://steelborg.ru/catalog/fiksator-armatury-stulchik-gorizontalnyy,категория
https://steelborg.ru/catalog/fiksator-armatury-stulchik-70-mm,категория
https://steelborg.ru/catalog/fiksator-armatury-stulchik-60-mm,категория
https://steelborg.ru/catalog/fiksator-armatury-stulchik-50-mm,категория
https://steelborg.ru/catalog/fiksator-armatury-stulchik-40-mm,категория
https://steelborg.ru/catalog/fiksator-armatury-stulchik-35-mm,категория
https://steelborg.ru/catalog/fiksator-armatury-stulchik-30-mm,категория
https://steelborg.ru/catalog/fiksator-armatury-stulchik-25-mm,категория
https://steelborg.ru/catalog/fiksator-armatury-stulchik-20-mm,категория
https://steelborg.ru/catalog/fiksator-armatury-stulchik-15-mm,категория
https://steelborg.ru/catalog/fiksator-armatury-stulchik,категория
https://steelborg.ru/catalog/fiksator-armatury-stoyka-fsu,категория
https://steelborg.ru/catalog/fiksator-armatury-stoyka-45-mm,категория
https://steelborg.ru/catalog/fiksator-armatury-stoyka-40-mm,категория
https://steelborg.ru/catalog/fiksator-armatury-stoyka-35-mm,категория
https://steelborg.ru/catalog/fiksator-armatury-stoyka-30-mm,категория
https://steelborg.ru/catalog/fiksator-armatury-stoyka-25-mm,категория
https://steelborg.ru/catalog/fiksator-armatury-stoyka-20-mm,категория
https://steelborg.ru/catalog/fiksator-armatury-stoyka,категория
https://steelborg.ru/catalog/fiksator-armatury-opora-50-mm,категория
https://steelborg.ru/catalog/fiksator-armatury-opora-45-mm,категория
https://steelborg.ru/catalog/fiksator-armatury-opora-40-mm,категория
https://steelborg.ru/catalog/fiksator-armatury-opora-35-mm,категория
https://steelborg.ru/catalog/fiksator-armatury-opora,категория
https://steelborg.ru/catalog/fiksator-armatury-kubik-50-mm,категория
https://steelborg.ru/catalog/fiksator-armatury-kubik-45-mm,категория
https://steelborg.ru/catalog/fiksator-armatury-kubik-40-mm,категория
https://steelborg.ru/catalog/fiksator-armatury-kubik-35-mm,категория
https://steelborg.ru/catalog/fiksator-armatury-kubik,категория
https://steelborg.ru/catalog/fiksator-armatury-konus,категория
https://steelborg.ru/catalog/fiksator-armatury-koleso,категория
https://steelborg.ru/catalog/fiksator-armatury-zmeyka,категория
https://steelborg.ru/catalog/fiksator-armatury-zvezdochka-75-mm,категория
https://steelborg.ru/catalog/fiksator-armatury-zvezdochka-60-mm,категория
https://steelborg.ru/catalog/fiksator-armatury-zvezdochka-6-20-mm,категория
https://steelborg.ru/catalog/fiksator-armatury-zvezdochka-50-mm,категория
https://steelborg.ru/catalog/fiksator-armatury-zvezdochka-40-mm,категория
https://steelborg.ru/catalog/fiksator-armatury-zvezdochka-35-mm,категория
https://steelborg.ru/catalog/fiksator-armatury-zvezdochka-30-mm,категория
https://steelborg.ru/catalog/fiksator-armatury-zvezdochka-25-mm,категория
https://steelborg.ru/catalog/fiksator-armatury-zvezdochka-20-mm,категория
https://steelborg.ru/catalog/fiksator-armatury-zvezdochka,категория
https://steelborg.ru/catalog/fiksator-armatury-dlya-betona,категория
https://steelborg.ru/catalog/fiksator-armatury-gorizontalnyy,категория
https://steelborg.ru/catalog/fiksator-armatury-vertikalnyy,категория
https://steelborg.ru/catalog/fiksator-armatury-80-mm,категория
https://steelborg.ru/catalog/fiksator-armatury-8-mm,категория
https://steelborg.ru/catalog/fiksator-armatury-70-mm,категория
https://steelborg.ru/catalog/fiksator-armatury-60-mm,категория
https://steelborg.ru/catalog/fiksator-armatury-6-20-mm,категория
https://steelborg.ru/catalog/fiksator-armatury-6-14-mm,категория
https://steelborg.ru/catalog/fiksator-armatury-6-mm,категория
https://steelborg.ru/catalog/fiksator-armatury-50-mm,категория
https://steelborg.ru/catalog/fiksator-armatury-5-mm,категория
https://steelborg.ru/catalog/fiksator-armatury-45-mm,категория
https://steelborg.ru/catalog/fiksator-armatury-40-mm,категория
https://steelborg.ru/catalog/fiksator-armatury-4-32-mm,категория
https://steelborg.ru/catalog/fiksator-armatury-4-28-mm,категория
https://steelborg.ru/catalog/fiksator-armatury-4-20-mm,категория
https://steelborg.ru/catalog/fiksator-armatury-4-18-mm,категория
https://steelborg.ru/catalog/fiksator-armatury-4-mm,категория
https://steelborg.ru/catalog/fiksator-armatury-35-mm,категория
https://steelborg.ru/catalog/fiksator-armatury-32-mm,категория
https://steelborg.ru/catalog/fiksator-armatury-30-mm,категория
https://steelborg.ru/catalog/fiksator-armatury-28-mm,категория
https://steelborg.ru/catalog/fiksator-armatury-25-mm,категория
https://steelborg.ru/catalog/fiksator-armatury-20-mm,категория
https://steelborg.ru/catalog/fiksator-armatury-2-d-4-mm,категория
https://steelborg.ru/catalog/fiksator-armatury-16-mm,категория
https://steelborg.ru/catalog/fiksator-armatury-15-mm,категория
https://steelborg.ru/catalog/fiksator-armatury-10-mm,категория
https://steelborg.ru/catalog/fiksator-armatury-1-d-6-mm,категория
https://steelborg.ru/catalog/fiksator-armatury,категория
https://steelborg.ru/catalog/skoby-stroitelnye-kovanye,категория
https://steelborg.ru/catalog/skoby-stroitelnye-dlya-breven,категория
https://steelborg.ru/catalog/skoby-stroitelnye-8-mm-300-mm,категория
https://steelborg.ru/catalog/skoby-stroitelnye-8-mm-200-mm,категория
https://steelborg.ru/catalog/skoby-stroitelnye-8-mm,категория
https://steelborg.ru/catalog/skoby-stroitelnye-6-mm-150-mm,категория
https://steelborg.ru/catalog/skoby-stroitelnye-6-mm,категория
https://steelborg.ru/catalog/skoby-stroitelnye-500-mm,категория
https://steelborg.ru/catalog/skoby-stroitelnye-4-mm,категория
https://steelborg.ru/catalog/skoby-stroitelnye-300-mm,категория
https://steelborg.ru/catalog/skoby-stroitelnye-3-mm,категория
https://steelborg.ru/catalog/skoby-stroitelnye-200-mm,категория
https://steelborg.ru/catalog/skoby-stroitelnye-14-mm,категория
https://steelborg.ru/catalog/skoby-stroitelnye-100-mm,категория
https://steelborg.ru/catalog/skoby-stroitelnye-10-mm,категория
https://steelborg.ru/catalog/skoby-stroitelnye,категория
https://steelborg.ru/catalog/samorez-chernyy,категория
https://steelborg.ru/catalog/samorez-fosfatirovannyy,категория
https://steelborg.ru/catalog/samorez-fasadnyy,категория
https://steelborg.ru/catalog/samorez-universalnyy-4-mm,категория
https://steelborg.ru/catalog/samorez-universalnyy,категория
https://steelborg.ru/catalog/samorez-sverlo,категория
https://steelborg.ru/catalog/samorez-s-shestigrannoy-golovkoy,категория
https://steelborg.ru/catalog/samorez-s-shayboy,категория
https://steelborg.ru/catalog/samorez-s-pressshayboy-4-d-2h16-mm,категория
https://steelborg.ru/catalog/samorez-s-pressshayboy-4-d-2-mm,категория
https://steelborg.ru/catalog/samorez-s-press-shayboy,категория
https://steelborg.ru/catalog/samorez-s-potaynoy-golovkoy,категория
https://steelborg.ru/catalog/samorez-s-polupotaynoy-golovkoy,категория
https://steelborg.ru/catalog/samorez-s-polukrugloy-golovkoy,категория
https://steelborg.ru/catalog/samorez-s-krupnoy-rezboy,категория
https://steelborg.ru/catalog/samorez-po-derevu-70-mm,категория
https://steelborg.ru/catalog/samorez-po-derevu-4-d-2-mm,категория
https://steelborg.ru/catalog/samorez-plastikovyy,категория
https://steelborg.ru/catalog/samorez-otsinkovannyy,категория
https://steelborg.ru/catalog/samorez-ostryy-nakonechnik,категория
https://steelborg.ru/catalog/samorez-oksidirovannyy,категория
https://steelborg.ru/catalog/samorez-nakonechnik-sverlo,категория
https://steelborg.ru/catalog/samorez-krovelnyy-s-pressshayboy,категория
https://steelborg.ru/catalog/samorez-krovelnyy-4-mm,категория
https://steelborg.ru/catalog/samorez-krestoobraznyy-shlits,категория
https://steelborg.ru/catalog/samorez-iz-nerzhaveyuschey-stali,категория
https://steelborg.ru/catalog/samorez-zheltyy-tsink,категория
https://steelborg.ru/catalog/samorez-zheltyy-5-mm,категория
https://steelborg.ru/catalog/samorez-dlya-sendvich-paneley,категория
https://steelborg.ru/catalog/samorez-dlya-okonnogo-profilya,категория
https://steelborg.ru/catalog/samorez-dlya-metalla,категория
https://steelborg.ru/catalog/samorez-dlya-krovelnyh-materialov,категория
https://steelborg.ru/catalog/samorez-dlya-dereva,категория
https://steelborg.ru/catalog/samorez-dlya-gipsokartona,категория
https://steelborg.ru/catalog/samorez-belyy-tsink,категория
https://steelborg.ru/catalog/samorez-ral-9003,категория
https://steelborg.ru/catalog/samorez-ral-8017,категория
https://steelborg.ru/catalog/samorez-ral-7024,категория
https://steelborg.ru/catalog/samorez-90-mm,категория
https://steelborg.ru/catalog/samorez-8-mm,категория
https://steelborg.ru/catalog/samorez-75-mm,категория
https://steelborg.ru/catalog/samorez-70-mm,категория
https://steelborg.ru/catalog/samorez-60-mm,категория
https://steelborg.ru/catalog/samorez-6-d-5-mm,категория
https://steelborg.ru/catalog/samorez-6-d-3-mm,категория
https://steelborg.ru/catalog/samorez-6-mm,категория
https://steelborg.ru/catalog/samorez-5h50-mm,категория
https://steelborg.ru/catalog/samorez-5h45-mm,категория
https://steelborg.ru/catalog/samorez-55-mm,категория
https://steelborg.ru/catalog/samorez-51-mm,категория
https://steelborg.ru/catalog/samorez-50-mm,категория
https://steelborg.ru/catalog/samorez-5-d-5h25-mm,категория
https://steelborg.ru/catalog/samorez-5-d-5h19-mm,категория
https://steelborg.ru/catalog/samorez-5-d-5-mm,категория
https://steelborg.ru/catalog/samorez-5-mm,категория
https://steelborg.ru/catalog/samorez-4h35-mm,категория
https://steelborg.ru/catalog/samorez-45-mm,категория
https://steelborg.ru/catalog/samorez-41-mm,категория
https://steelborg.ru/catalog/samorez-40-mm,категория
https://steelborg.ru/catalog/samorez-4-d-8h35-mm,категория
https://steelborg.ru/catalog/samorez-4-d-8-mm,категория
https://steelborg.ru/catalog/samorez-4-d-5-mm,категория
https://steelborg.ru/catalog/samorez-4-d-2h19-mm,категория
https://steelborg.ru/catalog/samorez-4-d-2h16-mm,категория
https://steelborg.ru/catalog/samorez-4-d-2h13-mm,категория
https://steelborg.ru/catalog/samorez-4-d-2-mm,категория
https://steelborg.ru/catalog/samorez-4-mm,категория
https://steelborg.ru/catalog/samorez-3h25-mm,категория
https://steelborg.ru/catalog/samorez-38-mm,категория
https://steelborg.ru/catalog/samorez-35-mm,категория
https://steelborg.ru/catalog/samorez-32-mm,категория
https://steelborg.ru/catalog/samorez-300-mm,категория
https://steelborg.ru/catalog/samorez-30-mm,категория
https://steelborg.ru/catalog/samorez-3-d-9-mm,категория
https://steelborg.ru/catalog/samorez-3-d-5h6-d-5-mm,категория
https://steelborg.ru/catalog/samorez-3-d-5h25-mm,категория
https://steelborg.ru/catalog/samorez-3-d-5-mm,категория
https://steelborg.ru/catalog/samorez-3-mm,категория
https://steelborg.ru/catalog/samorez-29-mm,категория
https://steelborg.ru/catalog/samorez-250-mm,категория
https://steelborg.ru/catalog/samorez-25-mm,категория
https://steelborg.ru/catalog/samorez-200-mm,категория
https://steelborg.ru/catalog/samorez-20-mm,категория
https://steelborg.ru/catalog/samorez-2-mm,категория
https://steelborg.ru/catalog/samorez-19-mm,категория
https://steelborg.ru/catalog/samorez-16-mm,категория
https://steelborg.ru/catalog/samorez-13-mm,категория
https://steelborg.ru/catalog/samorez-120-mm,категория
https://steelborg.ru/catalog/samorez-12-mm,категория
https://steelborg.ru/catalog/samorezy,категория
https://steelborg.ru/catalog/rezba-otsinkovannaya-stalnaya-80-mm,категория
https://steelborg.ru/catalog/rezba-otsinkovannaya-stalnaya-65-mm,категория
https://steelborg.ru/catalog/rezba-otsinkovannaya-stalnaya-50-mm,категория
https://steelborg.ru/catalog/rezba-otsinkovannaya-stalnaya-25-mm,категория
https://steelborg.ru/catalog/rezba-otsinkovannaya-stalnaya,категория
https://steelborg.ru/catalog/rezba-otsinkovannaya-80-mm,категория
https://steelborg.ru/catalog/rezba-otsinkovannaya-65-mm,категория
https://steelborg.ru/catalog/rezba-otsinkovannaya-50-mm,категория
https://steelborg.ru/catalog/rezba-otsinkovannaya-40-mm,категория
https://steelborg.ru/catalog/rezba-otsinkovannaya-4,категория
https://steelborg.ru/catalog/rezba-otsinkovannaya-32-mm,категория
https://steelborg.ru/catalog/rezba-otsinkovannaya-34,категория
https://steelborg.ru/catalog/rezba-otsinkovannaya-3,категория
https://steelborg.ru/catalog/rezba-otsinkovannaya-25-mm,категория
https://steelborg.ru/catalog/rezba-otsinkovannaya-20-mm,категория
https://steelborg.ru/catalog/rezba-otsinkovannaya-2,категория
https://steelborg.ru/catalog/rezba-otsinkovannaya-2-12,категория
https://steelborg.ru/catalog/rezba-otsinkovannaya-150-mm,категория
https://steelborg.ru/catalog/rezba-otsinkovannaya-15-mm,категория
https://steelborg.ru/catalog/rezba-otsinkovannaya-100-mm,категория
https://steelborg.ru/catalog/rezba-otsinkovannaya-12,категория
https://steelborg.ru/catalog/rezba-otsinkovannaya-1,категория
https://steelborg.ru/catalog/rezba-otsinkovannaya-1-14,категория
https://steelborg.ru/catalog/rezba-otsinkovannaya-1-12,категория
https://steelborg.ru/catalog/rezba-otsinkovannaya,категория
https://steelborg.ru/catalog/rezba-nerzhaveyuschaya-4,категория
https://steelborg.ru/catalog/rezba-nerzhaveyuschaya-32-mm,категория
https://steelborg.ru/catalog/rezba-nerzhaveyuschaya-38,категория
https://steelborg.ru/catalog/rezba-nerzhaveyuschaya-34,категория
https://steelborg.ru/catalog/rezba-nerzhaveyuschaya-25-mm,категория
https://steelborg.ru/catalog/rezba-nerzhaveyuschaya-2,категория
https://steelborg.ru/catalog/rezba-nerzhaveyuschaya-15-mm,категория
https://steelborg.ru/catalog/rezba-nerzhaveyuschaya-12,категория
https://steelborg.ru/catalog/rezba-nerzhaveyuschaya-1,категория
https://steelborg.ru/catalog/rezba-nerzhaveyuschaya-1-14,категория
https://steelborg.ru/catalog/rezba-nerzhaveyuschaya,категория
https://steelborg.ru/catalog/rezba,категория
https://steelborg.ru/catalog/planka-prizhimnaya,категория
https://steelborg.ru/catalog/styazhka-kabelnaya,категория
https://steelborg.ru/catalog/plastina-krepezhnaya-uglovaya,категория
https://steelborg.ru/catalog/plastina-krepezhnaya-t-obraznaya,категория
https://steelborg.ru/catalog/plastina-krepezhnaya-soedinitelnaya,категория
https://steelborg.ru/catalog/plastina-krepezhnaya-s-otverstiyami,категория
https://steelborg.ru/catalog/plastina-krepezhnaya-perforirovannaya,категория
https://steelborg.ru/catalog/plastina-krepezhnaya-otsinkovannaya,категория
https://steelborg.ru/catalog/plastina-krepezhnaya-90-mm,категория
https://steelborg.ru/catalog/plastina-krepezhnaya-80-mm,категория
https://steelborg.ru/catalog/plastina-krepezhnaya-60-mm,категория
https://steelborg.ru/catalog/plastina-krepezhnaya-50-mm,категория
https://steelborg.ru/catalog/plastina-krepezhnaya-400-mm,категория
https://steelborg.ru/catalog/plastina-krepezhnaya-40-mm,категория
https://steelborg.ru/catalog/plastina-krepezhnaya-300-mm,категория
https://steelborg.ru/catalog/plastina-krepezhnaya-200h100-mm,категория
https://steelborg.ru/catalog/plastina-krepezhnaya-200-mm,категория
https://steelborg.ru/catalog/plastina-krepezhnaya-2-mm,категория
https://steelborg.ru/catalog/plastina-krepezhnaya-100h200-mm,категория
https://steelborg.ru/catalog/plastina-krepezhnaya-100h100-mm,категория
https://steelborg.ru/catalog/plastina-krepezhnaya-100-mm,категория
https://steelborg.ru/catalog/plastina-krepezhnaya,категория
https://steelborg.ru/catalog/opory-balok,категория
https://steelborg.ru/catalog/krepezhnye-izdeliya,категория
https://steelborg.ru/catalog/kontrgayka-chugunnaya,категория
https://steelborg.ru/catalog/kontrgayka-chernaya,категория
https://steelborg.ru/catalog/kontrgayka-stalnaya-32-mm,категория
https://steelborg.ru/catalog/kontrgayka-stalnaya-25-mm,категория
https://steelborg.ru/catalog/kontrgayka-stalnaya-20-mm,категория
https://steelborg.ru/catalog/kontrgayka-stalnaya-15-mm,категория
https://steelborg.ru/catalog/kontrgayka-stalnaya-1,категория
https://steelborg.ru/catalog/kontrgayka-stalnaya,категория
https://steelborg.ru/catalog/kontrgayka-s-rebordoy-1,категория
https://steelborg.ru/catalog/kontrgayka-s-rebordoy,категория
https://steelborg.ru/catalog/kontrgayka-otsinkovannaya,категория
https://steelborg.ru/catalog/kontrgayka-nikelirovannaya,категория
https://steelborg.ru/catalog/kontrgayka-nerzhaveyuschaya,категория
https://steelborg.ru/catalog/kontrgayka-latunnaya-12,категория
https://steelborg.ru/catalog/kontrgayka-latunnaya-1,категория
https://steelborg.ru/catalog/kontrgayka-latunnaya,категория
https://steelborg.ru/catalog/kontrgayka-bez-rebordy,категория
https://steelborg.ru/catalog/kontrgayka-aisi-316,категория
https://steelborg.ru/catalog/kontrgayka-aisi-304,категория
https://steelborg.ru/catalog/kontrgayka-80-mm,категория
https://steelborg.ru/catalog/kontrgayka-8-mm,категория
https://steelborg.ru/catalog/kontrgayka-65-mm,категория
https://steelborg.ru/catalog/kontrgayka-6-mm,категория
https://steelborg.ru/catalog/kontrgayka-50-mm,категория
https://steelborg.ru/catalog/kontrgayka-40-mm,категория
https://steelborg.ru/catalog/kontrgayka-4,категория
https://steelborg.ru/catalog/kontrgayka-32-mm,категория
https://steelborg.ru/catalog/kontrgayka-38,категория
https://steelborg.ru/catalog/kontrgayka-34,категория
https://steelborg.ru/catalog/kontrgayka-3,категория
https://steelborg.ru/catalog/kontrgayka-25-mm,категория
https://steelborg.ru/catalog/kontrgayka-20-mm,категория
https://steelborg.ru/catalog/kontrgayka-2,категория
https://steelborg.ru/catalog/kontrgayka-2-12,категория
https://steelborg.ru/catalog/kontrgayka-16-mm,категория
https://steelborg.ru/catalog/kontrgayka-15-mm,категория
https://steelborg.ru/catalog/kontrgayka-12-mm,категория
https://steelborg.ru/catalog/kontrgayka-100-mm,категория
https://steelborg.ru/catalog/kontrgayka-10-mm,категория
https://steelborg.ru/catalog/kontrgayka-12,категория
https://steelborg.ru/catalog/kontrgayka-1,категория
https://steelborg.ru/catalog/kontrgayka-1-14,категория
https://steelborg.ru/catalog/kontrgayka-1-12,категория
https://steelborg.ru/catalog/kontrgayka,категория
https://steelborg.ru/catalog/klyaymery-startovye,категория
https://steelborg.ru/catalog/klyaymery-stalnye,категория
https://steelborg.ru/catalog/klyaymery-otsinkovannye-2-mm,категория
https://steelborg.ru/catalog/klyaymery-otsinkovannye,категория
https://steelborg.ru/catalog/klyaymery-dlya-keramogranita,категория
https://steelborg.ru/catalog/klyaymery-dlya-vagonki-6-mm,категория
https://steelborg.ru/catalog/klyaymery-dlya-vagonki-5-mm,категория
https://steelborg.ru/catalog/klyaymery-dlya-vagonki-4-mm,категория
https://steelborg.ru/catalog/klyaymery-dlya-vagonki-3-mm,категория
https://steelborg.ru/catalog/klyaymery-dlya-vagonki,категория
https://steelborg.ru/catalog/klyaymery-dlya-blokhausa,категория
https://steelborg.ru/catalog/klyaymery-bez-pokrytiya,категория
https://steelborg.ru/catalog/klyaymery-8-mm,категория
https://steelborg.ru/catalog/klyaymery-6-mm,категория
https://steelborg.ru/catalog/klyaymery-5-mm,категория
https://steelborg.ru/catalog/klyaymery-3-d-5-mm,категория
https://steelborg.ru/catalog/klyaymery-3-mm,категория
https://steelborg.ru/catalog/klyaymery-1-mm,категория
https://steelborg.ru/catalog/klyaymery,категория
https://steelborg.ru/catalog/klemma-pruzhinnaya,категория
https://steelborg.ru/catalog/kamlok-tip-f-75-mm,категория
https://steelborg.ru/catalog/kamlok-tip-f-150-mm,категория
https://steelborg.ru/catalog/kamlok-tip-f,категория
https://steelborg.ru/catalog/kamlok-tip-e,категория
https://steelborg.ru/catalog/kamlok-tip-dp,категория
https://steelborg.ru/catalog/kamlok-tip-dc,категория
https://steelborg.ru/catalog/kamlok-tip-d,категория
https://steelborg.ru/catalog/kamlok-tip-c,категория
https://steelborg.ru/catalog/kamlok-tip-b,категория
https://steelborg.ru/catalog/kamlok-tip-a,категория
https://steelborg.ru/catalog/kamlok-dlya-trub,категория
https://steelborg.ru/catalog/kamlok-80-mm,категория
https://steelborg.ru/catalog/kamlok-75-mm,категория
https://steelborg.ru/catalog/kamlok-50-mm,категория
https://steelborg.ru/catalog/kamlok-4,категория
https://steelborg.ru/catalog/kamlok-32-mm,категория
https://steelborg.ru/catalog/kamlok-34,категория
https://steelborg.ru/catalog/kamlok-3,категория
https://steelborg.ru/catalog/kamlok-25-mm,категория
https://steelborg.ru/catalog/kamlok-20-mm,категория
https://steelborg.ru/catalog/kamlok-2,категория
https://steelborg.ru/catalog/kamlok-150-mm,категория
https://steelborg.ru/catalog/kamlok-100-mm,категория
https://steelborg.ru/catalog/kamlok-1,категория
https://steelborg.ru/catalog/kamlok-1-12,категория
https://steelborg.ru/catalog/kamlok,категория
https://steelborg.ru/catalog/zaklepki-uvelichennye,категория
https://steelborg.ru/catalog/zaklepki-stalnye-otsinkovannye,категория
https://steelborg.ru/catalog/zaklepki-stalnye-vytyazhnye,категория
https://steelborg.ru/catalog/zaklepki-stalnye,категория
https://steelborg.ru/catalog/zaklepki-so-standartnym-bortikom,категория
https://steelborg.ru/catalog/zaklepki-s-flantsem,категория
https://steelborg.ru/catalog/zaklepki-s-umenshennym-bortikom,категория
https://steelborg.ru/catalog/zaklepki-s-potaynym-bortikom,категория
https://steelborg.ru/catalog/zaklepki-s-potaynoy-golovkoy,категория
https://steelborg.ru/catalog/zaklepki-s-polukrugloy-golovkoy,категория
https://steelborg.ru/catalog/zaklepki-s-ploskoy-golovkoy,категория
https://steelborg.ru/catalog/zaklepki-s-vnutrenney-rezboy,категория
https://steelborg.ru/catalog/zaklepki-rezbovye-tsilindricheskie,категория
https://steelborg.ru/catalog/zaklepki-rezbovye-otsinkovannye,категория
https://steelborg.ru/catalog/zaklepki-rezbovye-m8,категория
https://steelborg.ru/catalog/zaklepki-rezbovye-m6,категория
https://steelborg.ru/catalog/zaklepki-rezbovye,категория
https://steelborg.ru/catalog/zaklepki-raspornye,категория
https://steelborg.ru/catalog/zaklepki-potaynye,категория
https://steelborg.ru/catalog/zaklepki-nerzhaveyuschie,категория
https://steelborg.ru/catalog/zaklepki-metallicheskie,категория
https://steelborg.ru/catalog/zaklepki-m6,категория
https://steelborg.ru/catalog/zaklepki-latunnye,категория
https://steelborg.ru/catalog/zaklepki-kombinirovannye,категория
https://steelborg.ru/catalog/zaklepki-vytyazhnye-lepestkovye,категория
https://steelborg.ru/catalog/zaklepki-vytyazhnye-kombinirovannye,категория
https://steelborg.ru/catalog/zaklepki-vytyazhnye-alyuminievye,категория
https://steelborg.ru/catalog/zaklepki-vytyazhnye-5-mm,категория
https://steelborg.ru/catalog/zaklepki-vytyazhnaya-4-mm,категория
https://steelborg.ru/catalog/zaklepki-vytyazhnye-3-d-2-mm,категория
https://steelborg.ru/catalog/zaklepki-vytyazhnye,категория
https://steelborg.ru/catalog/zaklepki-alyuminievyestalnye,категория
https://steelborg.ru/catalog/zaklepki-alyuminievye-6-mm,категория
https://steelborg.ru/catalog/zaklepki-alyuminievye,категория
https://steelborg.ru/catalog/zaklepki-8-mm,категория
https://steelborg.ru/catalog/zaklepki-6-d-4-mm,категория
https://steelborg.ru/catalog/zaklepki-50-mm,категория
https://steelborg.ru/catalog/zaklepki-5-mm,категория
https://steelborg.ru/catalog/zaklepki-4h12-mm,категория
https://steelborg.ru/catalog/zaklepki-4-d-8-mm,категория
https://steelborg.ru/catalog/zaklepki-4-mm,категория
https://steelborg.ru/catalog/zaklepki-3-d-2-mm,категория
https://steelborg.ru/catalog/zaklepki-3-mm,категория
https://steelborg.ru/catalog/zaklepki-20-mm,категория
https://steelborg.ru/catalog/zaklepki-2-d-4-mm,категория
https://steelborg.ru/catalog/zaklepki-2-mm,категория
https://steelborg.ru/catalog/zaklepki-18-mm,категория
https://steelborg.ru/catalog/zaklepki-16-mm,категория
https://steelborg.ru/catalog/zaklepki-14-mm,категория
https://steelborg.ru/catalog/zaklepki-12-mm,категория
https://steelborg.ru/catalog/zaklepki-10-mm,категория
https://steelborg.ru/catalog/zaklepki-1-mm,категория
https://steelborg.ru/catalog/zaklepka-gayka-tsilindricheskaya-s-nasechkami,категория
https://steelborg.ru/catalog/zaklepka-gayka-stalnaya,категория
https://steelborg.ru/catalog/zaklepka-gayka-s-flantsem-m6,категория
https://steelborg.ru/catalog/zaklepka-gayka-s-flantsem,категория
https://steelborg.ru/catalog/zaklepka-gayka-s-potaynym-bortikom-i-nasechkami,категория
https://steelborg.ru/catalog/zaklepka-gayka-rezbovaya-m8,категория
https://steelborg.ru/catalog/zaklepka-gayka-rezbovaya-m6,категория
https://steelborg.ru/catalog/zaklepka-gayka-rezbovaya-m5,категория
https://steelborg.ru/catalog/zaklepka-gayka-rezbovaya-m4,категория
https://steelborg.ru/catalog/zaklepka-gayka-rezbovaya-m3,категория
https://steelborg.ru/catalog/zaklepka-gayka-rezbovaya-m10,категория
https://steelborg.ru/catalog/zaklepka-gayka-rezbovaya,категория
https://steelborg.ru/catalog/zaklepka-gayka-otsinkovannaya,категория
https://steelborg.ru/catalog/zaklepka-gayka-m8,категория
https://steelborg.ru/catalog/zaklepka-gayka-m6,категория
https://steelborg.ru/catalog/zaklepka-gayka-m5,категория
https://steelborg.ru/catalog/zaklepka-gayka-m4,категория
https://steelborg.ru/catalog/zaklepka-gayka-m3,категория
https://steelborg.ru/catalog/zaklepka-gayka-m12,категория
https://steelborg.ru/catalog/zaklepka-gayka-m10,категория
https://steelborg.ru/catalog/zaklepka-gayka-vytyazhnaya-m8,категория
https://steelborg.ru/catalog/zaklepka-gayka-vytyazhnaya-m6,категория
https://steelborg.ru/catalog/zaklepka-gayka-vytyazhnaya-m5,категория
https://steelborg.ru/catalog/zaklepka-gayka-vytyazhnaya-m4,категория
https://steelborg.ru/catalog/zaklepka-gayka-vytyazhnaya-m10,категория
https://steelborg.ru/catalog/zaklepka-gayka-vytyazhnaya,категория
https://steelborg.ru/catalog/zaklepka-gayka,категория
https://steelborg.ru/catalog/zaklepka-mednaya-s-potaynym-bortikom,категория
https://steelborg.ru/catalog/zaklepka-mednaya-s-polukrugloy-golovkoy,категория
https://steelborg.ru/catalog/zaklepka-mednaya-vytyazhnaya-4h12-mm,категория
https://steelborg.ru/catalog/zaklepka-mednaya-vytyazhnaya-4h10-mm,категория
https://steelborg.ru/catalog/zaklepka-mednaya-vytyazhnaya,категория
https://steelborg.ru/catalog/zaklepka-mednaya-8-mm,категория
https://steelborg.ru/catalog/zaklepka-mednaya-6-mm,категория
https://steelborg.ru/catalog/zaklepka-mednaya-5h10-mm,категория
https://steelborg.ru/catalog/zaklepka-mednaya-5-mm,категория
https://steelborg.ru/catalog/zaklepka-mednaya-4h6-mm,категория
https://steelborg.ru/catalog/zaklepka-mednaya-4-mm,категория
https://steelborg.ru/catalog/zaklepka-mednaya-3-mm,категория
https://steelborg.ru/catalog/zaklepka-mednaya-2h4-mm,категория
https://steelborg.ru/catalog/zaklepka-mednaya-12-mm,категория
https://steelborg.ru/catalog/zaklepka-mednaya-10-mm,категория
https://steelborg.ru/catalog/zaklepka-mednaya,категория
https://steelborg.ru/catalog/zaklepki,категория
https://steelborg.ru/catalog/dyubel-homut-pryamougolnyy,категория
https://steelborg.ru/catalog/dyubel-homut-neylonovyy-5h10-mm,категория
https://steelborg.ru/catalog/dyubel-homut-neylonovyy,категория
https://steelborg.ru/catalog/dyubel-homut-metallicheskiy,категория
https://steelborg.ru/catalog/dyubel-homut-m8,категория
https://steelborg.ru/catalog/dyubel-homut-kruglyy,категория
https://steelborg.ru/catalog/dyubel-homut-dlya-ploskogo-kabelya,категория
https://steelborg.ru/catalog/dyubel-homut-dlya-kruglogo-kabelya,категория
https://steelborg.ru/catalog/dyubel-homut-dlya-krepleniya-kabelya,категория
https://steelborg.ru/catalog/dyubel-homut-6h14-mm,категория
https://steelborg.ru/catalog/dyubel-homut-6h12-mm,категория
https://steelborg.ru/catalog/dyubel-homut-6-mm,категория
https://steelborg.ru/catalog/dyubel-homut-5h10-mm,категория
https://steelborg.ru/catalog/dyubel-homut-5-mm,категория
https://steelborg.ru/catalog/dyubel-homut-25-mm,категория
https://steelborg.ru/catalog/dyubel-homut-19h25-mm,категория
https://steelborg.ru/catalog/dyubel-homut-19-mm,категория
https://steelborg.ru/catalog/dyubel-homut-11h18-mm,категория
https://steelborg.ru/catalog/dyubel-homut-10h5-mm,категория
https://steelborg.ru/catalog/dyubel-homut-10-mm,категория
https://steelborg.ru/catalog/dyubel-homut,категория
https://steelborg.ru/catalog/dyubel-probka,категория
https://steelborg.ru/catalog/dyubel-kryuk-universalnyy,категория
https://steelborg.ru/catalog/dyubel-kryuk-raspornyy,категория
https://steelborg.ru/catalog/dyubel-kryuk-pruzhinnyy,категория
https://steelborg.ru/catalog/dyubel-kryuk-metallicheskiy,категория
https://steelborg.ru/catalog/dyubel-kryuk-dlya-trub,категория
https://steelborg.ru/catalog/dyubel-kryuk-dvoynoy-dlya-trub,категория
https://steelborg.ru/catalog/dyubel-kryuk-dvoynoy-100-mm,категория
https://steelborg.ru/catalog/dyubel-kryuk-dvoynoy,категория
https://steelborg.ru/catalog/dyubel-kryuk-8-mm,категория
https://steelborg.ru/catalog/dyubel-kryuk-6-mm,категория
https://steelborg.ru/catalog/dyubel-kryuk-4-mm,категория
https://steelborg.ru/catalog/dyubel-kryuk-12-mm,категория
https://steelborg.ru/catalog/dyubel-kryuk-10-mm,категория
https://steelborg.ru/catalog/dyubel-kryuk,категория
https://steelborg.ru/catalog/dyubel-kostyl-metallicheskiy,категория
https://steelborg.ru/catalog/dyubel-kostyl-8-mm,категория
https://steelborg.ru/catalog/dyubel-kostyl-6-mm,категория
https://steelborg.ru/catalog/dyubel-kostyl-12-mm,категория
https://steelborg.ru/catalog/dyubel-kostyl-10-mm,категория
https://steelborg.ru/catalog/dyubel-kostyl,категория
https://steelborg.ru/catalog/dyubel-gvozd-s-shayboy,категория
https://steelborg.ru/catalog/dyubel-gvozd-s-tsilindricheskim-bortikom,категория
https://steelborg.ru/catalog/dyubel-gvozd-s-termogolovkoy,категория
https://steelborg.ru/catalog/dyubel-gvozd-s-potaynym-bortikom,категория
https://steelborg.ru/catalog/dyubel-gvozd-s-potaynoy-golovkoy,категория
https://steelborg.ru/catalog/dyubel-gvozd-s-gribovidnym-bortikom,категория
https://steelborg.ru/catalog/dyubel-gvozd-s-bortikom,категория
https://steelborg.ru/catalog/dyubel-gvozd-raspornyy,категория
https://steelborg.ru/catalog/dyubel-gvozd-potaynoy,категория
https://steelborg.ru/catalog/dyubel-gvozd-polipropilenovyy,категория
https://steelborg.ru/catalog/dyubel-gvozd-plastikovyy,категория
https://steelborg.ru/catalog/dyubel-gvozd-montazhnyy,категория
https://steelborg.ru/catalog/dyubel-gvozd-metallicheskiy,категория
https://steelborg.ru/catalog/dyubel-gvozd-zabivnoy,категория
https://steelborg.ru/catalog/dyubel-gvozd-dlya-pistoleta,категория
https://steelborg.ru/catalog/dyubel-gvozd-dlya-montazha,категория
https://steelborg.ru/catalog/dyubel-gvozd-dlya-kirpicha,категория
https://steelborg.ru/catalog/dyubel-gvozd-dlya-izolyatsii,категория
https://steelborg.ru/catalog/dyubel-gvozd-dlya-betona,категория
https://steelborg.ru/catalog/dyubel-gvozd-grib,категория
https://steelborg.ru/catalog/dyubel-gvozd-8-mm,категория
https://steelborg.ru/catalog/dyubel-gvozd-6h60-mm,категория
https://steelborg.ru/catalog/dyubel-gvozd-6h40-mm,категория
https://steelborg.ru/catalog/dyubel-gvozd-6-mm,категория
https://steelborg.ru/catalog/dyubel-gvozd-5-mm,категория
https://steelborg.ru/catalog/dyubel-gvozd-4-d-5-mm,категория
https://steelborg.ru/catalog/dyubel-gvozd-3-d-7-mm,категория
https://steelborg.ru/catalog/dyubel-gvozd-10-mm,категория
https://steelborg.ru/catalog/dyubel-gvozd,категория
https://steelborg.ru/catalog/dyubel-fasadnyy,категория
https://steelborg.ru/catalog/dyubel-usilennyy,категория
https://steelborg.ru/catalog/dyubel-universalnyy,категория
https://steelborg.ru/catalog/dyubel-tarelchatyy,категория
https://steelborg.ru/catalog/dyubel-skladnoy-pruzhinnyy,категория
https://steelborg.ru/catalog/dyubel-s-shurupom,категория
https://steelborg.ru/catalog/dyubel-s-shestigrannoy-golovkoy,категория
https://steelborg.ru/catalog/dyubel-s-usami,категория
https://steelborg.ru/catalog/dyubel-s-potaynym-bortikom,категория
https://steelborg.ru/catalog/dyubel-s-potaynoy-golovkoy,категория
https://steelborg.ru/catalog/dyubel-s-koltsom,категория
https://steelborg.ru/catalog/dyubel-raspornyy-6-mm,категория
https://steelborg.ru/catalog/dyubel-raspornyy-10-mm,категория
https://steelborg.ru/catalog/dyubel-raspornyy,категория
https://steelborg.ru/catalog/dyubel-ramnyy,категория
https://steelborg.ru/catalog/dyubel-potaynoy,категория
https://steelborg.ru/catalog/dyubel-polipropilenovyy,категория
https://steelborg.ru/catalog/dyubel-plastikovyy,категория
https://steelborg.ru/catalog/dyubel-neylonovyy,категория
https://steelborg.ru/catalog/dyubel-montazhnyy,категория
https://steelborg.ru/catalog/dyubel-metallicheskiy-raspornyy,категория
https://steelborg.ru/catalog/dyubel-metallicheskiy-5h30-mm,категория
https://steelborg.ru/catalog/dyubel-metallicheskiy,категория
https://steelborg.ru/catalog/dyubel-dlya-pustotelyh-konstruktsiy,категория
https://steelborg.ru/catalog/dyubel-dlya-penobetona,категория
https://steelborg.ru/catalog/dyubel-dlya-montazhnogo-pistoleta,категория
https://steelborg.ru/catalog/dyubel-dlya-izolyatsii,категория
https://steelborg.ru/catalog/dyubel-dlya-gipsokartona,категория
https://steelborg.ru/catalog/dyubel-dlya-gazobetona,категория
https://steelborg.ru/catalog/dyubel-dlya-betona,категория
https://steelborg.ru/catalog/dyubel-babochka,категория
https://steelborg.ru/catalog/dyubel-8-mm,категория
https://steelborg.ru/catalog/dyubel-6h40-mm,категория
https://steelborg.ru/catalog/dyubel-6-mm,категория
https://steelborg.ru/catalog/dyubel-5-mm,категория
https://steelborg.ru/catalog/dyubel-40-mm,категория
https://steelborg.ru/catalog/dyubel-4-d-5-mm,категория
https://steelborg.ru/catalog/dyubel-4-mm,категория
https://steelborg.ru/catalog/dyubel-25-mm,категория
https://steelborg.ru/catalog/dyubel-14-mm,категория
https://steelborg.ru/catalog/dyubel-12-mm,категория
https://steelborg.ru/catalog/dyubel-100-mm,категория
https://steelborg.ru/catalog/dyubel-10-mm,категория
https://steelborg.ru/catalog/dyubel,категория
https://steelborg.ru/catalog/gvozd-shurup-3-d-7-mm,категория
https://steelborg.ru/catalog/gvozd-shurup,категория
https://steelborg.ru/catalog/gvozd-stroitelnyy-100-mm,категория
https://steelborg.ru/catalog/gvozd-stroitelnyy,категория
https://steelborg.ru/catalog/gvozd-so-shlyapkoy,категория
https://steelborg.ru/catalog/gvozd-s-ploskoy-golovkoy,категория
https://steelborg.ru/catalog/gvozd-s-konicheskoy-golovkoy,категория
https://steelborg.ru/catalog/gvozd-s-bolshoy-ploskoy-golovkoy,категория
https://steelborg.ru/catalog/gvozd-ostryy,категория
https://steelborg.ru/catalog/gvozd-kruglyy,категория
https://steelborg.ru/catalog/gvozd-ershenyy-otsinkovannyy,категория
https://steelborg.ru/catalog/gvozd-90-mm,категория
https://steelborg.ru/catalog/gvozd-80-mm,категория
https://steelborg.ru/catalog/gvozd-8-mm,категория
https://steelborg.ru/catalog/gvozd-70-mm,категория
https://steelborg.ru/catalog/gvozd-6h60-mm,категория
https://steelborg.ru/catalog/gvozd-60-mm,категория
https://steelborg.ru/catalog/gvozd-6-mm,категория
https://steelborg.ru/catalog/gvozd-50-mm,категория
https://steelborg.ru/catalog/gvozd-5-mm,категория
https://steelborg.ru/catalog/gvozd-5-kg,категория
https://steelborg.ru/catalog/gvozd-4h100-mm,категория
https://steelborg.ru/catalog/gvozd-48-mm,категория
https://steelborg.ru/catalog/gvozd-47-mm,категория
https://steelborg.ru/catalog/gvozd-45-mm,категория
https://steelborg.ru/catalog/gvozd-400-mm,категория
https://steelborg.ru/catalog/gvozd-40-mm,категория
https://steelborg.ru/catalog/gvozd-4-d-2-mm,категория
https://steelborg.ru/catalog/gvozd-4-mm,категория
https://steelborg.ru/catalog/gvozd-35-mm,категория
https://steelborg.ru/catalog/gvozd-32-mm,категория
https://steelborg.ru/catalog/gvozd-30-mm,категория
https://steelborg.ru/catalog/gvozd-3-d-5-mm,категория
https://steelborg.ru/catalog/gvozd-3-d-4-mm,категория
https://steelborg.ru/catalog/gvozd-3-d-1-mm,категория
https://steelborg.ru/catalog/gvozd-3-mm,категория
https://steelborg.ru/catalog/gvozd-25-mm,категория
https://steelborg.ru/catalog/gvozd-25-kg,категория
https://steelborg.ru/catalog/gvozd-20-mm,категория
https://steelborg.ru/catalog/gvozd-2-d-8-mm,категория
https://steelborg.ru/catalog/gvozd-2-d-5-mm,категория
https://steelborg.ru/catalog/gvozd-2-d-2-mm,категория
https://steelborg.ru/catalog/gvozd-2-mm,категория
https://steelborg.ru/catalog/gvozd-160-mm,категория
https://steelborg.ru/catalog/gvozd-150-mm,категория
https://steelborg.ru/catalog/gvozd-120-mm,категория
https://steelborg.ru/catalog/gvozd-100-mm,категория
https://steelborg.ru/catalog/gvozd-10-mm,категория
https://steelborg.ru/catalog/gvozd-1-d-8-mm,категория
https://steelborg.ru/catalog/gvozd-1-d-6-mm,категория
https://steelborg.ru/catalog/gvozd-1-d-4-mm,категория
https://steelborg.ru/catalog/gvozd-1-d-2-mm,категория
https://steelborg.ru/catalog/gvozd-1-kg,категория
https://steelborg.ru/catalog/gvozd,категория
https://steelborg.ru/catalog/rym-gayka-otsinkovannaya-m8,категория
https://steelborg.ru/catalog/rym-gayka-otsinkovannaya-m12,категория
https://steelborg.ru/catalog/rym-gayka-otsinkovannaya,категория
https://steelborg.ru/catalog/rym-gayka-m8,категория
https://steelborg.ru/catalog/rym-gayka-m6,категория
https://steelborg.ru/catalog/rym-gayka-m42,категория
https://steelborg.ru/catalog/rym-gayka-m36,категория
https://steelborg.ru/catalog/rym-gayka-m30,категория
https://steelborg.ru/catalog/rym-gayka-m27,категория
https://steelborg.ru/catalog/rym-gayka-m24,категория
https://steelborg.ru/catalog/rym-gayka-m22,категория
https://steelborg.ru/catalog/rym-gayka-m20,категория
https://steelborg.ru/catalog/rym-gayka-m18,категория
https://steelborg.ru/catalog/rym-gayka-m16,категория
https://steelborg.ru/catalog/rym-gayka-m14,категория
https://steelborg.ru/catalog/rym-gayka-m12,категория
https://steelborg.ru/catalog/rym-gayka-m10,категория
https://steelborg.ru/catalog/rym-gayka-iz-nerzhaveyuschey-stali-m8,категория
https://steelborg.ru/catalog/rym-gayka-iz-nerzhaveyuschey-stali-m6,категория
https://steelborg.ru/catalog/rym-gayka-iz-nerzhaveyuschey-stali-m12,категория
https://steelborg.ru/catalog/rym-gayka-iz-nerzhaveyuschey-stali-m10,категория
https://steelborg.ru/catalog/rym-gayka-iz-nerzhaveyuschey-stali,категория
https://steelborg.ru/catalog/rym-gayka-bez-pokrytiya,категория
https://steelborg.ru/catalog/rym-gayka-a4,категория
https://steelborg.ru/catalog/rym-gayka-a2,категория
https://steelborg.ru/catalog/rym-gayka,категория
https://steelborg.ru/catalog/gayka-eriksona,категория
https://steelborg.ru/catalog/gayka-shlitsevaya,категория
https://steelborg.ru/catalog/gayka-shestigrannaya-otsinkovannaya,категория
https://steelborg.ru/catalog/gayka-shestigrannaya-m8,категория
https://steelborg.ru/catalog/gayka-tsilindricheskaya,категория
https://steelborg.ru/catalog/gayka-flantsevaya,категория
https://steelborg.ru/catalog/gayka-usovaya,категория
https://steelborg.ru/catalog/gayka-udlinyayuschaya,категория
https://steelborg.ru/catalog/gayka-udlinennaya,категория
https://steelborg.ru/catalog/gayka-trubnaya,категория
https://steelborg.ru/catalog/gayka-t-obraznaya,категория
https://steelborg.ru/catalog/gayka-stopornaya,категория
https://steelborg.ru/catalog/gayka-s-shestigrannoy-golovkoy,категория
https://steelborg.ru/catalog/gayka-s-pressshayboy,категория
https://steelborg.ru/catalog/gayka-s-nasechkoy-m6,категория
https://steelborg.ru/catalog/gayka-s-nasechkoy,категория
https://steelborg.ru/catalog/gayka-s-melkoy-rezboy,категория
https://steelborg.ru/catalog/gayka-rezbovaya,категория
https://steelborg.ru/catalog/gayka-privarnaya,категория
https://steelborg.ru/catalog/gayka-potaynaya,категория
https://steelborg.ru/catalog/gayka-perehodnaya,категория
https://steelborg.ru/catalog/gayka-otsinkovannaya-m8,категория
https://steelborg.ru/catalog/gayka-otsinkovannaya,категория
https://steelborg.ru/catalog/gayka-nizkaya,категория
https://steelborg.ru/catalog/gayka-nakidnaya-34,категория
https://steelborg.ru/catalog/gayka-metallicheskaya,категория
https://steelborg.ru/catalog/gayka-mednaya,категория
https://steelborg.ru/catalog/gayka-mebelnaya,категория
https://steelborg.ru/catalog/gayka-m8,категория
https://steelborg.ru/catalog/gayka-m6,категория
https://steelborg.ru/catalog/gayka-m42,категория
https://steelborg.ru/catalog/gayka-m36,категория
https://steelborg.ru/catalog/gayka-m27,категория
https://steelborg.ru/catalog/gayka-m24,категория
https://steelborg.ru/catalog/gayka-m10,категория
https://steelborg.ru/catalog/gayka-latunnaya,категория
https://steelborg.ru/catalog/gayka-kruglaya,категория
https://steelborg.ru/catalog/gayka-kolpachkovaya,категория
https://steelborg.ru/catalog/gayka-kvadratnaya,категория
https://steelborg.ru/catalog/gayka-iz-nerzhaveyuschey-stali,категория
https://steelborg.ru/catalog/gayka-zazhimnaya,категория
https://steelborg.ru/catalog/gayka-zabivnaya,категория
https://steelborg.ru/catalog/gayka-gluhaya,категория
https://steelborg.ru/catalog/gayka-vysokoprochnaya,категория
https://steelborg.ru/catalog/gayka-vysokaya,категория
https://steelborg.ru/catalog/gayka-bronzovaya,категория
https://steelborg.ru/catalog/gayka-bez-pokrytiya,категория
https://steelborg.ru/catalog/gayka-barashkovaya,категория
https://steelborg.ru/catalog/gayka-amerikanka,категория
https://steelborg.ru/catalog/gayka-a4,категория
https://steelborg.ru/catalog/gayka-a2,категория
https://steelborg.ru/catalog/gayka-80-mm,категория
https://steelborg.ru/catalog/gayka-5-mm,категория
https://steelborg.ru/catalog/gayka-4-mm,категория
https://steelborg.ru/catalog/gayka-30-mm,категория
https://steelborg.ru/catalog/gayka-38,категория
https://steelborg.ru/catalog/gayka-3-mm,категория
https://steelborg.ru/catalog/gayka-22-mm,категория
https://steelborg.ru/catalog/gayka-20-mm,категория
https://steelborg.ru/catalog/gayka-2-mm,категория
https://steelborg.ru/catalog/gayka-19-mm,категория
https://steelborg.ru/catalog/gayka-18-mm,категория
https://steelborg.ru/catalog/gayka-16-mm,категория
https://steelborg.ru/catalog/gayka-15-mm,категория
https://steelborg.ru/catalog/gayka-14-mm,категория
https://steelborg.ru/catalog/gayka-12-mm,категория
https://steelborg.ru/catalog/gayka-1-d-5-mm,категория
https://steelborg.ru/catalog/gayka-1-d-2-mm,категория
https://steelborg.ru/catalog/gayka-1-mm,категория
https://steelborg.ru/catalog/gayka-1-dyuym,категория
https://steelborg.ru/catalog/gayka,категория
https://steelborg.ru/catalog/vint-ustanovochnyy,категория
https://steelborg.ru/catalog/vint-styazhnoy-s-tsilindricheskoy-golovkoy,категория
https://steelborg.ru/catalog/vint-styazhnoy-otsinkovannyy,категория
https://steelborg.ru/catalog/vint-styazhnoy-90-mm,категория
https://steelborg.ru/catalog/vint-styazhnoy-6-mm,категория
https://steelborg.ru/catalog/vint-styazhnoy-40-mm,категория
https://steelborg.ru/catalog/vint-styazhnoy-3-mm,категория
https://steelborg.ru/catalog/vint-styazhnoy,категория
https://steelborg.ru/catalog/vint-samonarezayuschiy,категория
https://steelborg.ru/catalog/vint-s-shestigrannym-uglubleniem,категория
https://steelborg.ru/catalog/vint-s-tsilindricheskoy-golovkoy,категория
https://steelborg.ru/catalog/vint-s-potaynoy-golovkoy-i-vnutrennim-shestigrannikom,категория
https://steelborg.ru/catalog/vint-s-potaynoy-golovkoy,категория
https://steelborg.ru/catalog/vint-s-polukrugloy-golovkoy,категория
https://steelborg.ru/catalog/vint-s-kvadratnym-podgolovnikom,категория
https://steelborg.ru/catalog/vint-s-vnutrennim-shestigrannikom,категория
https://steelborg.ru/catalog/vint-rezbovoy,категория
https://steelborg.ru/catalog/vint-pryamoy-shlits,категория
https://steelborg.ru/catalog/vint-otsinkovannyy,категория
https://steelborg.ru/catalog/vint-m8,категория
https://steelborg.ru/catalog/vint-m6,категория
https://steelborg.ru/catalog/vint-krestoobraznyy-shlits,категория
https://steelborg.ru/catalog/vint-bez-pokrytiya,категория
https://steelborg.ru/catalog/vint-barashkovyy,категория
https://steelborg.ru/catalog/vint-a2-70,категория
https://steelborg.ru/catalog/vint-a4,категория
https://steelborg.ru/catalog/vint-a2,категория
https://steelborg.ru/catalog/vint-80-mm,категория
https://steelborg.ru/catalog/vint-70-mm,категория
https://steelborg.ru/catalog/vint-60-mm,категория
https://steelborg.ru/catalog/vint-50-mm,категория
https://steelborg.ru/catalog/vint-5-mm,категория
https://steelborg.ru/catalog/vint-45-mm,категория
https://steelborg.ru/catalog/vint-40-mm,категория
https://steelborg.ru/catalog/vint-4-mm,категория
https://steelborg.ru/catalog/vint-35-mm,категория
https://steelborg.ru/catalog/vint-30-mm,категория
https://steelborg.ru/catalog/vint-3-d-5-mm,категория
https://steelborg.ru/catalog/vint-3-mm,категория
https://steelborg.ru/catalog/vint-25-mm,категория
https://steelborg.ru/catalog/vint-20-mm,категория
https://steelborg.ru/catalog/vint-2-d-5-mm,категория
https://steelborg.ru/catalog/vint-16-mm,категория
https://steelborg.ru/catalog/vint-14-mm,категория
https://steelborg.ru/catalog/vint-12-mm,категория
https://steelborg.ru/catalog/vint-10-mm,категория
https://steelborg.ru/catalog/vint,категория
https://steelborg.ru/catalog/rym-bolt-otsinkovannyy,категория
https://steelborg.ru/catalog/rym-bolt-nerzhaveyuschiy,категория
https://steelborg.ru/catalog/rym-bolt-m8,категория
https://steelborg.ru/catalog/rym-bolt-m6,категория
https://steelborg.ru/catalog/rym-bolt-m36,категория
https://steelborg.ru/catalog/rym-bolt-m30,категория
https://steelborg.ru/catalog/rym-bolt-m24,категория
https://steelborg.ru/catalog/rym-bolt-m20,категория
https://steelborg.ru/catalog/rym-bolt-m16,категория
https://steelborg.ru/catalog/rym-bolt-m12,категория
https://steelborg.ru/catalog/rym-bolt-m10,категория
https://steelborg.ru/catalog/rym-bolt-a4,категория
https://steelborg.ru/catalog/rym-bolt-a2,категория
https://steelborg.ru/catalog/rym-bolt-20,категория
https://steelborg.ru/catalog/rym-bolt-10,категория
https://steelborg.ru/catalog/rym-bolt,категория
https://steelborg.ru/catalog/bolty-zakladnye,категория
https://steelborg.ru/catalog/bolt-chernyy,категория
https://steelborg.ru/catalog/bolt-usilennyy,категория
https://steelborg.ru/catalog/bolt-t-obraznyy,категория
https://steelborg.ru/catalog/bolt-s-shestigrannoy-golovkoy-i-polnoy-rezboy,категория
https://steelborg.ru/catalog/bolt-s-shestigrannoy-golovkoy-i-nepolnoy-rezboy,категория
https://steelborg.ru/catalog/bolt-s-shestigrannoy-golovkoy,категория
https://steelborg.ru/catalog/bolt-s-shagom-1-d-25,категория
https://steelborg.ru/catalog/bolt-s-flantsem,категория
https://steelborg.ru/catalog/bolt-s-polnoy-rezboy,категория
https://steelborg.ru/catalog/bolt-s-nepolnoy-rezboy,категория
https://steelborg.ru/catalog/bolt-s-koltsom,категория
https://steelborg.ru/catalog/bolt-s-kvadratnoy-golovkoy,категория
https://steelborg.ru/catalog/bolt-rezbovoy,категория
https://steelborg.ru/catalog/bolt-plastikovyy-shestigrannyy-s-polnoy-rezboy,категория
https://steelborg.ru/catalog/bolt-plastikovyy-shestigrannyy,категория
https://steelborg.ru/catalog/bolt-plastikovyy-m8,категория
https://steelborg.ru/catalog/bolt-plastikovyy-m6,категория
https://steelborg.ru/catalog/bolt-plastikovyy-m5,категория
https://steelborg.ru/catalog/bolt-plastikovyy-m4,категория
https://steelborg.ru/catalog/bolt-plastikovyy-m16,категория
https://steelborg.ru/catalog/bolt-plastikovyy-m12,категория
https://steelborg.ru/catalog/bolt-plastikovyy-m10,категория
https://steelborg.ru/catalog/bolt-plastikovyy-50-mm,категория
https://steelborg.ru/catalog/bolt-plastikovyy-40-mm,категория
https://steelborg.ru/catalog/bolt-plastikovyy-30-mm,категория
https://steelborg.ru/catalog/bolt-plastikovyy-20-mm,категория
https://steelborg.ru/catalog/bolt-plastikovyy,категория
https://steelborg.ru/catalog/bolt-otkidnoy,категория
https://steelborg.ru/catalog/bolt-nerzhaveyuschiy-s-shestigrannoy-golovkoy,категория
https://steelborg.ru/catalog/bolt-nerzhaveyuschiy-s-gaykoy,категория
https://steelborg.ru/catalog/bolt-nerzhaveyuschiy-m8h30,категория
https://steelborg.ru/catalog/bolt-nerzhaveyuschiy-m8,категория
https://steelborg.ru/catalog/bolt-nerzhaveyuschiy-m6h30,категория
https://steelborg.ru/catalog/bolt-nerzhaveyuschiy-m6h20,категория
https://steelborg.ru/catalog/bolt-nerzhaveyuschiy-m6,категория
https://steelborg.ru/catalog/bolt-nerzhaveyuschiy-m5,категория
https://steelborg.ru/catalog/bolt-nerzhaveyuschiy-m20,категория
https://steelborg.ru/catalog/bolt-nerzhaveyuschiy-m16,категория
https://steelborg.ru/catalog/bolt-nerzhaveyuschiy-m14,категория
https://steelborg.ru/catalog/bolt-nerzhaveyuschiy-m12,категория
https://steelborg.ru/catalog/bolt-nerzhaveyuschiy-m10h30,категория
https://steelborg.ru/catalog/bolt-nerzhaveyuschiy-m10,категория
https://steelborg.ru/catalog/bolt-nerzhaveyuschiy-aisi-316l,категория
https://steelborg.ru/catalog/bolt-nerzhaveyuschiy-aisi-304,категория
https://steelborg.ru/catalog/bolt-nerzhaveyuschiy-aisi-201,категория
https://steelborg.ru/catalog/bolt-nerzhaveyuschiy-90-mm,категория
https://steelborg.ru/catalog/bolt-nerzhaveyuschiy-80-mm,категория
https://steelborg.ru/catalog/bolt-nerzhaveyuschiy-70-mm,категория
https://steelborg.ru/catalog/bolt-nerzhaveyuschiy-60-mm,категория
https://steelborg.ru/catalog/bolt-nerzhaveyuschiy-50-mm,категория
https://steelborg.ru/catalog/bolt-nerzhaveyuschiy-40-mm,категория
https://steelborg.ru/catalog/bolt-nerzhaveyuschiy-24-mm,категория
https://steelborg.ru/catalog/bolt-nerzhaveyuschiy-120-mm,категория
https://steelborg.ru/catalog/bolt-nerzhaveyuschiy-100-mm,категория
https://steelborg.ru/catalog/bolt-nerzhaveyuschiy,категория
https://steelborg.ru/catalog/bolt-mebelnyy-m6,категория
https://steelborg.ru/catalog/bolt-m8h40,категория
https://steelborg.ru/catalog/bolt-m8h30,категория
https://steelborg.ru/catalog/bolt-m8h25,категория
https://steelborg.ru/catalog/bolt-m8,категория
https://steelborg.ru/catalog/bolt-m6,категория
https://steelborg.ru/catalog/bolt-m5,категория
https://steelborg.ru/catalog/bolt-m4,категория
https://steelborg.ru/catalog/bolt-m36,категория
https://steelborg.ru/catalog/bolt-m30,категория
https://steelborg.ru/catalog/bolt-m27,категория
https://steelborg.ru/catalog/bolt-m24,категория
https://steelborg.ru/catalog/bolt-m22,категория
https://steelborg.ru/catalog/bolt-m20,категория
https://steelborg.ru/catalog/bolt-m18,категория
https://steelborg.ru/catalog/bolt-m16h70,категория
https://steelborg.ru/catalog/bolt-m16,категория
https://steelborg.ru/catalog/bolt-m14,категория
https://steelborg.ru/catalog/bolt-m12h70,категория
https://steelborg.ru/catalog/bolt-m12,категория
https://steelborg.ru/catalog/bolt-m10h70,категория
https://steelborg.ru/catalog/bolt-m10h25,категория
https://steelborg.ru/catalog/bolt-m10,категория
https://steelborg.ru/catalog/bolt-a4,категория
https://steelborg.ru/catalog/bolt-a2,категория
https://steelborg.ru/catalog/bolt-90-mm,категория
https://steelborg.ru/catalog/bolt-80-mm,категория
https://steelborg.ru/catalog/bolt-70-mm,категория
https://steelborg.ru/catalog/bolt-65-mm,категория
https://steelborg.ru/catalog/bolt-60-mm,категория
https://steelborg.ru/catalog/bolt-50-mm,категория
https://steelborg.ru/catalog/bolt-45-mm,категория
https://steelborg.ru/catalog/bolt-40-mm,категория
https://steelborg.ru/catalog/bolt-35-mm,категория
https://steelborg.ru/catalog/bolt-120-mm,категория
https://steelborg.ru/catalog/bolt-110-mm,категория
https://steelborg.ru/catalog/bolt-100-mm,категория
https://steelborg.ru/catalog/bolt,категория
https://steelborg.ru/catalog/anker-s-shurupom,категория
https://steelborg.ru/catalog/anker-s-shestigrannoy-golovkoy,категория
https://steelborg.ru/catalog/anker-s-kryukom,категория
https://steelborg.ru/catalog/anker-s-koltsom,категория
https://steelborg.ru/catalog/anker-s-gaykoy,категория
https://steelborg.ru/catalog/anker-raspornyy-m12,категория
https://steelborg.ru/catalog/anker-raspornyy,категория
https://steelborg.ru/catalog/anker-potolochnyy,категория
https://steelborg.ru/catalog/anker-otsinkovannyy-m8,категория
https://steelborg.ru/catalog/anker-metallicheskiy,категория
https://steelborg.ru/catalog/anker-m8-100-mm,категория
https://steelborg.ru/catalog/anker-m8,категория
https://steelborg.ru/catalog/anker-m24,категория
https://steelborg.ru/catalog/anker-m12,категория
https://steelborg.ru/catalog/anker-m10,категория
https://steelborg.ru/catalog/anker-latunnyy,категория
https://steelborg.ru/catalog/anker-klinovoy-otsinkovannyy,категория
https://steelborg.ru/catalog/anker-klinovoy-zheltyy-tsink,категория
https://steelborg.ru/catalog/anker-klinovoy-a4,категория
https://steelborg.ru/catalog/anker-klinovoy-95-mm,категория
https://steelborg.ru/catalog/anker-klinovoy-8h80-mm,категория
https://steelborg.ru/catalog/anker-klinovoy-80-mm,категория
https://steelborg.ru/catalog/anker-klinovoy-8-mm,категория
https://steelborg.ru/catalog/anker-klinovoy-6h40-mm,категория
https://steelborg.ru/catalog/anker-klinovoy-65-mm,категория
https://steelborg.ru/catalog/anker-klinovoy-6-mm,категория
https://steelborg.ru/catalog/anker-klinovoy-40-mm,категория
https://steelborg.ru/catalog/anker-klinovoy-30-mm,категория
https://steelborg.ru/catalog/anker-klinovoy-200-mm,категория
https://steelborg.ru/catalog/anker-klinovoy-20-mm,категория
https://steelborg.ru/catalog/anker-klinovoy-16-mm,категория
https://steelborg.ru/catalog/anker-klinovoy-150-mm,категория
https://steelborg.ru/catalog/anker-klinovoy-12h120-mm,категория
https://steelborg.ru/catalog/anker-klinovoy-12h100-mm,категория
https://steelborg.ru/catalog/anker-klinovoy-120-mm,категория
https://steelborg.ru/catalog/anker-klinovoy-12-mm,категория
https://steelborg.ru/catalog/anker-klinovoy-10h200-mm,категория
https://steelborg.ru/catalog/anker-klinovoy-10h100-mm,категория
https://steelborg.ru/catalog/anker-klinovoy-100-mm,категория
https://steelborg.ru/catalog/anker-klinovoy-10-mm,категория
https://steelborg.ru/catalog/anker-klinovoy,категория
https://steelborg.ru/catalog/anker-zabivnoy-stalnoy,категория
https://steelborg.ru/catalog/anker-zabivnoy-otsinkovannyy-m8,категория
https://steelborg.ru/catalog/anker-zabivnoy-otsinkovannyy,категория
https://steelborg.ru/catalog/anker-zabivnoy-m8-100-mm,категория
https://steelborg.ru/catalog/anker-zabivnoy-m8,категория
https://steelborg.ru/catalog/anker-zabivnoy-m6,категория
https://steelborg.ru/catalog/anker-zabivnoy-m16,категория
https://steelborg.ru/catalog/anker-zabivnoy-m14,категория
https://steelborg.ru/catalog/anker-zabivnoy-m12,категория
https://steelborg.ru/catalog/anker-zabivnoy-m10,категория
https://steelborg.ru/catalog/anker-zabivnoy-latunnyy,категория
https://steelborg.ru/catalog/anker-zabivnoy-50-mm,категория
https://steelborg.ru/catalog/anker-zabivnoy-40-mm,категория
https://steelborg.ru/catalog/anker-zabivnoy-30-mm,категория
https://steelborg.ru/catalog/anker-zabivnoy-10h40-mm,категория
https://steelborg.ru/catalog/anker-zabivnoy-10h30-mm,категория
https://steelborg.ru/catalog/anker-zabivnoy,категория
https://steelborg.ru/catalog/anker-zheltyy-tsink,категория
https://steelborg.ru/catalog/anker-bolt-s-shurupom,категория
https://steelborg.ru/catalog/anker-bolt-s-shestigrannoy-golovkoy,категория
https://steelborg.ru/catalog/anker-bolt-s-kryukom,категория
https://steelborg.ru/catalog/anker-bolt-s-koltsom,категория
https://steelborg.ru/catalog/anker-bolt-s-gaykoy-m6,категория
https://steelborg.ru/catalog/anker-bolt-s-gaykoy,категория
https://steelborg.ru/catalog/anker-bolt-raspornyy,категория
https://steelborg.ru/catalog/anker-bolt-otsinkovannyy,категория
https://steelborg.ru/catalog/anker-bolt-m8,категория
https://steelborg.ru/catalog/anker-bolt-m6,категория
https://steelborg.ru/catalog/anker-bolt-m5,категория
https://steelborg.ru/catalog/anker-bolt-m24,категория
https://steelborg.ru/catalog/anker-bolt-m10h60-mm,категория
https://steelborg.ru/catalog/anker-bolt-klinovoy,категория
https://steelborg.ru/catalog/anker-bolt-zheltyy-tsink,категория
https://steelborg.ru/catalog/anker-bolt-bez-pokrytiya,категория
https://steelborg.ru/catalog/anker-bolt-8h85-mm,категория
https://steelborg.ru/catalog/anker-bolt-8h80-mm,категория
https://steelborg.ru/catalog/anker-bolt-8h60-mm,категория
https://steelborg.ru/catalog/anker-bolt-8h40-mm,категория
https://steelborg.ru/catalog/anker-bolt-8h100-mm,категория
https://steelborg.ru/catalog/anker-bolt-80-mm,категория
https://steelborg.ru/catalog/anker-bolt-75-mm,категория
https://steelborg.ru/catalog/anker-bolt-70-mm,категория
https://steelborg.ru/catalog/anker-bolt-65-mm,категория
https://steelborg.ru/catalog/anker-bolt-60-mm,категория
https://steelborg.ru/catalog/anker-bolt-40-mm,категория
https://steelborg.ru/catalog/anker-bolt-250-mm,категория
https://steelborg.ru/catalog/anker-bolt-200-mm,категория
https://steelborg.ru/catalog/anker-bolt-20-mm,категория
https://steelborg.ru/catalog/anker-bolt-180-mm,категория
https://steelborg.ru/catalog/anker-bolt-16h150-mm,категория
https://steelborg.ru/catalog/anker-bolt-16-mm,категория
https://steelborg.ru/catalog/anker-bolt-150-mm,категория
https://steelborg.ru/catalog/anker-bolt-14-mm,категория
https://steelborg.ru/catalog/anker-bolt-130-mm,категория
https://steelborg.ru/catalog/anker-bolt-12h70-mm,категория
https://steelborg.ru/catalog/anker-bolt-12h100-mm,категория
https://steelborg.ru/catalog/anker-bolt-120-mm,категория
https://steelborg.ru/catalog/anker-bolt-12-mm,категория
https://steelborg.ru/catalog/anker-bolt-110-mm,категория
https://steelborg.ru/catalog/anker-bolt-10h50-mm,категория
https://steelborg.ru/catalog/anker-bolt-10h150-mm,категория
https://steelborg.ru/catalog/anker-bolt-10h130-mm,категория
https://steelborg.ru/catalog/anker-bolt-10h100-mm,категория
https://steelborg.ru/catalog/anker-bolt-100-mm,категория
https://steelborg.ru/catalog/anker-bolt-10-mm,категория
https://steelborg.ru/catalog/anker-bolt,категория
https://steelborg.ru/catalog/anker-bez-pokrytiya,категория
https://steelborg.ru/catalog/anker-80-mm,категория
https://steelborg.ru/catalog/anker-75-mm,категория
https://steelborg.ru/catalog/anker-70-mm,категория
https://steelborg.ru/catalog/anker-65-mm,категория
https://steelborg.ru/catalog/anker-60-mm,категория
https://steelborg.ru/catalog/anker-500-mm,категория
https://steelborg.ru/catalog/anker-50-mm,категория
https://steelborg.ru/catalog/anker-450-mm,категория
https://steelborg.ru/catalog/anker-400-mm,категория
https://steelborg.ru/catalog/anker-40-mm,категория
https://steelborg.ru/catalog/anker-30-mm,категория
https://steelborg.ru/catalog/anker-28-mm,категория
https://steelborg.ru/catalog/anker-250-mm,категория
https://steelborg.ru/catalog/anker-200-mm,категория
https://steelborg.ru/catalog/anker-20-mm,категория
https://steelborg.ru/catalog/anker-180-mm,категория
https://steelborg.ru/catalog/anker-18-mm,категория
https://steelborg.ru/catalog/anker-16-mm,категория
https://steelborg.ru/catalog/anker-150-mm,категория
https://steelborg.ru/catalog/anker-140-mm,категория
https://steelborg.ru/catalog/anker-14-mm,категория
https://steelborg.ru/catalog/anker-130-mm,категория
https://steelborg.ru/catalog/anker-12h150-mm,категория
https://steelborg.ru/catalog/anker-12h120-mm,категория
https://steelborg.ru/catalog/anker-120-mm,категория
https://steelborg.ru/catalog/anker-110-mm,категория
https://steelborg.ru/catalog/anker-10h100-mm,категория
https://steelborg.ru/catalog/anker-100-mm,категория
https://steelborg.ru/catalog/anker,категория
https://steelborg.ru/catalog/metizy,категория
https://steelborg.ru/catalog/chushki-tsv0,категория
https://steelborg.ru/catalog/chushki-tsv,категория
https://steelborg.ru/catalog/chushki-tsam4-1,категория
https://steelborg.ru/catalog/chushki-ts1,категория
https://steelborg.ru/catalog/chushki-ts0a,категория
https://steelborg.ru/catalog/chushki-ts0,категория
https://steelborg.ru/catalog/chushki-svintsovye-s2,категория
https://steelborg.ru/catalog/chushki-svintsovye-s1,категория
https://steelborg.ru/catalog/chushki-svintsovye,категория
https://steelborg.ru/catalog/chushki-s2,категория
https://steelborg.ru/catalog/chushki-s1,категория
https://steelborg.ru/catalog/chushki-o1,категория
https://steelborg.ru/catalog/chushki-mf9,категория
https://steelborg.ru/catalog/chushki-m2,категория
https://steelborg.ru/catalog/chushki-m1,категория
https://steelborg.ru/catalog/chushki-lsd,категория
https://steelborg.ru/catalog/chushki-ls59-1,категория
https://steelborg.ru/catalog/chushki-ls,категория
https://steelborg.ru/catalog/chushki-lk,категория
https://steelborg.ru/catalog/chushki-l90,категория
https://steelborg.ru/catalog/chushki-l80,категория
https://steelborg.ru/catalog/chushki-l68,категория
https://steelborg.ru/catalog/chushki-l63,категория
https://steelborg.ru/catalog/chushki-gost-1089-82,категория
https://steelborg.ru/catalog/chushki-brh1,категория
https://steelborg.ru/catalog/chushki-brh0-d-7,категория
https://steelborg.ru/catalog/chushki-brotss5-5-5,категория
https://steelborg.ru/catalog/chushki-bro5ts6s5,категория
https://steelborg.ru/catalog/chushki-bro5ts5s5,категория
https://steelborg.ru/catalog/chushki-brkmts3-1,категория
https://steelborg.ru/catalog/chushki-brkd1,категория
https://steelborg.ru/catalog/chushki-brkb2-d-5-0-d-5,категория
https://steelborg.ru/catalog/chushki-bramts9-2,категория
https://steelborg.ru/catalog/chushki-brazhn10-4-4,категория
https://steelborg.ru/catalog/chushki-brazhmts10-3-1-d-5,категория
https://steelborg.ru/catalog/chushki-brazh9-4,категория
https://steelborg.ru/catalog/chushki-bra10zh3,категория
https://steelborg.ru/catalog/chushki-bn,категория
https://steelborg.ru/catalog/chushki-bk2sh,категория
https://steelborg.ru/catalog/chushki-bk2,категория
https://steelborg.ru/catalog/chushki-b88,категория
https://steelborg.ru/catalog/chushki-b83s,категория
https://steelborg.ru/catalog/chushki-b83,категория
https://steelborg.ru/catalog/chushki-b16,категория
https://steelborg.ru/catalog/chushki-ak9ch,категория
https://steelborg.ru/catalog/chushki-ak9m2,категория
https://steelborg.ru/catalog/chushki-ak9,категория
https://steelborg.ru/catalog/chushki-ak7ch,категория
https://steelborg.ru/catalog/chushki-ak7,категория
https://steelborg.ru/catalog/chushki-ak5m2,категория
https://steelborg.ru/catalog/chushki-ak12pch,категория
https://steelborg.ru/catalog/chushki-ak12och,категория
https://steelborg.ru/catalog/chushki-ak12m2,категория
https://steelborg.ru/catalog/chushki-ak12,категория
https://steelborg.ru/catalog/chushki-av97,категория
https://steelborg.ru/catalog/chushki-av91,категория
https://steelborg.ru/catalog/chushki-av87,категория
https://steelborg.ru/catalog/chushki-a99,категория
https://steelborg.ru/catalog/chushki-a95,категория
https://steelborg.ru/catalog/chushki-a8,категория
https://steelborg.ru/catalog/chushki-a7,категория
https://steelborg.ru/catalog/chushki-a5,категория
https://steelborg.ru/catalog/chushki-100-mm,категория
https://steelborg.ru/catalog/chushka-tsinkovaya-tsv0,категория
https://steelborg.ru/catalog/chushka-tsinkovaya-tsv,категория
https://steelborg.ru/catalog/chushka-tsinkovaya-tsam4-1,категория
https://steelborg.ru/catalog/chushka-tsinkovaya-ts0a,категория
https://steelborg.ru/catalog/chushka-tsinkovaya-ts0,категория
https://steelborg.ru/catalog/chushka-tsinkovaya,категория
https://steelborg.ru/catalog/chushka-surma,категория
https://steelborg.ru/catalog/chushka-olovyannaya-o1,категория
https://steelborg.ru/catalog/chushka-olovyannaya,категория
https://steelborg.ru/catalog/chushka-latunnaya-lsd,категория
https://steelborg.ru/catalog/chushka-latunnaya-ls59-1,категория
https://steelborg.ru/catalog/chushka-latunnaya-ls,категория
https://steelborg.ru/catalog/chushka-latunnaya-lk,категория
https://steelborg.ru/catalog/chushka-latunnaya-l90,категория
https://steelborg.ru/catalog/chushka-latunnaya-l80,категория
https://steelborg.ru/catalog/chushka-latunnaya-l68,категория
https://steelborg.ru/catalog/chushka-latunnaya-l63,категория
https://steelborg.ru/catalog/chushka-latunnaya,категория
https://steelborg.ru/catalog/chushka-vismut,категория
https://steelborg.ru/catalog/chushka-bronzovaya-brh1,категория
https://steelborg.ru/catalog/chushka-bronzovaya-brh0-d-7,категория
https://steelborg.ru/catalog/chushka-bronzovaya-brotss5-5-5,категория
https://steelborg.ru/catalog/chushka-bronzovaya-bro5ts6s5,категория
https://steelborg.ru/catalog/chushka-bronzovaya-bro5ts5s5,категория
https://steelborg.ru/catalog/chushka-bronzovaya-brkmts3-1,категория
https://steelborg.ru/catalog/chushka-bronzovaya-brkd1,категория
https://steelborg.ru/catalog/chushka-bronzovaya-brkb2-d-5-0-d-5,категория
https://steelborg.ru/catalog/chushka-bronzovaya-bramts9-2,категория
https://steelborg.ru/catalog/chushka-bronzovaya-brazhn10-4-4,категория
https://steelborg.ru/catalog/chushka-bronzovaya-brazhmts10-3-1-d-5,категория
https://steelborg.ru/catalog/chushka-bronzovaya-brazh9-4,категория
https://steelborg.ru/catalog/chushka-bronzovaya-bra10zh3,категория
https://steelborg.ru/catalog/chushka-bronzovaya,категория
https://steelborg.ru/catalog/chushka-babbita-bn,категория
https://steelborg.ru/catalog/chushka-babbita-bk2sh,категория
https://steelborg.ru/catalog/chushka-babbita-bk2,категория
https://steelborg.ru/catalog/chushka-babbita-b88,категория
https://steelborg.ru/catalog/chushka-babbita-b83s,категория
https://steelborg.ru/catalog/chushka-babbita-b83,категория
https://steelborg.ru/catalog/chushka-babbita-b16,категория
https://steelborg.ru/catalog/chushka-babbita,категория
https://steelborg.ru/catalog/chushka-alyuminievaya-ak9ch,категория
https://steelborg.ru/catalog/chushka-alyuminievaya-ak9m2,категория
https://steelborg.ru/catalog/chushka-alyuminievaya-ak9,категория
https://steelborg.ru/catalog/chushka-alyuminievaya-ak7ch,категория
https://steelborg.ru/catalog/chushka-alyuminievaya-ak7,категория
https://steelborg.ru/catalog/chushka-alyuminievaya-ak5m2,категория
https://steelborg.ru/catalog/chushka-alyuminievaya-ak12pch,категория
https://steelborg.ru/catalog/chushka-alyuminievaya-ak12och,категория
https://steelborg.ru/catalog/chushka-alyuminievaya-ak12m2,категория
https://steelborg.ru/catalog/chushka-alyuminievaya-ak12,категория
https://steelborg.ru/catalog/chushka-alyuminievaya-av97,категория
https://steelborg.ru/catalog/chushka-alyuminievaya-av91,категория
https://steelborg.ru/catalog/chushka-alyuminievaya-av87,категория
https://steelborg.ru/catalog/chushka-alyuminievaya-a99,категория
https://steelborg.ru/catalog/chushka-alyuminievaya-a8,категория
https://steelborg.ru/catalog/chushka-alyuminievaya-a7,категория
https://steelborg.ru/catalog/chushka-alyuminievaya-a5,категория
https://steelborg.ru/catalog/chushka-alyuminievaya,категория
https://steelborg.ru/catalog/chugun-v-chushkah,категория
https://steelborg.ru/catalog/mednaya-chushka-mf9,категория
https://steelborg.ru/catalog/mednaya-chushka-m2,категория
https://steelborg.ru/catalog/mednaya-chushka-m1,категория
https://steelborg.ru/catalog/mednaya-chushka-100-mm,категория
https://steelborg.ru/catalog/mednaya-chushka,категория
https://steelborg.ru/catalog/chushki,категория
https://steelborg.ru/catalog/ferrohrom-fh850,категория
https://steelborg.ru/catalog/ferrohrom-fh800,категория
https://steelborg.ru/catalog/ferrohrom-fh200,категория
https://steelborg.ru/catalog/ferrohrom-fh025,категория
https://steelborg.ru/catalog/ferrohrom-fh010,категория
https://steelborg.ru/catalog/ferrohrom-fh006,категория
https://steelborg.ru/catalog/ferrohrom-fh005,категория
https://steelborg.ru/catalog/ferrohrom-fh003,категория
https://steelborg.ru/catalog/ferrohrom,категория
https://steelborg.ru/catalog/ferrotitan-fti70,категория
https://steelborg.ru/catalog/ferrotitan-fti35,категория
https://steelborg.ru/catalog/ferrotitan,категория
https://steelborg.ru/catalog/ferrosplavy-fs75,категория
https://steelborg.ru/catalog/ferrosplavy-fs65,категория
https://steelborg.ru/catalog/ferrosplavy-fs45,категория
https://steelborg.ru/catalog/ferrosplavy-fnb60,категория
https://steelborg.ru/catalog/ferrosplavy-fmo60,категория
https://steelborg.ru/catalog/ferrosplavy-fmn78,категория
https://steelborg.ru/catalog/ferrosplavy-fv70,категория
https://steelborg.ru/catalog/ferrosplavy-0-10-mm,категория
https://steelborg.ru/catalog/ferrosilitsiy-fsn15,категория
https://steelborg.ru/catalog/ferrosilitsiy-fs75,категория
https://steelborg.ru/catalog/ferrosilitsiy-fs65,категория
https://steelborg.ru/catalog/ferrosilitsiy-fs45,категория
https://steelborg.ru/catalog/ferrosilitsiy,категория
https://steelborg.ru/catalog/ferrosilikomarganets,категория
https://steelborg.ru/catalog/ferroniobiy-fnb65,категория
https://steelborg.ru/catalog/ferroniobiy-fnb60,категория
https://steelborg.ru/catalog/ferroniobiy-fnb58,категория
https://steelborg.ru/catalog/ferroniobiy,категория
https://steelborg.ru/catalog/ferronikel,категория
https://steelborg.ru/catalog/ferromolibden-fmo60,категория
https://steelborg.ru/catalog/ferromolibden,категория
https://steelborg.ru/catalog/ferromarganets-fmn90,категория
https://steelborg.ru/catalog/ferromarganets-fmn88,категория
https://steelborg.ru/catalog/ferromarganets-fmn78,категория
https://steelborg.ru/catalog/ferromarganets,категория
https://steelborg.ru/catalog/ferrovolfram-fv70,категория
https://steelborg.ru/catalog/ferrovolfram,категория
https://steelborg.ru/catalog/ferrovanadiy-80,категория
https://steelborg.ru/catalog/ferrovanadiy-50,категория
https://steelborg.ru/catalog/ferrovanadiy,категория
https://steelborg.ru/catalog/ferrobor,категория
https://steelborg.ru/catalog/ferrosplavy,категория
https://steelborg.ru/catalog/titanovyy-slitok,категория
https://steelborg.ru/catalog/slitok-tantalovyy,категория
https://steelborg.ru/catalog/slitok-metalla-m3,категория
https://steelborg.ru/catalog/slitok-metalla-m2r,категория
https://steelborg.ru/catalog/slitok-metalla-m2,категория
https://steelborg.ru/catalog/slitok-metalla-m1r,категория
https://steelborg.ru/catalog/slitok-metalla-m1e,категория
https://steelborg.ru/catalog/slitok-metalla-m1,категория
https://steelborg.ru/catalog/slitok-metalla-ls59-1,категория
https://steelborg.ru/catalog/slitok-metalla-latunnyy,категория
https://steelborg.ru/catalog/slitok-metalla-l90,категория
https://steelborg.ru/catalog/slitok-metalla-l80,категория
https://steelborg.ru/catalog/slitok-metalla-l68,категория
https://steelborg.ru/catalog/slitok-metalla-l63,категория
https://steelborg.ru/catalog/slitok-metalla-brh1,категория
https://steelborg.ru/catalog/slitok-metalla-brh0-d-7,категория
https://steelborg.ru/catalog/slitok-metalla-bro5ts5s5,категория
https://steelborg.ru/catalog/slitok-metalla-brkmts3-1,категория
https://steelborg.ru/catalog/slitok-metalla-brkd1,категория
https://steelborg.ru/catalog/slitok-metalla-brkb2-d-5-0-d-5,категория
https://steelborg.ru/catalog/slitok-metalla-brb2,категория
https://steelborg.ru/catalog/slitok-metalla-bramts9-2,категория
https://steelborg.ru/catalog/slitok-metalla-brazhnmts9-4-4-1,категория
https://steelborg.ru/catalog/slitok-metalla-brazhn10-4-4,категория
https://steelborg.ru/catalog/slitok-metalla-brazhmts10-3-1-d-5,категория
https://steelborg.ru/catalog/slitok-metalla-brazh9-4,категория
https://steelborg.ru/catalog/slitok-metalla-08h18n10t,категория
https://steelborg.ru/catalog/nerzhaveyuschiy-slitok-18h2n4ma,категория
https://steelborg.ru/catalog/nerzhaveyuschiy-slitok-08h18n10t,категория
https://steelborg.ru/catalog/nerzhaveyuschiy-slitok,категория
https://steelborg.ru/catalog/mednyy-slitok-m3,категория
https://steelborg.ru/catalog/mednyy-slitok-m2r,категория
https://steelborg.ru/catalog/mednyy-slitok-m2,категория
https://steelborg.ru/catalog/mednyy-slitok-m1r,категория
https://steelborg.ru/catalog/mednyy-slitok-m1e,категория
https://steelborg.ru/catalog/mednyy-slitok-m1,категория
https://steelborg.ru/catalog/mednyy-slitok-400-mm,категория
https://steelborg.ru/catalog/mednyy-slitok-295-mm,категория
https://steelborg.ru/catalog/mednyy-slitok-250-mm,категория
https://steelborg.ru/catalog/mednyy-slitok-243-mm,категория
https://steelborg.ru/catalog/mednyy-slitok-220-mm,категория
https://steelborg.ru/catalog/mednyy-slitok-200-mm,категория
https://steelborg.ru/catalog/mednyy-slitok-190-mm,категория
https://steelborg.ru/catalog/mednyy-slitok-180-mm,категория
https://steelborg.ru/catalog/mednyy-slitok-163-mm,категория
https://steelborg.ru/catalog/mednyy-slitok-150-mm,категория
https://steelborg.ru/catalog/mednyy-slitok-118-mm,категория
https://steelborg.ru/catalog/mednyy-slitok-100-mm,категория
https://steelborg.ru/catalog/mednyy-slitok,категория
https://steelborg.ru/catalog/bronzovyy-slitok-brh1,категория
https://steelborg.ru/catalog/bronzovyy-slitok-brh0-d-7,категория
https://steelborg.ru/catalog/bronzovyy-slitok-brkmts3-1,категория
https://steelborg.ru/catalog/bronzovyy-slitok-brkd1,категория
https://steelborg.ru/catalog/bronzovyy-slitok-brkb2-d-5-0-d-5,категория
https://steelborg.ru/catalog/bronzovyy-slitok-bramts9-2,категория
https://steelborg.ru/catalog/bronzovyy-slitok-brazhn10-4-4,категория
https://steelborg.ru/catalog/bronzovyy-slitok-brazhmts10-3-1-d-5,категория
https://steelborg.ru/catalog/bronzovyy-slitok-brazh9-4,категория
https://steelborg.ru/catalog/bronzovyy-slitok-295-mm,категория
https://steelborg.ru/catalog/bronzovyy-slitok-250-mm,категория
https://steelborg.ru/catalog/bronzovyy-slitok-243-mm,категория
https://steelborg.ru/catalog/bronzovyy-slitok-220-mm,категория
https://steelborg.ru/catalog/bronzovyy-slitok-200-mm,категория
https://steelborg.ru/catalog/bronzovyy-slitok-190-mm,категория
https://steelborg.ru/catalog/bronzovyy-slitok-180-mm,категория
https://steelborg.ru/catalog/bronzovyy-slitok-163-mm,категория
https://steelborg.ru/catalog/bronzovyy-slitok-150-mm,категория
https://steelborg.ru/catalog/bronzovyy-slitok,категория
https://steelborg.ru/catalog/alyuminievyy-slitok,категория
https://steelborg.ru/catalog/slitok-metalla,категория
https://steelborg.ru/catalog/pudra-metallicheskaya-pap-2,категория
https://steelborg.ru/catalog/pudra-metallicheskaya-pap-1,категория
https://steelborg.ru/catalog/pudra-metallicheskaya-dlya-krasok,категория
https://steelborg.ru/catalog/pudra-metallicheskaya-bpk,категория
https://steelborg.ru/catalog/pudra-bronzovaya,категория
https://steelborg.ru/catalog/mednaya-pudra,категория
https://steelborg.ru/catalog/alyuminievaya-pudra-pp-1t,категория
https://steelborg.ru/catalog/alyuminievaya-pudra-pap-2,категория
https://steelborg.ru/catalog/alyuminievaya-pudra-pap-1,категория
https://steelborg.ru/catalog/alyuminievaya-pudra,категория
https://steelborg.ru/catalog/pudra-metallicheskaya,категория
https://steelborg.ru/catalog/tsirkonievyy-poroshok,категория
https://steelborg.ru/catalog/tsinkovyy-poroshok-ptsr-4,категория
https://steelborg.ru/catalog/tsinkovyy-poroshok-ptsr-1,категория
https://steelborg.ru/catalog/tsinkovyy-poroshok-ptsr-0,категория
https://steelborg.ru/catalog/tsinkovyy-poroshok-ptsr,категория
https://steelborg.ru/catalog/tsinkovyy-poroshok-pts-1,категория
https://steelborg.ru/catalog/tsinkovyy-poroshok,категория
https://steelborg.ru/catalog/titanovyy-poroshok,категория
https://steelborg.ru/catalog/tantalovyy-poroshok,категория
https://steelborg.ru/catalog/svintsovyy-poroshok,категория
https://steelborg.ru/catalog/poroshok-hroma,категория
https://steelborg.ru/catalog/poroshok-reniya,категория
https://steelborg.ru/catalog/poroshok-olovo,категория
https://steelborg.ru/catalog/poroshok-nihroma,категория
https://steelborg.ru/catalog/poroshok-niobiya,категория
https://steelborg.ru/catalog/poroshok-nikelya,категория
https://steelborg.ru/catalog/poroshok-nerzhaveyuschiy,категория
https://steelborg.ru/catalog/poroshok-latunnyy,категория
https://steelborg.ru/catalog/poroshok-lantana,категория
https://steelborg.ru/catalog/poroshok-zheleza,категория
https://steelborg.ru/catalog/poroshok-vanadiya,категория
https://steelborg.ru/catalog/poroshok-bronzovyy,категория
https://steelborg.ru/catalog/molibdenovyy-poroshok,категория
https://steelborg.ru/catalog/mednyy-poroshok,категория
https://steelborg.ru/catalog/kobaltovyy-poroshok,категория
https://steelborg.ru/catalog/volframovyy-poroshok,категория
https://steelborg.ru/catalog/babbitovyy-poroshok,категория
https://steelborg.ru/catalog/alyuminievyy-poroshok-pam-4,категория
https://steelborg.ru/catalog/alyuminievyy-poroshok-pa-4,категория
https://steelborg.ru/catalog/alyuminievyy-poroshok-pa-2,категория
https://steelborg.ru/catalog/alyuminievyy-poroshok-pa-1,категория
https://steelborg.ru/catalog/alyuminievyy-poroshok-asd-4,категория
https://steelborg.ru/catalog/alyuminievyy-poroshok-asd-1,категория
https://steelborg.ru/catalog/alyuminievyy-poroshok-apv,категория
https://steelborg.ru/catalog/alyuminievyy-poroshok,категория
https://steelborg.ru/catalog/poroshok-metallicheskiy,категория
https://steelborg.ru/catalog/pokovki-iz-kvadratnyh-zagotovok-h12mf,категория
https://steelborg.ru/catalog/pokovki-iz-kvadratnyh-zagotovok-90-mm,категория
https://steelborg.ru/catalog/pokovki-iz-kvadratnyh-zagotovok-8479-70,категория
https://steelborg.ru/catalog/pokovki-iz-kvadratnyh-zagotovok-80-mm,категория
https://steelborg.ru/catalog/pokovki-iz-kvadratnyh-zagotovok-70-mm,категория
https://steelborg.ru/catalog/pokovki-iz-kvadratnyh-zagotovok-60-mm,категория
https://steelborg.ru/catalog/pokovki-iz-kvadratnyh-zagotovok-5hnm,категория
https://steelborg.ru/catalog/pokovki-iz-kvadratnyh-zagotovok-50-mm,категория
https://steelborg.ru/catalog/pokovki-iz-kvadratnyh-zagotovok-4h5mfs,категория
https://steelborg.ru/catalog/pokovki-iz-kvadratnyh-zagotovok-45,категория
https://steelborg.ru/catalog/pokovki-iz-kvadratnyh-zagotovok-40h,категория
https://steelborg.ru/catalog/pokovki-iz-kvadratnyh-zagotovok-40-mm,категория
https://steelborg.ru/catalog/pokovki-iz-kvadratnyh-zagotovok-35-mm,категория
https://steelborg.ru/catalog/pokovki-iz-kvadratnyh-zagotovok-35,категория
https://steelborg.ru/catalog/pokovki-iz-kvadratnyh-zagotovok-34hn1m,категория
https://steelborg.ru/catalog/pokovki-iz-kvadratnyh-zagotovok-30-mm,категория
https://steelborg.ru/catalog/pokovki-iz-kvadratnyh-zagotovok-25-mm,категория
https://steelborg.ru/catalog/pokovki-iz-kvadratnyh-zagotovok-220-mm,категория
https://steelborg.ru/catalog/pokovki-iz-kvadratnyh-zagotovok-200-mm,категория
https://steelborg.ru/catalog/pokovki-iz-kvadratnyh-zagotovok-20-mm,категория
https://steelborg.ru/catalog/pokovki-iz-kvadratnyh-zagotovok-20,категория
https://steelborg.ru/catalog/pokovki-iz-kvadratnyh-zagotovok-190-mm,категория
https://steelborg.ru/catalog/pokovki-iz-kvadratnyh-zagotovok-180-mm,категория
https://steelborg.ru/catalog/pokovki-iz-kvadratnyh-zagotovok-170-mm,категория
https://steelborg.ru/catalog/pokovki-iz-kvadratnyh-zagotovok-160-mm,категория
https://steelborg.ru/catalog/pokovki-iz-kvadratnyh-zagotovok-150-mm,категория
https://steelborg.ru/catalog/pokovki-iz-kvadratnyh-zagotovok-140-mm,категория
https://steelborg.ru/catalog/pokovki-iz-kvadratnyh-zagotovok-130-mm,категория
https://steelborg.ru/catalog/pokovki-iz-kvadratnyh-zagotovok-120-mm,категория
https://steelborg.ru/catalog/pokovki-iz-kvadratnyh-zagotovok-110-mm,категория
https://steelborg.ru/catalog/pokovki-iz-kvadratnyh-zagotovok-100-mm,категория
https://steelborg.ru/catalog/pokovki-iz-kvadratnyh-zagotovok,категория
https://steelborg.ru/catalog/pokovka-shh15,категория
https://steelborg.ru/catalog/pokovka-shtampovannaya,категория
https://steelborg.ru/catalog/pokovka-hvg,категория
https://steelborg.ru/catalog/pokovka-h12mf,категория
https://steelborg.ru/catalog/pokovka-u8a,категория
https://steelborg.ru/catalog/pokovka-stal-45,категория
https://steelborg.ru/catalog/pokovka-stal-40h,категория
https://steelborg.ru/catalog/pokovka-stal-35,категория
https://steelborg.ru/catalog/pokovka-stal-20,категория
https://steelborg.ru/catalog/pokovka-kruglaya-h12mf,категория
https://steelborg.ru/catalog/pokovka-kruglaya-65g,категория
https://steelborg.ru/catalog/pokovka-kruglaya-600-mm,категория
https://steelborg.ru/catalog/pokovka-kruglaya-5hnm,категория
https://steelborg.ru/catalog/pokovka-kruglaya-500-mm,категория
https://steelborg.ru/catalog/pokovka-kruglaya-4h5mfs,категория
https://steelborg.ru/catalog/pokovka-kruglaya-450-mm,категория
https://steelborg.ru/catalog/pokovka-kruglaya-45,категория
https://steelborg.ru/catalog/pokovka-kruglaya-420-mm,категория
https://steelborg.ru/catalog/pokovka-kruglaya-410-mm,категория
https://steelborg.ru/catalog/pokovka-kruglaya-40hn2ma,категория
https://steelborg.ru/catalog/pokovka-kruglaya-40hn,категория
https://steelborg.ru/catalog/pokovka-kruglaya-40h,категория
https://steelborg.ru/catalog/pokovka-kruglaya-400-mm,категория
https://steelborg.ru/catalog/pokovka-kruglaya-380-mm,категория
https://steelborg.ru/catalog/pokovka-kruglaya-360-mm,категория
https://steelborg.ru/catalog/pokovka-kruglaya-350-mm,категория
https://steelborg.ru/catalog/pokovka-kruglaya-35,категория
https://steelborg.ru/catalog/pokovka-kruglaya-34hn1m,категория
https://steelborg.ru/catalog/pokovka-kruglaya-340-mm,категория
https://steelborg.ru/catalog/pokovka-kruglaya-330-mm,категория
https://steelborg.ru/catalog/pokovka-kruglaya-320-mm,категория
https://steelborg.ru/catalog/pokovka-kruglaya-310-mm,категория
https://steelborg.ru/catalog/pokovka-kruglaya-30hma,категория
https://steelborg.ru/catalog/pokovka-kruglaya-300-mm,категория
https://steelborg.ru/catalog/pokovka-kruglaya-290-mm,категория
https://steelborg.ru/catalog/pokovka-kruglaya-280-mm,категория
https://steelborg.ru/catalog/pokovka-kruglaya-20,категория
https://steelborg.ru/catalog/pokovka-kruglaya-09g2s,категория
https://steelborg.ru/catalog/pokovka-kruglaya,категория
https://steelborg.ru/catalog/pokovka-65g,категория
https://steelborg.ru/catalog/pokovka-5hnm,категория
https://steelborg.ru/catalog/pokovka-4h5mfs,категория
https://steelborg.ru/catalog/pokovka-4h5mf1s,категория
https://steelborg.ru/catalog/pokovka-40hn2ma,категория
https://steelborg.ru/catalog/pokovka-40hn,категория
https://steelborg.ru/catalog/pokovka-400-mm,категория
https://steelborg.ru/catalog/pokovka-38h2myua,категория
https://steelborg.ru/catalog/pokovka-360-mm,категория
https://steelborg.ru/catalog/pokovka-34hn1m,категория
https://steelborg.ru/catalog/pokovka-30hma,категория
https://steelborg.ru/catalog/pokovka-30hgsa,категория
https://steelborg.ru/catalog/pokovka-20h,категория
https://steelborg.ru/catalog/pokovka-200-mm,категория
https://steelborg.ru/catalog/pokovka-18hgt,категория
https://steelborg.ru/catalog/pokovka-1500-mm,категория
https://steelborg.ru/catalog/pokovka-14h17n2,категория
https://steelborg.ru/catalog/pokovka-12h18n10t,категория
https://steelborg.ru/catalog/pokovka-10h17n13m2t,категория
https://steelborg.ru/catalog/pokovka-09g2s,категория
https://steelborg.ru/catalog/pokovka-08h18n10t,категория
https://steelborg.ru/catalog/pokovka,категория
https://steelborg.ru/catalog/otlivki-iz-latuni,категория
https://steelborg.ru/catalog/otlivki-iz-bronzy,категория
https://steelborg.ru/catalog/otlivka-chugunnaya,категория
https://steelborg.ru/catalog/otlivka-latunnaya,категория
https://steelborg.ru/catalog/mednye-otlivki,категория
https://steelborg.ru/catalog/alyuminievaya-otlivka,категория
https://steelborg.ru/catalog/otlivka-metallicheskaya,категория
https://steelborg.ru/catalog/ligatura-tsinkovaya,категория
https://steelborg.ru/catalog/ligatura-titanovaya,категория
https://steelborg.ru/catalog/ligatura-nikelevaya,категория
https://steelborg.ru/catalog/ligatura-na-zhelezokremnievoy-osnove,категория
https://steelborg.ru/catalog/ligatura-mednaya,категория
https://steelborg.ru/catalog/ligatura-magnievaya,категория
https://steelborg.ru/catalog/ligatura-berillievaya,категория
https://steelborg.ru/catalog/ligatura-alyuminiy-tsirkoniy,категория
https://steelborg.ru/catalog/ligatura-alyuminievaya,категория
https://steelborg.ru/catalog/ligatura,категория
https://steelborg.ru/catalog/drob-chugunnaya,категория
https://steelborg.ru/catalog/drob-stalnaya,категория
https://steelborg.ru/catalog/drob-nerzhaveyuschaya,категория
https://steelborg.ru/catalog/drob-dslu,категория
https://steelborg.ru/catalog/drob-dsku,категория
https://steelborg.ru/catalog/drob-dlya-drobestruynoy-obrabotki-1-mm,категория
https://steelborg.ru/catalog/drob-dlya-drobestruynoy-obrabotki,категория
https://steelborg.ru/catalog/metallurgicheskoe-syre,категория
https://steelborg.ru/catalog/metall-rulonnyy,категория
https://steelborg.ru/catalog/shpaly-tip-2,категория
https://steelborg.ru/catalog/shpaly-tip-1,категория
https://steelborg.ru/catalog/shpaly-zhelezobetonnye,категория
https://steelborg.ru/catalog/shpaly-derevyannye-2-tip,категория
https://steelborg.ru/catalog/shpaly-derevyannye-1-tip,категория
https://steelborg.ru/catalog/shpaly-derevyannye,категория
https://steelborg.ru/catalog/shpaly-bu,категория
https://steelborg.ru/catalog/polushpaly-zhb,категория
https://steelborg.ru/catalog/polushpaly,категория
https://steelborg.ru/catalog/shpaly,категория
https://steelborg.ru/catalog/strelochnyy-perevod-tip-r65,категория
https://steelborg.ru/catalog/strelochnyy-perevod-tip-r50,категория
https://steelborg.ru/catalog/strelochnyy-perevod-tip-r43,категория
https://steelborg.ru/catalog/strelochnyy-perevod,категория
https://steelborg.ru/catalog/tramvaynye-relsy-t-62,категория
https://steelborg.ru/catalog/tramvaynye-relsy,категория
https://steelborg.ru/catalog/relsy-r65-dt350,категория
https://steelborg.ru/catalog/relsy-r65-25-m,категория
https://steelborg.ru/catalog/relsy-r65-12-d-5-m,категория
https://steelborg.ru/catalog/relsy-kranovye-kr80,категория
https://steelborg.ru/catalog/relsy-kranovye-kr70,категория
https://steelborg.ru/catalog/relsy-kranovye-kr-120,категория
https://steelborg.ru/catalog/relsy-kranovye-kr-100,категория
https://steelborg.ru/catalog/relsy-kranovye,категория
https://steelborg.ru/catalog/relsy-zheleznodorozhnye-r-65-dt350,категория
https://steelborg.ru/catalog/relsy-zheleznodorozhnye-r-50,категория
https://steelborg.ru/catalog/relsy-zheleznodorozhnye-r-43,категория
https://steelborg.ru/catalog/relsy-zheleznodorozhnye-bu,категория
https://steelborg.ru/catalog/relsy-zheleznodorozhnye,категория
https://steelborg.ru/catalog/kontrrels,категория
https://steelborg.ru/catalog/relsy,категория
https://steelborg.ru/catalog/podrelsovaya-prokladka,категория
https://steelborg.ru/catalog/podkladka-pod-rels-r50,категория
https://steelborg.ru/catalog/podkladka-pod-rels,категория
https://steelborg.ru/catalog/nakladka-relsovaya-r-50,категория
https://steelborg.ru/catalog/nakladka-relsovaya-2r-65,категория
https://steelborg.ru/catalog/nakladka-relsovaya-1r-65,категория
https://steelborg.ru/catalog/nakladka-relsovaya,категория
https://steelborg.ru/catalog/kolesnye-pary-bu,категория
https://steelborg.ru/catalog/kolesnye-pary,категория
https://steelborg.ru/catalog/upor-tupikovyy,категория
https://steelborg.ru/catalog/skoba-upornaya-zhbr-65,категория
https://steelborg.ru/catalog/skoba-upornaya,категория
https://steelborg.ru/catalog/skoba-prizhimnaya,категория
https://steelborg.ru/catalog/protivougony-p-65,категория
https://steelborg.ru/catalog/protivougony-p-50,категория
https://steelborg.ru/catalog/protivougony,категория
https://steelborg.ru/catalog/kostyli-putevye,категория
https://steelborg.ru/catalog/zheleznodorozhnyy-krepezh,категория
https://steelborg.ru/catalog/materialy-vsp,категория
https://steelborg.ru/catalog/chugunnyy-list,категория
https://steelborg.ru/catalog/prosechno-vytyazhnoy-list-st3,категория
https://steelborg.ru/catalog/prosechno-vytyazhnoy-list-pvl-610,категория
https://steelborg.ru/catalog/prosechno-vytyazhnoy-list-pvl-510,категория
https://steelborg.ru/catalog/prosechno-vytyazhnoy-list-pvl-508,категория
https://steelborg.ru/catalog/prosechno-vytyazhnoy-list-pvl-506,категория
https://steelborg.ru/catalog/prosechno-vytyazhnoy-list-pvl-408,категория
https://steelborg.ru/catalog/prosechno-vytyazhnoy-list-pvl-406,категория
https://steelborg.ru/catalog/prosechno-vytyazhnoy-list-pvl-308,категория
https://steelborg.ru/catalog/prosechno-vytyazhnoy-list-pvl-306,категория
https://steelborg.ru/catalog/prosechno-vytyazhnoy-list-pvl-208,категория
https://steelborg.ru/catalog/prosechno-vytyazhnoy-list-6-mm,категория
https://steelborg.ru/catalog/prosechno-vytyazhnoy-list-500,категория
https://steelborg.ru/catalog/prosechno-vytyazhnoy-list-5-mm,категория
https://steelborg.ru/catalog/prosechno-vytyazhnoy-list-4x1000x2000-mm,категория
https://steelborg.ru/catalog/prosechno-vytyazhnoy-list-4-mm,категория
https://steelborg.ru/catalog/prosechno-vytyazhnoy-list-3-mm,категория
https://steelborg.ru/catalog/prosechno-vytyazhnoy-list-2-mm,категория
https://steelborg.ru/catalog/prosechno-vytyazhnoy-list-1200x2000-mm,категория
https://steelborg.ru/catalog/prosechno-vytyazhnoy-list-1200-mm,категория
https://steelborg.ru/catalog/prosechno-vytyazhnoy-list-1000x3000-mm,категория
https://steelborg.ru/catalog/prosechno-vytyazhnoy-list-1-mm,категория
https://steelborg.ru/catalog/prosechno-vytyazhnoy-list,категория
https://steelborg.ru/catalog/perforirovannyy-list-stalnoy-1-mm,категория
https://steelborg.ru/catalog/perforirovannyy-list-otsinkovannyy-0-d-7-mm,категория
https://steelborg.ru/catalog/perforirovannyy-list-otsinkovannyy,категория
https://steelborg.ru/catalog/perforirovannyy-list-kruglyy,категория
https://steelborg.ru/catalog/perforirovannyy-list-rv-8-10,категория
https://steelborg.ru/catalog/perforirovannyy-list-rv-7,категория
https://steelborg.ru/catalog/perforirovannyy-list-rv-5-8,категория
https://steelborg.ru/catalog/perforirovannyy-list-rv-5,категория
https://steelborg.ru/catalog/perforirovannyy-list-rv-4-6,категория
https://steelborg.ru/catalog/perforirovannyy-list-rv-4,категория
https://steelborg.ru/catalog/perforirovannyy-list-rv-3-5,категория
https://steelborg.ru/catalog/perforirovannyy-list-rv-20,категория
https://steelborg.ru/catalog/perforirovannyy-list-rv-2-3-5,категория
https://steelborg.ru/catalog/perforirovannyy-list-rv-10-15,категория
https://steelborg.ru/catalog/perforirovannyy-list-rv-1-d-1-2,категория
https://steelborg.ru/catalog/perforirovannyy-list-rv,категория
https://steelborg.ru/catalog/perforirovannyy-list-qg-5-8,категория
https://steelborg.ru/catalog/perforirovannyy-list-qg-10-14,категория
https://steelborg.ru/catalog/perforirovannyy-list-qg,категория
https://steelborg.ru/catalog/perforirovannyy-list-5-mm,категория
https://steelborg.ru/catalog/perforirovannyy-list-3-mm,категория
https://steelborg.ru/catalog/perforirovannyy-list-2-mm,категория
https://steelborg.ru/catalog/perforirovannyy-list-1x1000x2000-mm,категория
https://steelborg.ru/catalog/perforirovannyy-list-1250x2500-mm,категория
https://steelborg.ru/catalog/perforirovannyy-list-1000x2000-mm,категория
https://steelborg.ru/catalog/perforirovannyy-list-10-mm,категория
https://steelborg.ru/catalog/perforirovannyy-list-1-d-5-mm,категория
https://steelborg.ru/catalog/perforirovannyy-list-1-mm,категория
https://steelborg.ru/catalog/perforirovannyy-list-08ps,категория
https://steelborg.ru/catalog/perforirovannyy-list-0-d-7-mm,категория
https://steelborg.ru/catalog/perforirovannyy-list-0-d-5-mm,категория
https://steelborg.ru/catalog/perforirovannyy-list,категория
https://steelborg.ru/catalog/list-holodnokatanyy-4-mm,категория
https://steelborg.ru/catalog/list-holodnokatanyy-3x1250x2500-mm,категория
https://steelborg.ru/catalog/list-holodnokatanyy-3-mm,категория
https://steelborg.ru/catalog/list-holodnokatanyy-2x1250x2500-mm,категория
https://steelborg.ru/catalog/list-holodnokatanyy-2-mm,категория
https://steelborg.ru/catalog/list-holodnokatanyy-1-d-5x1250x2500-mm,категория
https://steelborg.ru/catalog/list-holodnokatanyy-1-d-5-mm,категория
https://steelborg.ru/catalog/list-holodnokatanyy-1-d-2x1250x2500-mm,категория
https://steelborg.ru/catalog/list-holodnokatanyy-1-d-2-mm,категория
https://steelborg.ru/catalog/list-holodnokatanyy-1-mm,категория
https://steelborg.ru/catalog/list-holodnokatanyy-08ps,категория
https://steelborg.ru/catalog/list-holodnokatanyy-0-d-8-mm,категория
https://steelborg.ru/catalog/list-holodnokatanyy,категория
https://steelborg.ru/catalog/list-s-polimernym-pokrytiem-ral9003,категория
https://steelborg.ru/catalog/list-s-polimernym-pokrytiem-2-mm,категория
https://steelborg.ru/catalog/list-s-polimernym-pokrytiem-1-mm,категория
https://steelborg.ru/catalog/list-s-polimernym-pokrytiem-0-d-8-mm,категория
https://steelborg.ru/catalog/list-s-polimernym-pokrytiem-0-d-7-mm,категория
https://steelborg.ru/catalog/list-s-polimernym-pokrytiem-0-d-6-mm,категория
https://steelborg.ru/catalog/list-s-polimernym-pokrytiem-0-d-5x1250x2500-mm,категория
https://steelborg.ru/catalog/list-s-polimernym-pokrytiem-0-d-5-mm,категория
https://steelborg.ru/catalog/list-s-polimernym-pokrytiem-0-d-45-mm,категория
https://steelborg.ru/catalog/list-s-polimernym-pokrytiem-0-d-35-mm,категория
https://steelborg.ru/catalog/list-s-polimernym-pokrytiem,категория
https://steelborg.ru/catalog/list-riflenyy-romb,категория
https://steelborg.ru/catalog/list-riflenyy-chechevitsa,категория
https://steelborg.ru/catalog/list-riflenyy-09g2s,категория
https://steelborg.ru/catalog/list-riflenyy-chechevitsa-6-mm,категория
https://steelborg.ru/catalog/list-riflenyy-chechevitsa-5-mm,категория
https://steelborg.ru/catalog/list-riflenyy-chechevitsa-4-mm,категория
https://steelborg.ru/catalog/list-riflenyy-chechevitsa-3-mm,категория
https://steelborg.ru/catalog/list-riflenyy-6-mm,категория
https://steelborg.ru/catalog/list-riflenyy-5-mm,категория
https://steelborg.ru/catalog/list-riflenyy-4-mm,категория
https://steelborg.ru/catalog/list-riflenyy-3-mm,категория
https://steelborg.ru/catalog/list-riflenyy-1-d-2-mm,категория
https://steelborg.ru/catalog/list-riflenyy,категория
https://steelborg.ru/catalog/otsinkovannaya-stal-v-rulonah,категория
https://steelborg.ru/catalog/list-otsinkovannyy-3-mm,категория
https://steelborg.ru/catalog/list-otsinkovannyy-2-d-5-mm,категория
https://steelborg.ru/catalog/list-otsinkovannyy-2-mm,категория
https://steelborg.ru/catalog/list-otsinkovannyy-1x1250x2500-mm,категория
https://steelborg.ru/catalog/list-otsinkovannyy-1x1000x2000-mm,категория
https://steelborg.ru/catalog/list-otsinkovannyy-1500x3000-mm,категория
https://steelborg.ru/catalog/list-otsinkovannyy-1500-mm,категория
https://steelborg.ru/catalog/list-otsinkovannyy-1250x2500-mm,категория
https://steelborg.ru/catalog/list-otsinkovannyy-1000x2000-mm,категория
https://steelborg.ru/catalog/list-otsinkovannyy-1-d-5x1250x2500-mm,категория
https://steelborg.ru/catalog/list-otsinkovannyy-1-d-5-mm,категория
https://steelborg.ru/catalog/list-otsinkovannyy-1-d-2-mm,категория
https://steelborg.ru/catalog/list-otsinkovannyy-1-mm,категория
https://steelborg.ru/catalog/list-otsinkovannyy-08sp,категория
https://steelborg.ru/catalog/list-otsinkovannyy-08ps,категория
https://steelborg.ru/catalog/list-otsinkovannyy-08kp,категория
https://steelborg.ru/catalog/list-otsinkovannyy-0-d-9-mm,категория
https://steelborg.ru/catalog/list-otsinkovannyy-0-d-8-mm,категория
https://steelborg.ru/catalog/list-otsinkovannyy-0-d-7-mm,категория
https://steelborg.ru/catalog/list-otsinkovannyy-0-d-65-mm,категория
https://steelborg.ru/catalog/list-otsinkovannyy-0-d-6-mm,категория
https://steelborg.ru/catalog/list-otsinkovannyy-0-d-5x1250x2500-mm,категория
https://steelborg.ru/catalog/list-otsinkovannyy-0-d-55-mm,категория
https://steelborg.ru/catalog/list-otsinkovannyy-0-d-5-mm,категория
https://steelborg.ru/catalog/list-otsinkovannyy-0-d-45-mm,категория
https://steelborg.ru/catalog/list-otsinkovannyy-0-d-4-mm,категория
https://steelborg.ru/catalog/list-otsinkovannyy-0-d-35-mm,категория
https://steelborg.ru/catalog/list-otsinkovannyy,категория
https://steelborg.ru/catalog/list-metalla-bu-5-mm,категория
https://steelborg.ru/catalog/list-metalla-bu,категория
https://steelborg.ru/catalog/list-goryachekatanyy-16-mm,категория
https://steelborg.ru/catalog/list-goryachekatanyy-5h1500h6000-mm,категория
https://steelborg.ru/catalog/list-goryachekatanyy-8-mm,категория
https://steelborg.ru/catalog/list-goryachekatanyy-6-mm,категория
https://steelborg.ru/catalog/list-goryachekatanyy-5-mm,категория
https://steelborg.ru/catalog/list-goryachekatanyy-4-mm,категория
https://steelborg.ru/catalog/list-goryachekatanyy-3x1250x2500-mm,категория
https://steelborg.ru/catalog/list-goryachekatanyy-3-mm,категория
https://steelborg.ru/catalog/list-goryachekatanyy-2x1250x2500-mm,категория
https://steelborg.ru/catalog/list-goryachekatanyy-20-mm,категория
https://steelborg.ru/catalog/list-goryachekatanyy-2-mm,категория
https://steelborg.ru/catalog/list-goryachekatanyy-12-mm,категория
https://steelborg.ru/catalog/list-goryachekatanyy-10-mm,категория
https://steelborg.ru/catalog/list-goryachekatanyy-1-d-5x1250x2500-mm,категория
https://steelborg.ru/catalog/list-goryachekatanyy-1-d-5-mm,категория
https://steelborg.ru/catalog/list-goryachekatanyy-1-mm,категория
https://steelborg.ru/catalog/list-goryachekatanyy,категория
https://steelborg.ru/catalog/kovanyy-list-metalla,категория
https://steelborg.ru/catalog/zhest-listovaya-0-d-3-mm,категория
https://steelborg.ru/catalog/zhest-listovaya,категория
https://steelborg.ru/catalog/listovoy-metall,категория
https://steelborg.ru/catalog/list-stalnoy-6-mm,категория
https://steelborg.ru/catalog/list-stalnoy-5-mm,категория
https://steelborg.ru/catalog/list-stalnoy-3-mm,категория
https://steelborg.ru/catalog/list-stalnoy-2-mm,категория
https://steelborg.ru/catalog/list-stalnoy-10-mm,категория
https://steelborg.ru/catalog/list-stalnoy-1-mm,категория
https://steelborg.ru/catalog/list-65g,категория
https://steelborg.ru/catalog/list-60s2a,категория
https://steelborg.ru/catalog/list-30hgsa,категория
https://steelborg.ru/catalog/list-10hsnd,категория
https://steelborg.ru/catalog/list-09g2s,категория
https://steelborg.ru/catalog/list-08yu,категория
https://steelborg.ru/catalog/list-08ps,категория
https://steelborg.ru/catalog/ondulin,категория
https://steelborg.ru/catalog/metallocherepitsa-viking,категория
https://steelborg.ru/catalog/metallocherepitsa-klassik,категория
https://steelborg.ru/catalog/metallocherepitsa-andaluziya,категория
https://steelborg.ru/catalog/metallocherepitsa-kameya,категория
https://steelborg.ru/catalog/metallocherepitsa-kredo,категория
https://steelborg.ru/catalog/metallocherepitsa-monterrosa,категория
https://steelborg.ru/catalog/metallocherepitsa-lamonterra,категория
https://steelborg.ru/catalog/modulnaya-metallocherepitsa,категория
https://steelborg.ru/catalog/metallocherepitsa-kaskad,категория
https://steelborg.ru/catalog/metallocherepitsa-0-d-8-mm,категория
https://steelborg.ru/catalog/metallocherepitsa-supermonterrey,категория
https://steelborg.ru/catalog/metallocherepitsa-monterrey,категория
https://steelborg.ru/catalog/metallocherepitsa-0-d-7-mm,категория
https://steelborg.ru/catalog/metallocherepitsa-montekristo,категория
https://steelborg.ru/catalog/metallocherepitsa-matovaya,категория
https://steelborg.ru/catalog/lamontera-h-metallocherepitsa,категория
https://steelborg.ru/catalog/metallocherepitsa-finskaya,категория
https://steelborg.ru/catalog/metallocherepitsa-satin,категория
https://steelborg.ru/catalog/metallocherepitsa-otsinkovannaya,категория
https://steelborg.ru/catalog/metallocherepitsa-volna,категория
https://steelborg.ru/catalog/metallocherepitsa-kvinta-plus,категория
https://steelborg.ru/catalog/metallocherepitsa-lamonterra-0-d-5-mm,категория
https://steelborg.ru/catalog/metallocherepitsa-grand-line,категория
https://steelborg.ru/catalog/metallocherepitsa-0-d-6-mm,категория
https://steelborg.ru/catalog/metallocherepitsa-0-d-5-mm,категория
https://steelborg.ru/catalog/metallocherepitsa-0-d-4-mm,категория
https://steelborg.ru/catalog/metallocherepitsa,категория
https://steelborg.ru/catalog/kompozitnaya-cherepitsa-luxard,категория
https://steelborg.ru/catalog/kompozitnaya-cherepitsa-gerard,категория
https://steelborg.ru/catalog/kompozitnaya-cherepitsa,категория
https://steelborg.ru/catalog/cherepitsa,категория
https://steelborg.ru/catalog/sendvich-paneli-krovelnye-ral-9003-120-mm,категория
https://steelborg.ru/catalog/sendvich-paneli-krovelnye-200-mm,категория
https://steelborg.ru/catalog/sendvich-paneli-krovelnye-150-mm,категория
https://steelborg.ru/catalog/sendvich-paneli-krovelnye-120-mm,категория
https://steelborg.ru/catalog/sendvich-paneli-krovelnye-100-mm,категория
https://steelborg.ru/catalog/sendvich-paneli-krovelnye,категория
https://steelborg.ru/catalog/snegozaderzhatel-ugolkovyy,категория
https://steelborg.ru/catalog/snegozaderzhatel-trubchatyy,категория
https://steelborg.ru/catalog/snegozaderzhatel,категория
https://steelborg.ru/catalog/profnastil-krovelnyy-0-d-4-mm,категория
https://steelborg.ru/catalog/profnastil-krovelnyy,категория
https://steelborg.ru/catalog/metalloshifer,категория
https://steelborg.ru/catalog/elektroprivod-dlya-okna,категория
https://steelborg.ru/catalog/shtory-na-mansardnye-okna,категория
https://steelborg.ru/catalog/mansardnye-okna,категория
https://steelborg.ru/catalog/krovelnyy-lyuk-vilpe-uniroof,категория
https://steelborg.ru/catalog/krovelnyy-lyuk,категория
https://steelborg.ru/catalog/krovelnyy-aerator,категория
https://steelborg.ru/catalog/kolpak-na-ventilyatsionnuyu-trubu,категория
https://steelborg.ru/catalog/ventilyatsionnyy-vyhod-na-kryshu,категория
https://steelborg.ru/catalog/ventilyatsionnaya-truba,категория
https://steelborg.ru/catalog/ventil-krovelnyy,категория
https://steelborg.ru/catalog/krovelnaya-ventilyatsiya,категория
https://steelborg.ru/catalog/konek-dlya-kryshi-otsinkovannyy-200x200-mm,категория
https://steelborg.ru/catalog/konek-dlya-kryshi-otsinkovannyy-150x150-mm,категория
https://steelborg.ru/catalog/konek-dlya-kryshi-250x250-mm,категория
https://steelborg.ru/catalog/konek-dlya-kryshi,категория
https://steelborg.ru/catalog/krovelnye-materialy,категория
https://steelborg.ru/catalog/soedineniya-konveyernyh-lent,категория
https://steelborg.ru/catalog/lenta-konveyernaya,категория
https://steelborg.ru/catalog/konveyernye-roliki,категория
https://steelborg.ru/catalog/konveyernoe-oborudovanie,категория
https://steelborg.ru/catalog/shahta-lifta,категория
https://steelborg.ru/catalog/tetrapody-betonnye,категория
https://steelborg.ru/catalog/teplovaya-kamera,категория
https://steelborg.ru/catalog/stolby-betonnye-dlya-zabora,категория
https://steelborg.ru/catalog/stenka-otkosnaya,категория
https://steelborg.ru/catalog/rigel-zhelezobetonnyy-m350,категория
https://steelborg.ru/catalog/rigel-zhelezobetonnyy,категория
https://steelborg.ru/catalog/portalnaya-stenka,категория
https://steelborg.ru/catalog/polusfera-betonnaya,категория
https://steelborg.ru/catalog/peremychka-zhelezobetonnaya-m200,категория
https://steelborg.ru/catalog/peremychka-zhelezobetonnaya-v15,категория
https://steelborg.ru/catalog/peremychka-zhelezobetonnaya-2pb16-2p,категория
https://steelborg.ru/catalog/peremychka-zhelezobetonnaya-2980h250h220-mm,категория
https://steelborg.ru/catalog/peremychka-zhelezobetonnaya-2720h250h220-mm,категория
https://steelborg.ru/catalog/peremychka-zhelezobetonnaya-2460h250h220-mm,категория
https://steelborg.ru/catalog/peremychka-zhelezobetonnaya-1810h120h220-mm,категория
https://steelborg.ru/catalog/peremychka-zhelezobetonnaya,категория
https://steelborg.ru/catalog/opornaya-podushka-op-3,категория
https://steelborg.ru/catalog/opornaya-podushka-op-2,категория
https://steelborg.ru/catalog/opornaya-podushka-op-1,категория
https://steelborg.ru/catalog/opornaya-podushka-m200,категория
https://steelborg.ru/catalog/opornaya-podushka,категория
https://steelborg.ru/catalog/lyuk-zhelezobetonnyy,категория
https://steelborg.ru/catalog/lezhen-zhelezobetonnyy,категория
https://steelborg.ru/catalog/kryshka-betonnaya-dlya-kolodtsa-v30,категория
https://steelborg.ru/catalog/kryshka-betonnaya-dlya-kolodtsa,категория
https://steelborg.ru/catalog/kolodets-zhelezobetonnyy-kanalizatsionnyy,категория
https://steelborg.ru/catalog/fundament-zabora,категория
https://steelborg.ru/catalog/zhelezobetonnyy-fundament-m400,категория
https://steelborg.ru/catalog/zhelezobetonnyy-fundament-m350,категория
https://steelborg.ru/catalog/zhelezobetonnyy-fundament-m150,категория
https://steelborg.ru/catalog/zhelezobetonnyy-fundament-v30,категория
https://steelborg.ru/catalog/zhelezobetonnyy-fundament-v25,категория
https://steelborg.ru/catalog/zhelezobetonnyy-fundament-v22-d-5,категория
https://steelborg.ru/catalog/zhelezobetonnyy-fundament-v20,категория
https://steelborg.ru/catalog/zhelezobetonnyy-fundament-v15,категория
https://steelborg.ru/catalog/zhelezobetonnyy-fundament-9000h350h350-mm,категория
https://steelborg.ru/catalog/zhelezobetonnyy-fundament-9000h300h300-mm,категория
https://steelborg.ru/catalog/zhelezobetonnyy-fundament-8000h350h350-mm,категория
https://steelborg.ru/catalog/zhelezobetonnyy-fundament-8000h300h300-mm,категория
https://steelborg.ru/catalog/zhelezobetonnyy-fundament-7000h300h300-mm,категория
https://steelborg.ru/catalog/zhelezobetonnyy-fundament-6000h300h300-mm,категория
https://steelborg.ru/catalog/zhelezobetonnyy-fundament-5000h300h300-mm,категория
https://steelborg.ru/catalog/zhelezobetonnyy-fundament-400h400-mm,категория
https://steelborg.ru/catalog/zhelezobetonnyy-fundament-350h350-mm,категория
https://steelborg.ru/catalog/zhelezobetonnyy-fundament-300h300-mm,категория
https://steelborg.ru/catalog/zhelezobetonnyy-fundament-12000h350h350-mm,категория
https://steelborg.ru/catalog/zhelezobetonnyy-fundament-12000h300h300-mm,категория
https://steelborg.ru/catalog/zhelezobetonnyy-fundament-11000h350h350-mm,категория
https://steelborg.ru/catalog/zhelezobetonnyy-fundament-11000h300h300-mm,категория
https://steelborg.ru/catalog/zhelezobetonnyy-fundament-10000h350h350-mm,категория
https://steelborg.ru/catalog/zhelezobetonnyy-fundament-10000h300h300-mm,категория
https://steelborg.ru/catalog/zhelezobetonnyy-fundament,категория
https://steelborg.ru/catalog/zhelezobetonnye-svai-v30,категория
https://steelborg.ru/catalog/zhelezobetonnye-svai-v25,категория
https://steelborg.ru/catalog/zhelezobetonnye-svai-v22-d-5,категория
https://steelborg.ru/catalog/zhelezobetonnye-svai-v20,категория
https://steelborg.ru/catalog/zhelezobetonnye-svai-9000h350h350-mm,категория
https://steelborg.ru/catalog/zhelezobetonnye-svai-9000h300h300-mm,категория
https://steelborg.ru/catalog/zhelezobetonnye-svai-8000h350h350-mm,категория
https://steelborg.ru/catalog/zhelezobetonnye-svai-8000h300h300-mm,категория
https://steelborg.ru/catalog/zhelezobetonnye-svai-7000h300h300-mm,категория
https://steelborg.ru/catalog/zhelezobetonnye-svai-6000h300h300-mm,категория
https://steelborg.ru/catalog/zhelezobetonnye-svai-5000h300h300-mm,категория
https://steelborg.ru/catalog/zhelezobetonnye-svai-400h400-mm,категория
https://steelborg.ru/catalog/zhelezobetonnye-svai-350h350-mm,категория
https://steelborg.ru/catalog/zhelezobetonnye-svai-300h300-mm,категория
https://steelborg.ru/catalog/zhelezobetonnye-svai-12000h350h350-mm,категория
https://steelborg.ru/catalog/zhelezobetonnye-svai-12000h300h300-mm,категория
https://steelborg.ru/catalog/zhelezobetonnye-svai-11000h350h350-mm,категория
https://steelborg.ru/catalog/zhelezobetonnye-svai-11000h300h300-mm,категория
https://steelborg.ru/catalog/zhelezobetonnye-svai-10000h350h350-mm,категория
https://steelborg.ru/catalog/zhelezobetonnye-svai-10000h300h300-mm,категория
https://steelborg.ru/catalog/zhelezobetonnye-svai,категория
https://steelborg.ru/catalog/zhelezobetonnye-progony-prg60-d-2-d-5-4t,категория
https://steelborg.ru/catalog/zhelezobetonnye-progony-prg36-d-1-d-4-4t,категория
https://steelborg.ru/catalog/zhelezobetonnye-progony-prg28-d-1-d-3-4t,категория
https://steelborg.ru/catalog/zhelezobetonnye-progony-v20,категория
https://steelborg.ru/catalog/zhelezobetonnye-progony,категория
https://steelborg.ru/catalog/zhelezobetonnye-lotki-m200,категория
https://steelborg.ru/catalog/zhelezobetonnye-lotki-v30,категория
https://steelborg.ru/catalog/zhelezobetonnye-lotki-v25,категория
https://steelborg.ru/catalog/zhelezobetonnye-lotki-v15,категория
https://steelborg.ru/catalog/zhelezobetonnye-lotki,категория
https://steelborg.ru/catalog/sbornye-lestnichnye-ploschadki-v15,категория
https://steelborg.ru/catalog/sbornye-lestnichnye-ploschadki,категория
https://steelborg.ru/catalog/lestnichnyy-marsh-v22-d-5,категория
https://steelborg.ru/catalog/lestnichnyy-marsh,категория
https://steelborg.ru/catalog/kosoury-zhelezobetonnye,категория
https://steelborg.ru/catalog/zhelezobetonnye-lestnitsy-m300,категория
https://steelborg.ru/catalog/zhelezobetonnye-lestnitsy-ls15-1,категория
https://steelborg.ru/catalog/zhelezobetonnye-lestnitsy-ls15,категория
https://steelborg.ru/catalog/zhelezobetonnye-lestnitsy-ls14-1,категория
https://steelborg.ru/catalog/zhelezobetonnye-lestnitsy-ls14,категория
https://steelborg.ru/catalog/zhelezobetonnye-lestnitsy-ls12-1,категория
https://steelborg.ru/catalog/zhelezobetonnye-lestnitsy-ls12,категория
https://steelborg.ru/catalog/zhelezobetonnye-lestnitsy-ls11-1,категория
https://steelborg.ru/catalog/zhelezobetonnye-lestnitsy-ls11,категория
https://steelborg.ru/catalog/zhelezobetonnye-lestnitsy-v25,категория
https://steelborg.ru/catalog/zhelezobetonnye-lestnitsy-v22-d-5,категория
https://steelborg.ru/catalog/zhelezobetonnye-lestnitsy-v15,категория
https://steelborg.ru/catalog/zhelezobetonnye-lestnitsy-1500h330h145-mm,категория
https://steelborg.ru/catalog/zhelezobetonnye-lestnitsy-1350h330h145-mm,категория
https://steelborg.ru/catalog/zhelezobetonnye-lestnitsy-1200h290h168-mm,категория
https://steelborg.ru/catalog/betonnye-stupeni-m300,категория
https://steelborg.ru/catalog/betonnye-stupeni-ls15-1,категория
https://steelborg.ru/catalog/betonnye-stupeni-ls15,категория
https://steelborg.ru/catalog/betonnye-stupeni-ls14-1,категория
https://steelborg.ru/catalog/betonnye-stupeni-ls14,категория
https://steelborg.ru/catalog/betonnye-stupeni-ls12-1,категория
https://steelborg.ru/catalog/betonnye-stupeni-ls12,категория
https://steelborg.ru/catalog/betonnye-stupeni-ls11-1,категория
https://steelborg.ru/catalog/betonnye-stupeni-ls11,категория
https://steelborg.ru/catalog/betonnye-stupeni-v25,категория
https://steelborg.ru/catalog/betonnye-stupeni-1500h330h145-mm,категория
https://steelborg.ru/catalog/betonnye-stupeni-1350h330h145-mm,категория
https://steelborg.ru/catalog/betonnye-stupeni-1200h290h168-mm,категория
https://steelborg.ru/catalog/betonnye-stupeni,категория
https://steelborg.ru/catalog/zhelezobetonnye-lestnitsy,категория
https://steelborg.ru/catalog/zhelezobetonnye-kolonny,категория
https://steelborg.ru/catalog/truby-zhelezobetonnye-beznapornye-rastrubnye,категория
https://steelborg.ru/catalog/truby-zhelezobetonnye-500-mm,категория
https://steelborg.ru/catalog/truba-zhelezobetonnaya-800-mm,категория
https://steelborg.ru/catalog/truba-zhelezobetonnaya-400-mm,категория
https://steelborg.ru/catalog/zhelezobetonnye-truby-1000-mm,категория
https://steelborg.ru/catalog/zhelezobetonnaya-truba-rastrubnaya,категория
https://steelborg.ru/catalog/zhelezobetonnaya-truba-beznapornaya,категория
https://steelborg.ru/catalog/zhelezobetonnaya-truba-5-m,категория
https://steelborg.ru/catalog/zhelezobetonnaya-truba-2-d-5-m,категория
https://steelborg.ru/catalog/zhelezobetonnaya-truba,категория
https://steelborg.ru/catalog/dnische-kolodtsa-pn-20,категория
https://steelborg.ru/catalog/dnische-kolodtsa-pn-15,категория
https://steelborg.ru/catalog/dnische-kolodtsa-pn-10,категория
https://steelborg.ru/catalog/dnische-kolodtsa-m200,категория
https://steelborg.ru/catalog/dnische-kolodtsa-v20,категория
https://steelborg.ru/catalog/dnische-kolodtsa-v15,категория
https://steelborg.ru/catalog/dnische-kolodtsa-2000h120-mm,категория
https://steelborg.ru/catalog/dnische-kolodtsa-1500h100-mm,категория
https://steelborg.ru/catalog/dnische-kolodtsa,категория
https://steelborg.ru/catalog/bordyurnyy-kamen-v30,категория
https://steelborg.ru/catalog/bordyurnyy-kamen-br-100-d-30-d-18,категория
https://steelborg.ru/catalog/bordyurnyy-kamen-br-100-d-30-d-15,категория
https://steelborg.ru/catalog/bordyurnyy-kamen-br-100-d-20-d-8,категория
https://steelborg.ru/catalog/bordyurnyy-kamen-780h300h150-mm,категория
https://steelborg.ru/catalog/bordyurnyy-kamen-1000h300h150-mm,категория
https://steelborg.ru/catalog/bordyurnyy-kamen-1000h200h80-mm,категория
https://steelborg.ru/catalog/bordyurnyy-kamen,категория
https://steelborg.ru/catalog/betonnyy-upor,категория
https://steelborg.ru/catalog/betonnye-opory-osvescheniya-m300,категория
https://steelborg.ru/catalog/betonnye-opory-osvescheniya,категория
https://steelborg.ru/catalog/betonnye-koltsa-m200,категория
https://steelborg.ru/catalog/betonnye-koltsa,категория
https://steelborg.ru/catalog/fundamentnaya-plita-m150,категория
https://steelborg.ru/catalog/fundamentnaya-plita,категория
https://steelborg.ru/catalog/plity-trotuarnye,категория
https://steelborg.ru/catalog/plity-perekrytiya-m200,категория
https://steelborg.ru/catalog/plity-perekrytiya-v40,категория
https://steelborg.ru/catalog/plity-perekrytiya-v35,категория
https://steelborg.ru/catalog/plity-perekrytiya-v30,категория
https://steelborg.ru/catalog/plity-perekrytiya-v25,категория
https://steelborg.ru/catalog/plity-perekrytiya-v20,категория
https://steelborg.ru/catalog/plity-perekrytiya-v15,категория
https://steelborg.ru/catalog/plita-perekrytiya-bespustotnaya,категория
https://steelborg.ru/catalog/mnogopustotnye-plity-perekrytiya,категория
https://steelborg.ru/catalog/plity-perekrytiya,категория
https://steelborg.ru/catalog/plita-pokrytiya-5970h2980h300-mm,категория
https://steelborg.ru/catalog/plita-pokrytiya,категория
https://steelborg.ru/catalog/parapetnaya-plita,категория
https://steelborg.ru/catalog/opornaya-plita-v15,категория
https://steelborg.ru/catalog/opornaya-plita,категория
https://steelborg.ru/catalog/karniznaya-plita,категория
https://steelborg.ru/catalog/dorozhnye-plity-pdnm,категория
https://steelborg.ru/catalog/dorozhnye-plity-pd-6,категория
https://steelborg.ru/catalog/dorozhnye-plity-v30,категория
https://steelborg.ru/catalog/dorozhnye-plity-v22-d-5,категория
https://steelborg.ru/catalog/dorozhnye-plity-6000h2000h140-mm,категория
https://steelborg.ru/catalog/dorozhnye-plity-3500h2750h170-mm,категория
https://steelborg.ru/catalog/dorozhnye-plity-3000h1750h170-mm,категория
https://steelborg.ru/catalog/dorozhnye-plity-2p-30-18-30,категория
https://steelborg.ru/catalog/dorozhnye-plity-2p-30-18-10,категория
https://steelborg.ru/catalog/dorozhnye-plity-1p30-d-18-10,категория
https://steelborg.ru/catalog/dorozhnye-plity-1750h1750h160-mm,категория
https://steelborg.ru/catalog/dorozhnye-plity-1750h1500h160-mm,категория
https://steelborg.ru/catalog/dorozhnye-plity,категория
https://steelborg.ru/catalog/betonnaya-plita-m200,категория
https://steelborg.ru/catalog/betonnaya-plita-v40,категория
https://steelborg.ru/catalog/betonnaya-plita-v35,категория
https://steelborg.ru/catalog/betonnaya-plita-v30,категория
https://steelborg.ru/catalog/betonnaya-plita-v25,категория
https://steelborg.ru/catalog/betonnaya-plita-v22-d-5,категория
https://steelborg.ru/catalog/betonnaya-plita-v20,категория
https://steelborg.ru/catalog/betonnaya-plita-v15,категория
https://steelborg.ru/catalog/betonnaya-plita-3000h1750h170-mm,категория
https://steelborg.ru/catalog/balkonnaya-plita,категория
https://steelborg.ru/catalog/aerodromnaya-plita,категория
https://steelborg.ru/catalog/ankernaya-plita,категория
https://steelborg.ru/catalog/betonnaya-plita,категория
https://steelborg.ru/catalog/balka-betonnaya-m350,категория
https://steelborg.ru/catalog/balka-betonnaya-m300,категория
https://steelborg.ru/catalog/balka-betonnaya-m250,категория
https://steelborg.ru/catalog/balka-betonnaya-m200,категория
https://steelborg.ru/catalog/balka-betonnaya-v20,категория
https://steelborg.ru/catalog/balka-betonnaya-v15,категория
https://steelborg.ru/catalog/balka-betonnaya,категория
https://steelborg.ru/catalog/zhbi,категория
https://steelborg.ru/catalog/turbodeflektor-dlya-dymohoda,категория
https://steelborg.ru/catalog/truba-sendvich,категория
https://steelborg.ru/catalog/truba-s-drosselem,категория
https://steelborg.ru/catalog/truba-dlya-dymohoda,категория
https://steelborg.ru/catalog/troynik-dlya-dymohoda,категория
https://steelborg.ru/catalog/reviziya-dymohoda,категория
https://steelborg.ru/catalog/perehod-dlya-dymohoda,категория
https://steelborg.ru/catalog/otvod-dlya-dymohoda,категория
https://steelborg.ru/catalog/kreplenie-dymohoda,категория
https://steelborg.ru/catalog/zont-na-dymohod,категория
https://steelborg.ru/catalog/zaglushka-dlya-dymohoda,категория
https://steelborg.ru/catalog/deflektor-na-dymohod,категория
https://steelborg.ru/catalog/adapter-kotla-aisi-430,категория
https://steelborg.ru/catalog/adapter-kotla-200-mm,категория
https://steelborg.ru/catalog/adapter-kotla-150-mm,категория
https://steelborg.ru/catalog/adapter-kotla-115-mm,категория
https://steelborg.ru/catalog/adapter-kotla,категория
https://steelborg.ru/catalog/dymohody,категория
https://steelborg.ru/catalog/tssp-1,категория
https://steelborg.ru/catalog/tssp-sort-a,категория
https://steelborg.ru/catalog/tssp-sort-3,категория
https://steelborg.ru/catalog/tssp-8-mm,категория
https://steelborg.ru/catalog/tssp-500-mm,категория
https://steelborg.ru/catalog/tssp-3600-mm,категория
https://steelborg.ru/catalog/tssp-3200-mm,категория
https://steelborg.ru/catalog/tssp-3000-mm,категория
https://steelborg.ru/catalog/tssp-3-d-2h1-d-25-m,категория
https://steelborg.ru/catalog/tssp-3-d-2h1-d-2-m,категория
https://steelborg.ru/catalog/tssp-2700-mm,категория
https://steelborg.ru/catalog/tssp-24-mm,категория
https://steelborg.ru/catalog/tssp-20-mm,категория
https://steelborg.ru/catalog/tssp-2-d-7h1-d-25-m,категория
https://steelborg.ru/catalog/tssp-1800-mm,категория
https://steelborg.ru/catalog/tssp-16-mm,категория
https://steelborg.ru/catalog/tssp-1250-mm,категория
https://steelborg.ru/catalog/tssp-1200-mm,категория
https://steelborg.ru/catalog/tssp-12-mm,категория
https://steelborg.ru/catalog/tssp-10-mm,категория
https://steelborg.ru/catalog/tssp-1-d-2h3-d-6-m,категория
https://steelborg.ru/catalog/tssp-1-d-2h3-d-2-m,категория
https://steelborg.ru/catalog/tssp-1-d-2h3-m,категория
https://steelborg.ru/catalog/tssp-1-d-2h2-d-7-m,категория
https://steelborg.ru/catalog/tssp-1-d-2h1-d-8-m,категория
https://steelborg.ru/catalog/tssp-1-d-25h3-d-2-m,категория
https://steelborg.ru/catalog/tssp-1-d-25h2-d-7-m,категория
https://steelborg.ru/catalog/tssp,категория
https://steelborg.ru/catalog/hdf-laminirovannaya,категория
https://steelborg.ru/catalog/hdf-lakirovannaya,категория
https://steelborg.ru/catalog/hdf-belyy,категория
https://steelborg.ru/catalog/hdf-3-mm,категория
https://steelborg.ru/catalog/hdf-2-d-8h2-d-07-m,категория
https://steelborg.ru/catalog/hdf,категория
https://steelborg.ru/catalog/fanera-sh2,категория
https://steelborg.ru/catalog/fanera-hvoya,категория
https://steelborg.ru/catalog/fanera-fsf-tv,категория
https://steelborg.ru/catalog/fanera-fsf,категория
https://steelborg.ru/catalog/fanera-fof,категория
https://steelborg.ru/catalog/fanera-fob,категория
https://steelborg.ru/catalog/fanera-fl,категория
https://steelborg.ru/catalog/fanera-fk-sh2,категория
https://steelborg.ru/catalog/fanera-fk,категория
https://steelborg.ru/catalog/fanera-fbs-k,категория
https://steelborg.ru/catalog/fanera-fbv,категория
https://steelborg.ru/catalog/fanera-laminirovannaya,категория
https://steelborg.ru/catalog/fanera-beryoza,категория
https://steelborg.ru/catalog/fanera-9-mm,категория
https://steelborg.ru/catalog/fanera-8-mm,категория
https://steelborg.ru/catalog/fanera-6-d-5-mm,категория
https://steelborg.ru/catalog/fanera-6-mm,категория
https://steelborg.ru/catalog/fanera-5-mm,категория
https://steelborg.ru/catalog/fanera-40-mm,категория
https://steelborg.ru/catalog/fanera-44-ss,категория
https://steelborg.ru/catalog/fanera-4-mm,категория
https://steelborg.ru/catalog/fanera-4-s,категория
https://steelborg.ru/catalog/fanera-3h1-d-5-m,категория
https://steelborg.ru/catalog/fanera-35-mm,категория
https://steelborg.ru/catalog/fanera-30-mm,категория
https://steelborg.ru/catalog/fanera-34-cpc,категория
https://steelborg.ru/catalog/fanera-33-cpcp,категория
https://steelborg.ru/catalog/fanera-3-mm,категория
https://steelborg.ru/catalog/fanera-27-mm,категория
https://steelborg.ru/catalog/fanera-24-mm,категория
https://steelborg.ru/catalog/fanera-21-mm,категория
https://steelborg.ru/catalog/fanera-20-mm,категория
https://steelborg.ru/catalog/fanera-24-vvs,категория
https://steelborg.ru/catalog/fanera-23-vvsr,категория
https://steelborg.ru/catalog/fanera-22-bbbb,категория
https://steelborg.ru/catalog/fanera-2-d-5h1-d-25-m,категория
https://steelborg.ru/catalog/fanera-2-d-44h1-d-22-m,категория
https://steelborg.ru/catalog/fanera-18-mm,категория
https://steelborg.ru/catalog/fanera-15-mm,категория
https://steelborg.ru/catalog/fanera-14-mm,категория
https://steelborg.ru/catalog/fanera-12-mm,категория
https://steelborg.ru/catalog/fanera-10-mm,категория
https://steelborg.ru/catalog/fanera-13-bcp,категория
https://steelborg.ru/catalog/fanera-12-bbb,категория
https://steelborg.ru/catalog/fanera-11-bb,категория
https://steelborg.ru/catalog/fanera-1-d-5h3-m,категория
https://steelborg.ru/catalog/fanera-1-d-525h3-d-05-m,категория
https://steelborg.ru/catalog/fanera-1-d-525h1-d-525-m,категория
https://steelborg.ru/catalog/fanera-1-d-25h2-d-5-m,категория
https://steelborg.ru/catalog/fanera-1-d-22h2-d-44-m,категория
https://steelborg.ru/catalog/fanera-1-b,категория
https://steelborg.ru/catalog/fanera-0-d-76h0-d-76-m,категория
https://steelborg.ru/catalog/fanera,категория
https://steelborg.ru/catalog/pilomaterialy-suhoy,категория
https://steelborg.ru/catalog/pilomaterialy-yasen,категория
https://steelborg.ru/catalog/pilomaterialy-hvoya,категория
https://steelborg.ru/catalog/pilomaterialy-sosna,категория
https://steelborg.ru/catalog/pilomaterialy-listvennitsa,категория
https://steelborg.ru/catalog/pilomaterialy-dub,категория
https://steelborg.ru/catalog/mebelnyy-schit-yasen,категория
https://steelborg.ru/catalog/mebelnyy-schit-ekstra,категория
https://steelborg.ru/catalog/mebelnyy-schit-tselnolamelnyy,категория
https://steelborg.ru/catalog/mebelnyy-schit-hvoya,категория
https://steelborg.ru/catalog/mebelnyy-schit-sraschennyy,категория
https://steelborg.ru/catalog/mebelnyy-schit-sosna,категория
https://steelborg.ru/catalog/mebelnyy-schit-listvennitsa,категория
https://steelborg.ru/catalog/mebelnyy-schit-dub,категория
https://steelborg.ru/catalog/mebelnyy-schit-av,категория
https://steelborg.ru/catalog/mebelnyy-schit-600-mm,категория
https://steelborg.ru/catalog/mebelnyy-schit-40-mm,категория
https://steelborg.ru/catalog/mebelnyy-schit-3000-mm,категория
https://steelborg.ru/catalog/mebelnyy-schit-300-mm,категория
https://steelborg.ru/catalog/mebelnyy-schit-2500-mm,категория
https://steelborg.ru/catalog/mebelnyy-schit-2000-mm,категория
https://steelborg.ru/catalog/mebelnyy-schit-200-mm,категория
https://steelborg.ru/catalog/mebelnyy-schit-20-mm,категория
https://steelborg.ru/catalog/mebelnyy-schit-18-mm,категория
https://steelborg.ru/catalog/mebelnyy-schit,категория
https://steelborg.ru/catalog/doska-polovaya-ekstra,категория
https://steelborg.ru/catalog/doska-polovaya-shpuntovannaya,категория
https://steelborg.ru/catalog/doska-polovaya-hvoya,категория
https://steelborg.ru/catalog/doska-polovaya-sosna,категория
https://steelborg.ru/catalog/doska-polovaya-prima,категория
https://steelborg.ru/catalog/doska-polovaya-listvennitsa,категория
https://steelborg.ru/catalog/doska-polovaya-a,категория
https://steelborg.ru/catalog/doska-polovaya-c,категория
https://steelborg.ru/catalog/doska-polovaya-bc,категория
https://steelborg.ru/catalog/doska-polovaya-b,категория
https://steelborg.ru/catalog/doska-polovaya-ab,категория
https://steelborg.ru/catalog/doska-polovaya-92-mm,категория
https://steelborg.ru/catalog/doska-polovaya-90-mm,категория
https://steelborg.ru/catalog/doska-polovaya-6000-mm,категория
https://steelborg.ru/catalog/doska-polovaya-5000-mm,категория
https://steelborg.ru/catalog/doska-polovaya-4000-mm,категория
https://steelborg.ru/catalog/doska-polovaya-40-mm,категория
https://steelborg.ru/catalog/doska-polovaya-36-mm,категория
https://steelborg.ru/catalog/doska-polovaya-3000-mm,категория
https://steelborg.ru/catalog/doska-polovaya-30-mm,категория
https://steelborg.ru/catalog/doska-polovaya-28-mm,категория
https://steelborg.ru/catalog/doska-polovaya-27-mm,категория
https://steelborg.ru/catalog/doska-polovaya-22-mm,категория
https://steelborg.ru/catalog/doska-polovaya-2000-mm,категория
https://steelborg.ru/catalog/doska-polovaya-142-mm,категория
https://steelborg.ru/catalog/doska-polovaya-140-mm,категория
https://steelborg.ru/catalog/doska-polovaya-135-mm,категория
https://steelborg.ru/catalog/doska-polovaya-115-mm,категория
https://steelborg.ru/catalog/doska-polovaya-110-mm,категория
https://steelborg.ru/catalog/doska-polovaya-100-mm,категория
https://steelborg.ru/catalog/doska-polovaya,категория
https://steelborg.ru/catalog/doska-obreznaya-sort-4,категория
https://steelborg.ru/catalog/doska-obreznaya-sort-3,категория
https://steelborg.ru/catalog/doska-obreznaya-sort-2,категория
https://steelborg.ru/catalog/doska-obreznaya-sort-1,категория
https://steelborg.ru/catalog/doska-obreznaya-iz-hvoi,категория
https://steelborg.ru/catalog/doska-obreznaya-iz-sosny,категория
https://steelborg.ru/catalog/doska-obreznaya-iz-listvennitsy,категория
https://steelborg.ru/catalog/doska-obreznaya-6000,категория
https://steelborg.ru/catalog/doska-obreznaya-50-mm,категория
https://steelborg.ru/catalog/doska-obreznaya-45-mm,категория
https://steelborg.ru/catalog/doska-obreznaya-4000,категория
https://steelborg.ru/catalog/doska-obreznaya-40-mm,категория
https://steelborg.ru/catalog/doska-obreznaya-3000,категория
https://steelborg.ru/catalog/doska-obreznaya-30-mm,категория
https://steelborg.ru/catalog/doska-obreznaya-25-mm,категория
https://steelborg.ru/catalog/doska-obreznaya-200-mm,категория
https://steelborg.ru/catalog/doska-obreznaya-20-mm,категория
https://steelborg.ru/catalog/doska-obreznaya-180-mm,категория
https://steelborg.ru/catalog/doska-obreznaya-150-mm,категория
https://steelborg.ru/catalog/doska-obreznaya-125-mm,категория
https://steelborg.ru/catalog/doska-obreznaya-120-mm,категория
https://steelborg.ru/catalog/doska-obreznaya-100-mm,категория
https://steelborg.ru/catalog/doska-obreznaya,категория
https://steelborg.ru/catalog/doska-neobreznaya,категория
https://steelborg.ru/catalog/brus-hvoya,категория
https://steelborg.ru/catalog/brus-suhoy,категория
https://steelborg.ru/catalog/brus-sosna,категория
https://steelborg.ru/catalog/brus-sort-s,категория
https://steelborg.ru/catalog/brus-sort-v,категория
https://steelborg.ru/catalog/brus-listvennitsa,категория
https://steelborg.ru/catalog/brus-av,категория
https://steelborg.ru/catalog/brus-60-mm,категория
https://steelborg.ru/catalog/brus-6-m,категория
https://steelborg.ru/catalog/brus-50-mm,категория
https://steelborg.ru/catalog/brus-45-mm,категория
https://steelborg.ru/catalog/brus-40-mm,категория
https://steelborg.ru/catalog/brus-4-m,категория
https://steelborg.ru/catalog/brus-30-mm,категория
https://steelborg.ru/catalog/brus-3-m,категория
https://steelborg.ru/catalog/brus-25-mm,категория
https://steelborg.ru/catalog/brus-200-mm,категория
https://steelborg.ru/catalog/brus-20-mm,категория
https://steelborg.ru/catalog/brus-2-m,категория
https://steelborg.ru/catalog/brus-150-mm,категория
https://steelborg.ru/catalog/brus-100-mm,категория
https://steelborg.ru/catalog/brus-1-sort,категория
https://steelborg.ru/catalog/brus,категория
https://steelborg.ru/catalog/pilomaterialy,категория
https://steelborg.ru/catalog/mdf-shlifovannaya,категория
https://steelborg.ru/catalog/mdf-odnostoronnyaya,категория
https://steelborg.ru/catalog/mdf-laminirovannaya,категория
https://steelborg.ru/catalog/mdf-belyy,категория
https://steelborg.ru/catalog/mdf-8-mm,категория
https://steelborg.ru/catalog/mdf-6-mm,категория
https://steelborg.ru/catalog/mdf-25-mm,категория
https://steelborg.ru/catalog/mdf-22-mm,категория
https://steelborg.ru/catalog/mdf-2-d-8h2-d-07-m,категория
https://steelborg.ru/catalog/mdf-2-d-2h1-d-65-m,категория
https://steelborg.ru/catalog/mdf-2-d-15h1-d-65-m,категория
https://steelborg.ru/catalog/mdf-2-d-07h2-d-8-m,категория
https://steelborg.ru/catalog/mdf-2-d-07h1-d-65-m,категория
https://steelborg.ru/catalog/mdf-19-mm,категория
https://steelborg.ru/catalog/mdf-18-mm,категория
https://steelborg.ru/catalog/mdf-16-mm,категория
https://steelborg.ru/catalog/mdf-12-mm,категория
https://steelborg.ru/catalog/mdf-10-mm,категория
https://steelborg.ru/catalog/mdf,категория
https://steelborg.ru/catalog/ldsp-dub,категория
https://steelborg.ru/catalog/ldsp-16-mm,категория
https://steelborg.ru/catalog/ldsp-1-d-83h2-d-75-m,категория
https://steelborg.ru/catalog/ldsp,категория
https://steelborg.ru/catalog/dsp-shlifovannaya,категория
https://steelborg.ru/catalog/dsp-vlagostoykaya,категория
https://steelborg.ru/catalog/dsp-22-mm,категория
https://steelborg.ru/catalog/dsp-2-sort,категория
https://steelborg.ru/catalog/dsp-16-mm,категория
https://steelborg.ru/catalog/dsp-12-mm,категория
https://steelborg.ru/catalog/dsp-1-d-83h2-d-75-m,категория
https://steelborg.ru/catalog/dsp-1-d-83h2-d-5-m,категория
https://steelborg.ru/catalog/dsp-1-d-83h0-d-6-m,категория
https://steelborg.ru/catalog/dsp-1-d-75h3-d-5-m,категория
https://steelborg.ru/catalog/dsp-1-sort,категория
https://steelborg.ru/catalog/dsp,категория
https://steelborg.ru/catalog/dvp-3-d-2-mm,категория
https://steelborg.ru/catalog/dvp-3-mm,категория
https://steelborg.ru/catalog/dvp-2-d-5-mm,категория
https://steelborg.ru/catalog/dvp-1-d-7h2-d-745-m,категория
https://steelborg.ru/catalog/dvp-1-d-22h2-d-44-m,категория
https://steelborg.ru/catalog/dvp,категория
https://steelborg.ru/catalog/osp-3,категория
https://steelborg.ru/catalog/osb-osb-neshlifovannaya,категория
https://steelborg.ru/catalog/osb-osb-9-mm,категория
https://steelborg.ru/catalog/osb-osb-8-mm,категория
https://steelborg.ru/catalog/osb-osb-625-mm,категория
https://steelborg.ru/catalog/osb-osb-6-mm,категория
https://steelborg.ru/catalog/osb-osb-2800-mm,категория
https://steelborg.ru/catalog/osb-osb-2500-mm,категория
https://steelborg.ru/catalog/osb-osb-2440-mm,категория
https://steelborg.ru/catalog/osb-osb-22-mm,категория
https://steelborg.ru/catalog/osb-osb-2-d-5h1-d-25-m,категория
https://steelborg.ru/catalog/osb-osb-18-mm,категория
https://steelborg.ru/catalog/osb-osb-15-mm,категория
https://steelborg.ru/catalog/osb-osb-1250-mm,категория
https://steelborg.ru/catalog/osb-osb-1220-mm,категория
https://steelborg.ru/catalog/osb-osb-12-mm,категория
https://steelborg.ru/catalog/osb-osb-1-d-25h2-d-8-m,категория
https://steelborg.ru/catalog/osb-osb-1-d-25h2-d-5-m,категория
https://steelborg.ru/catalog/osb-osb-1-d-22h2-d-44-m,категория
https://steelborg.ru/catalog/osb-osb,категория
https://steelborg.ru/catalog/drevesnye-materialy,категория
https://steelborg.ru/catalog/stupeni-iz-reshetchatogo-nastila-otsinkovannaya,категория
https://steelborg.ru/catalog/stupeni-iz-reshetchatogo-nastila-800h240-mm,категория
https://steelborg.ru/catalog/stupeni-iz-reshetchatogo-nastila-34h38-mm,категория
https://steelborg.ru/catalog/stupeni-iz-reshetchatogo-nastila-33h33-mm,категория
https://steelborg.ru/catalog/stupeni-iz-reshetchatogo-nastila-30h3-mm,категория
https://steelborg.ru/catalog/stupeni-iz-reshetchatogo-nastila-30h2-mm,категория
https://steelborg.ru/catalog/stupeni-iz-reshetchatogo-nastila-1000h270-mm,категория
https://steelborg.ru/catalog/stupeni-iz-reshetchatogo-nastila,категория
https://steelborg.ru/catalog/reshetchatyy-nastil-svarnoy-sr,категория
https://steelborg.ru/catalog/reshetchatyy-nastil-pressovannyy-pr,категория
https://steelborg.ru/catalog/reshetchatyy-nastil-otsinkovannyy,категория
https://steelborg.ru/catalog/reshetchatyy-nastil-900h1000-mm,категория
https://steelborg.ru/catalog/reshetchatyy-nastil-800h1000-mm,категория
https://steelborg.ru/catalog/reshetchatyy-nastil-700h1000-mm,категория
https://steelborg.ru/catalog/reshetchatyy-nastil-68h76-mm,категория
https://steelborg.ru/catalog/reshetchatyy-nastil-68h100-mm,категория
https://steelborg.ru/catalog/reshetchatyy-nastil-600h1000-mm,категория
https://steelborg.ru/catalog/reshetchatyy-nastil-500h1000-mm,категория
https://steelborg.ru/catalog/reshetchatyy-nastil-40h3-mm,категория
https://steelborg.ru/catalog/reshetchatyy-nastil-34h76-mm,категория
https://steelborg.ru/catalog/reshetchatyy-nastil-34h50-mm,категория
https://steelborg.ru/catalog/reshetchatyy-nastil-34h38-mm,категория
https://steelborg.ru/catalog/reshetchatyy-nastil-34h22-mm,категория
https://steelborg.ru/catalog/reshetchatyy-nastil-34h100-mm,категория
https://steelborg.ru/catalog/reshetchatyy-nastil-33h33-mm,категория
https://steelborg.ru/catalog/reshetchatyy-nastil-33h11-mm,категория
https://steelborg.ru/catalog/reshetchatyy-nastil-30h3-mm,категория
https://steelborg.ru/catalog/reshetchatyy-nastil-30h2-mm,категория
https://steelborg.ru/catalog/reshetchatyy-nastil-25h3-mm,категория
https://steelborg.ru/catalog/reshetchatyy-nastil-2500h1500-mm,категория
https://steelborg.ru/catalog/reshetchatyy-nastil-20h2-mm,категория
https://steelborg.ru/catalog/reshetchatyy-nastil-1200h1000-mm,категория
https://steelborg.ru/catalog/reshetchatyy-nastil-1000h1000-mm,категория
https://steelborg.ru/catalog/reshetchatyy-nastil,категория
https://steelborg.ru/catalog/pridvernaya-reshetka,категория
https://steelborg.ru/catalog/gazonnaya-reshetka,категория
https://steelborg.ru/catalog/gryazezaschitnye-pokrytiya,категория
https://steelborg.ru/catalog/tsep-stalnaya,категория
https://steelborg.ru/catalog/tros-iz-nerzhaveyuschey-stali-myagkiy,категория
https://steelborg.ru/catalog/tros-iz-nerzhaveyuschey-stali-a4,категория
https://steelborg.ru/catalog/tros-iz-nerzhaveyuschey-stali-a2,категория
https://steelborg.ru/catalog/tros-iz-nerzhaveyuschey-stali-aisi-304,категория
https://steelborg.ru/catalog/tros-iz-nerzhaveyuschey-stali-8-mm,категория
https://steelborg.ru/catalog/tros-iz-nerzhaveyuschey-stali-6-mm,категория
https://steelborg.ru/catalog/tros-iz-nerzhaveyuschey-stali-5-mm,категория
https://steelborg.ru/catalog/tros-iz-nerzhaveyuschey-stali-4-mm,категория
https://steelborg.ru/catalog/tros-iz-nerzhaveyuschey-stali-3-mm,категория
https://steelborg.ru/catalog/tros-iz-nerzhaveyuschey-stali-2-mm,категория
https://steelborg.ru/catalog/tros-iz-nerzhaveyuschey-stali-12h18n10t,категория
https://steelborg.ru/catalog/tros-iz-nerzhaveyuschey-stali-12-mm,категория
https://steelborg.ru/catalog/tros-iz-nerzhaveyuschey-stali-10-mm,категория
https://steelborg.ru/catalog/tros-iz-nerzhaveyuschey-stali-1-d-5-mm,категория
https://steelborg.ru/catalog/tros-iz-nerzhaveyuschey-stali-1-mm,категория
https://steelborg.ru/catalog/tros-iz-nerzhaveyuschey-stali,категория
https://steelborg.ru/catalog/talrep-shpilka-shpilka,категория
https://steelborg.ru/catalog/talrep-tsepnoy,категория
https://steelborg.ru/catalog/talrep-petlya-petlya,категория
https://steelborg.ru/catalog/talrep-otsinkovannyy,категория
https://steelborg.ru/catalog/talrep-otkrytyy,категория
https://steelborg.ru/catalog/talrep-nerzhaveyuschiy,категория
https://steelborg.ru/catalog/talrep-m8,категория
https://steelborg.ru/catalog/talrep-m6,категория
https://steelborg.ru/catalog/talrep-m5,категория
https://steelborg.ru/catalog/talrep-m36,категория
https://steelborg.ru/catalog/talrep-m32,категория
https://steelborg.ru/catalog/talrep-m30,категория
https://steelborg.ru/catalog/talrep-m24,категория
https://steelborg.ru/catalog/talrep-m22,категория
https://steelborg.ru/catalog/talrep-m20,категория
https://steelborg.ru/catalog/talrep-m18,категория
https://steelborg.ru/catalog/talrep-m16,категория
https://steelborg.ru/catalog/talrep-m14,категория
https://steelborg.ru/catalog/talrep-m12,категория
https://steelborg.ru/catalog/talrep-m10,категория
https://steelborg.ru/catalog/talrep-kryuk-kryuk-m8,категория
https://steelborg.ru/catalog/talrep-kryuk-kryuk-m6,категория
https://steelborg.ru/catalog/talrep-kryuk-kryuk-m20,категория
https://steelborg.ru/catalog/talrep-kryuk-kryuk-m16,категория
https://steelborg.ru/catalog/talrep-kryuk-kryuk-m14,категория
https://steelborg.ru/catalog/talrep-kryuk-kryuk-m12,категория
https://steelborg.ru/catalog/talrep-kryuk-kryuk-m10,категория
https://steelborg.ru/catalog/talrep-kryuk-kryuk,категория
https://steelborg.ru/catalog/talrep-kryuk-koltso-otsinkovannyy,категория
https://steelborg.ru/catalog/talrep-kryuk-koltso-m8,категория
https://steelborg.ru/catalog/talrep-kryuk-koltso-m6,категория
https://steelborg.ru/catalog/talrep-kryuk-koltso-m16,категория
https://steelborg.ru/catalog/talrep-kryuk-koltso-m12,категория
https://steelborg.ru/catalog/talrep-kryuk-koltso-m10,категория
https://steelborg.ru/catalog/talrep-kryuk-koltso,категория
https://steelborg.ru/catalog/talrep-koltso-koltso-m8,категория
https://steelborg.ru/catalog/talrep-koltso-koltso-m6,категория
https://steelborg.ru/catalog/talrep-koltso-koltso-m16,категория
https://steelborg.ru/catalog/talrep-koltso-koltso-m12,категория
https://steelborg.ru/catalog/talrep-koltso-koltso-m10,категория
https://steelborg.ru/catalog/talrep-koltso-koltso,категория
https://steelborg.ru/catalog/talrep-gruzovoy,категория
https://steelborg.ru/catalog/talrep-vilka-vilka-m10,категория
https://steelborg.ru/catalog/talrep-vilka-vilka,категория
https://steelborg.ru/catalog/talrep-6-t,категория
https://steelborg.ru/catalog/talrep-5-t,категория
https://steelborg.ru/catalog/talrep-4-t,категория
https://steelborg.ru/catalog/talrep-3-t,категория
https://steelborg.ru/catalog/talrep-2-t,категория
https://steelborg.ru/catalog/talrep-1-d-5-t,категория
https://steelborg.ru/catalog/talrep-1-d-2-t,категория
https://steelborg.ru/catalog/talrepy,категория
https://steelborg.ru/catalog/styazhnye-remni-usilennyy-strop-lentoy,категория
https://steelborg.ru/catalog/styazhnye-remni-s-hrapovym-mehanizmom-25-mm,категория
https://steelborg.ru/catalog/styazhnye-remni-s-hrapovym-mehanizmom,категория
https://steelborg.ru/catalog/styazhnye-remni-s-pryazhkoy,категория
https://steelborg.ru/catalog/styazhnye-remni-s-pruzhinnym-zamkom,категория
https://steelborg.ru/catalog/styazhnye-remni-s-natyazhnym-hrapovym-ustroystvom,категория
https://steelborg.ru/catalog/styazhnye-remni-s-kryukami-5-m,категория
https://steelborg.ru/catalog/styazhnye-remni-s-kryukami,категория
https://steelborg.ru/catalog/styazhnye-remni-oranzhevye,категория
https://steelborg.ru/catalog/styazhnye-remni-koltsevoy,категория
https://steelborg.ru/catalog/styazhnye-remni-9-m,категория
https://steelborg.ru/catalog/styazhnye-remni-8-d-5-m,категория
https://steelborg.ru/catalog/styazhnye-remni-8-t,категория
https://steelborg.ru/catalog/styazhnye-remni-8-m,категория
https://steelborg.ru/catalog/styazhnye-remni-75-mm,категория
https://steelborg.ru/catalog/styazhnye-remni-714-t,категория
https://steelborg.ru/catalog/styazhnye-remni-7-t,категория
https://steelborg.ru/catalog/styazhnye-remni-7-m,категория
https://steelborg.ru/catalog/styazhnye-remni-6-t,категория
https://steelborg.ru/catalog/styazhnye-remni-6-m,категория
https://steelborg.ru/catalog/styazhnye-remni-50-mm,категория
https://steelborg.ru/catalog/styazhnye-remni-510-t,категория
https://steelborg.ru/catalog/styazhnye-remni-5-t,категория
https://steelborg.ru/catalog/styazhnye-remni-5-m,категория
https://steelborg.ru/catalog/styazhnye-remni-4-d-5-m,категория
https://steelborg.ru/catalog/styazhnye-remni-4-t,категория
https://steelborg.ru/catalog/styazhnye-remni-4-m,категория
https://steelborg.ru/catalog/styazhnye-remni-35-mm,категория
https://steelborg.ru/catalog/styazhnye-remni-30-mm,категория
https://steelborg.ru/catalog/styazhnye-remni-36-t,категория
https://steelborg.ru/catalog/styazhnye-remni-3-d-57-t,категория
https://steelborg.ru/catalog/styazhnye-remni-3-d-5-m,категория
https://steelborg.ru/catalog/styazhnye-remni-3-t,категория
https://steelborg.ru/catalog/styazhnye-remni-3-m,категория
https://steelborg.ru/catalog/styazhnye-remni-25-mm,категория
https://steelborg.ru/catalog/styazhnye-remni-20-t,категория
https://steelborg.ru/catalog/styazhnye-remni-20-m,категория
https://steelborg.ru/catalog/styazhnye-remni-24-t,категория
https://steelborg.ru/catalog/styazhnye-remni-2-d-55-t,категория
https://steelborg.ru/catalog/styazhnye-remni-2-d-5-t,категория
https://steelborg.ru/catalog/styazhnye-remni-2-d-5-m,категория
https://steelborg.ru/catalog/styazhnye-remni-2-m,категория
https://steelborg.ru/catalog/styazhnye-remni-15-m,категория
https://steelborg.ru/catalog/styazhnye-remni-14-t,категория
https://steelborg.ru/catalog/styazhnye-remni-12-m,категория
https://steelborg.ru/catalog/styazhnye-remni-11-m,категория
https://steelborg.ru/catalog/styazhnye-remni-100-mm,категория
https://steelborg.ru/catalog/styazhnye-remni-1020-t,категория
https://steelborg.ru/catalog/styazhnye-remni-1015-t,категория
https://steelborg.ru/catalog/styazhnye-remni-10-d-5-m,категория
https://steelborg.ru/catalog/styazhnye-remni-10-t,категория
https://steelborg.ru/catalog/styazhnye-remni-10-m,категория
https://steelborg.ru/catalog/styazhnye-remni-12-t,категория
https://steelborg.ru/catalog/styazhnye-remni-1-d-53-t,категория
https://steelborg.ru/catalog/styazhnye-remni-1-d-5-t,категория
https://steelborg.ru/catalog/styazhnye-remni-1-d-5-m,категория
https://steelborg.ru/catalog/styazhnye-remni-1-t,категория
https://steelborg.ru/catalog/styazhnye-remni-1-m,категория
https://steelborg.ru/catalog/styazhnye-remni-0-d-81-d-6-t,категория
https://steelborg.ru/catalog/styazhnye-remni-0-d-8-t,категория
https://steelborg.ru/catalog/styazhnye-remni-0-d-751-d-5-t,категория
https://steelborg.ru/catalog/styazhnye-remni-0-d-51-t,категория
https://steelborg.ru/catalog/styazhnye-remni-0-d-5-t,категория
https://steelborg.ru/catalog/styazhnye-remni-0-d-40-d-8-t,категория
https://steelborg.ru/catalog/styazhnye-remni-0-d-250-d-5-t,категория
https://steelborg.ru/catalog/styazhnye-remni,категория
https://steelborg.ru/catalog/strop-chetyrehvetvevoy,категория
https://steelborg.ru/catalog/strop-tsepnoy-chetyrehvetvevoy-4sts,категория
https://steelborg.ru/catalog/strop-tsepnoy-universalnyy-usts,категория
https://steelborg.ru/catalog/strop-tsepnoy-trehvetvevoy-3sts,категория
https://steelborg.ru/catalog/strop-tsepnoy-s-ukorachivayuschimsya-kryukom,категория
https://steelborg.ru/catalog/strop-tsepnoy-s-samozakryvayuschimsya-kryukom,категория
https://steelborg.ru/catalog/strop-tsepnoy-s-odnoy-zamknutoy-vetvyu-sts1vz,категория
https://steelborg.ru/catalog/strop-tsepnoy-s-kryukom,категория
https://steelborg.ru/catalog/strop-tsepnoy-s-dvumya-zamknutymi-vetvyam-sts2vz,категория
https://steelborg.ru/catalog/strop-tsepnoy-petlevoy-stsp,категория
https://steelborg.ru/catalog/strop-tsepnoy-odnovetvevoy-1sts,категория
https://steelborg.ru/catalog/strop-tsepnoy-koltsevoy,категория
https://steelborg.ru/catalog/strop-tsepnoy-dvuhvetvevoy-2sts,категория
https://steelborg.ru/catalog/strop-tsepnoy-vts,категория
https://steelborg.ru/catalog/strop-tsepnoy-5-t,категория
https://steelborg.ru/catalog/strop-tsepnoy-5-m,категория
https://steelborg.ru/catalog/strop-tsepnoy-4sts-s-kryukom,категория
https://steelborg.ru/catalog/strop-tsepnoy-4sts-6-d-7-t,категория
https://steelborg.ru/catalog/strop-tsepnoy-4sts-4-d-25-t,категория
https://steelborg.ru/catalog/strop-tsepnoy-4sts-11-d-2-t,категория
https://steelborg.ru/catalog/strop-tsepnoy-4-d-25-t,категория
https://steelborg.ru/catalog/strop-tsepnoy-4-m,категория
https://steelborg.ru/catalog/strop-tsepnoy-3-t,категория
https://steelborg.ru/catalog/strop-tsepnoy-3-m,категория
https://steelborg.ru/catalog/strop-tsepnoy-20-t,категория
https://steelborg.ru/catalog/strop-tsepnoy-2-d-36-t,категория
https://steelborg.ru/catalog/strop-tsepnoy-2-m,категория
https://steelborg.ru/catalog/strop-tsepnoy-17-t,категория
https://steelborg.ru/catalog/strop-tsepnoy-16h48-mm,категория
https://steelborg.ru/catalog/strop-tsepnoy-11-d-2-t,категория
https://steelborg.ru/catalog/strop-tsepnoy-10-t,категория
https://steelborg.ru/catalog/strop-tsepnoy-1-d-5-m,категория
https://steelborg.ru/catalog/strop-tsepnoy-1-m,категория
https://steelborg.ru/catalog/stropy-tsepnye,категория
https://steelborg.ru/catalog/strop-trehvetvevoy,категория
https://steelborg.ru/catalog/strop-tekstilnyy-chetyrehvetvevoy-4st,категория
https://steelborg.ru/catalog/strop-tekstilnyy-trehvetvevoy-3st,категория
https://steelborg.ru/catalog/strop-tekstilnyy-stkk-ksk,категория
https://steelborg.ru/catalog/strop-tekstilnyy-petlevoy-stp,категория
https://steelborg.ru/catalog/strop-tekstilnyy-petlevoy-6-m,категория
https://steelborg.ru/catalog/strop-tekstilnyy-petlevoy-2-m,категория
https://steelborg.ru/catalog/strop-tekstilnyy-petlevoy-1-t,категория
https://steelborg.ru/catalog/strop-tekstilnyy-odnovetvevoy-1st,категория
https://steelborg.ru/catalog/strop-tekstilnyy-lentochnyy,категория
https://steelborg.ru/catalog/strop-tekstilnyy-kruglopryadnyy,категория
https://steelborg.ru/catalog/strop-tekstilnyy-koltsevoy-stk,категория
https://steelborg.ru/catalog/strop-tekstilnyy-zheltyy,категория
https://steelborg.ru/catalog/strop-tekstilnyy-dvuhvetvevoy-2st,категория
https://steelborg.ru/catalog/strop-tekstilnyy-90-mm,категория
https://steelborg.ru/catalog/strop-tekstilnyy-9-m,категория
https://steelborg.ru/catalog/strop-tekstilnyy-8-t,категория
https://steelborg.ru/catalog/strop-tekstilnyy-8-m,категория
https://steelborg.ru/catalog/strop-tekstilnyy-75-mm,категория
https://steelborg.ru/catalog/strop-tekstilnyy-7-m,категория
https://steelborg.ru/catalog/strop-tekstilnyy-60-mm,категория
https://steelborg.ru/catalog/strop-tekstilnyy-6-t,категория
https://steelborg.ru/catalog/strop-tekstilnyy-6-m-5-t,категория
https://steelborg.ru/catalog/strop-tekstilnyy-6-m,категория
https://steelborg.ru/catalog/strop-tekstilnyy-50-mm,категория
https://steelborg.ru/catalog/strop-tekstilnyy-5-t-5-m,категория
https://steelborg.ru/catalog/strop-tekstilnyy-5-t,категория
https://steelborg.ru/catalog/strop-tekstilnyy-5-m-3-t,категория
https://steelborg.ru/catalog/strop-tekstilnyy-5-m,категория
https://steelborg.ru/catalog/strop-tekstilnyy-40-mm,категория
https://steelborg.ru/catalog/strop-tekstilnyy-4-d-5-m,категория
https://steelborg.ru/catalog/strop-tekstilnyy-4-t,категория
https://steelborg.ru/catalog/strop-tekstilnyy-4-m-4-t,категория
https://steelborg.ru/catalog/strop-tekstilnyy-4-m,категория
https://steelborg.ru/catalog/strop-tekstilnyy-300-mm,категория
https://steelborg.ru/catalog/strop-tekstilnyy-30-mm,категория
https://steelborg.ru/catalog/strop-tekstilnyy-3-d-5-m,категория
https://steelborg.ru/catalog/strop-tekstilnyy-3-t,категория
https://steelborg.ru/catalog/strop-tekstilnyy-3-m,категория
https://steelborg.ru/catalog/strop-tekstilnyy-25-t,категория
https://steelborg.ru/catalog/strop-tekstilnyy-240-mm,категория
https://steelborg.ru/catalog/strop-tekstilnyy-20-t,категория
https://steelborg.ru/catalog/strop-tekstilnyy-2-d-5-t,категория
https://steelborg.ru/catalog/strop-tekstilnyy-2-d-5-m,категория
https://steelborg.ru/catalog/strop-tekstilnyy-2-t,категория
https://steelborg.ru/catalog/strop-tekstilnyy-2-m,категория
https://steelborg.ru/catalog/strop-tekstilnyy-180-mm,категория
https://steelborg.ru/catalog/strop-tekstilnyy-150-mm,категория
https://steelborg.ru/catalog/strop-tekstilnyy-15-t,категория
https://steelborg.ru/catalog/strop-tekstilnyy-125-mm,категория
https://steelborg.ru/catalog/strop-tekstilnyy-120-mm,категория
https://steelborg.ru/catalog/strop-tekstilnyy-12-d-5-t,категория
https://steelborg.ru/catalog/strop-tekstilnyy-12-t,категория
https://steelborg.ru/catalog/strop-tekstilnyy-100-mm,категория
https://steelborg.ru/catalog/strop-tekstilnyy-10-t,категория
https://steelborg.ru/catalog/strop-tekstilnyy-10-m,категория
https://steelborg.ru/catalog/strop-tekstilnyy-1-d-5-m,категория
https://steelborg.ru/catalog/strop-tekstilnyy-1-t,категория
https://steelborg.ru/catalog/strop-tekstilnyy-1-m,категория
https://steelborg.ru/catalog/strop-tekstilnyy-0-d-5-t,категория
https://steelborg.ru/catalog/strop-tekstilnyy-0-d-5-m,категория
https://steelborg.ru/catalog/stropy-tekstilnye,категория
https://steelborg.ru/catalog/strop-petlevoy,категория
https://steelborg.ru/catalog/strop-odnovetvevoy,категория
https://steelborg.ru/catalog/strop-koltsevoy,категория
https://steelborg.ru/catalog/strop-kanatnyy-chetyrehvetvevoy-4sk,категория
https://steelborg.ru/catalog/strop-kanatnyy-usk2-skk,категория
https://steelborg.ru/catalog/strop-kanatnyy-usk1-skp,категория
https://steelborg.ru/catalog/strop-kanatnyy-universalnyy,категория
https://steelborg.ru/catalog/strop-kanatnyy-trehvetvevoy-3sk,категория
https://steelborg.ru/catalog/strop-kanatnyy-skk,категория
https://steelborg.ru/catalog/strop-kanatnyy-petlevoy-skp,категория
https://steelborg.ru/catalog/strop-kanatnyy-opressovka,категория
https://steelborg.ru/catalog/strop-kanatnyy-odnovetvevoy-1sk,категория
https://steelborg.ru/catalog/strop-kanatnyy-koltsevoy,категория
https://steelborg.ru/catalog/strop-kanatnyy-zapletka,категория
https://steelborg.ru/catalog/strop-kanatnyy-dvuhvetvevoy-2sk,категория
https://steelborg.ru/catalog/strop-kanatnyy-gruzovoy,категория
https://steelborg.ru/catalog/strop-kanatnyy-vetv-kanatnaya-vk,категория
https://steelborg.ru/catalog/strop-kanatnyy-9-m,категория
https://steelborg.ru/catalog/strop-kanatnyy-8-d-3-mm,категория
https://steelborg.ru/catalog/strop-kanatnyy-8-t,категория
https://steelborg.ru/catalog/strop-kanatnyy-8-m,категория
https://steelborg.ru/catalog/strop-kanatnyy-7-d-6-mm,категория
https://steelborg.ru/catalog/strop-kanatnyy-7-m,категория
https://steelborg.ru/catalog/strop-kanatnyy-6-d-3-t,категория
https://steelborg.ru/catalog/strop-kanatnyy-6-m,категория
https://steelborg.ru/catalog/strop-kanatnyy-5-t,категория
https://steelborg.ru/catalog/strop-kanatnyy-5-m,категория
https://steelborg.ru/catalog/strop-kanatnyy-4-d-5-m,категория
https://steelborg.ru/catalog/strop-kanatnyy-4-t,категория
https://steelborg.ru/catalog/strop-kanatnyy-4-m,категория
https://steelborg.ru/catalog/strop-kanatnyy-3-d-5-m,категория
https://steelborg.ru/catalog/strop-kanatnyy-3-d-2-t,категория
https://steelborg.ru/catalog/strop-kanatnyy-3-m,категория
https://steelborg.ru/catalog/strop-kanatnyy-27-mm,категория
https://steelborg.ru/catalog/strop-kanatnyy-25-t,категория
https://steelborg.ru/catalog/strop-kanatnyy-20-t,категория
https://steelborg.ru/catalog/strop-kanatnyy-2-d-5-t,категория
https://steelborg.ru/catalog/strop-kanatnyy-2-d-5-m,категория
https://steelborg.ru/catalog/strop-kanatnyy-2-t,категория
https://steelborg.ru/catalog/strop-kanatnyy-2-m,категория
https://steelborg.ru/catalog/strop-kanatnyy-19-d-5-mm,категория
https://steelborg.ru/catalog/strop-kanatnyy-18-mm,категория
https://steelborg.ru/catalog/strop-kanatnyy-16-d-5-mm,категория
https://steelborg.ru/catalog/strop-kanatnyy-16-t,категория
https://steelborg.ru/catalog/strop-kanatnyy-15-mm,категория
https://steelborg.ru/catalog/strop-kanatnyy-14-mm,категория
https://steelborg.ru/catalog/strop-kanatnyy-12-d-5-t,категория
https://steelborg.ru/catalog/strop-kanatnyy-12-mm,категория
https://steelborg.ru/catalog/strop-kanatnyy-11-mm,категория
https://steelborg.ru/catalog/strop-kanatnyy-10-t,категория
https://steelborg.ru/catalog/strop-kanatnyy-10-m,категория
https://steelborg.ru/catalog/strop-kanatnyy-1-d-6-t,категория
https://steelborg.ru/catalog/strop-kanatnyy-1-d-5-m,категория
https://steelborg.ru/catalog/strop-kanatnyy-1-d-25-t,категория
https://steelborg.ru/catalog/strop-kanatnyy-1-t,категория
https://steelborg.ru/catalog/strop-kanatnyy-1-m,категория
https://steelborg.ru/catalog/strop-kanatnyy-0-d-63-t,категория
https://steelborg.ru/catalog/strop-kanatnyy-0-d-5-t,категория
https://steelborg.ru/catalog/stropy-kanatnye,категория
https://steelborg.ru/catalog/strop-dvuhvetvevoy,категория
https://steelborg.ru/catalog/strop-9-m,категория
https://steelborg.ru/catalog/strop-8-t,категория
https://steelborg.ru/catalog/strop-8-m,категория
https://steelborg.ru/catalog/strop-7-m,категория
https://steelborg.ru/catalog/strop-60-mm,категория
https://steelborg.ru/catalog/strop-6-t,категория
https://steelborg.ru/catalog/strop-6-m,категория
https://steelborg.ru/catalog/strop-50-mm,категория
https://steelborg.ru/catalog/strop-50-m,категория
https://steelborg.ru/catalog/strop-5-t,категория
https://steelborg.ru/catalog/strop-5-m-5-t,категория
https://steelborg.ru/catalog/strop-5-m,категория
https://steelborg.ru/catalog/strop-40-mm,категория
https://steelborg.ru/catalog/strop-4-d-5-m,категория
https://steelborg.ru/catalog/strop-4-t,категория
https://steelborg.ru/catalog/strop-4-m,категория
https://steelborg.ru/catalog/strop-30-mm,категория
https://steelborg.ru/catalog/strop-3-t-3-m,категория
https://steelborg.ru/catalog/strop-3-t,категория
https://steelborg.ru/catalog/strop-3-m,категория
https://steelborg.ru/catalog/strop-25-t,категория
https://steelborg.ru/catalog/strop-25-m,категория
https://steelborg.ru/catalog/strop-20-t,категория
https://steelborg.ru/catalog/strop-20-mm,категория
https://steelborg.ru/catalog/strop-2-d-5-t,категория
https://steelborg.ru/catalog/strop-2-d-5-m,категория
https://steelborg.ru/catalog/strop-2-t,категория
https://steelborg.ru/catalog/strop-2-m,категория
https://steelborg.ru/catalog/strop-16-t,категория
https://steelborg.ru/catalog/strop-150-mm,категория
https://steelborg.ru/catalog/strop-15-mm,категория
https://steelborg.ru/catalog/strop-12-m,категория
https://steelborg.ru/catalog/strop-10-t,категория
https://steelborg.ru/catalog/strop-10-m,категория
https://steelborg.ru/catalog/strop-1-d-5-m,категория
https://steelborg.ru/catalog/strop-1-t,категория
https://steelborg.ru/catalog/strop-1-m,категория
https://steelborg.ru/catalog/strop-0-d-4-m,категория
https://steelborg.ru/catalog/stropy,категория
https://steelborg.ru/catalog/koush-sudovoy,категория
https://steelborg.ru/catalog/koush-stalnoy,категория
https://steelborg.ru/catalog/koush-nerzhaveyuschiy,категория
https://steelborg.ru/catalog/koush-krg,категория
https://steelborg.ru/catalog/koush-klinovoy,категория
https://steelborg.ru/catalog/koush-kkb,категория
https://steelborg.ru/catalog/koush-vantovyy,категория
https://steelborg.ru/catalog/koush-bezzhimkovyy,категория
https://steelborg.ru/catalog/koush-8-mm,категория
https://steelborg.ru/catalog/koush-6-mm,категория
https://steelborg.ru/catalog/koush-5-mm,категория
https://steelborg.ru/catalog/koush-40-mm,категория
https://steelborg.ru/catalog/koush-4-mm,категория
https://steelborg.ru/catalog/koush-36-mm,категория
https://steelborg.ru/catalog/koush-32-mm,категория
https://steelborg.ru/catalog/koush-30-mm,категория
https://steelborg.ru/catalog/koush-3-mm,категория
https://steelborg.ru/catalog/koush-28-mm,категория
https://steelborg.ru/catalog/koush-24-mm,категория
https://steelborg.ru/catalog/koush-22-mm,категория
https://steelborg.ru/catalog/koush-20-mm,категория
https://steelborg.ru/catalog/koush-2-mm,категория
https://steelborg.ru/catalog/koush-18-mm,категория
https://steelborg.ru/catalog/koush-16-mm,категория
https://steelborg.ru/catalog/koush-14-mm,категория
https://steelborg.ru/catalog/koush-12-mm,категория
https://steelborg.ru/catalog/koush-10-mm,категория
https://steelborg.ru/catalog/koushi-dlya-trosov,категория
https://steelborg.ru/catalog/karabin-stalnoy,категория
https://steelborg.ru/catalog/karabin-s-fiksatorom,категория
https://steelborg.ru/catalog/karabin-s-vertlyugom,категория
https://steelborg.ru/catalog/karabin-pozharnyy,категория
https://steelborg.ru/catalog/karabin-otsinkovannyy,категория
https://steelborg.ru/catalog/karabin-vintovoy,категория
https://steelborg.ru/catalog/karabin-9-mm,категория
https://steelborg.ru/catalog/karabin-8-mm,категория
https://steelborg.ru/catalog/karabin-7-mm,категория
https://steelborg.ru/catalog/karabin-6-mm,категория
https://steelborg.ru/catalog/karabin-50-mm,категория
https://steelborg.ru/catalog/karabin-5-mm,категория
https://steelborg.ru/catalog/karabin-40-mm,категория
https://steelborg.ru/catalog/karabin-4-mm,категория
https://steelborg.ru/catalog/karabin-14-mm,категория
https://steelborg.ru/catalog/karabin-120-mm,категория
https://steelborg.ru/catalog/karabin-10-mm,категория
https://steelborg.ru/catalog/karabiny,категория
https://steelborg.ru/catalog/penkovyy-kanat-26-mm,категория
https://steelborg.ru/catalog/penkovyy-kanat-22-mm,категория
https://steelborg.ru/catalog/penkovyy-kanat-20-mm,категория
https://steelborg.ru/catalog/penkovyy-kanat-16-mm,категория
https://steelborg.ru/catalog/penkovyy-kanat-12-mm,категория
https://steelborg.ru/catalog/penkovyy-kanat-10-mm,категория
https://steelborg.ru/catalog/penkovyy-kanat,категория
https://steelborg.ru/catalog/kanat-shvartovyy,категория
https://steelborg.ru/catalog/kanat-chernyy,категория
https://steelborg.ru/catalog/kanat-tk,категория
https://steelborg.ru/catalog/kanat-stalnoy-tk,категория
https://steelborg.ru/catalog/kanat-stalnoy-talevyy,категория
https://steelborg.ru/catalog/kanat-stalnoy-s-tochechnym-kasaniem-provolok,категория
https://steelborg.ru/catalog/kanat-stalnoy-s-organicheskim-serdechnikom,категория
https://steelborg.ru/catalog/kanat-stalnoy-s-metallicheskim-serdechnikom-ms,категория
https://steelborg.ru/catalog/kanat-stalnoy-s-lineynym-kasaniem-provolok,категория
https://steelborg.ru/catalog/kanat-stalnoy-otsinkovannyy-8-mm,категория
https://steelborg.ru/catalog/kanat-stalnoy-otsinkovannyy-10-mm,категория
https://steelborg.ru/catalog/kanat-stalnoy-otsinkovannyy,категория
https://steelborg.ru/catalog/kanat-stalnoy-odinarnoy-svivki,категория
https://steelborg.ru/catalog/kanat-stalnoy-lk-ro,категория
https://steelborg.ru/catalog/kanat-stalnoy-lk-r,категория
https://steelborg.ru/catalog/kanat-stalnoy-lk-o,категория
https://steelborg.ru/catalog/kanat-stalnoy-dvoynoy-svivki-lk-r,категория
https://steelborg.ru/catalog/kanat-stalnoy-dvoynoy-svivki-lk,категория
https://steelborg.ru/catalog/kanat-stalnoy-dvoynoy-svivki,категория
https://steelborg.ru/catalog/kanat-stalnoy-gruzovoy,категория
https://steelborg.ru/catalog/kanat-stalnoy-armaturnyy,категория
https://steelborg.ru/catalog/kanat-stalnoy-9-d-6-mm,категория
https://steelborg.ru/catalog/kanat-stalnoy-9-d-1-mm,категория
https://steelborg.ru/catalog/kanat-stalnoy-9-mm,категория
https://steelborg.ru/catalog/kanat-stalnoy-80-mm,категория
https://steelborg.ru/catalog/kanat-stalnoy-8-d-6-mm,категория
https://steelborg.ru/catalog/kanat-stalnoy-8-d-3-mm,категория
https://steelborg.ru/catalog/kanat-stalnoy-8-d-1-mm,категория
https://steelborg.ru/catalog/kanat-stalnoy-8-mm,категория
https://steelborg.ru/catalog/kanat-stalnoy-7-d-6-mm,категория
https://steelborg.ru/catalog/kanat-stalnoy-7-mm,категория
https://steelborg.ru/catalog/kanat-stalnoy-6h7,категория
https://steelborg.ru/catalog/kanat-stalnoy-6h36,категория
https://steelborg.ru/catalog/kanat-stalnoy-6h19,категория
https://steelborg.ru/catalog/kanat-stalnoy-6-d-5-mm,категория
https://steelborg.ru/catalog/kanat-stalnoy-6-d-2-mm,категория
https://steelborg.ru/catalog/kanat-stalnoy-5-d-1-mm,категория
https://steelborg.ru/catalog/kanat-stalnoy-4-d-1-mm,категория
https://steelborg.ru/catalog/kanat-stalnoy-36-mm,категория
https://steelborg.ru/catalog/kanat-stalnoy-32-mm,категория
https://steelborg.ru/catalog/kanat-stalnoy-3-d-2-mm,категория
https://steelborg.ru/catalog/kanat-stalnoy-28-mm,категория
https://steelborg.ru/catalog/kanat-stalnoy-25-mm,категория
https://steelborg.ru/catalog/kanat-stalnoy-24-mm,категория
https://steelborg.ru/catalog/kanat-stalnoy-22-mm,категория
https://steelborg.ru/catalog/kanat-stalnoy-20-mm,категория
https://steelborg.ru/catalog/kanat-stalnoy-2-d-2-mm,категория
https://steelborg.ru/catalog/kanat-stalnoy-19-mm,категория
https://steelborg.ru/catalog/kanat-stalnoy-18-mm,категория
https://steelborg.ru/catalog/kanat-stalnoy-16-d-5-mm,категория
https://steelborg.ru/catalog/kanat-stalnoy-16-mm,категория
https://steelborg.ru/catalog/kanat-stalnoy-15-mm,категория
https://steelborg.ru/catalog/kanat-stalnoy-14-mm,категория
https://steelborg.ru/catalog/kanat-stalnoy-13-d-5-mm,категория
https://steelborg.ru/catalog/kanat-stalnoy-13-mm,категория
https://steelborg.ru/catalog/kanat-stalnoy-12-mm,категория
https://steelborg.ru/catalog/kanat-stalnoy-11-mm,категория
https://steelborg.ru/catalog/kanat-stalnoy-10-d-5-mm,категория
https://steelborg.ru/catalog/kanat-stalnoy-10-mm,категория
https://steelborg.ru/catalog/kanat-stalnoy-0-d-8-mm,категория
https://steelborg.ru/catalog/kanat-stalnoy,категория
https://steelborg.ru/catalog/kanat-siniy,категория
https://steelborg.ru/catalog/kanat-sizalevyy,категория
https://steelborg.ru/catalog/kanat-s-tochechnym-kasaniem-provolok,категория
https://steelborg.ru/catalog/kanat-s-organicheskim-serdechnikom,категория
https://steelborg.ru/catalog/kanat-s-metallicheskim-serdechnikom-ms,категория
https://steelborg.ru/catalog/kanat-s-lineynym-kasaniem-provolok,категория
https://steelborg.ru/catalog/kanat-polipropilenovyy-s-serdechnikom-10-mm,категория
https://steelborg.ru/catalog/kanat-polipropilenovyy-pletenyy,категория
https://steelborg.ru/catalog/kanat-polipropilenovyy-8-mi-pryadnyy,категория
https://steelborg.ru/catalog/kanat-polipropilenovyy-8-mm,категория
https://steelborg.ru/catalog/kanat-polipropilenovyy-40-mm,категория
https://steelborg.ru/catalog/kanat-polipropilenovyy-32-mm,категория
https://steelborg.ru/catalog/kanat-polipropilenovyy-3-h-pryadnyy,категория
https://steelborg.ru/catalog/kanat-polipropilenovyy-26-mm,категория
https://steelborg.ru/catalog/kanat-polipropilenovyy-22-mm,категория
https://steelborg.ru/catalog/kanat-polipropilenovyy-20-mm,категория
https://steelborg.ru/catalog/kanat-polipropilenovyy-19-mm,категория
https://steelborg.ru/catalog/kanat-polipropilenovyy-18-mm,категория
https://steelborg.ru/catalog/kanat-polipropilenovyy-16-mm,категория
https://steelborg.ru/catalog/kanat-polipropilenovyy-14-mm,категория
https://steelborg.ru/catalog/kanat-polipropilenovyy-13-mm,категория
https://steelborg.ru/catalog/kanat-polipropilenovyy-12-mm,категория
https://steelborg.ru/catalog/kanat-polipropilenovyy-11-mm,категория
https://steelborg.ru/catalog/kanat-polipropilenovyy-10-mm,категория
https://steelborg.ru/catalog/kanat-polipropilenovyy,категория
https://steelborg.ru/catalog/kanat-poliamidnyy-kruchenyy,категория
https://steelborg.ru/catalog/kanat-poliamidnyy-8-mi-pryadnyy,категория
https://steelborg.ru/catalog/kanat-poliamidnyy-8-mm,категория
https://steelborg.ru/catalog/kanat-poliamidnyy-6-mm,категория
https://steelborg.ru/catalog/kanat-poliamidnyy-56-mm,категория
https://steelborg.ru/catalog/kanat-poliamidnyy-32-mm,категория
https://steelborg.ru/catalog/kanat-poliamidnyy-3-h-pryadnyy,категория
https://steelborg.ru/catalog/kanat-poliamidnyy-29-mm,категория
https://steelborg.ru/catalog/kanat-poliamidnyy-26-mm,категория
https://steelborg.ru/catalog/kanat-poliamidnyy-22-mm,категория
https://steelborg.ru/catalog/kanat-poliamidnyy-20-mm,категория
https://steelborg.ru/catalog/kanat-poliamidnyy-19-mm,категория
https://steelborg.ru/catalog/kanat-poliamidnyy-16-mm,категория
https://steelborg.ru/catalog/kanat-poliamidnyy-13-mm,категория
https://steelborg.ru/catalog/kanat-poliamidnyy-12-mm,категория
https://steelborg.ru/catalog/kanat-poliamidnyy-11-mm,категория
https://steelborg.ru/catalog/kanat-poliamidnyy-10-mm,категория
https://steelborg.ru/catalog/kanat-poliamidnyy,категория
https://steelborg.ru/catalog/kanat-pvh,категория
https://steelborg.ru/catalog/kanat-otsinkovannyy,категория
https://steelborg.ru/catalog/kanat-odinarnoy-svivki,категория
https://steelborg.ru/catalog/kanat-lk-ro,категория
https://steelborg.ru/catalog/kanat-lk-r,категория
https://steelborg.ru/catalog/kanat-lk-o,категория
https://steelborg.ru/catalog/kanat-lk,категория
https://steelborg.ru/catalog/kanat-kruchenyy,категория
https://steelborg.ru/catalog/kanat-krasnyy,категория
https://steelborg.ru/catalog/kanat-zelenyy,категория
https://steelborg.ru/catalog/kanat-dvoynoy-svivki-tk,категория
https://steelborg.ru/catalog/kanat-dvoynoy-svivki-lk,категория
https://steelborg.ru/catalog/kanat-dvoynoy-svivki-6h19,категория
https://steelborg.ru/catalog/kanat-dvoynoy-svivki,категория
https://steelborg.ru/catalog/kanat-gruzovoy,категория
https://steelborg.ru/catalog/kanat-80-mm,категория
https://steelborg.ru/catalog/kanat-8-mi-pryadnyy,категория
https://steelborg.ru/catalog/kanat-8-mm,категория
https://steelborg.ru/catalog/kanat-6h7,категория
https://steelborg.ru/catalog/kanat-6h36,категория
https://steelborg.ru/catalog/kanat-6h19,категория
https://steelborg.ru/catalog/kanat-6-d-5-mm,категория
https://steelborg.ru/catalog/kanat-6-d-2-mm,категория
https://steelborg.ru/catalog/kanat-6-mm,категория
https://steelborg.ru/catalog/kanat-50-mm,категория
https://steelborg.ru/catalog/kanat-5-d-4-mm,категория
https://steelborg.ru/catalog/kanat-5-mm,категория
https://steelborg.ru/catalog/kanat-40-mm,категория
https://steelborg.ru/catalog/kanat-4-mm,категория
https://steelborg.ru/catalog/kanat-30-mm,категория
https://steelborg.ru/catalog/kanat-3-h-pryadnyy,категория
https://steelborg.ru/catalog/kanat-3-mm,категория
https://steelborg.ru/catalog/kanat-20-mm,категория
https://steelborg.ru/catalog/kanat-18-mm,категория
https://steelborg.ru/catalog/kanat-16-mm,категория
https://steelborg.ru/catalog/kanat-14-mm,категория
https://steelborg.ru/catalog/kanat-13-mm,категория
https://steelborg.ru/catalog/kanat-12-mm,категория
https://steelborg.ru/catalog/kanat-100-mm,категория
https://steelborg.ru/catalog/kanat-10-mm,категория
https://steelborg.ru/catalog/kanat-1-d-8-mm,категория
https://steelborg.ru/catalog/dzhutovyy-kanat-kruchenyy-20-mm,категория
https://steelborg.ru/catalog/dzhutovyy-kanat-kruchenyy,категория
https://steelborg.ru/catalog/dzhutovyy-kanat-buhta,категория
https://steelborg.ru/catalog/dzhutovyy-kanat-8-mm,категория
https://steelborg.ru/catalog/dzhutovyy-kanat-6-mm,категория
https://steelborg.ru/catalog/dzhutovyy-kanat-50-mm,категория
https://steelborg.ru/catalog/dzhutovyy-kanat-5-mm,категория
https://steelborg.ru/catalog/dzhutovyy-kanat-40-mm,категория
https://steelborg.ru/catalog/dzhutovyy-kanat-4-mm,категория
https://steelborg.ru/catalog/dzhutovyy-kanat-30-mm,категория
https://steelborg.ru/catalog/dzhutovyy-kanat-26-mm,категория
https://steelborg.ru/catalog/dzhutovyy-kanat-25-mm,категория
https://steelborg.ru/catalog/dzhutovyy-kanat-24-mm,категория
https://steelborg.ru/catalog/dzhutovyy-kanat-22-mm,категория
https://steelborg.ru/catalog/dzhutovyy-kanat-20-m,категория
https://steelborg.ru/catalog/dzhutovyy-kanat-18-mm,категория
https://steelborg.ru/catalog/dzhutovyy-kanat-16-mm,категория
https://steelborg.ru/catalog/dzhutovyy-kanat-15-mm,категория
https://steelborg.ru/catalog/dzhutovyy-kanat-14-mm,категория
https://steelborg.ru/catalog/dzhutovyy-kanat-12-mm,категория
https://steelborg.ru/catalog/dzhutovyy-kanat-100-m,категория
https://steelborg.ru/catalog/dzhutovyy-kanat-10-mm,категория
https://steelborg.ru/catalog/dzhutovyy-kanat,категория
https://steelborg.ru/catalog/kanat,категория
https://steelborg.ru/catalog/takelazh,категория
https://steelborg.ru/catalog/zazhim-dlya-trosa-usilennyy,категория
https://steelborg.ru/catalog/zazhim-dlya-trosa-stalnoy,категория
https://steelborg.ru/catalog/zazhim-dlya-trosa-otsinkovannyy,категория
https://steelborg.ru/catalog/zazhim-dlya-trosa-odinarnyy,категория
https://steelborg.ru/catalog/zazhim-dlya-trosa-nerzhaveyuschiy,категория
https://steelborg.ru/catalog/zazhim-dlya-trosa-klinovyy,категория
https://steelborg.ru/catalog/zazhim-dlya-trosa-dugoobraznyy,категория
https://steelborg.ru/catalog/zazhim-dlya-trosa-dvoynoy,категория
https://steelborg.ru/catalog/zazhim-dlya-trosa-vintovoy,категория
https://steelborg.ru/catalog/zazhim-dlya-trosa-alyuminievyy,категория
https://steelborg.ru/catalog/zazhim-dlya-trosa-9-mm,категория
https://steelborg.ru/catalog/zazhim-dlya-trosa-8-mm,категория
https://steelborg.ru/catalog/zazhim-dlya-trosa-7-mm,категория
https://steelborg.ru/catalog/zazhim-dlya-trosa-60-mm,категория
https://steelborg.ru/catalog/zazhim-dlya-trosa-6-d-5-mm,категория
https://steelborg.ru/catalog/zazhim-dlya-trosa-6-mm,категория
https://steelborg.ru/catalog/zazhim-dlya-trosa-50-mm,категория
https://steelborg.ru/catalog/zazhim-dlya-trosa-5-mm,категория
https://steelborg.ru/catalog/zazhim-dlya-trosa-40-mm,категория
https://steelborg.ru/catalog/zazhim-dlya-trosa-4-mm,категория
https://steelborg.ru/catalog/zazhim-dlya-trosa-34-mm,категория
https://steelborg.ru/catalog/zazhim-dlya-trosa-32-mm,категория
https://steelborg.ru/catalog/zazhim-dlya-trosa-30-mm,категория
https://steelborg.ru/catalog/zazhim-dlya-trosa-3-mm,категория
https://steelborg.ru/catalog/zazhim-dlya-trosa-26-mm,категория
https://steelborg.ru/catalog/zazhim-dlya-trosa-24-mm,категория
https://steelborg.ru/catalog/zazhim-dlya-trosa-22-mm,категория
https://steelborg.ru/catalog/zazhim-dlya-trosa-2-mm,категория
https://steelborg.ru/catalog/zazhim-dlya-trosa-19-mm,категория
https://steelborg.ru/catalog/zazhim-dlya-trosa-18-mm,категория
https://steelborg.ru/catalog/zazhim-dlya-trosa-16-mm,категория
https://steelborg.ru/catalog/zazhim-dlya-trosa-15-mm,категория
https://steelborg.ru/catalog/zazhim-dlya-trosa-14-mm,категория
https://steelborg.ru/catalog/zazhim-dlya-trosa-13-mm,категория
https://steelborg.ru/catalog/zazhim-dlya-trosa-12-mm,категория
https://steelborg.ru/catalog/zazhim-dlya-trosa-11-mm,категория
https://steelborg.ru/catalog/zazhim-dlya-trosa-10-mm,категория
https://steelborg.ru/catalog/zazhim-dlya-trosa-1-d-5-mm,категория
https://steelborg.ru/catalog/zazhim-dlya-trosa,категория
https://steelborg.ru/catalog/baraban-dlya-kanata,категория
https://steelborg.ru/catalog/gruzopodemnoe-oborudovanie,категория
https://steelborg.ru/catalog/promyshlennye-shlangi-ftoroplast,категория
https://steelborg.ru/catalog/promyshlennye-shlangi-universalnyy,категория
https://steelborg.ru/catalog/promyshlennye-shlangi-spiralnyy,категория
https://steelborg.ru/catalog/promyshlennye-shlangi-s-metallicheskoy-spiralyu,категория
https://steelborg.ru/catalog/promyshlennye-shlangi-poliuretan,категория
https://steelborg.ru/catalog/promyshlennye-shlangi-polivochnyy,категория
https://steelborg.ru/catalog/promyshlennye-shlangi-ploskiy,категория
https://steelborg.ru/catalog/promyshlennye-shlangi-pischevoy,категория
https://steelborg.ru/catalog/promyshlennye-shlangi-pvh,категория
https://steelborg.ru/catalog/promyshlennye-shlangi-napornyy,категория
https://steelborg.ru/catalog/promyshlennye-shlangi-naporno-vsasyvayuschiy,категория
https://steelborg.ru/catalog/promyshlennye-shlangi-maslobenzostoykiy,категория
https://steelborg.ru/catalog/promyshlennye-shlangi-dlya-nefteproduktov,категория
https://steelborg.ru/catalog/promyshlennye-shlangi-dlya-ventilyatsionnyh-sistem,категория
https://steelborg.ru/catalog/promyshlennye-shlangi-gofrirovannyy,категория
https://steelborg.ru/catalog/promyshlennye-shlangi-armirovannyy,категория
https://steelborg.ru/catalog/promyshlennye-shlangi-90-mm,категория
https://steelborg.ru/catalog/promyshlennye-shlangi-80-mm,категория
https://steelborg.ru/catalog/promyshlennye-shlangi-8-mm,категория
https://steelborg.ru/catalog/promyshlennye-shlangi-76-mm,категория
https://steelborg.ru/catalog/promyshlennye-shlangi-63-mm,категория
https://steelborg.ru/catalog/promyshlennye-shlangi-60-mm,категория
https://steelborg.ru/catalog/promyshlennye-shlangi-6-mm,категория
https://steelborg.ru/catalog/promyshlennye-shlangi-50-mm,категория
https://steelborg.ru/catalog/promyshlennye-shlangi-45-mm,категория
https://steelborg.ru/catalog/promyshlennye-shlangi-40-mm,категория
https://steelborg.ru/catalog/promyshlennye-shlangi-4-mm,категория
https://steelborg.ru/catalog/promyshlennye-shlangi-38-mm,категория
https://steelborg.ru/catalog/promyshlennye-shlangi-35-mm,категория
https://steelborg.ru/catalog/promyshlennye-shlangi-32-mm,категория
https://steelborg.ru/catalog/promyshlennye-shlangi-30-mm,категория
https://steelborg.ru/catalog/promyshlennye-shlangi-34-mm,категория
https://steelborg.ru/catalog/promyshlennye-shlangi-3-mm,категория
https://steelborg.ru/catalog/promyshlennye-shlangi-25-mm,категория
https://steelborg.ru/catalog/promyshlennye-shlangi-20-mm,категория
https://steelborg.ru/catalog/promyshlennye-shlangi-19-mm,категория
https://steelborg.ru/catalog/promyshlennye-shlangi-18-mm,категория
https://steelborg.ru/catalog/promyshlennye-shlangi-16-mm,категория
https://steelborg.ru/catalog/promyshlennye-shlangi-150-mm,категория
https://steelborg.ru/catalog/promyshlennye-shlangi-14-mm,категория
https://steelborg.ru/catalog/promyshlennye-shlangi-102-mm,категория
https://steelborg.ru/catalog/promyshlennye-shlangi-100-mm,категория
https://steelborg.ru/catalog/promyshlennye-shlangi-10-mm,категория
https://steelborg.ru/catalog/promyshlennye-shlangi-12-mm,категория
https://steelborg.ru/catalog/promyshlennye-shlangi-1-mm,категория
https://steelborg.ru/catalog/promyshlennye-shlangi,категория
https://steelborg.ru/catalog/promyshlennye-rukava-sh-8,категория
https://steelborg.ru/catalog/promyshlennye-rukava-s-fitingami,категория
https://steelborg.ru/catalog/promyshlennye-rukava-s-tekstilnym-karkasom,категория
https://steelborg.ru/catalog/promyshlennye-rukava-s-nityanym-usileniem,категория
https://steelborg.ru/catalog/promyshlennye-rukava-s-metallicheskimi-opletkami,категория
https://steelborg.ru/catalog/promyshlennye-rukava-s-metallicheskimi-navivkami,категория
https://steelborg.ru/catalog/promyshlennye-rukava-prokladochnyy-dyuritovyy,категория
https://steelborg.ru/catalog/promyshlennye-rukava-pischevoy,категория
https://steelborg.ru/catalog/promyshlennye-rukava-p-7,категория
https://steelborg.ru/catalog/promyshlennye-rukava-oblegchennyy,категория
https://steelborg.ru/catalog/promyshlennye-rukava-napornyy,категория
https://steelborg.ru/catalog/promyshlennye-rukava-naporno-vsasyvayuschiy,категория
https://steelborg.ru/catalog/promyshlennye-rukava-navivochnyy,категория
https://steelborg.ru/catalog/promyshlennye-rukava-maslobenzostoykiy,категория
https://steelborg.ru/catalog/promyshlennye-rukava-ksch,категория
https://steelborg.ru/catalog/promyshlennye-rukava-kislotoschelochestoykiy,категория
https://steelborg.ru/catalog/promyshlennye-rukava-kislorodnyy,категория
https://steelborg.ru/catalog/promyshlennye-rukava-dlya-rezki-metalla,категория
https://steelborg.ru/catalog/promyshlennye-rukava-dlya-zhidkosti-i-gaza,категория
https://steelborg.ru/catalog/promyshlennye-rukava-dlya-gazovoy-svarki,категория
https://steelborg.ru/catalog/promyshlennye-rukava-dlinnomernyy,категория
https://steelborg.ru/catalog/promyshlennye-rukava-gofrirovannyy,категория
https://steelborg.ru/catalog/promyshlennye-rukava-gidravlicheskiy,категория
https://steelborg.ru/catalog/promyshlennye-rukava-gazovyy,категория
https://steelborg.ru/catalog/promyshlennye-rukava-g-4,категория
https://steelborg.ru/catalog/promyshlennye-rukava-vysokogo-davleniya,категория
https://steelborg.ru/catalog/promyshlennye-rukava-vsasyvayuschiy,категория
https://steelborg.ru/catalog/promyshlennye-rukava-vg-3,категория
https://steelborg.ru/catalog/promyshlennye-rukava-v-2,категория
https://steelborg.ru/catalog/promyshlennye-rukava-b-1,категория
https://steelborg.ru/catalog/promyshlennye-rukava-atsetilenovyy,категория
https://steelborg.ru/catalog/promyshlennye-rukava-armirovannyy,категория
https://steelborg.ru/catalog/promyshlennye-rukava-avtotraktornyy,категория
https://steelborg.ru/catalog/promyshlennye-rukava-a,категория
https://steelborg.ru/catalog/promyshlennye-rukava-90-mm,категория
https://steelborg.ru/catalog/promyshlennye-rukava-9-mm,категория
https://steelborg.ru/catalog/promyshlennye-rukava-8-mm,категория
https://steelborg.ru/catalog/promyshlennye-rukava-76-mm,категория
https://steelborg.ru/catalog/promyshlennye-rukava-75-mm,категория
https://steelborg.ru/catalog/promyshlennye-rukava-70-mm,категория
https://steelborg.ru/catalog/promyshlennye-rukava-7-mm,категория
https://steelborg.ru/catalog/promyshlennye-rukava-65-mm,категория
https://steelborg.ru/catalog/promyshlennye-rukava-63-mm,категория
https://steelborg.ru/catalog/promyshlennye-rukava-60-mm,категория
https://steelborg.ru/catalog/promyshlennye-rukava-6-d-3-mm,категория
https://steelborg.ru/catalog/promyshlennye-rukava-6-d-3,категория
https://steelborg.ru/catalog/promyshlennye-rukava-6-mm,категория
https://steelborg.ru/catalog/promyshlennye-rukava-58-mm,категория
https://steelborg.ru/catalog/promyshlennye-rukava-54-mm,категория
https://steelborg.ru/catalog/promyshlennye-rukava-50-mm,категория
https://steelborg.ru/catalog/promyshlennye-rukava-5-mm,категория
https://steelborg.ru/catalog/promyshlennye-rukava-5,категория
https://steelborg.ru/catalog/promyshlennye-rukava-48-mm,категория
https://steelborg.ru/catalog/promyshlennye-rukava-44-mm,категория
https://steelborg.ru/catalog/promyshlennye-rukava-42-mm,категория
https://steelborg.ru/catalog/promyshlennye-rukava-40u,категория
https://steelborg.ru/catalog/promyshlennye-rukava-40-mm,категория
https://steelborg.ru/catalog/promyshlennye-rukava-40,категория
https://steelborg.ru/catalog/promyshlennye-rukava-4-mm,категория
https://steelborg.ru/catalog/promyshlennye-rukava-4,категория
https://steelborg.ru/catalog/promyshlennye-rukava-38-mm,категория
https://steelborg.ru/catalog/promyshlennye-rukava-35-d-5,категория
https://steelborg.ru/catalog/promyshlennye-rukava-35-mm,категория
https://steelborg.ru/catalog/promyshlennye-rukava-35,категория
https://steelborg.ru/catalog/promyshlennye-rukava-33-d-4,категория
https://steelborg.ru/catalog/promyshlennye-rukava-33,категория
https://steelborg.ru/catalog/promyshlennye-rukava-32-mm,категория
https://steelborg.ru/catalog/promyshlennye-rukava-31-d-5-mm,категория
https://steelborg.ru/catalog/promyshlennye-rukava-300-mm,категория
https://steelborg.ru/catalog/promyshlennye-rukava-30-mm,категория
https://steelborg.ru/catalog/promyshlennye-rukava-3,категория
https://steelborg.ru/catalog/promyshlennye-rukava-2sn,категория
https://steelborg.ru/catalog/promyshlennye-rukava-28,категория
https://steelborg.ru/catalog/promyshlennye-rukava-27-d-9,категория
https://steelborg.ru/catalog/promyshlennye-rukava-27-d-5,категория
https://steelborg.ru/catalog/promyshlennye-rukava-27-mm,категория
https://steelborg.ru/catalog/promyshlennye-rukava-250-mm,категория
https://steelborg.ru/catalog/promyshlennye-rukava-25-d-3,категория
https://steelborg.ru/catalog/promyshlennye-rukava-25-mm,категория
https://steelborg.ru/catalog/promyshlennye-rukava-25,категория
https://steelborg.ru/catalog/promyshlennye-rukava-22-mm,категория
https://steelborg.ru/catalog/promyshlennye-rukava-21-d-8,категория
https://steelborg.ru/catalog/promyshlennye-rukava-21,категория
https://steelborg.ru/catalog/promyshlennye-rukava-200-mm,категория
https://steelborg.ru/catalog/promyshlennye-rukava-20-mm,категория
https://steelborg.ru/catalog/promyshlennye-rukava-20,категория
https://steelborg.ru/catalog/promyshlennye-rukava-2-d-5,категория
https://steelborg.ru/catalog/promyshlennye-rukava-2,категория
https://steelborg.ru/catalog/promyshlennye-rukava-1sn,категория
https://steelborg.ru/catalog/promyshlennye-rukava-19-mm,категория
https://steelborg.ru/catalog/promyshlennye-rukava-18-mm,категория
https://steelborg.ru/catalog/promyshlennye-rukava-16-d-7,категория
https://steelborg.ru/catalog/promyshlennye-rukava-16-d-2,категория
https://steelborg.ru/catalog/promyshlennye-rukava-16-mm,категория
https://steelborg.ru/catalog/promyshlennye-rukava-150-mm,категория
https://steelborg.ru/catalog/promyshlennye-rukava-14-mm,категория
https://steelborg.ru/catalog/promyshlennye-rukava-13-d-2,категория
https://steelborg.ru/catalog/promyshlennye-rukava-125-mm,категория
https://steelborg.ru/catalog/promyshlennye-rukava-12-mm,категория
https://steelborg.ru/catalog/promyshlennye-rukava-100-mm,категория
https://steelborg.ru/catalog/promyshlennye-rukava-10-mm,категория
https://steelborg.ru/catalog/promyshlennye-rukava-1-d-6,категория
https://steelborg.ru/catalog/promyshlennye-rukava-1-d-5,категория
https://steelborg.ru/catalog/promyshlennye-rukava-1-d-3,категория
https://steelborg.ru/catalog/promyshlennye-rukava-1,категория
https://steelborg.ru/catalog/promyshlennye-rukava-0-d-8,категория
https://steelborg.ru/catalog/promyshlennye-rukava-0-d-7,категория
https://steelborg.ru/catalog/promyshlennye-rukava-0-d-6,категория
https://steelborg.ru/catalog/promyshlennye-rukava-0-d-5,категория
https://steelborg.ru/catalog/promyshlennye-rukava-0-d-4,категория
https://steelborg.ru/catalog/promyshlennye-rukava-0-d-3,категория
https://steelborg.ru/catalog/promyshlennye-rukava-0-d-2,категория
https://steelborg.ru/catalog/promyshlennye-rukava,категория
https://steelborg.ru/catalog/metallorukav-shtutser,категория
https://steelborg.ru/catalog/metallorukav-flantsevyy,категория
https://steelborg.ru/catalog/metallorukav-stupenchatyy,категория
https://steelborg.ru/catalog/metallorukav-stalnoy,категория
https://steelborg.ru/catalog/metallorukav-so-svobodnym-flantsem-na-privarnom-koltse,категория
https://steelborg.ru/catalog/metallorukav-s-trubchatoy-tsilindricheskoy-rezboy,категория
https://steelborg.ru/catalog/metallorukav-s-protyazhkoy,категория
https://steelborg.ru/catalog/metallorukav-s-ploskim-flantsem,категория
https://steelborg.ru/catalog/metallorukav-s-metricheskoy-rezboy,категория
https://steelborg.ru/catalog/metallorukav-s-kontsevoy-armaturoy,категория
https://steelborg.ru/catalog/metallorukav-rz-tspng,категория
https://steelborg.ru/catalog/metallorukav-rz-tsp-t-ng,категория
https://steelborg.ru/catalog/metallorukav-rz-tsp-mr-ng,категория
https://steelborg.ru/catalog/metallorukav-rz-tsp-mbmr-ng,категория
https://steelborg.ru/catalog/metallorukav-rz-tsp,категория
https://steelborg.ru/catalog/metallorukav-rz-tsa,категория
https://steelborg.ru/catalog/metallorukav-rz-ts-h,категория
https://steelborg.ru/catalog/metallorukav-rz-ts,категория
https://steelborg.ru/catalog/metallorukav-rz-h,категория
https://steelborg.ru/catalog/metallorukav-rz-pr-tsh,категория
https://steelborg.ru/catalog/metallorukav-rz,категория
https://steelborg.ru/catalog/metallorukav-rezbovoy,категория
https://steelborg.ru/catalog/metallorukav-pod-privarku,категория
https://steelborg.ru/catalog/metallorukav-nm050,категория
https://steelborg.ru/catalog/metallorukav-nm010,категория
https://steelborg.ru/catalog/metallorukav-nerzhaveyuschiy,категория
https://steelborg.ru/catalog/metallorukav-mrpi-ng,категория
https://steelborg.ru/catalog/metallorukav-mr030,категория
https://steelborg.ru/catalog/metallorukav-mr025,категория
https://steelborg.ru/catalog/metallorukav-mr015,категория
https://steelborg.ru/catalog/metallorukav-dlya-prokladki-kabelya,категория
https://steelborg.ru/catalog/metallorukav-gayka-shtutser,категория
https://steelborg.ru/catalog/metallorukav-gayka,категория
https://steelborg.ru/catalog/metallorukav-v-pvh-izolyatsii,категория
https://steelborg.ru/catalog/metallorukav-80-mm,категория
https://steelborg.ru/catalog/metallorukav-8-mm,категория
https://steelborg.ru/catalog/metallorukav-8-m,категория
https://steelborg.ru/catalog/metallorukav-75-mm,категория
https://steelborg.ru/catalog/metallorukav-65-mm,категория
https://steelborg.ru/catalog/metallorukav-60-mm,категория
https://steelborg.ru/catalog/metallorukav-6,категория
https://steelborg.ru/catalog/metallorukav-50-mm,категория
https://steelborg.ru/catalog/metallorukav-50-m,категория
https://steelborg.ru/catalog/metallorukav-58,категория
https://steelborg.ru/catalog/metallorukav-5,категория
https://steelborg.ru/catalog/metallorukav-40-mm,категория
https://steelborg.ru/catalog/metallorukav-4-18,категория
https://steelborg.ru/catalog/metallorukav-4,категория
https://steelborg.ru/catalog/metallorukav-38-mm,категория
https://steelborg.ru/catalog/metallorukav-32-mm,категория
https://steelborg.ru/catalog/metallorukav-38,категория
https://steelborg.ru/catalog/metallorukav-34,категория
https://steelborg.ru/catalog/metallorukav-3-m,категория
https://steelborg.ru/catalog/metallorukav-3,категория
https://steelborg.ru/catalog/metallorukav-250-mm,категория
https://steelborg.ru/catalog/metallorukav-25-mm,категория
https://steelborg.ru/catalog/metallorukav-25-m,категория
https://steelborg.ru/catalog/metallorukav-22-mm,категория
https://steelborg.ru/catalog/metallorukav-200-mm,категория
https://steelborg.ru/catalog/metallorukav-20-mm,категория
https://steelborg.ru/catalog/metallorukav-20-m,категория
https://steelborg.ru/catalog/metallorukav-2-12,категория
https://steelborg.ru/catalog/metallorukav-2,категория
https://steelborg.ru/catalog/metallorukav-18-mm,категория
https://steelborg.ru/catalog/metallorukav-16-mm,категория
https://steelborg.ru/catalog/metallorukav-150-mm,категория
https://steelborg.ru/catalog/metallorukav-15-mm,категория
https://steelborg.ru/catalog/metallorukav-15-m,категория
https://steelborg.ru/catalog/metallorukav-125-mm,категория
https://steelborg.ru/catalog/metallorukav-12-mm,категория
https://steelborg.ru/catalog/metallorukav-100-mm,категория
https://steelborg.ru/catalog/metallorukav-100-m,категория
https://steelborg.ru/catalog/metallorukav-10-mm,категория
https://steelborg.ru/catalog/metallorukav-10-m,категория
https://steelborg.ru/catalog/metallorukav-12,категория
https://steelborg.ru/catalog/metallorukav-1-14,категория
https://steelborg.ru/catalog/metallorukav-1-12,категория
https://steelborg.ru/catalog/metallorukav-1,категория
https://steelborg.ru/catalog/metallorukav,категория
https://steelborg.ru/catalog/gibkiy-truboprovod,категория
https://steelborg.ru/catalog/truba-drenazhnaya-polimernaya,категория
https://steelborg.ru/catalog/truba-drenazhnaya-chernaya,категория
https://steelborg.ru/catalog/truba-drenazhnaya-s-rastrubom,категория
https://steelborg.ru/catalog/truba-drenazhnaya-s-geotkanyu-110-mm,категория
https://steelborg.ru/catalog/truba-drenazhnaya-pod-dorogu,категория
https://steelborg.ru/catalog/truba-drenazhnaya-pnd-50-mm,категория
https://steelborg.ru/catalog/truba-drenazhnaya-perforirovannaya-110-mm,категория
https://steelborg.ru/catalog/truba-drenazhnaya-perforirovannaya,категория
https://steelborg.ru/catalog/truba-drenazhnaya-odnosloynaya,категория
https://steelborg.ru/catalog/truba-drenazhnaya-kanalizatsionnaya,категория
https://steelborg.ru/catalog/truba-drenazhnaya-dlya-septika,категория
https://steelborg.ru/catalog/truba-drenazhnaya-dlya-otvoda-gruntovyh-vod,категория
https://steelborg.ru/catalog/truba-drenazhnaya-dlya-otvoda-vody,категория
https://steelborg.ru/catalog/truba-drenazhnaya-dlya-gruntovyh-vod,категория
https://steelborg.ru/catalog/truba-drenazhnaya-dvustennaya,категория
https://steelborg.ru/catalog/truba-drenazhnaya-gofrirovannaya-perforirovannaya,категория
https://steelborg.ru/catalog/truba-drenazhnaya-gofrirovannaya-110-mm,категория
https://steelborg.ru/catalog/truba-drenazhnaya-gofrirovannaya,категория
https://steelborg.ru/catalog/truba-drenazhnaya-v-filtre-110-mm,категория
https://steelborg.ru/catalog/truba-drenazhnaya-v-filtre-160-mm,категория
https://steelborg.ru/catalog/truba-drenazhnaya-v-geotekstile,категория
https://steelborg.ru/catalog/truba-drenazhnaya-bolshogo-diametra,категория
https://steelborg.ru/catalog/truba-drenazhnaya-bez-filtra,категория
https://steelborg.ru/catalog/truba-drenazhnaya-bez-perforatsii,категория
https://steelborg.ru/catalog/truba-drenazhnaya-300-mm,категория
https://steelborg.ru/catalog/truba-drenazhnaya-200-mm,категория
https://steelborg.ru/catalog/truba-drenazhnaya-160-mm,категория
https://steelborg.ru/catalog/truba-drenazhnaya-110-mm,категория
https://steelborg.ru/catalog/truba-drenazhnaya,категория
https://steelborg.ru/catalog/trap-chugunnyy-kruglyy,категория
https://steelborg.ru/catalog/trap-chugunnyy-gorizontalnyy,категория
https://steelborg.ru/catalog/trap-chugunnyy-vertikalnyy,категория
https://steelborg.ru/catalog/trap-chugunnyy-50-mm,категория
https://steelborg.ru/catalog/trap-chugunnyy-110-mm,категория
https://steelborg.ru/catalog/trap-chugunnyy-100-mm,категория
https://steelborg.ru/catalog/trap-chugunnyy,категория
https://steelborg.ru/catalog/trap-plastikovyy-pp-polipropilen,категория
https://steelborg.ru/catalog/trap-plastikovyy-gorizontalnyy,категория
https://steelborg.ru/catalog/trap-plastikovyy-vertikalnyy,категория
https://steelborg.ru/catalog/trap-plastikovyy-abs-plastik,категория
https://steelborg.ru/catalog/trap-plastikovyy-50-mm,категория
https://steelborg.ru/catalog/trap-plastikovyy-40-mm,категория
https://steelborg.ru/catalog/trap-plastikovyy-15h15-mm,категория
https://steelborg.ru/catalog/trap-plastikovyy-150h150-mm,категория
https://steelborg.ru/catalog/trap-plastikovyy-o110-uglovoy-15h15-reshyotka,категория
https://steelborg.ru/catalog/trap-plastikovyy-110-mm,категория
https://steelborg.ru/catalog/trap-plastikovyy-100h100-mm,категория
https://steelborg.ru/catalog/trap-plastikovyy-100-mm,категория
https://steelborg.ru/catalog/trap-plastikovyy,категория
https://steelborg.ru/catalog/trap-nerzhaveyuschiy-gorizontalnyy,категория
https://steelborg.ru/catalog/trap-nerzhaveyuschiy-vertikalnyy,категория
https://steelborg.ru/catalog/trap-nerzhaveyuschiy-50-mm,категория
https://steelborg.ru/catalog/trap-nerzhaveyuschiy-150h150-mm,категория
https://steelborg.ru/catalog/trap-nerzhaveyuschiy-110-mm,категория
https://steelborg.ru/catalog/trap-nerzhaveyuschiy-100h100-mm,категория
https://steelborg.ru/catalog/trap-nerzhaveyuschiy,категория
https://steelborg.ru/catalog/trap-kanalizatsionnyy-kruglyy,категория
https://steelborg.ru/catalog/trap-kanalizatsionnyy-gorizontalnyy,категория
https://steelborg.ru/catalog/trap-kanalizatsionnyy-vertikalnyy,категория
https://steelborg.ru/catalog/trap-kanalizatsionnyy-50-mm,категория
https://steelborg.ru/catalog/trap-kanalizatsionnyy-40-mm,категория
https://steelborg.ru/catalog/trap-kanalizatsionnyy-15h15-mm,категория
https://steelborg.ru/catalog/trap-kanalizatsionnyy-150h150-mm,категория
https://steelborg.ru/catalog/trap-kanalizatsionnyy-110-mm,категория
https://steelborg.ru/catalog/trap-kanalizatsionnyy-100h100-mm,категория
https://steelborg.ru/catalog/trap-kanalizatsionnyy-100-mm,категория
https://steelborg.ru/catalog/trap-kanalizatsionnyy,категория
https://steelborg.ru/catalog/plastikovye-koltsa-dlya-kolodtsa-polietilen-pe,категория
https://steelborg.ru/catalog/plastikovye-koltsa-dlya-kolodtsa-polipropilen-pp,категория
https://steelborg.ru/catalog/plastikovye-koltsa-dlya-kolodtsa-polivinilhlorid-pvh,категория
https://steelborg.ru/catalog/plastikovye-koltsa-dlya-kolodtsa-neplastifitsirovannyy-polivinilhlorid-npvh,категория
https://steelborg.ru/catalog/plastikovye-koltsa-dlya-kolodtsa-315-mm,категория
https://steelborg.ru/catalog/plastikovye-koltsa-dlya-kolodtsa-250-mm,категория
https://steelborg.ru/catalog/plastikovye-koltsa-dlya-kolodtsa-25-mm,категория
https://steelborg.ru/catalog/plastikovye-koltsa-dlya-kolodtsa-200-mm,категория
https://steelborg.ru/catalog/plastikovye-koltsa-dlya-kolodtsa-160-mm,категория
https://steelborg.ru/catalog/plastikovye-koltsa-dlya-kolodtsa-16-mm,категория
https://steelborg.ru/catalog/plastikovye-koltsa-dlya-kolodtsa-110-mm,категория
https://steelborg.ru/catalog/plastikovye-koltsa-dlya-kolodtsa-1000-mm,категория
https://steelborg.ru/catalog/plastikovye-koltsa-dlya-kolodtsa,категория
https://steelborg.ru/catalog/kover-gazovyy-chugunnyy-s-kryshkoy,категория
https://steelborg.ru/catalog/kover-gazovyy-chugunnyy-malyy,категория
https://steelborg.ru/catalog/kover-gazovyy-chugunnyy-bolshoy,категория
https://steelborg.ru/catalog/kover-gazovyy-chugunnyy-200-mm,категория
https://steelborg.ru/catalog/kover-gazovyy-chugunnyy,категория
https://steelborg.ru/catalog/kover-gazovyy-polimerno-peschanyy,категория
https://steelborg.ru/catalog/kover-gazovyy-malyy,категория
https://steelborg.ru/catalog/kover-gazovyy-bolshoy,категория
https://steelborg.ru/catalog/kover-gazovyy-250-mm,категория
https://steelborg.ru/catalog/kover-gazovyy-200-mm,категория
https://steelborg.ru/catalog/kover-gazovyy,категория
https://steelborg.ru/catalog/polimerno-peschannyy-lyuk,категория
https://steelborg.ru/catalog/plastikovyy-lyuk-chernyy,категория
https://steelborg.ru/catalog/plastikovyy-lyuk-tyazhelyy-t,категория
https://steelborg.ru/catalog/plastikovyy-lyuk-tyazhelyy-magistralnyy-tm,категория
https://steelborg.ru/catalog/plastikovyy-lyuk-sredniy-s,категория
https://steelborg.ru/catalog/plastikovyy-lyuk-seryy,категория
https://steelborg.ru/catalog/plastikovyy-lyuk-sadovyy,категория
https://steelborg.ru/catalog/plastikovyy-lyuk-s-kryshkoy,категория
https://steelborg.ru/catalog/plastikovyy-lyuk-polimerno-kompozitnyy,категория
https://steelborg.ru/catalog/plastikovyy-lyuk-legkiy-malogabaritnyy-lm,категория
https://steelborg.ru/catalog/plastikovyy-lyuk-legkiy-l,категория
https://steelborg.ru/catalog/plastikovyy-lyuk-kruglyy,категория
https://steelborg.ru/catalog/plastikovyy-lyuk-krasnyy,категория
https://steelborg.ru/catalog/plastikovyy-lyuk-kvadratnyy,категория
https://steelborg.ru/catalog/plastikovyy-lyuk-zelenyy,категория
https://steelborg.ru/catalog/plastikovyy-lyuk-dlya-smotrovyh-kolodtsev,категория
https://steelborg.ru/catalog/plastikovyy-lyuk-30-kn,категория
https://steelborg.ru/catalog/plastikovyy-lyuk-29-kn,категория
https://steelborg.ru/catalog/plastikovyy-lyuk-245-kn,категория
https://steelborg.ru/catalog/plastikovyy-lyuk-14-kn,категория
https://steelborg.ru/catalog/plastikovyy-lyuk,категория
https://steelborg.ru/catalog/lyuk-chugunnyy-tyazhelyy-t,категория
https://steelborg.ru/catalog/lyuk-chugunnyy-tyazhelyy-magistralnyy-tm,категория
https://steelborg.ru/catalog/lyuk-chugunnyy-t-s250,категория
https://steelborg.ru/catalog/lyuk-chugunnyy-sredniy-s,категория
https://steelborg.ru/catalog/lyuk-chugunnyy-smotrovoy,категория
https://steelborg.ru/catalog/lyuk-chugunnyy-s-chetyrmya-sharnirami,категория
https://steelborg.ru/catalog/lyuk-chugunnyy-s-kryshkoy,категория
https://steelborg.ru/catalog/lyuk-chugunnyy-s-zapornym-ustroystvom,категория
https://steelborg.ru/catalog/lyuk-chugunnyy-s-dvumya-ushkami,категория
https://steelborg.ru/catalog/lyuk-chugunnyy-plavayuschiy,категория
https://steelborg.ru/catalog/lyuk-chugunnyy-na-sharnire,категория
https://steelborg.ru/catalog/lyuk-chugunnyy-legkiy-l,категория
https://steelborg.ru/catalog/lyuk-chugunnyy-kruglyy,категория
https://steelborg.ru/catalog/lyuk-chugunnyy-kanalizatsionnyy,категория
https://steelborg.ru/catalog/lyuk-chugunnyy-600-mm,категория
https://steelborg.ru/catalog/lyuk-chugunnyy-245-kn,категория
https://steelborg.ru/catalog/lyuk-chugunnyy,категория
https://steelborg.ru/catalog/kanalizatsionnyy-lyuk-chernyy,категория
https://steelborg.ru/catalog/kanalizatsionnyy-lyuk-tyazhelyy-t,категория
https://steelborg.ru/catalog/kanalizatsionnyy-lyuk-tyazhelyy-magistralnyy-tm,категория
https://steelborg.ru/catalog/kanalizatsionnyy-lyuk-sredniy-s,категория
https://steelborg.ru/catalog/kanalizatsionnyy-lyuk-smotrovoy,категория
https://steelborg.ru/catalog/kanalizatsionnyy-lyuk-sadovyy,категория
https://steelborg.ru/catalog/kanalizatsionnyy-lyuk-s-kryshkoy,категория
https://steelborg.ru/catalog/kanalizatsionnyy-lyuk-s-zapornym-ustroystvom,категория
https://steelborg.ru/catalog/kanalizatsionnyy-lyuk-plavayuschiy,категория
https://steelborg.ru/catalog/kanalizatsionnyy-lyuk-legkiy-malogabaritnyy-lm,категория
https://steelborg.ru/catalog/kanalizatsionnyy-lyuk-legkiy-l,категория
https://steelborg.ru/catalog/kanalizatsionnyy-lyuk-kruglyy,категория
https://steelborg.ru/catalog/kanalizatsionnyy-lyuk-kvadratnyy,категория
https://steelborg.ru/catalog/kanalizatsionnyy-lyuk-zelenyy,категория
https://steelborg.ru/catalog/kanalizatsionnyy-lyuk-dlya-smotrovyh-kolodtsev,категория
https://steelborg.ru/catalog/kanalizatsionnyy-lyuk-30-kn,категория
https://steelborg.ru/catalog/kanalizatsionnyy-lyuk-29-kn,категория
https://steelborg.ru/catalog/kanalizatsionnyy-lyuk-245-kn,категория
https://steelborg.ru/catalog/kanalizatsionnyy-lyuk-14-kn,категория
https://steelborg.ru/catalog/kanalizatsionnyy-lyuk,категория
https://steelborg.ru/catalog/dozhdepriemnik-chugunnyy-usilennyy,категория
https://steelborg.ru/catalog/dozhdepriemnik-chugunnyy-s250,категория
https://steelborg.ru/catalog/dozhdepriemnik-chugunnyy-pryamougolnyy,категория
https://steelborg.ru/catalog/dozhdepriemnik-chugunnyy-magistralnyy,категория
https://steelborg.ru/catalog/dozhdepriemnik-chugunnyy-kruglyy-dk,категория
https://steelborg.ru/catalog/dozhdepriemnik-chugunnyy-dm1,категория
https://steelborg.ru/catalog/dozhdepriemnik-chugunnyy-dm-2,категория
https://steelborg.ru/catalog/dozhdepriemnik-chugunnyy-dm,категория
https://steelborg.ru/catalog/dozhdepriemnik-chugunnyy-db-2-v125,категория
https://steelborg.ru/catalog/dozhdepriemnik-chugunnyy-db-2,категория
https://steelborg.ru/catalog/dozhdepriemnik-chugunnyy-db-1,категория
https://steelborg.ru/catalog/dozhdepriemnik-chugunnyy-db,категория
https://steelborg.ru/catalog/dozhdepriemnik-chugunnyy-gorizontalnyy,категория
https://steelborg.ru/catalog/dozhdepriemnik-chugunnyy-v125,категория
https://steelborg.ru/catalog/dozhdepriemnik-chugunnyy-bolshoy,категория
https://steelborg.ru/catalog/dozhdepriemnik-chugunnyy-d400,категория
https://steelborg.ru/catalog/dozhdepriemnik-chugunnyy-975h509h120-mm,категория
https://steelborg.ru/catalog/dozhdepriemnik-chugunnyy-915h570h120-mm,категория
https://steelborg.ru/catalog/dozhdepriemnik-chugunnyy,категория
https://steelborg.ru/catalog/dozhdepriemnik-usilennyy-du,категория
https://steelborg.ru/catalog/dozhdepriemnik-s250,категория
https://steelborg.ru/catalog/dozhdepriemnik-pryamougolnyy,категория
https://steelborg.ru/catalog/dozhdepriemnik-plastikovyy-400h400-mm,категория
https://steelborg.ru/catalog/dozhdepriemnik-plastikovyy-300h300-mm,категория
https://steelborg.ru/catalog/dozhdepriemnik-plastikovyy-200h200-mm,категория
https://steelborg.ru/catalog/dozhdepriemnik-plastikovyy,категория
https://steelborg.ru/catalog/dozhdepriemnik-magistralnyy-dm,категория
https://steelborg.ru/catalog/dozhdepriemnik-kruglyy-dk,категория
https://steelborg.ru/catalog/dozhdepriemnik-dlya-livnevoy-kanalizatsii,категория
https://steelborg.ru/catalog/dozhdepriemnik-db-2-v125,категория
https://steelborg.ru/catalog/dozhdepriemnik-gorizontalnyy,категория
https://steelborg.ru/catalog/dozhdepriemnik-v125,категория
https://steelborg.ru/catalog/dozhdepriemnik-bolshoy-db,категория
https://steelborg.ru/catalog/dozhdepriemnik-d400,категория
https://steelborg.ru/catalog/dozhdepriemnik-915h570h120-mm,категория
https://steelborg.ru/catalog/dozhdepriemnik-300h300-mm,категория
https://steelborg.ru/catalog/dozhdepriemnik,категория
https://steelborg.ru/catalog/geotekstil-tkanyy,категория
https://steelborg.ru/catalog/geotekstil-termoskreplennyy,категория
https://steelborg.ru/catalog/geotekstil-stroitelnyy,категория
https://steelborg.ru/catalog/geotekstil-poliefirpolipropilen,категория
https://steelborg.ru/catalog/geotekstil-polipropilenovyy,категория
https://steelborg.ru/catalog/geotekstil-netkanyy,категория
https://steelborg.ru/catalog/geotekstil-landshaftnyy,категория
https://steelborg.ru/catalog/geotekstil-igloprobivnoy,категория
https://steelborg.ru/catalog/geotekstil-dlya-drenazha-250-gm2,категория
https://steelborg.ru/catalog/geotekstil-dlya-drenazha-200-gm2,категория
https://steelborg.ru/catalog/geotekstil-dlya-drenazha-150-gm2,категория
https://steelborg.ru/catalog/geotekstil-dlya-dorozhek,категория
https://steelborg.ru/catalog/geotekstil-500-gm2,категория
https://steelborg.ru/catalog/geotekstil-50-m,категория
https://steelborg.ru/catalog/geotekstil-400-gm2,категория
https://steelborg.ru/catalog/geotekstil-350-gm2,категория
https://steelborg.ru/catalog/geotekstil-300-gm2,категория
https://steelborg.ru/catalog/geotekstil-250-gm2,категория
https://steelborg.ru/catalog/geotekstil-200-gm2,категория
https://steelborg.ru/catalog/geotekstil-150-gm2,категория
https://steelborg.ru/catalog/geotekstil,категория
https://steelborg.ru/catalog/ugol-zheloba-stalnoy,категория
https://steelborg.ru/catalog/ugol-zheloba-s-polimernym-pokrytiem,категория
https://steelborg.ru/catalog/ugol-zheloba-polukruglyy,категория
https://steelborg.ru/catalog/ugol-zheloba-pvh,категория
https://steelborg.ru/catalog/ugol-zheloba-otsinkovannyy,категория
https://steelborg.ru/catalog/ugol-zheloba-naruzhnyy,категория
https://steelborg.ru/catalog/ugol-zheloba-metallicheskiy,категория
https://steelborg.ru/catalog/ugol-zheloba-vnutrenniy,категория
https://steelborg.ru/catalog/ugol-zheloba-vneshniy,категория
https://steelborg.ru/catalog/ugol-zheloba-90-mm,категория
https://steelborg.ru/catalog/ugol-zheloba-90-gradusov,категория
https://steelborg.ru/catalog/ugol-zheloba-150-mm,категория
https://steelborg.ru/catalog/ugol-zheloba-135-gradusov,категория
https://steelborg.ru/catalog/ugol-zheloba-125-mm,категория
https://steelborg.ru/catalog/ugol-zheloba-120-mm,категория
https://steelborg.ru/catalog/ugol-zheloba-100-mm,категория
https://steelborg.ru/catalog/ugol-zheloba,категория
https://steelborg.ru/catalog/troynik-vodostochnyy-stalnoy,категория
https://steelborg.ru/catalog/troynik-vodostochnyy-poroshkovoe-pokrytie,категория
https://steelborg.ru/catalog/troynik-vodostochnyy-plastikovyy,категория
https://steelborg.ru/catalog/troynik-vodostochnyy-90-mm,категория
https://steelborg.ru/catalog/troynik-vodostochnyy-80-mm,категория
https://steelborg.ru/catalog/troynik-vodostochnyy-100-mm,категория
https://steelborg.ru/catalog/troynik-vodostochnyy,категория
https://steelborg.ru/catalog/soedinitel-zhelobov-shokolad,категория
https://steelborg.ru/catalog/soedinitel-zhelobov-stalnoy,категория
https://steelborg.ru/catalog/soedinitel-zhelobov-signalnyy-belyy,категория
https://steelborg.ru/catalog/soedinitel-zhelobov-s-polimernym-pokrytiem,категория
https://steelborg.ru/catalog/soedinitel-zhelobov-plastikovyy,категория
https://steelborg.ru/catalog/soedinitel-zhelobov-pvh,категория
https://steelborg.ru/catalog/soedinitel-zhelobov-otsinkovannyy,категория
https://steelborg.ru/catalog/soedinitel-zhelobov-vinno-krasnyy,категория
https://steelborg.ru/catalog/soedinitel-zhelobov-belyy,категория
https://steelborg.ru/catalog/soedinitel-zhelobov-ral-8017,категория
https://steelborg.ru/catalog/soedinitel-zhelobov-ral-7024,категория
https://steelborg.ru/catalog/soedinitel-zhelobov-pural,категория
https://steelborg.ru/catalog/soedinitel-zhelobov-90-mm,категория
https://steelborg.ru/catalog/soedinitel-zhelobov-87-mm,категория
https://steelborg.ru/catalog/soedinitel-zhelobov-82-mm,категория
https://steelborg.ru/catalog/soedinitel-zhelobov-80-mm,категория
https://steelborg.ru/catalog/soedinitel-zhelobov-152-mm,категория
https://steelborg.ru/catalog/soedinitel-zhelobov-150-mm,категория
https://steelborg.ru/catalog/soedinitel-zhelobov-135-mm,категория
https://steelborg.ru/catalog/soedinitel-zhelobov-125-mm,категория
https://steelborg.ru/catalog/soedinitel-zhelobov-120-mm,категория
https://steelborg.ru/catalog/soedinitel-zhelobov-100-mm,категория
https://steelborg.ru/catalog/soedinitel-zhelobov,категория
https://steelborg.ru/catalog/otvod-vodostochnyy-stalnoy,категория
https://steelborg.ru/catalog/otvod-vodostochnyy-otsinkovannyy,категория
https://steelborg.ru/catalog/otvod-vodostochnyy-pural,категория
https://steelborg.ru/catalog/otvod-vodostochnyy-90-mm,категория
https://steelborg.ru/catalog/otvod-vodostochnyy-45-gradusov,категория
https://steelborg.ru/catalog/otvod-vodostochnyy-0-d-6-mm,категория
https://steelborg.ru/catalog/otvod-vodostochnyy,категория
https://steelborg.ru/catalog/kronshteyn-zheloba-shokolad,категория
https://steelborg.ru/catalog/kronshteyn-zheloba-stalnoy,категория
https://steelborg.ru/catalog/kronshteyn-zheloba-s-poroshkovym-pokrytiem,категория
https://steelborg.ru/catalog/kronshteyn-zheloba-otsinkovannyy,категория
https://steelborg.ru/catalog/kronshteyn-zheloba-350-mm,категория
https://steelborg.ru/catalog/kronshteyn-zheloba-200-mm,категория
https://steelborg.ru/catalog/kronshteyn-zheloba-150-mm,категория
https://steelborg.ru/catalog/kronshteyn-zheloba-125-mm,категория
https://steelborg.ru/catalog/kronshteyn-zheloba-120-mm,категория
https://steelborg.ru/catalog/kronshteyn-zheloba-100-mm,категория
https://steelborg.ru/catalog/kronshteyn-zheloba,категория
https://steelborg.ru/catalog/koleno-vodostochnoe-stalnoe,категория
https://steelborg.ru/catalog/koleno-vodostochnoe-s-poroshkovym-pokrytiem,категория
https://steelborg.ru/catalog/koleno-vodostochnoe-s-polimernym-pokrytiem,категория
https://steelborg.ru/catalog/koleno-vodostochnoe-pvh,категория
https://steelborg.ru/catalog/koleno-vodostochnoe-metallicheskoe-45-gradusov,категория
https://steelborg.ru/catalog/koleno-vodostochnoe-90-mm,категория
https://steelborg.ru/catalog/koleno-vodostochnoe-90-gradusov,категория
https://steelborg.ru/catalog/koleno-vodostochnoe-60-gradusov,категория
https://steelborg.ru/catalog/koleno-vodostochnoe-150-mm,категория
https://steelborg.ru/catalog/koleno-vodostochnoe-100-mm,категория
https://steelborg.ru/catalog/koleno-vodostochnoe,категория
https://steelborg.ru/catalog/zaglushka-zheloba-universalnaya,категория
https://steelborg.ru/catalog/zaglushka-zheloba-stalnaya,категория
https://steelborg.ru/catalog/zaglushka-zheloba-s-poroshkovym-pokrytiem,категория
https://steelborg.ru/catalog/zaglushka-zheloba-s-polimernym-pokrytiem,категория
https://steelborg.ru/catalog/zaglushka-zheloba-pravaya,категория
https://steelborg.ru/catalog/zaglushka-zheloba-pvh,категория
https://steelborg.ru/catalog/zaglushka-zheloba-otsinkovannaya,категория
https://steelborg.ru/catalog/zaglushka-zheloba-levaya,категория
https://steelborg.ru/catalog/zaglushka-zheloba-korichnevaya,категория
https://steelborg.ru/catalog/zaglushka-zheloba-belaya,категория
https://steelborg.ru/catalog/zaglushka-zheloba-docke,категория
https://steelborg.ru/catalog/zaglushka-zheloba-90-mm,категория
https://steelborg.ru/catalog/zaglushka-zheloba-150-mm,категория
https://steelborg.ru/catalog/zaglushka-zheloba-125-mm,категория
https://steelborg.ru/catalog/zaglushka-zheloba-120-mm,категория
https://steelborg.ru/catalog/zaglushka-zheloba-100-mm,категория
https://steelborg.ru/catalog/zaglushka-zheloba,категория
https://steelborg.ru/catalog/zhelob-stal,категория
https://steelborg.ru/catalog/zhelob-s-polimernym-pokrytiem,категория
https://steelborg.ru/catalog/zhelob-polukruglyy,категория
https://steelborg.ru/catalog/zhelob-pvh,категория
https://steelborg.ru/catalog/zhelob-otsinkovannyy,категория
https://steelborg.ru/catalog/zhelob-kruglyy,категория
https://steelborg.ru/catalog/zhelob-vodostochnyy-plastikovyy-dlya-kryshi,категория
https://steelborg.ru/catalog/zhelob-vodostochnyy-plastikovyy-3-m,категория
https://steelborg.ru/catalog/zhelob-vodostochnyy-plastikovyy,категория
https://steelborg.ru/catalog/zhelob-90-mm,категория
https://steelborg.ru/catalog/zhelob-2-m,категория
https://steelborg.ru/catalog/zhelob-150-mm,категория
https://steelborg.ru/catalog/zhelob-125-mm,категория
https://steelborg.ru/catalog/zhelob-120-mm,категория
https://steelborg.ru/catalog/zhelob-100-mm,категория
https://steelborg.ru/catalog/zhelob-1-d-25-m,категория
https://steelborg.ru/catalog/zhelob,категория
https://steelborg.ru/catalog/voronka-vodostochnaya-stalnaya,категория
https://steelborg.ru/catalog/voronka-vodostochnaya-s-polimernym-pokrytiem,категория
https://steelborg.ru/catalog/voronka-vodostochnaya-pvh-100-mm,категория
https://steelborg.ru/catalog/voronka-vodostochnaya-pvh,категория
https://steelborg.ru/catalog/voronka-vodostochnaya-du-100-mm,категория
https://steelborg.ru/catalog/voronka-vodostochnaya-dlya-ploskoy-krovli-100-mm,категория
https://steelborg.ru/catalog/voronka-vodostochnaya-dlya-ploskoy-krovli,категория
https://steelborg.ru/catalog/voronka-vodostochnaya-vu-100,категория
https://steelborg.ru/catalog/voronka-vodostochnaya-90-mm,категория
https://steelborg.ru/catalog/voronka-vodostochnaya-350x150-mm,категория
https://steelborg.ru/catalog/voronka-vodostochnaya-150-mm,категория
https://steelborg.ru/catalog/voronka-vodostochnaya-125-mm,категория
https://steelborg.ru/catalog/voronka-vodostochnaya-100-mm,категория
https://steelborg.ru/catalog/voronka-vodostochnaya,категория
https://steelborg.ru/catalog/vodostochnyy-kollektor-raspredelitelnyy,категория
https://steelborg.ru/catalog/vodostochnyy-kollektor-nerzhaveyuschiy,категория
https://steelborg.ru/catalog/vodostochnyy-kollektor-na-4-vyhoda,категория
https://steelborg.ru/catalog/vodostochnyy-kollektor-na-3-vyhoda,категория
https://steelborg.ru/catalog/vodostochnyy-kollektor-na-2-vyhoda,категория
https://steelborg.ru/catalog/vodostochnyy-kollektor-latunnyy,категория
https://steelborg.ru/catalog/vodostochnyy-kollektor-34,категория
https://steelborg.ru/catalog/vodostochnyy-kollektor-25-mm,категория
https://steelborg.ru/catalog/vodostochnyy-kollektor-1-14,категория
https://steelborg.ru/catalog/vodostochnyy-kollektor-1,категория
https://steelborg.ru/catalog/vodostochnyy-kollektor,категория
https://steelborg.ru/catalog/truba-vodostochnaya-plastikovaya-pryamougolnaya,категория
https://steelborg.ru/catalog/truba-vodostochnaya-plastikovaya-kruglaya,категория
https://steelborg.ru/catalog/truba-vodostochnaya-plastikovaya-korichnevaya,категория
https://steelborg.ru/catalog/truba-vodostochnaya-plastikovaya-grafit,категория
https://steelborg.ru/catalog/truba-vodostochnaya-plastikovaya-belaya,категория
https://steelborg.ru/catalog/truba-vodostochnaya-plastikovaya-docke,категория
https://steelborg.ru/catalog/truba-vodostochnaya-plastikovaya-90-mm,категория
https://steelborg.ru/catalog/truba-vodostochnaya-plastikovaya-100-mm,категория
https://steelborg.ru/catalog/truba-vodostochnaya-plastikovaya,категория
https://steelborg.ru/catalog/vodostochnye-truby-metallicheskie-150-mm,категория
https://steelborg.ru/catalog/vodostochnye-truby-metallicheskie-100-mm,категория
https://steelborg.ru/catalog/vodostochnye-truby-metallicheskie,категория
https://steelborg.ru/catalog/vodostochnaya-truba-pryamougolnaya,категория
https://steelborg.ru/catalog/vodostochnaya-truba-otsinkovannaya,категория
https://steelborg.ru/catalog/vodostochnaya-truba-kruglaya,категория
https://steelborg.ru/catalog/vodostochnaya-truba-90-mm,категория
https://steelborg.ru/catalog/vodostochnaya-truba-150-mm,категория
https://steelborg.ru/catalog/vodostochnaya-truba-100-mm,категория
https://steelborg.ru/catalog/vodostochnaya-truba,категория
https://steelborg.ru/catalog/vodosliv,категория
https://steelborg.ru/catalog/vodostok,категория
https://steelborg.ru/catalog/vodootvod,категория
https://steelborg.ru/catalog/shumoglushitel-trubchatyy,категория
https://steelborg.ru/catalog/shumoglushitel-pryamougolnyy-trubchatyy-gtp,категория
https://steelborg.ru/catalog/shumoglushitel-pryamougolnyy-plastinchatyy,категория
https://steelborg.ru/catalog/shumoglushitel-pryamougolnyy-800-mm,категория
https://steelborg.ru/catalog/shumoglushitel-pryamougolnyy-600-mm,категория
https://steelborg.ru/catalog/shumoglushitel-pryamougolnyy-400-mm,категория
https://steelborg.ru/catalog/shumoglushitel-pryamougolnyy-300-mm,категория
https://steelborg.ru/catalog/shumoglushitel-pryamougolnyy,категория
https://steelborg.ru/catalog/shumoglushitel-plastinchatyy,категория
https://steelborg.ru/catalog/shumoglushitel-otsinkovannyy,категория
https://steelborg.ru/catalog/shumoglushitel-kruglyy-trubchatyy-gtk,категория
https://steelborg.ru/catalog/shumoglushitel-kruglyy-otsinkovannyy,категория
https://steelborg.ru/catalog/shumoglushitel-kruglyy-400-mm,категория
https://steelborg.ru/catalog/shumoglushitel-kruglyy-315-mm,категория
https://steelborg.ru/catalog/shumoglushitel-kruglyy-250x900-mm,категория
https://steelborg.ru/catalog/shumoglushitel-kruglyy-250-mm,категория
https://steelborg.ru/catalog/shumoglushitel-kruglyy-200x900-mm,категория
https://steelborg.ru/catalog/shumoglushitel-kruglyy-200-mm,категория
https://steelborg.ru/catalog/shumoglushitel-kruglyy-160-mm,категория
https://steelborg.ru/catalog/shumoglushitel-kruglyy-125x600-mm,категория
https://steelborg.ru/catalog/shumoglushitel-kruglyy-125-mm,категория
https://steelborg.ru/catalog/shumoglushitel-kruglyy-100x600-mm,категория
https://steelborg.ru/catalog/shumoglushitel-kruglyy-1000-mm,категория
https://steelborg.ru/catalog/shumoglushitel-kruglyy-100-mm,категория
https://steelborg.ru/catalog/shumoglushitel-kruglyy,категория
https://steelborg.ru/catalog/shumoglushitel-900-mm,категория
https://steelborg.ru/catalog/shumoglushitel-600-mm,категория
https://steelborg.ru/catalog/shumoglushitel-500-mm,категория
https://steelborg.ru/catalog/shumoglushitel-1000-mm,категория
https://steelborg.ru/catalog/shumoglushitel-dlya-ventilyatsii,категория
https://steelborg.ru/catalog/shiber-flantsevyy,категория
https://steelborg.ru/catalog/shiber-pryamougolnyy-flantsevyy,категория
https://steelborg.ru/catalog/shiber-pryamougolnyy-otsinkovannyy,категория
https://steelborg.ru/catalog/shiber-pryamougolnyy,категория
https://steelborg.ru/catalog/shiber-otsinkovannyy,категория
https://steelborg.ru/catalog/shiber-kruglyy-flantsevyy,категория
https://steelborg.ru/catalog/shiber-kruglyy-otsinkovannyy,категория
https://steelborg.ru/catalog/shiber-kruglyy-200-mm,категория
https://steelborg.ru/catalog/shiber-kruglyy,категория
https://steelborg.ru/catalog/shiber-dlya-ventilyatsii,категория
https://steelborg.ru/catalog/turbodeflektor-dlya-ventilyatsii,категория
https://steelborg.ru/catalog/truba-ventilyatsionnaya-gibkaya-shahtnaya-tvgsh,категория
https://steelborg.ru/catalog/troynik-vozduhovoda-pryamougolnyy-otsinkovannyy,категория
https://steelborg.ru/catalog/troynik-vozduhovoda-pryamougolnyy-nippelnyy,категория
https://steelborg.ru/catalog/troynik-vozduhovoda-pryamougolnyy-200-mm,категория
https://steelborg.ru/catalog/troynik-vozduhovoda-pryamougolnyy,категория
https://steelborg.ru/catalog/troynik-vozduhovoda-kruglyy-otsinkovannyy,категория
https://steelborg.ru/catalog/troynik-vozduhovoda-kruglyy-nippelnyy,категория
https://steelborg.ru/catalog/troynik-vozduhovoda-kruglyy-nerzhaveyuschiy,категория
https://steelborg.ru/catalog/troynik-vozduhovoda-kruglyy,категория
https://steelborg.ru/catalog/troynik-ventilyatsionnyy-otsinkovannyy,категория
https://steelborg.ru/catalog/troynik-ventilyatsionnyy-nippelnyy,категория
https://steelborg.ru/catalog/troynik-ventilyatsionnyy-nerzhaveyuschiy,категория
https://steelborg.ru/catalog/troynik-ventilyatsionnyy-800-mm,категория
https://steelborg.ru/catalog/troynik-ventilyatsionnyy-500-mm,категория
https://steelborg.ru/catalog/troynik-ventilyatsionnyy-400-mm,категория
https://steelborg.ru/catalog/troynik-ventilyatsionnyy-250-mm,категория
https://steelborg.ru/catalog/troynik-ventilyatsionnyy-200-mm,категория
https://steelborg.ru/catalog/troynik-ventilyatsionnyy-1000-mm,категория
https://steelborg.ru/catalog/troynik-ventilyatsionnyy-100-mm,категория
https://steelborg.ru/catalog/troynik-ventilyatsionnyy,категория
https://steelborg.ru/catalog/reshetka-ventilyatsionnaya-s-damplerom,категория
https://steelborg.ru/catalog/reshetka-ventilyatsionnaya-pryamougolnaya,категория
https://steelborg.ru/catalog/reshetka-ventilyatsionnaya-plastikovaya-pryamougolnaya,категория
https://steelborg.ru/catalog/reshetka-ventilyatsionnaya-plastikovaya-kruglaya,категория
https://steelborg.ru/catalog/reshetka-ventilyatsionnaya-plastikovaya-kvadratnaya,категория
https://steelborg.ru/catalog/reshetka-ventilyatsionnaya-plastikovaya,категория
https://steelborg.ru/catalog/reshetka-ventilyatsionnaya-naruzhnaya,категория
https://steelborg.ru/catalog/reshetka-ventilyatsionnaya-metallicheskaya-pryamougolnaya,категория
https://steelborg.ru/catalog/reshetka-ventilyatsionnaya-metallicheskaya-kruglaya,категория
https://steelborg.ru/catalog/reshetka-ventilyatsionnaya-metallicheskaya-600x600-mm,категория
https://steelborg.ru/catalog/reshetka-ventilyatsionnaya-metallicheskaya-300x300-mm,категория
https://steelborg.ru/catalog/reshetka-ventilyatsionnaya-metallicheskaya-250x25-mm,категория
https://steelborg.ru/catalog/reshetka-ventilyatsionnaya-metallicheskaya-200x200-mm,категория
https://steelborg.ru/catalog/reshetka-ventilyatsionnaya-metallicheskaya-150x150-mm,категория
https://steelborg.ru/catalog/reshetka-ventilyatsionnaya-metallicheskaya-100x100-mm,категория
https://steelborg.ru/catalog/reshetka-ventilyatsionnaya-metallicheskaya,категория
https://steelborg.ru/catalog/reshetka-ventilyatsionnaya-kruglaya,категория
https://steelborg.ru/catalog/reshetka-ventilyatsionnaya-dvuhryadnaya,категория
https://steelborg.ru/catalog/reshetka-ventilyatsionnaya-alyuminievaya,категория
https://steelborg.ru/catalog/reshetka-ventilyatsionnaya-sar,категория
https://steelborg.ru/catalog/reshetka-ventilyatsionnaya-sag,категория
https://steelborg.ru/catalog/reshetka-ventilyatsionnaya-rar,категория
https://steelborg.ru/catalog/reshetka-ventilyatsionnaya-rag,категория
https://steelborg.ru/catalog/reshetka-ventilyatsionnaya-eal,категория
https://steelborg.ru/catalog/reshetka-ventilyatsionnaya,категория
https://steelborg.ru/catalog/perehod-vozduhovoda-s-pryamougolnogo-secheniya-na-pryamougolnoe,категория
https://steelborg.ru/catalog/perehod-vozduhovoda-s-pryamougolnogo-secheniya-na-krugloe,категория
https://steelborg.ru/catalog/perehod-vozduhovoda-s-kruglogo-secheniya-na-krugloe,категория
https://steelborg.ru/catalog/perehod-ventilyatsionnyy-plastikovyy,категория
https://steelborg.ru/catalog/perehod-ventilyatsionnyy-otsinkovannyy,категория
https://steelborg.ru/catalog/perehod-ventilyatsionnyy-nerzhaveyuschiy,категория
https://steelborg.ru/catalog/perehod-ventilyatsionnyy-630-mm,категория
https://steelborg.ru/catalog/perehod-ventilyatsionnyy-315-mm,категория
https://steelborg.ru/catalog/perehod-ventilyatsionnyy-250-mm,категория
https://steelborg.ru/catalog/perehod-ventilyatsionnyy-200-mm,категория
https://steelborg.ru/catalog/perehod-ventilyatsionnyy-160-mm,категория
https://steelborg.ru/catalog/perehod-ventilyatsionnyy-125-mm,категория
https://steelborg.ru/catalog/perehod-ventilyatsionnyy-1000-mm,категория
https://steelborg.ru/catalog/perehod-ventilyatsionnyy-100-mm,категория
https://steelborg.ru/catalog/perehod-ventilyatsionnyy,категория
https://steelborg.ru/catalog/otvod-vozduhovoda-pryamougolnyy-otsinkovannyy,категория
https://steelborg.ru/catalog/otvod-vozduhovoda-pryamougolnyy-90-gradusov,категория
https://steelborg.ru/catalog/otvod-vozduhovoda-pryamougolnyy-500-mm,категория
https://steelborg.ru/catalog/otvod-vozduhovoda-pryamougolnyy-45-gradusov,категория
https://steelborg.ru/catalog/otvod-vozduhovoda-pryamougolnyy-400-mm,категория
https://steelborg.ru/catalog/otvod-vozduhovoda-pryamougolnyy-300-mm,категория
https://steelborg.ru/catalog/otvod-vozduhovoda-pryamougolnyy-250-mm,категория
https://steelborg.ru/catalog/otvod-vozduhovoda-pryamougolnyy-200-mm,категория
https://steelborg.ru/catalog/otvod-vozduhovoda-pryamougolnyy-1000-mm,категория
https://steelborg.ru/catalog/otvod-vozduhovoda-pryamougolnyy,категория
https://steelborg.ru/catalog/otvod-vozduhovoda-otsinkovannyy,категория
https://steelborg.ru/catalog/otvod-vozduhovoda-nippelnyy,категория
https://steelborg.ru/catalog/otvod-vozduhovoda-nerzhaveyuschiy,категория
https://steelborg.ru/catalog/otvod-vozduhovoda-kruglyy-flantsevyy,категория
https://steelborg.ru/catalog/otvod-vozduhovoda-kruglyy-polipropilenovyy,категория
https://steelborg.ru/catalog/otvod-vozduhovoda-kruglyy-otsinkovannyy,категория
https://steelborg.ru/catalog/otvod-vozduhovoda-kruglyy-nippelnyy,категория
https://steelborg.ru/catalog/otvod-vozduhovoda-kruglyy-nerzhaveyuschiy,категория
https://steelborg.ru/catalog/otvod-vozduhovoda-kruglyy-90-gradusov,категория
https://steelborg.ru/catalog/otvod-vozduhovoda-kruglyy-800-mm,категория
https://steelborg.ru/catalog/otvod-vozduhovoda-kruglyy-630-mm,категория
https://steelborg.ru/catalog/otvod-vozduhovoda-kruglyy-60-gradusov,категория
https://steelborg.ru/catalog/otvod-vozduhovoda-kruglyy-560-mm,категория
https://steelborg.ru/catalog/otvod-vozduhovoda-kruglyy-500-mm,категория
https://steelborg.ru/catalog/otvod-vozduhovoda-kruglyy-45-gradusov,категория
https://steelborg.ru/catalog/otvod-vozduhovoda-kruglyy-400-mm,категория
https://steelborg.ru/catalog/otvod-vozduhovoda-kruglyy-315-mm,категория
https://steelborg.ru/catalog/otvod-vozduhovoda-kruglyy-30-gradusov,категория
https://steelborg.ru/catalog/otvod-vozduhovoda-kruglyy-250-mm,категория
https://steelborg.ru/catalog/otvod-vozduhovoda-kruglyy-200-mm,категория
https://steelborg.ru/catalog/otvod-vozduhovoda-kruglyy-160-mm,категория
https://steelborg.ru/catalog/otvod-vozduhovoda-kruglyy-15-gradusov,категория
https://steelborg.ru/catalog/otvod-vozduhovoda-kruglyy-125-mm,категория
https://steelborg.ru/catalog/otvod-vozduhovoda-kruglyy-100-mm,категория
https://steelborg.ru/catalog/otvod-vozduhovoda-kruglyy,категория
https://steelborg.ru/catalog/otvod-vozduhovoda-90-gradusov,категория
https://steelborg.ru/catalog/otvod-vozduhovoda-45-gradusov,категория
https://steelborg.ru/catalog/otvod-vozduhovoda-15-gradusov,категория
https://steelborg.ru/catalog/otvod-vozduhovoda,категория
https://steelborg.ru/catalog/nippel-vozduhovoda-otsinkovannyy,категория
https://steelborg.ru/catalog/nippel-vozduhovoda-315-mm,категория
https://steelborg.ru/catalog/nippel-vozduhovoda-200-mm,категория
https://steelborg.ru/catalog/nippel-vozduhovoda-160-mm,категория
https://steelborg.ru/catalog/nippel-vozduhovoda-125-mm,категория
https://steelborg.ru/catalog/nippel-vozduhovoda,категория
https://steelborg.ru/catalog/mufta-vozduhovoda,категория
https://steelborg.ru/catalog/krestovina-vozduhovoda-otsinkovannaya,категория
https://steelborg.ru/catalog/krestovina-vozduhovoda-nerzhaveyuschaya,категория
https://steelborg.ru/catalog/krestovina-vozduhovoda-kruglaya,категория
https://steelborg.ru/catalog/krestovina-vozduhovoda-500-mm,категория
https://steelborg.ru/catalog/krestovina-vozduhovoda-400-mm,категория
https://steelborg.ru/catalog/krestovina-vozduhovoda-315-mm,категория
https://steelborg.ru/catalog/krestovina-vozduhovoda-250-mm,категория
https://steelborg.ru/catalog/krestovina-vozduhovoda-200-mm,категория
https://steelborg.ru/catalog/krestovina-vozduhovoda-160-mm,категория
https://steelborg.ru/catalog/krestovina-vozduhovoda,категория
https://steelborg.ru/catalog/homut-dlya-ventilyatsii-s-rezinovoy-prokladkoy,категория
https://steelborg.ru/catalog/homut-dlya-ventilyatsii-s-gaykoy,категория
https://steelborg.ru/catalog/homut-dlya-ventilyatsii-bystrosemnyy,категория
https://steelborg.ru/catalog/homut-dlya-ventilyatsii-25-mm,категория
https://steelborg.ru/catalog/homut-dlya-ventilyatsii,категория
https://steelborg.ru/catalog/ugolok-dlya-ventilyatsii,категория
https://steelborg.ru/catalog/strubtsina-montazhnaya,категория
https://steelborg.ru/catalog/skoba-ventilyatsionnaya,категория
https://steelborg.ru/catalog/lenta-dlya-ventilyatsii,категория
https://steelborg.ru/catalog/kronshteyn-dlya-ventilyatsii,категория
https://steelborg.ru/catalog/bolt-u-obraznyy,категория
https://steelborg.ru/catalog/krepezh-dlya-ventilyatsii,категория
https://steelborg.ru/catalog/kruglyy-zont-vozduhovoda-polipropilenovyy,категория
https://steelborg.ru/catalog/kruglyy-zont-vozduhovoda-plastikovyy,категория
https://steelborg.ru/catalog/kruglyy-zont-vozduhovoda-otsinkovannyy,категория
https://steelborg.ru/catalog/kruglyy-zont-vozduhovoda-nippelnyy,категория
https://steelborg.ru/catalog/kruglyy-zont-vozduhovoda-50-mm,категория
https://steelborg.ru/catalog/kruglyy-zont-vozduhovoda-150-mm,категория
https://steelborg.ru/catalog/kruglyy-zont-vozduhovoda-110-mm,категория
https://steelborg.ru/catalog/kruglyy-zont-vozduhovoda,категория
https://steelborg.ru/catalog/zont-vozduhovoda-flantsevyy,категория
https://steelborg.ru/catalog/zont-vozduhovoda-pryamougolnyy,категория
https://steelborg.ru/catalog/zont-vozduhovoda-plastikovyy,категория
https://steelborg.ru/catalog/zont-vozduhovoda-otsinkovannyy,категория
https://steelborg.ru/catalog/zont-vozduhovoda-nippelnyy,категория
https://steelborg.ru/catalog/zont-vozduhovoda-800-mm,категория
https://steelborg.ru/catalog/zont-vozduhovoda-710-mm,категория
https://steelborg.ru/catalog/zont-vozduhovoda-630-mm,категория
https://steelborg.ru/catalog/zont-vozduhovoda-500-mm,категория
https://steelborg.ru/catalog/zont-vozduhovoda-50-mm,категория
https://steelborg.ru/catalog/zont-vozduhovoda-450-mm,категория
https://steelborg.ru/catalog/zont-vozduhovoda-400-mm,категория
https://steelborg.ru/catalog/zont-vozduhovoda-250-mm,категория
https://steelborg.ru/catalog/zont-vozduhovoda-200-mm,категория
https://steelborg.ru/catalog/zont-vozduhovoda-160-mm,категория
https://steelborg.ru/catalog/zont-vozduhovoda-150-mm,категория
https://steelborg.ru/catalog/zont-vozduhovoda-125-mm,категория
https://steelborg.ru/catalog/zont-vozduhovoda-110-mm,категория
https://steelborg.ru/catalog/zont-vozduhovoda-1000-mm,категория
https://steelborg.ru/catalog/zont-vozduhovoda-100-mm,категория
https://steelborg.ru/catalog/zont-vozduhovoda,категория
https://steelborg.ru/catalog/zaglushka-ventilyatsionnaya-pryamougolnaya,категория
https://steelborg.ru/catalog/zaglushka-ventilyatsionnaya-kruglaya,категория
https://steelborg.ru/catalog/zaglushka-ventilyatsionnaya,категория
https://steelborg.ru/catalog/dymosos-tsentrobezhnyy,категория
https://steelborg.ru/catalog/dymosos-stalnoy,категория
https://steelborg.ru/catalog/dymosos-nerzhaveyuschiy,категория
https://steelborg.ru/catalog/dymosos-kotelnyy,категория
https://steelborg.ru/catalog/dymosos-dn-8,категория
https://steelborg.ru/catalog/dymosos-dn-12-d-5,категория
https://steelborg.ru/catalog/dymosos-dn-11-d-2,категория
https://steelborg.ru/catalog/dymosos-30-kvt,категория
https://steelborg.ru/catalog/dymosos-15-kvt,категория
https://steelborg.ru/catalog/dymosos-11-kvt,категория
https://steelborg.ru/catalog/dymosos,категория
https://steelborg.ru/catalog/pritochnyy-klapan,категория
https://steelborg.ru/catalog/irisovyy-klapan,категория
https://steelborg.ru/catalog/drossel-s-obratnym-klapanom,категория
https://steelborg.ru/catalog/drossel-klapany-ruchnye,категория
https://steelborg.ru/catalog/drossel-klapan-pryamougolnyy-klpm-2-s,категория
https://steelborg.ru/catalog/drossel-klapan-pryamougolnyy-klpm-2-k,категория
https://steelborg.ru/catalog/drossel-klapan-pryamougolnyy-klpm-1-s,категория
https://steelborg.ru/catalog/drossel-klapan-pryamougolnyy-klpm-1-k,категория
https://steelborg.ru/catalog/drossel-klapan-pryamougolnyy,категория
https://steelborg.ru/catalog/drossel-klapan-kruglyy-s-ruchnym-privodom,категория
https://steelborg.ru/catalog/drossel-klapan-kruglyy-obratnyy,категория
https://steelborg.ru/catalog/drossel-klapan-kruglyy-nerzhaveyuschiy,категория
https://steelborg.ru/catalog/drossel-klapan-kruglyy-klp-nz,категория
https://steelborg.ru/catalog/drossel-klapan-kruglyy-klp-k,категория
https://steelborg.ru/catalog/drossel-klapan-kruglyy-klp-dd,категория
https://steelborg.ru/catalog/drossel-klapan-kruglyy-babochka,категория
https://steelborg.ru/catalog/drossel-klapan-kruglyy-630-mm,категория
https://steelborg.ru/catalog/drossel-klapan-kruglyy-500-mm,категория
https://steelborg.ru/catalog/drossel-klapan-kruglyy-450-mm,категория
https://steelborg.ru/catalog/drossel-klapan-kruglyy-400-mm,категория
https://steelborg.ru/catalog/drossel-klapan-kruglyy-355-mm,категория
https://steelborg.ru/catalog/drossel-klapan-kruglyy-315-mm,категория
https://steelborg.ru/catalog/drossel-klapan-kruglyy-250-mm,категория
https://steelborg.ru/catalog/drossel-klapan-kruglyy-200-mm,категория
https://steelborg.ru/catalog/drossel-klapan-kruglyy-160-mm,категория
https://steelborg.ru/catalog/drossel-klapan-kruglyy-125-mm,категория
https://steelborg.ru/catalog/drossel-klapan-kruglyy-100-mm,категория
https://steelborg.ru/catalog/drossel-klapan-kruglyy,категория
https://steelborg.ru/catalog/drossel-klapan-klpm-2-s,категория
https://steelborg.ru/catalog/drossel-klapan-klpm-2-k,категория
https://steelborg.ru/catalog/drossel-klapan-klpm-1-s,категория
https://steelborg.ru/catalog/drossel-klapan-klpm-1-k,категория
https://steelborg.ru/catalog/vozdushnyy-klapan,категория
https://steelborg.ru/catalog/drossel-klapan,категория
https://steelborg.ru/catalog/deflektor-ventilyatsionnyy,категория
https://steelborg.ru/catalog/gibkaya-vstavka-dlya-ventilyatsii-flantsevaya,категория
https://steelborg.ru/catalog/gibkaya-vstavka-dlya-ventilyatsii-rezinovaya,категория
https://steelborg.ru/catalog/gibkaya-vstavka-dlya-ventilyatsii-pryamougolnaya-flantsevaya,категория
https://steelborg.ru/catalog/gibkaya-vstavka-dlya-ventilyatsii-pryamougolnaya-plastikovaya,категория
https://steelborg.ru/catalog/gibkaya-vstavka-dlya-ventilyatsii-pryamougolnaya-otsinkovannaya,категория
https://steelborg.ru/catalog/gibkaya-vstavka-dlya-ventilyatsii-pryamougolnaya-nippelnaya,категория
https://steelborg.ru/catalog/gibkaya-vstavka-dlya-ventilyatsii-pryamougolnaya-700-mm,категория
https://steelborg.ru/catalog/gibkaya-vstavka-dlya-ventilyatsii-pryamougolnaya-600-mm,категория
https://steelborg.ru/catalog/gibkaya-vstavka-dlya-ventilyatsii-pryamougolnaya-500-mm,категория
https://steelborg.ru/catalog/gibkaya-vstavka-dlya-ventilyatsii-pryamougolnaya-300-mm,категория
https://steelborg.ru/catalog/gibkaya-vstavka-dlya-ventilyatsii-pryamougolnaya-250-mm,категория
https://steelborg.ru/catalog/gibkaya-vstavka-dlya-ventilyatsii-pryamougolnaya-150-mm,категория
https://steelborg.ru/catalog/gibkaya-vstavka-dlya-ventilyatsii-pryamougolnaya,категория
https://steelborg.ru/catalog/gibkaya-vstavka-dlya-ventilyatsii-plastikovaya,категория
https://steelborg.ru/catalog/gibkaya-vstavka-dlya-ventilyatsii-otsinkovannaya,категория
https://steelborg.ru/catalog/gibkaya-vstavka-dlya-ventilyatsii-nippelnaya,категория
https://steelborg.ru/catalog/gibkaya-vstavka-dlya-ventilyatsii-kruglaya-flantsevaya,категория
https://steelborg.ru/catalog/gibkaya-vstavka-dlya-ventilyatsii-kruglaya-rezinovaya,категория
https://steelborg.ru/catalog/gibkaya-vstavka-dlya-ventilyatsii-kruglaya-nippelnaya,категория
https://steelborg.ru/catalog/gibkaya-vstavka-dlya-ventilyatsii-kruglaya-epdm,категория
https://steelborg.ru/catalog/gibkaya-vstavka-dlya-ventilyatsii-kruglaya-250-mm,категория
https://steelborg.ru/catalog/gibkaya-vstavka-dlya-ventilyatsii-kruglaya-240-mm,категория
https://steelborg.ru/catalog/gibkaya-vstavka-dlya-ventilyatsii-kruglaya-200-mm,категория
https://steelborg.ru/catalog/gibkaya-vstavka-dlya-ventilyatsii-kruglaya-150-mm,категория
https://steelborg.ru/catalog/gibkaya-vstavka-dlya-ventilyatsii-kruglaya-125-mm,категория
https://steelborg.ru/catalog/gibkaya-vstavka-dlya-ventilyatsii-kruglaya-100-mm,категория
https://steelborg.ru/catalog/gibkaya-vstavka-dlya-ventilyatsii-kruglaya,категория
https://steelborg.ru/catalog/gibkaya-vstavka-dlya-ventilyatsii-epdm,категория
https://steelborg.ru/catalog/gibkaya-vstavka-dlya-ventilyatsii-200-mm,категория
https://steelborg.ru/catalog/gibkaya-vstavka-dlya-ventilyatsii-150-mm,категория
https://steelborg.ru/catalog/gibkaya-vstavka-dlya-ventilyatsii,категория
https://steelborg.ru/catalog/vrezka-pryamougolnaya-otsinkovannaya,категория
https://steelborg.ru/catalog/vrezka-pryamougolnaya-nippelnaya,категория
https://steelborg.ru/catalog/vrezka-pryamougolnaya-v-ploskost,категория
https://steelborg.ru/catalog/vrezka-pryamougolnaya-v-kruglyy-vozduhovod,категория
https://steelborg.ru/catalog/vrezka-pryamougolnaya-400-mm,категория
https://steelborg.ru/catalog/vrezka-pryamougolnaya-250-mm,категория
https://steelborg.ru/catalog/vrezka-pryamougolnaya-200-mm,категория
https://steelborg.ru/catalog/vrezka-pryamougolnaya-1000-mm,категория
https://steelborg.ru/catalog/vrezka-pryamougolnaya,категория
https://steelborg.ru/catalog/vrezka-kruglaya-otsinkovannaya,категория
https://steelborg.ru/catalog/vrezka-kruglaya-nippelnaya,категория
https://steelborg.ru/catalog/vrezka-kruglaya,категория
https://steelborg.ru/catalog/vrezka-vozduhovoda,категория
https://steelborg.ru/catalog/pryamougolnyy-vozduhovod-otsinkovannyy,категория
https://steelborg.ru/catalog/pryamougolnyy-vozduhovod-nerzhaveyuschiy,категория
https://steelborg.ru/catalog/pryamougolnyy-vozduhovod-alyuminievyy,категория
https://steelborg.ru/catalog/pryamougolnyy-vozduhovod-400-mm,категория
https://steelborg.ru/catalog/pryamougolnyy-vozduhovod-1-d-25-m,категория
https://steelborg.ru/catalog/pryamougolnyy-vozduhovod-1-m,категория
https://steelborg.ru/catalog/pryamougolnyy-vozduhovod,категория
https://steelborg.ru/catalog/ploskoovalnyy-vozduhovod,категория
https://steelborg.ru/catalog/kruglyy-vozduhovod-poliuretanovyy,категория
https://steelborg.ru/catalog/kruglyy-vozduhovod-pvh,категория
https://steelborg.ru/catalog/kruglyy-vozduhovod-otsinkovannyy,категория
https://steelborg.ru/catalog/kruglyy-vozduhovod-315-mm,категория
https://steelborg.ru/catalog/kruglyy-vozduhovod-3-m,категория
https://steelborg.ru/catalog/kruglyy-vozduhovod-250-mm,категория
https://steelborg.ru/catalog/kruglyy-vozduhovod-200-mm,категория
https://steelborg.ru/catalog/kruglyy-vozduhovod-160-mm,категория
https://steelborg.ru/catalog/kruglyy-vozduhovod-150-mm,категория
https://steelborg.ru/catalog/kruglyy-vozduhovod-125-mm,категория
https://steelborg.ru/catalog/kruglyy-vozduhovod-120-mm,категория
https://steelborg.ru/catalog/kruglyy-vozduhovod-100-mm,категория
https://steelborg.ru/catalog/kruglyy-vozduhovod-10-m,категория
https://steelborg.ru/catalog/kruglyy-vozduhovod-1-d-25-m,категория
https://steelborg.ru/catalog/vozduhovod-kruglyy-plastikovyy-125-mm,категория
https://steelborg.ru/catalog/vozduhovod-kruglyy-pvh-150-mm,категория
https://steelborg.ru/catalog/vozduhovod-kruglyy-iz-otsinkovannoy-stali-125-mm,категория
https://steelborg.ru/catalog/vozduhovod-kruglyy-iz-otsinkovannoy-stali-100-mm,категория
https://steelborg.ru/catalog/vozduhovod-kruglyy-140-mm,категория
https://steelborg.ru/catalog/vozduhovod-kruglyy-125-mm-2-m,категория
https://steelborg.ru/catalog/kruglyy-vozduhovod,категория
https://steelborg.ru/catalog/gibkiy-vozduhovod-poliuretanovyy,категория
https://steelborg.ru/catalog/gibkiy-vozduhovod-pvh,категория
https://steelborg.ru/catalog/gibkiy-vozduhovod-10-m,категория
https://steelborg.ru/catalog/gibkiy-vozduhovod,категория
https://steelborg.ru/catalog/vozduhovod-spiralno-navivnoy,категория
https://steelborg.ru/catalog/vozduhovod-poliuretanovyy,категория
https://steelborg.ru/catalog/vozduhovod-pvh,категория
https://steelborg.ru/catalog/vozduhovod-otsinkovannyy,категория
https://steelborg.ru/catalog/vozduhovod-nerzhaveyuschiy,категория
https://steelborg.ru/catalog/vozduhovod-gofrirovannyy,категория
https://steelborg.ru/catalog/vozduhovod-6-m,категория
https://steelborg.ru/catalog/vozduhovod-500-mm,категория
https://steelborg.ru/catalog/vozduhovod-400-mm,категория
https://steelborg.ru/catalog/vozduhovod-315-mm,категория
https://steelborg.ru/catalog/vozduhovod-3-m,категория
https://steelborg.ru/catalog/vozduhovod-200-mm,категория
https://steelborg.ru/catalog/vozduhovod-160-mm,категория
https://steelborg.ru/catalog/vozduhovod-125-mm,категория
https://steelborg.ru/catalog/vozduhovod-100-mm,категория
https://steelborg.ru/catalog/vozduhovod-10-m,категория
https://steelborg.ru/catalog/vozduhovod-1-d-25-m,категория
https://steelborg.ru/catalog/vozduhovod-1-m,категория
https://steelborg.ru/catalog/vozduhovod,категория
https://steelborg.ru/catalog/ventilyatory-promyshlennye-5-d-5-kvt-d-ch,категория
https://steelborg.ru/catalog/ventilyator-radialnyy,категория
https://steelborg.ru/catalog/ventilyatory-promyshlennye-pryamougolnyy,категория
https://steelborg.ru/catalog/ventilyator-promyshlennyy-nastennyy,категория
https://steelborg.ru/catalog/ventilyator-promyshlennyy-kruglyy,категория
https://steelborg.ru/catalog/ventilyator-promyshlennyy-380-v,категория
https://steelborg.ru/catalog/ventilyator-promyshlennyy-220-v,категория
https://steelborg.ru/catalog/ventilyator-osevoy,категория
https://steelborg.ru/catalog/ventilyator-kryshnyy,категория
https://steelborg.ru/catalog/ventilyator-kanalnyy,категория
https://steelborg.ru/catalog/ventilyator-dutevoy,категория
https://steelborg.ru/catalog/ventilyatory-promyshlennye,категория
https://steelborg.ru/catalog/ventilyatsiya,категория
https://steelborg.ru/catalog/hrizotiltsementnaya-truba-s-muftoy,категория
https://steelborg.ru/catalog/hrizotiltsementnaya-truba-napornaya,категория
https://steelborg.ru/catalog/hrizotiltsementnaya-truba-drenazhnaya,категория
https://steelborg.ru/catalog/hrizotiltsementnaya-truba-vt9,категория
https://steelborg.ru/catalog/hrizotiltsementnaya-truba-vt6,категория
https://steelborg.ru/catalog/hrizotiltsementnaya-truba-vodoprovodnaya,категория
https://steelborg.ru/catalog/hrizotiltsementnaya-truba-bnt,категория
https://steelborg.ru/catalog/hrizotiltsementnaya-truba-beznapornaya,категория
https://steelborg.ru/catalog/hrizotiltsementnaya-truba-400-mm,категория
https://steelborg.ru/catalog/hrizotiltsementnaya-truba-300-mm,категория
https://steelborg.ru/catalog/hrizotiltsementnaya-truba-200-mm,категория
https://steelborg.ru/catalog/hrizotiltsementnaya-truba-150-mm,категория
https://steelborg.ru/catalog/hrizotiltsementnaya-truba-100-mm,категория
https://steelborg.ru/catalog/truba-hrizotiltsementnaya-bnt-200-mm,категория
https://steelborg.ru/catalog/truba-hrizotiltsementnaya-bnt-150-mm,категория
https://steelborg.ru/catalog/truba-hrizotiltsementnaya-bnt-100-mm,категория
https://steelborg.ru/catalog/hrizotiltsementnaya-truba,категория
https://steelborg.ru/catalog/nabivka-salnikovaya-suhaya,категория
https://steelborg.ru/catalog/nabivka-salnikovaya-asbestovaya-as,категория
https://steelborg.ru/catalog/nabivka-salnikovaya-asbestovaya-apr-31,категория
https://steelborg.ru/catalog/nabivka-salnikovaya-asbestovaya-ap-31,категория
https://steelborg.ru/catalog/nabivka-salnikovaya-asbestovaya-agi,категория
https://steelborg.ru/catalog/nabivka-salnikovaya-asbestovaya,категория
https://steelborg.ru/catalog/list-asbostalnoy-la-as,категория
https://steelborg.ru/catalog/list-asbostalnoy-la-2,категория
https://steelborg.ru/catalog/list-asbostalnoy-la-1,категория
https://steelborg.ru/catalog/list-asbostalnoy-1-d-75-mm,категория
https://steelborg.ru/catalog/list-asbostalnoy-1-d-5-mm,категория
https://steelborg.ru/catalog/list-asbostalnoy,категория
https://steelborg.ru/catalog/asbestotsementnyy-list-presovannyy,категория
https://steelborg.ru/catalog/asbestotsementnyy-list-nepresovannyy,категория
https://steelborg.ru/catalog/asbestotsementnyy-list-8-mm,категория
https://steelborg.ru/catalog/asbestotsementnyy-list-6-mm,категория
https://steelborg.ru/catalog/asbestotsementnyy-list-40-mm,категория
https://steelborg.ru/catalog/asbestotsementnyy-list-3000,категория
https://steelborg.ru/catalog/asbestotsementnyy-list-30-mm,категория
https://steelborg.ru/catalog/asbestotsementnyy-list-25-mm,категория
https://steelborg.ru/catalog/asbestotsementnyy-list-2000,категория
https://steelborg.ru/catalog/asbestotsementnyy-list-20-mm,категория
https://steelborg.ru/catalog/asbestotsementnyy-list-1750,категория
https://steelborg.ru/catalog/asbestotsementnyy-list-16-mm,категория
https://steelborg.ru/catalog/asbestotsementnyy-list-1500,категория
https://steelborg.ru/catalog/asbestotsementnyy-list-1200,категория
https://steelborg.ru/catalog/asbestotsementnyy-list-12-mm,категория
https://steelborg.ru/catalog/asbestotsementnyy-list-1000,категория
https://steelborg.ru/catalog/asbestotsementnyy-list-10-mm,категория
https://steelborg.ru/catalog/asbestotsementnyy-list,категория
https://steelborg.ru/catalog/truba-bnt-250-mm,категория
https://steelborg.ru/catalog/truba-bnt-150-mm,категория
https://steelborg.ru/catalog/truba-asbestotsementnaya-bnt-100-mm,категория
https://steelborg.ru/catalog/truba-asbestotsementnaya-500-mm,категория
https://steelborg.ru/catalog/truba-asbestotsementnaya-250-mm,категория
https://steelborg.ru/catalog/asbestotsementnaya-truba-s-muftoy,категория
https://steelborg.ru/catalog/asbestotsementnaya-truba-napornaya,категория
https://steelborg.ru/catalog/asbestotsementnaya-truba-vt9,категория
https://steelborg.ru/catalog/asbestotsementnaya-truba-vt6,категория
https://steelborg.ru/catalog/asbestotsementnaya-truba-vodoprovodnaya,категория
https://steelborg.ru/catalog/asbestotsementnaya-truba-bnt,категория
https://steelborg.ru/catalog/asbestotsementnaya-truba-beznapornaya,категория
https://steelborg.ru/catalog/asbestotsementnaya-truba-400-mm,категория
https://steelborg.ru/catalog/asbestotsementnaya-truba-300-mm,категория
https://steelborg.ru/catalog/asbestotsementnaya-truba-200-mm,категория
https://steelborg.ru/catalog/asbestotsementnaya-truba-150-mm,категория
https://steelborg.ru/catalog/asbestotsementnaya-truba-100-mm,категория
https://steelborg.ru/catalog/asbestotsementnaya-truba,категория
https://steelborg.ru/catalog/asbestovyy-shnur-shau,категория
https://steelborg.ru/catalog/asbestovyy-shnur-shaon,категория
https://steelborg.ru/catalog/asbestovyy-shnur-10-mm,категория
https://steelborg.ru/catalog/asbestovyy-shnur,категория
https://steelborg.ru/catalog/asbestovyy-list-atseid,категория
https://steelborg.ru/catalog/asbestovye-listy-10-mm,категория
https://steelborg.ru/catalog/asbestovyy-list,категория
https://steelborg.ru/catalog/asbestovyy-karton-kaon-3,категория
https://steelborg.ru/catalog/asbestovyy-karton-kaon-1,категория
https://steelborg.ru/catalog/asbestovyy-karton-800-mm,категория
https://steelborg.ru/catalog/asbestovyy-karton-8-mm,категория
https://steelborg.ru/catalog/asbestovyy-karton-6-mm,категория
https://steelborg.ru/catalog/asbestovyy-karton-5-mm,категория
https://steelborg.ru/catalog/asbestovyy-karton-4-mm,категория
https://steelborg.ru/catalog/asbestovyy-karton-3-mm,категория
https://steelborg.ru/catalog/asbestovyy-karton-2-mm,категория
https://steelborg.ru/catalog/asbestovyy-karton-1000-mm,категория
https://steelborg.ru/catalog/asbestovyy-karton-10-mm,категория
https://steelborg.ru/catalog/asbestovyy-karton,категория
https://steelborg.ru/catalog/asbestovaya-tkan-at-7,категория
https://steelborg.ru/catalog/asbestovaya-tkan-at-4,категория
https://steelborg.ru/catalog/asbestovaya-tkan-at-3,категория
https://steelborg.ru/catalog/asbestovaya-tkan-at-2,категория
https://steelborg.ru/catalog/asbestovaya-tkan,категория
https://steelborg.ru/catalog/asbestovaya-lenta-8-mm,категория
https://steelborg.ru/catalog/asbestovaya-lenta-6-mm,категория
https://steelborg.ru/catalog/asbestovaya-lenta,категория
https://steelborg.ru/catalog/asbestovaya-bumaga-elektroizolyatsionnaya,категория
https://steelborg.ru/catalog/asbestovaya-bumaga-teploizolyatsionnaya,категория
https://steelborg.ru/catalog/asbestovaya-bumaga-be,категория
https://steelborg.ru/catalog/asbestovaya-bumaga-bt,категория
https://steelborg.ru/catalog/asbestovaya-bumaga,категория
https://steelborg.ru/catalog/asbest-hrizotilovyy,категория
https://steelborg.ru/catalog/asbestovye-materialy,категория
https://steelborg.ru/catalog,категория
